expl_var_class_0,expl_var_class_1,expl_var_class_2,expl_var_class_3,expl_var_class_4,expl_var_class_5,expl_var_mean,mae_class_0,mae_class_1,mae_class_2,mae_class_3,mae_class_4,mae_class_5,mae_mean,mse_class_0,mse_class_1,mse_class_2,mse_class_3,mse_class_4,mse_class_5,mse_mean,r2_class_0,r2_class_1,r2_class_2,r2_class_3,r2_class_4,r2_class_5,r2_mean,time
0.9547519702603867,0.966339931820391,0.9763776854865247,0.9689480432580315,0.8345967407204677,0.9389557323956856,0.9399950173235813,0.029744906494228517,0.036436755582599845,0.026587757449913377,0.014330409553088081,0.016889211602124574,0.024557288573309584,0.024757721542543996,0.0044203321028533984,0.004436810577893978,0.0028211319275966537,0.0012355420491297886,0.002188796942777587,0.0026916917696237263,0.002965717561645855,0.9547514736959596,0.9663392401491271,0.9763735954206714,0.9688532590828022,0.8345487011463717,0.938903619586888,0.9399616481803034,9.665086269378662
