expl_var_class_0,expl_var_class_1,expl_var_class_2,expl_var_class_3,expl_var_class_4,expl_var_class_5,expl_var_mean,mae_class_0,mae_class_1,mae_class_2,mae_class_3,mae_class_4,mae_class_5,mae_mean,mse_class_0,mse_class_1,mse_class_2,mse_class_3,mse_class_4,mse_class_5,mse_mean,r2_class_0,r2_class_1,r2_class_2,r2_class_3,r2_class_4,r2_class_5,r2_mean,time
0.9574016056078525,0.9640890808805794,0.9745073174113765,0.9698111598149595,0.8441976510764666,0.9368121885447238,0.941136500555993,0.028895069714347167,0.037428484616186676,0.02777697076107937,0.014648353212299446,0.01694600805718369,0.024899443887329075,0.025099055041404236,0.004154385845019232,0.004727136234598557,0.003043500070745542,0.001204660779292887,0.002041612766800631,0.002777235478866533,0.0029914218625538974,0.9574008910217998,0.9640890638313835,0.9745030664391812,0.9697905448039388,0.8441947952812363,0.9368115219065056,0.9411316472140075,8.406952857971191
