expl_var_class_0,expl_var_class_1,expl_var_class_2,expl_var_class_3,expl_var_class_4,expl_var_class_5,expl_var_mean,mae_class_0,mae_class_1,mae_class_2,mae_class_3,mae_class_4,mae_class_5,mae_mean,mse_class_0,mse_class_1,mse_class_2,mse_class_3,mse_class_4,mse_class_5,mse_mean,r2_class_0,r2_class_1,r2_class_2,r2_class_3,r2_class_4,r2_class_5,r2_mean,time
0.9565600718545045,0.9653162781178207,0.9759040119997199,0.9705047948762947,0.8300519288437465,0.9401175911476117,0.9397424461399497,0.029295448026875115,0.03689036859289679,0.02690801073890811,0.014648734891657689,0.0174278227626553,0.024507071557069323,0.02494624276167706,0.004236388018828955,0.004565605153701399,0.002876549291051464,0.0011780005208344249,0.00222700087767577,0.0026321875394113305,0.002952621900250557,0.9565600400106311,0.9653161772563974,0.9759016972388657,0.9704591080187959,0.8300469446030736,0.9401116952675749,0.9397326103992231,3.6941871643066406
