expl_var_class_0,expl_var_class_1,expl_var_class_2,expl_var_class_3,expl_var_class_4,expl_var_class_5,expl_var_mean,mae_class_0,mae_class_1,mae_class_2,mae_class_3,mae_class_4,mae_class_5,mae_mean,mse_class_0,mse_class_1,mse_class_2,mse_class_3,mse_class_4,mse_class_5,mse_mean,r2_class_0,r2_class_1,r2_class_2,r2_class_3,r2_class_4,r2_class_5,r2_mean,time
0.9547532296464307,0.9676069067593629,0.976922764697812,0.9666910450422946,0.821077241175642,0.9382178434301205,0.9375448384586104,0.02960828232861064,0.03579336263719545,0.026446187780880277,0.015060090634280782,0.017474186062128683,0.024548842077958533,0.024821825253509056,0.004416863271373173,0.0042712763261368945,0.002758644340536782,0.0013248526932560284,0.0023555298221229117,0.0027103244106223144,0.0029729151440080173,0.9547530199039187,0.967580022018729,0.9769140436234164,0.9666528144831913,0.8210565857352657,0.9382050325175699,0.9375269197136818,7.706857681274414
