expl_var_class_0,expl_var_class_1,expl_var_class_2,expl_var_class_3,expl_var_class_4,expl_var_class_5,expl_var_mean,mae_class_0,mae_class_1,mae_class_2,mae_class_3,mae_class_4,mae_class_5,mae_mean,mse_class_0,mse_class_1,mse_class_2,mse_class_3,mse_class_4,mse_class_5,mse_mean,r2_class_0,r2_class_1,r2_class_2,r2_class_3,r2_class_4,r2_class_5,r2_mean,time
0.9575600651911543,0.9662696222538074,0.9752018257067984,0.9650720086067177,0.8436079426883395,0.9395822782805444,0.9412156237878936,0.029354755658553548,0.036831544728558825,0.027143381591149658,0.015129000304501171,0.016862920598085286,0.024579805488230463,0.024983568061513157,0.004156554203558212,0.004440815861734347,0.0029518975038232064,0.0013921561855145866,0.002064938706597442,0.0026549440771473456,0.00294355108972919,0.9575303661922718,0.9662661569079887,0.9751958881044397,0.9649987752140938,0.8435714322832042,0.9395653947429373,0.9411880022408226,9.336024522781372
