expl_var_class_0,expl_var_class_1,expl_var_class_2,expl_var_class_3,expl_var_class_4,expl_var_class_5,expl_var_mean,mae_class_0,mae_class_1,mae_class_2,mae_class_3,mae_class_4,mae_class_5,mae_mean,mse_class_0,mse_class_1,mse_class_2,mse_class_3,mse_class_4,mse_class_5,mse_mean,r2_class_0,r2_class_1,r2_class_2,r2_class_3,r2_class_4,r2_class_5,r2_mean,time
0.9571832976298351,0.967361588717748,0.9773173288681405,0.9713233293137319,0.8482933704262627,0.9378672314838116,0.9432243577399216,0.029332386602659966,0.03592287544317033,0.02626266189262932,0.01432383670957395,0.016921273976987325,0.024612147245052184,0.024562530311678845,0.0041756917301193595,0.004296430018645853,0.002708710315816605,0.0011454817096568169,0.0019881982452303985,0.002730891597120814,0.002840900602764974,0.957182420288672,0.9673610371067248,0.9773077689001128,0.9712745870201757,0.8482711121046496,0.9378659515286031,0.9432104794914896,6.780264139175415
