expl_var_class_0,expl_var_class_1,expl_var_class_2,expl_var_class_3,expl_var_class_4,expl_var_class_5,expl_var_mean,mae_class_0,mae_class_1,mae_class_2,mae_class_3,mae_class_4,mae_class_5,mae_mean,mse_class_0,mse_class_1,mse_class_2,mse_class_3,mse_class_4,mse_class_5,mse_mean,r2_class_0,r2_class_1,r2_class_2,r2_class_3,r2_class_4,r2_class_5,r2_mean,time
0.9549590994288603,0.9664009909802864,0.9765343820967443,0.9661617910402904,0.8330828256221632,0.9371031942188207,0.9390403805645278,0.029799552587717652,0.03640482408521078,0.026486227016750262,0.015013161082678035,0.017255840122286495,0.024731845314348782,0.024948575034832,0.004400144136171523,0.004430100438574589,0.0028019394878606623,0.0013460147853760942,0.0022084501842525744,0.002773168412296925,0.002993302907422061,0.9549581268885647,0.9663901479767727,0.9765343281895401,0.9660683553260251,0.8330631113846305,0.9370542518354531,0.9390113869334976,5.017820596694946
