expl_var_class_0,expl_var_class_1,expl_var_class_2,expl_var_class_3,expl_var_class_4,expl_var_class_5,expl_var_mean,mae_class_0,mae_class_1,mae_class_2,mae_class_3,mae_class_4,mae_class_5,mae_mean,mse_class_0,mse_class_1,mse_class_2,mse_class_3,mse_class_4,mse_class_5,mse_mean,r2_class_0,r2_class_1,r2_class_2,r2_class_3,r2_class_4,r2_class_5,r2_mean,time
0.9565323957544689,0.9684060803858879,0.977704365618223,0.9677363370493741,0.8353871701046754,0.9398563973196082,0.9409371243720396,0.029384782245565177,0.035408652973708675,0.025759861814185377,0.014597157122665776,0.016966335114369298,0.024522207404453666,0.024439832779157997,0.004246648604449498,0.004164735884871748,0.0026628534999047888,0.0012814130257720476,0.00217859411144797,0.0026515433684304005,0.0028642980824794087,0.95652937684062,0.9684033897770042,0.9776991449748227,0.9676968990656732,0.8353199338096116,0.9398149133761574,0.9409106096406482,7.171260595321655
