expl_var_class_0,expl_var_class_1,expl_var_class_2,expl_var_class_3,expl_var_class_4,expl_var_class_5,expl_var_mean,mae_class_0,mae_class_1,mae_class_2,mae_class_3,mae_class_4,mae_class_5,mae_mean,mse_class_0,mse_class_1,mse_class_2,mse_class_3,mse_class_4,mse_class_5,mse_mean,r2_class_0,r2_class_1,r2_class_2,r2_class_3,r2_class_4,r2_class_5,r2_mean,time
0.9449270171837166,0.9674048757136305,0.9742818982210367,0.9598841195387922,0.749944085346681,0.9346576527611761,0.9218499414608389,0.03282766898900196,0.03635186798204718,0.028079993157277175,0.016349377427776948,0.020610856597367496,0.02528955617074944,0.026584886720703364,0.005380298982256788,0.004297772306514013,0.0030710790751242666,0.0015954280664412037,0.0033084880921505255,0.0028810726162588544,0.0034223565231242758,0.9449248168785561,0.9673940820858823,0.9742803390319255,0.9597809037155238,0.7499111765966633,0.9346050277571873,0.921816057677623,1.7432193756103516
