expl_var_class_0,expl_var_class_1,expl_var_class_2,expl_var_class_3,expl_var_class_4,expl_var_class_5,expl_var_mean,mae_class_0,mae_class_1,mae_class_2,mae_class_3,mae_class_4,mae_class_5,mae_mean,mse_class_0,mse_class_1,mse_class_2,mse_class_3,mse_class_4,mse_class_5,mse_mean,r2_class_0,r2_class_1,r2_class_2,r2_class_3,r2_class_4,r2_class_5,r2_mean,time
0.9569254628045092,0.9667011358617231,0.9775657908099997,0.9718689153927018,0.8344521144643539,0.9385680240364078,0.9410135738949492,0.029186987021508893,0.03614864500969903,0.02619085235701677,0.014437306487203979,0.017337961161180526,0.024661347590670204,0.02466051660454657,0.004200841393419983,0.0043837431828706724,0.0026779324455413938,0.0011246555656273484,0.0021692784136179448,0.0027003305793953545,0.0028761302634121165,0.9569245354200836,0.9666977396446783,0.9775656106268451,0.9717968472910996,0.8344520210581422,0.9385612847885139,0.9409996731382272,3.0753397941589355
