expl_var_class_0,expl_var_class_1,expl_var_class_2,expl_var_class_3,expl_var_class_4,expl_var_class_5,expl_var_mean,mae_class_0,mae_class_1,mae_class_2,mae_class_3,mae_class_4,mae_class_5,mae_mean,mse_class_0,mse_class_1,mse_class_2,mse_class_3,mse_class_4,mse_class_5,mse_mean,r2_class_0,r2_class_1,r2_class_2,r2_class_3,r2_class_4,r2_class_5,r2_mean,time
0.9578190592935766,0.9653476806448026,0.9754083012056832,0.9696436918023182,0.8459337490047031,0.937420131041334,0.9419287688320696,0.02907023363655506,0.03691800416761401,0.027268498322518146,0.014493793761434861,0.016891567410862847,0.024977327566375284,0.024936570810893368,0.004113654915817389,0.0045615658360408425,0.002936770276351982,0.0012132878800159542,0.0020188611182235592,0.0027506716742659826,0.0029324686167859514,0.9578185463279224,0.9653468629975045,0.9753971957026465,0.969574201732723,0.8459310820648437,0.9374159093982595,0.9419139663706501,11.428251028060913
