expl_var_class_0,expl_var_class_1,expl_var_class_2,expl_var_class_3,expl_var_class_4,expl_var_class_5,expl_var_mean,mae_class_0,mae_class_1,mae_class_2,mae_class_3,mae_class_4,mae_class_5,mae_mean,mse_class_0,mse_class_1,mse_class_2,mse_class_3,mse_class_4,mse_class_5,mse_mean,r2_class_0,r2_class_1,r2_class_2,r2_class_3,r2_class_4,r2_class_5,r2_mean,time
0.955207225564289,0.9670680187747797,0.9765514705809876,0.9659017299280278,0.8285064166419022,0.9376015918073219,0.9384727422162181,0.029783724174553113,0.03625669578656881,0.02652313717729022,0.015004266460254939,0.01730774781955865,0.024704888121859694,0.024930076590014238,0.00437381903817797,0.0043387362110089145,0.002801969842127947,0.0013561659884077733,0.002257684976471244,0.002737160641277114,0.0029775894495784935,0.9551939711951343,0.9670679858461247,0.976551470375017,0.9658646436413436,0.8284896016897552,0.9375931707071664,0.9384601405757569,11.469979524612427
