expl_var_class_0,expl_var_class_1,expl_var_class_2,expl_var_class_3,expl_var_class_4,expl_var_class_5,expl_var_mean,mae_class_0,mae_class_1,mae_class_2,mae_class_3,mae_class_4,mae_class_5,mae_mean,mse_class_0,mse_class_1,mse_class_2,mse_class_3,mse_class_4,mse_class_5,mse_mean,r2_class_0,r2_class_1,r2_class_2,r2_class_3,r2_class_4,r2_class_5,r2_mean,time
0.9564868029827804,0.9686479844922302,0.9792005876545,0.9714510074645283,0.8368338678242442,0.9413543273578229,0.9423290962960177,0.029348668843950182,0.0352237453118195,0.02552754873236313,0.014676845126841821,0.017214916595380523,0.024014353160632197,0.024334346295164556,0.004246441894190874,0.004131218604257311,0.0024855644598851547,0.0011481270352582923,0.0021580422930158926,0.0025655522458465163,0.0027891577554090066,0.9564861661004835,0.9686357716583542,0.979200113764503,0.971430840225362,0.8367871341149429,0.9413505463751761,0.9423150953731371,2.7732930183410645
