expl_var_class_0,expl_var_class_1,expl_var_class_2,expl_var_class_3,expl_var_class_4,expl_var_class_5,expl_var_mean,mae_class_0,mae_class_1,mae_class_2,mae_class_3,mae_class_4,mae_class_5,mae_mean,mse_class_0,mse_class_1,mse_class_2,mse_class_3,mse_class_4,mse_class_5,mse_mean,r2_class_0,r2_class_1,r2_class_2,r2_class_3,r2_class_4,r2_class_5,r2_mean,time
0.9580284939953503,0.9665844937015176,0.9761665260425403,0.9727984004796555,0.8395612175130895,0.9402687869745336,0.9422346531177812,0.028687992156544186,0.03621792358068535,0.026687922443704472,0.014202942130155613,0.01684287182852276,0.02413232832485413,0.024461996744077754,0.004096174754169634,0.004404211400575777,0.002848405798110057,0.001094431646374488,0.002122818801707685,0.002613413621496388,0.0028632426704056717,0.9580259727278588,0.9665632092452848,0.9761637577663318,0.9727669573074212,0.8394510888397855,0.9402564179916509,0.9422045673130555,9.471755266189575
