expl_var_class_0,expl_var_class_1,expl_var_class_2,expl_var_class_3,expl_var_class_4,expl_var_class_5,expl_var_mean,mae_class_0,mae_class_1,mae_class_2,mae_class_3,mae_class_4,mae_class_5,mae_mean,mse_class_0,mse_class_1,mse_class_2,mse_class_3,mse_class_4,mse_class_5,mse_mean,r2_class_0,r2_class_1,r2_class_2,r2_class_3,r2_class_4,r2_class_5,r2_mean,time
0.9539231931635496,0.9663083349149687,0.9764432200294961,0.9641411427924232,0.8123665978889487,0.9357293427573012,0.9348186385911146,0.03014501171493715,0.036556803678350444,0.026800487936504486,0.015444020618008867,0.018077123344615788,0.024957462897193135,0.025330151698268313,0.004498129831361525,0.004439300756948884,0.0028149059414819444,0.0014278573118650646,0.002470084770692811,0.002819839772532842,0.0030783530641471783,0.9539205136214395,0.9663046776178278,0.9764432134964548,0.9640601382231598,0.8123541471477786,0.9357080996037223,0.9347984649517306,4.811572790145874
