expl_var_class_0,expl_var_class_1,expl_var_class_2,expl_var_class_3,expl_var_class_4,expl_var_class_5,expl_var_mean,mae_class_0,mae_class_1,mae_class_2,mae_class_3,mae_class_4,mae_class_5,mae_mean,mse_class_0,mse_class_1,mse_class_2,mse_class_3,mse_class_4,mse_class_5,mse_mean,r2_class_0,r2_class_1,r2_class_2,r2_class_3,r2_class_4,r2_class_5,r2_mean,time
0.9584106045234914,0.9672261123689722,0.9784680265089134,0.9738112938223408,0.842534712211769,0.9407117645448811,0.9435270856633946,0.028779762356289235,0.0355572583137613,0.02541017163564101,0.013994758435969892,0.016752029925463763,0.024106917559466503,0.024100149704431948,0.0040589515848330196,0.004321361693445537,0.0025746111866784506,0.0010555619626742804,0.00208371383308149,0.002596151485503861,0.0027817252910361068,0.9584074033109413,0.9671922045566909,0.9784549462917473,0.9737341623029652,0.8424085999230864,0.9406510366730667,0.9434747255097496,6.519705772399902
