expl_var_class_0,expl_var_class_1,expl_var_class_2,expl_var_class_3,expl_var_class_4,expl_var_class_5,expl_var_mean,mae_class_0,mae_class_1,mae_class_2,mae_class_3,mae_class_4,mae_class_5,mae_mean,mse_class_0,mse_class_1,mse_class_2,mse_class_3,mse_class_4,mse_class_5,mse_mean,r2_class_0,r2_class_1,r2_class_2,r2_class_3,r2_class_4,r2_class_5,r2_mean,time
0.9547474065946142,0.9663690833549208,0.9755872402249939,0.9620891673799675,0.8336431799249426,0.9371778583138556,0.9382689892988824,0.029819778154591244,0.036351585268006144,0.026624258271748604,0.015466551834023427,0.017016674069030114,0.024531992927333986,0.024968473420788923,0.004430483197482587,0.00442811589997408,0.002905657279707302,0.001509440990489354,0.0021965913175566935,0.002760012851554239,0.0030383835894607094,0.9547314939794835,0.9663626298378813,0.9755844340114576,0.9620500314843264,0.8335981438254239,0.9371737097501044,0.9382500738147795,7.006285190582275
