expl_var_class_0,expl_var_class_1,expl_var_class_2,expl_var_class_3,expl_var_class_4,expl_var_class_5,expl_var_mean,mae_class_0,mae_class_1,mae_class_2,mae_class_3,mae_class_4,mae_class_5,mae_mean,mse_class_0,mse_class_1,mse_class_2,mse_class_3,mse_class_4,mse_class_5,mse_mean,r2_class_0,r2_class_1,r2_class_2,r2_class_3,r2_class_4,r2_class_5,r2_mean,time
0.9561996432053486,0.9659294276605686,0.9756418379422421,0.9629277911066063,0.8444549870194846,0.9389998938728955,0.9406922634678576,0.029596704798564424,0.036705000445318714,0.026918229632755655,0.015472515063623038,0.016320742776610817,0.024475765456640382,0.024914826362252174,0.004289285772956897,0.004485701540557554,0.0028996873524098255,0.0014756990906985834,0.0020543897072040733,0.0026803351414240043,0.002980849767541823,0.9561741800652483,0.9659251910824187,0.9756345979295825,0.9628983614573343,0.8443705673183886,0.9389874168639211,0.9406650524528156,8.671967267990112
