expl_var_class_0,expl_var_class_1,expl_var_class_2,expl_var_class_3,expl_var_class_4,expl_var_class_5,expl_var_mean,mae_class_0,mae_class_1,mae_class_2,mae_class_3,mae_class_4,mae_class_5,mae_mean,mse_class_0,mse_class_1,mse_class_2,mse_class_3,mse_class_4,mse_class_5,mse_mean,r2_class_0,r2_class_1,r2_class_2,r2_class_3,r2_class_4,r2_class_5,r2_mean,time
0.9554473155858312,0.9667950921327377,0.975623687686157,0.9646025536813505,0.8285294043624647,0.9347425941546459,0.9376234412671979,0.02969779679315297,0.03627828975606535,0.02689823059741045,0.015290749738804272,0.017429539565980427,0.02495572815353078,0.025091722434157374,0.004362521468356315,0.004373007991551722,0.002901328913231079,0.0014097441710873156,0.002264193584131097,0.0028668146291870385,0.0030296017929240947,0.9554258936210092,0.9667812469554852,0.9756208042737252,0.9645565827051156,0.8284769624068877,0.9347425763309305,0.9376006777155256,5.948648452758789
