expl_var_class_0,expl_var_class_1,expl_var_class_2,expl_var_class_3,expl_var_class_4,expl_var_class_5,expl_var_mean,mae_class_0,mae_class_1,mae_class_2,mae_class_3,mae_class_4,mae_class_5,mae_mean,mse_class_0,mse_class_1,mse_class_2,mse_class_3,mse_class_4,mse_class_5,mse_mean,r2_class_0,r2_class_1,r2_class_2,r2_class_3,r2_class_4,r2_class_5,r2_mean,time
0.9589461638360806,0.9676508422478202,0.9778189838662561,0.97072888686256,0.8482200841745509,0.9400545701482199,0.943903255189248,0.028650699668881518,0.03579413838346547,0.02593581141168559,0.01447774391100128,0.0165637977490999,0.02436652259102944,0.0242981189525272,0.004006525343588952,0.004266967786401468,0.0026509690715716726,0.0011792630529278865,0.0020091257940345396,0.002623187241712753,0.0027893397150395454,0.9589446217188021,0.9676051633188262,0.9778159625338948,0.970656074161824,0.8480496977148199,0.9400329894933406,0.9438507514902513,6.633722543716431
