expl_var_class_0,expl_var_class_1,expl_var_class_2,expl_var_class_3,expl_var_class_4,expl_var_class_5,expl_var_mean,mae_class_0,mae_class_1,mae_class_2,mae_class_3,mae_class_4,mae_class_5,mae_mean,mse_class_0,mse_class_1,mse_class_2,mse_class_3,mse_class_4,mse_class_5,mse_mean,r2_class_0,r2_class_1,r2_class_2,r2_class_3,r2_class_4,r2_class_5,r2_mean,time
0.9541088643447571,0.9663943543246695,0.9764031660293396,0.9663915346513297,0.8197469793636344,0.939374748713781,0.9370699412379184,0.030030305006738818,0.036137118602384825,0.026429824206887744,0.01491751806743804,0.017712273386320466,0.024269472968673978,0.024916085373073982,0.004483233332484777,0.0044298712872529065,0.0028176086669449403,0.0013363495122025865,0.00238488273833423,0.0026725866996629146,0.0030207553728137256,0.9541075881513204,0.9663918864795719,0.9764031020101298,0.9663120068955053,0.8197265635019249,0.9393372690245084,0.9370464026771601,4.676390886306763
