expl_var_class_0,expl_var_class_1,expl_var_class_2,expl_var_class_3,expl_var_class_4,expl_var_class_5,expl_var_mean,mae_class_0,mae_class_1,mae_class_2,mae_class_3,mae_class_4,mae_class_5,mae_mean,mse_class_0,mse_class_1,mse_class_2,mse_class_3,mse_class_4,mse_class_5,mse_mean,r2_class_0,r2_class_1,r2_class_2,r2_class_3,r2_class_4,r2_class_5,r2_mean,time
0.9571226907837302,0.9647949529347124,0.9748417666398728,0.9682626425320406,0.8440118113987867,0.9378437931911529,0.941146276246716,0.029198716085247954,0.03695207411362905,0.027449635601421232,0.014855530379317538,0.017039804716338963,0.024889780470605707,0.025064256894426745,0.004181840448531281,0.004634789398380504,0.003004494439069584,0.0012675351592607432,0.002044058070426718,0.002731894937906281,0.0029774354089291857,0.9571193712760195,0.9647906009092718,0.9748298362687268,0.9682138347480722,0.8440081825022326,0.9378431232240805,0.941134158154734,9.712238550186157
