expl_var_class_0,expl_var_class_1,expl_var_class_2,expl_var_class_3,expl_var_class_4,expl_var_class_5,expl_var_mean,mae_class_0,mae_class_1,mae_class_2,mae_class_3,mae_class_4,mae_class_5,mae_mean,mse_class_0,mse_class_1,mse_class_2,mse_class_3,mse_class_4,mse_class_5,mse_mean,r2_class_0,r2_class_1,r2_class_2,r2_class_3,r2_class_4,r2_class_5,r2_mean,time
0.9583132174600015,0.9672201396191948,0.9781543319756799,0.9726922039305289,0.8321393197559319,0.9399969804020248,0.9414193655238937,0.02877335120700527,0.03562721138370196,0.025506497613943788,0.014395477820505816,0.017387419780490278,0.02448355875594953,0.02436225276026611,0.00406842169359154,0.0043221016771355135,0.002613705038308048,0.0010981030700308537,0.0022201521145589135,0.002625365880379307,0.002824641579000696,0.9583103618937274,0.9671865865975257,0.9781277982014337,0.9726756002660678,0.8320897646488982,0.9399831850242848,0.9413955494386562,5.1320741176605225
