expl_var_class_0,expl_var_class_1,expl_var_class_2,expl_var_class_3,expl_var_class_4,expl_var_class_5,expl_var_mean,mae_class_0,mae_class_1,mae_class_2,mae_class_3,mae_class_4,mae_class_5,mae_mean,mse_class_0,mse_class_1,mse_class_2,mse_class_3,mse_class_4,mse_class_5,mse_mean,r2_class_0,r2_class_1,r2_class_2,r2_class_3,r2_class_4,r2_class_5,r2_mean,time
0.9590357675463675,0.9673793582518165,0.9775757410053219,0.9709051143452936,0.8508789985502524,0.9400033800578833,0.9442963932928224,0.028660455881952172,0.03588965791032897,0.025964919268768774,0.014674721844745319,0.01636169057476698,0.02432007523138996,0.024311920118658698,0.00399764128075404,0.004300732092951322,0.0026798553617677716,0.0011716588440384926,0.001973435846185124,0.0026258686652005196,0.0027915320151495455,0.9590356578483863,0.9673488245670265,0.9775742341218816,0.9708452917762946,0.8507489305753819,0.939971691181155,0.9442541050116876,7.4813232421875
