expl_var_class_0,expl_var_class_1,expl_var_class_2,expl_var_class_3,expl_var_class_4,expl_var_class_5,expl_var_mean,mae_class_0,mae_class_1,mae_class_2,mae_class_3,mae_class_4,mae_class_5,mae_mean,mse_class_0,mse_class_1,mse_class_2,mse_class_3,mse_class_4,mse_class_5,mse_mean,r2_class_0,r2_class_1,r2_class_2,r2_class_3,r2_class_4,r2_class_5,r2_mean,time
0.9556328585613729,0.9695107387063624,0.9777013681594892,0.9627873409475717,0.8275903339518759,0.9409047663354592,0.9390212344436885,0.029672672807393104,0.03466222192726181,0.025581124359325986,0.015243105294822064,0.017526438050971163,0.024088943020635696,0.02446241757673497,0.00433102587113249,0.004017094720795772,0.0026645637682535697,0.0014798578032330291,0.0022696742807382245,0.0025927471045938226,0.0028924939247911515,0.9556323505287452,0.9695093193573201,0.9777013651188694,0.9627512606087354,0.8275788057320718,0.9408857764809961,0.9390098129711232,2.601275682449341
