expl_var_class_0,expl_var_class_1,expl_var_class_2,expl_var_class_3,expl_var_class_4,expl_var_class_5,expl_var_mean,mae_class_0,mae_class_1,mae_class_2,mae_class_3,mae_class_4,mae_class_5,mae_mean,mse_class_0,mse_class_1,mse_class_2,mse_class_3,mse_class_4,mse_class_5,mse_mean,r2_class_0,r2_class_1,r2_class_2,r2_class_3,r2_class_4,r2_class_5,r2_mean,time
0.9109623865315083,0.9141296295464241,0.8939427221934704,0.8565547350983318,0.8427708812890561,0.8499985204504115,0.8780598125182003,0.05366128815155525,0.07520782626471373,0.07047527982144214,0.03680208963889875,0.021915739763708027,0.05005177212991718,0.051352332628372514,0.008947608692188642,0.011974015079237435,0.013312829554052616,0.005804043424974995,0.0019329648317371036,0.0069059464807106775,0.008146234677150244,0.9105814941939655,0.9114297318045402,0.891949086261407,0.8527389097597071,0.8303974310983554,0.843596782048988,0.8734489058611605,13.751991987228394
