expl_var_class_0,expl_var_class_1,expl_var_class_2,expl_var_class_3,expl_var_class_4,expl_var_class_5,expl_var_mean,mae_class_0,mae_class_1,mae_class_2,mae_class_3,mae_class_4,mae_class_5,mae_mean,mse_class_0,mse_class_1,mse_class_2,mse_class_3,mse_class_4,mse_class_5,mse_mean,r2_class_0,r2_class_1,r2_class_2,r2_class_3,r2_class_4,r2_class_5,r2_mean,time
0.9089174127406596,0.9127674426609572,0.8896915870488172,0.8597711270150994,0.8534634362732797,0.8607405408439226,0.8808919244304558,0.0561518951944191,0.07565477907723787,0.07155284613623503,0.03670134324587886,0.020180249588523318,0.04680894090418418,0.05117500902441307,0.009121007680524802,0.012054777534138207,0.013864260336456585,0.005700789310650139,0.0017707336713432761,0.006295606097927446,0.008134529105173408,0.9088486201961528,0.9108323421868264,0.8874735087997998,0.8553586891676015,0.8446319485127054,0.8574195361319196,0.8774274408325008,14.595811605453491
