expl_var_class_0,expl_var_class_1,expl_var_class_2,expl_var_class_3,expl_var_class_4,expl_var_class_5,expl_var_mean,mae_class_0,mae_class_1,mae_class_2,mae_class_3,mae_class_4,mae_class_5,mae_mean,mse_class_0,mse_class_1,mse_class_2,mse_class_3,mse_class_4,mse_class_5,mse_mean,r2_class_0,r2_class_1,r2_class_2,r2_class_3,r2_class_4,r2_class_5,r2_mean,time
0.9063818668295226,0.9135559621464985,0.8917587499948444,0.8462957360609628,0.8494208207277044,0.8513875534910029,0.876466781541756,0.05716829412427823,0.07432752499090634,0.07118417463840802,0.03729804091047384,0.02081206026988449,0.048330338681765866,0.05152007226928612,0.00937067292866293,0.012035257652511103,0.013583106273491453,0.006216649691034415,0.001830795257443724,0.006724854396612124,0.008293556033292624,0.9063535744014373,0.9109767282711444,0.8897554394202856,0.8422701995639098,0.8393620133707459,0.847698085871365,0.8727360068164813,15.676660776138306
