expl_var_class_0,expl_var_class_1,expl_var_class_2,expl_var_class_3,expl_var_class_4,expl_var_class_5,expl_var_mean,mae_class_0,mae_class_1,mae_class_2,mae_class_3,mae_class_4,mae_class_5,mae_mean,mse_class_0,mse_class_1,mse_class_2,mse_class_3,mse_class_4,mse_class_5,mse_mean,r2_class_0,r2_class_1,r2_class_2,r2_class_3,r2_class_4,r2_class_5,r2_mean,time
0.9169659812297967,0.9023191687628079,0.8925054436996871,0.8799296162617535,0.8669213042736341,0.8568024607283183,0.885907329159333,0.052638714710625395,0.07903920981657912,0.07126784325147341,0.034748835694626036,0.018826794025673714,0.049027701586018727,0.05092484984749939,0.008330938786454956,0.013607243003133575,0.01340523410251052,0.004868098531159775,0.0016001218877178024,0.00660014986189414,0.008068631028811795,0.9167442247561987,0.8993489523595048,0.8911991032578735,0.8764858488117109,0.8596018001689136,0.8505223461776756,0.8823170459219796,13.782664060592651
