expl_var_class_0,expl_var_class_1,expl_var_class_2,expl_var_class_3,expl_var_class_4,expl_var_class_5,expl_var_mean,mae_class_0,mae_class_1,mae_class_2,mae_class_3,mae_class_4,mae_class_5,mae_mean,mse_class_0,mse_class_1,mse_class_2,mse_class_3,mse_class_4,mse_class_5,mse_mean,r2_class_0,r2_class_1,r2_class_2,r2_class_3,r2_class_4,r2_class_5,r2_mean,time
0.9001768444318641,0.9142984474779486,0.899233917057275,0.8358304647258334,0.8642638223951957,0.8641404368641162,0.8796573221587055,0.05828284308080745,0.07580720179505794,0.06927335666687702,0.0369366166395436,0.019262498748708078,0.04640989090842195,0.05099540130656934,0.009988839148666733,0.011849220615895231,0.012655490658681825,0.006573775268813671,0.0016282859955517438,0.00616384945823334,0.00814324352430709,0.9001758903258295,0.9123528205942556,0.8972842457023322,0.833209153998646,0.857130619648176,0.8604035097975321,0.8767593733444619,15.219982862472534
