expl_var_class_0,expl_var_class_1,expl_var_class_2,expl_var_class_3,expl_var_class_4,expl_var_class_5,expl_var_mean,mae_class_0,mae_class_1,mae_class_2,mae_class_3,mae_class_4,mae_class_5,mae_mean,mse_class_0,mse_class_1,mse_class_2,mse_class_3,mse_class_4,mse_class_5,mse_mean,r2_class_0,r2_class_1,r2_class_2,r2_class_3,r2_class_4,r2_class_5,r2_mean,time
0.9152629567675786,0.9110904430273692,0.8888370455768457,0.8420311301029035,0.8573295018779084,0.858815471059529,0.8788944247353557,0.053982870029073246,0.07533046931400245,0.07136912389789542,0.03845403867884037,0.020278013364960677,0.04835417934303414,0.05129478243796772,0.008487524933904842,0.012356822510160112,0.01403052728590807,0.006425440705114985,0.0017268463148548828,0.006470200806754529,0.008249560426116237,0.9151793709705033,0.9085981538751933,0.8861240364175524,0.8369727215620091,0.8484827213154598,0.8534653823639967,0.874803731084119,17.988674879074097
