expl_var_class_0,expl_var_class_1,expl_var_class_2,expl_var_class_3,expl_var_class_4,expl_var_class_5,expl_var_mean,mae_class_0,mae_class_1,mae_class_2,mae_class_3,mae_class_4,mae_class_5,mae_mean,mse_class_0,mse_class_1,mse_class_2,mse_class_3,mse_class_4,mse_class_5,mse_mean,r2_class_0,r2_class_1,r2_class_2,r2_class_3,r2_class_4,r2_class_5,r2_mean,time
0.9011190283924863,0.9119569494868844,0.8927682052110247,0.8532985445941176,0.8341781015221477,0.8629556054186046,0.8760460724375442,0.058483382689147566,0.0764272081818332,0.07032960771952458,0.035593466890670014,0.022028646976810548,0.04704461501124536,0.05165115457820521,0.009897609018660826,0.0121608037619824,0.013541930865583973,0.00589168832516287,0.0020288813794498697,0.00623995786322664,0.008293478535677764,0.9010876045268248,0.9100480796505117,0.890089631368729,0.8505151697545704,0.8219815030767148,0.8586798359336643,0.8720669707185026,16.351054668426514
