expl_var_class_0,expl_var_class_1,expl_var_class_2,expl_var_class_3,expl_var_class_4,expl_var_class_5,expl_var_mean,mae_class_0,mae_class_1,mae_class_2,mae_class_3,mae_class_4,mae_class_5,mae_mean,mse_class_0,mse_class_1,mse_class_2,mse_class_3,mse_class_4,mse_class_5,mse_mean,r2_class_0,r2_class_1,r2_class_2,r2_class_3,r2_class_4,r2_class_5,r2_mean,time
0.9102434765254594,0.8974811604912882,0.9005622444856675,0.8591642711709153,0.8611801918608519,0.8553031389397905,0.8806557472456622,0.055468577385672305,0.07874362803543693,0.06870502545109823,0.03630042587889949,0.02031210912941973,0.049959771166781325,0.05158158950788466,0.008986923788518272,0.014453853138131781,0.012458448187143159,0.005713659311085827,0.0016873391321289089,0.006715965474450533,0.008336031505243079,0.9101885962376115,0.8930866847560669,0.8988835014434667,0.8550321495198454,0.8519491680766097,0.8478993987593337,0.8761732497988223,11.580718517303467
