expl_var_class_0,expl_var_class_1,expl_var_class_2,expl_var_class_3,expl_var_class_4,expl_var_class_5,expl_var_mean,mae_class_0,mae_class_1,mae_class_2,mae_class_3,mae_class_4,mae_class_5,mae_mean,mse_class_0,mse_class_1,mse_class_2,mse_class_3,mse_class_4,mse_class_5,mse_mean,r2_class_0,r2_class_1,r2_class_2,r2_class_3,r2_class_4,r2_class_5,r2_mean,time
0.9143782271769496,0.9340296610402141,0.9203289931510619,0.8900696752455042,0.87807341343937,0.8953695080080553,0.9053749130101926,0.05438285146627875,0.0636794010963723,0.05948173986300442,0.03000076909377766,0.017795822582438028,0.03868272741598937,0.04400388525297675,0.008570289761403359,0.009133088437258479,0.010047743430474713,0.00441899479463301,0.0014751851013267811,0.004714182491715556,0.006393247336135316,0.9143522553172816,0.9324437052243673,0.9184495035960822,0.887880578490565,0.8705640275071062,0.8932350093108806,0.9028208465743804,4.430790901184082
