expl_var_class_0,expl_var_class_1,expl_var_class_2,expl_var_class_3,expl_var_class_4,expl_var_class_5,expl_var_mean,mae_class_0,mae_class_1,mae_class_2,mae_class_3,mae_class_4,mae_class_5,mae_mean,mse_class_0,mse_class_1,mse_class_2,mse_class_3,mse_class_4,mse_class_5,mse_mean,r2_class_0,r2_class_1,r2_class_2,r2_class_3,r2_class_4,r2_class_5,r2_mean,time
0.9163956482490211,0.9303417307827271,0.9158510687022585,0.8732636190846496,0.8904778757936849,0.8893238493298222,0.9026089653236938,0.05211543813834135,0.06715565819087056,0.06284199289305765,0.03138395014562796,0.016447177755696762,0.04189329455966019,0.04530625194720908,0.008370988237710897,0.00958996596513134,0.010546526718803285,0.005058960672729522,0.0013036817221191675,0.005064901027509031,0.006655837390667207,0.9163439879764226,0.9290642401987765,0.9144012289717718,0.8716432649447098,0.8856121097129185,0.8852920708959391,0.9003928171167562,5.974236011505127
