expl_var_class_0,expl_var_class_1,expl_var_class_2,expl_var_class_3,expl_var_class_4,expl_var_class_5,expl_var_mean,mae_class_0,mae_class_1,mae_class_2,mae_class_3,mae_class_4,mae_class_5,mae_mean,mse_class_0,mse_class_1,mse_class_2,mse_class_3,mse_class_4,mse_class_5,mse_mean,r2_class_0,r2_class_1,r2_class_2,r2_class_3,r2_class_4,r2_class_5,r2_mean,time
0.9107033886562947,0.906478671021389,0.8912045647929543,0.8612146833988447,0.8185841836131742,0.8564910696234872,0.8741127601843574,0.056352463018925596,0.07675729777285772,0.07075994396186226,0.03432362441235208,0.023026633765012752,0.050487503840593057,0.05195124446193391,0.00893662709568671,0.013099299179986394,0.013723743040602884,0.0055638010772947055,0.0022364781592093003,0.006647766212344937,0.008367952460854155,0.9106912394884177,0.9031061482830662,0.8886139892777796,0.8588343758771819,0.8037665068363191,0.8494439493991327,0.8690760348603161,14.40275764465332
