expl_var_class_0,expl_var_class_1,expl_var_class_2,expl_var_class_3,expl_var_class_4,expl_var_class_5,expl_var_mean,mae_class_0,mae_class_1,mae_class_2,mae_class_3,mae_class_4,mae_class_5,mae_mean,mse_class_0,mse_class_1,mse_class_2,mse_class_3,mse_class_4,mse_class_5,mse_mean,r2_class_0,r2_class_1,r2_class_2,r2_class_3,r2_class_4,r2_class_5,r2_mean,time
0.914277281534935,0.901104943572053,0.8886566286990354,0.858745813939614,0.8479029154626355,0.8512059085450152,0.8769822486255481,0.0544636862383442,0.07986300039390612,0.07239841291639126,0.03658780784585933,0.021510866933738874,0.05017002928963192,0.052498967269645286,0.008589615616524847,0.013787255061558918,0.013995682953298411,0.005731286738513693,0.0018650406974554962,0.0068337403897874805,0.008467103576189806,0.9141591211349726,0.8980174260345718,0.8864068434618249,0.8545849036963581,0.8363572434422915,0.8452320778057095,0.8724596025959547,18.55876088142395
