expl_var_class_0,expl_var_class_1,expl_var_class_2,expl_var_class_3,expl_var_class_4,expl_var_class_5,expl_var_mean,mae_class_0,mae_class_1,mae_class_2,mae_class_3,mae_class_4,mae_class_5,mae_mean,mse_class_0,mse_class_1,mse_class_2,mse_class_3,mse_class_4,mse_class_5,mse_mean,r2_class_0,r2_class_1,r2_class_2,r2_class_3,r2_class_4,r2_class_5,r2_mean,time
0.9152439572511796,0.9061674507463431,0.8926988656146565,0.8628161803766451,0.8413042611674194,0.8520928976173012,0.8783872687955908,0.052328056417471305,0.0774222325237023,0.0717316649754953,0.035585896612305525,0.02195955998489673,0.04982762100419282,0.05147583858634399,0.008515855683161003,0.013119252436557574,0.013389219383247402,0.005532412788580321,0.0019520813479837426,0.006804285517335799,0.008218851192810973,0.914896245796616,0.9029585565793488,0.8913290835180895,0.8596307644081442,0.8287201060841356,0.8458991604204745,0.8739056528011347,16.32269549369812
