expl_var_class_0,expl_var_class_1,expl_var_class_2,expl_var_class_3,expl_var_class_4,expl_var_class_5,expl_var_mean,mae_class_0,mae_class_1,mae_class_2,mae_class_3,mae_class_4,mae_class_5,mae_mean,mse_class_0,mse_class_1,mse_class_2,mse_class_3,mse_class_4,mse_class_5,mse_mean,r2_class_0,r2_class_1,r2_class_2,r2_class_3,r2_class_4,r2_class_5,r2_mean,time
0.9250999288840639,0.919049101157172,0.9097138996565158,0.8837475344608867,0.8821256795936736,0.8950681787198244,0.9024673870786893,0.05006742339123752,0.07223480139746616,0.06422456923407167,0.03331561389671461,0.01812854865546201,0.04148009101332181,0.04657517459804563,0.007505924379267867,0.011185750726912932,0.011344778427357654,0.004707794955289267,0.0014300218447269412,0.004807779450018685,0.006830341630595559,0.9249890595603318,0.9172604230666016,0.9079223789157042,0.8805530960088165,0.8745267505807657,0.8911152614226042,0.899394494925804,6.756580591201782
