expl_var_class_0,expl_var_class_1,expl_var_class_2,expl_var_class_3,expl_var_class_4,expl_var_class_5,expl_var_mean,mae_class_0,mae_class_1,mae_class_2,mae_class_3,mae_class_4,mae_class_5,mae_mean,mse_class_0,mse_class_1,mse_class_2,mse_class_3,mse_class_4,mse_class_5,mse_mean,r2_class_0,r2_class_1,r2_class_2,r2_class_3,r2_class_4,r2_class_5,r2_mean,time
0.8999550057632068,0.9138490351935777,0.8963395212194375,0.843882855886243,0.8604876847805583,0.8557441544615774,0.8783763762174335,0.057394375909997394,0.0763384935525877,0.069549338507251,0.036230173383616546,0.019908664026746077,0.04930380903891356,0.05145414240318538,0.010024323253753959,0.011889655255359607,0.013049462453101592,0.006258118769965544,0.0016869067273511968,0.0066194303679315255,0.008254649471243903,0.8998212776280776,0.9120537307035175,0.8940866525684721,0.8412180396595953,0.8519871082190795,0.8500856886975758,0.874875416246053,13.622169256210327
