expl_var_class_0,expl_var_class_1,expl_var_class_2,expl_var_class_3,expl_var_class_4,expl_var_class_5,expl_var_mean,mae_class_0,mae_class_1,mae_class_2,mae_class_3,mae_class_4,mae_class_5,mae_mean,mse_class_0,mse_class_1,mse_class_2,mse_class_3,mse_class_4,mse_class_5,mse_mean,r2_class_0,r2_class_1,r2_class_2,r2_class_3,r2_class_4,r2_class_5,r2_mean,time
0.9178764551377598,0.9184042070750517,0.906050224593971,0.8706667557388843,0.8601611222805107,0.8767339420914112,0.8916487844862647,0.05169910311489702,0.0723682979191231,0.0667375235035909,0.03370274161577557,0.019288185408604882,0.04506255345134372,0.048143067502222525,0.008227804762259306,0.011314269205712225,0.011789232982386263,0.0052041011235255605,0.0016807766409649078,0.0056671859024251345,0.0073138951028789,0.9177749012932034,0.9163097882077009,0.9043150525700061,0.8679607389094597,0.852524975427853,0.8716517548547977,0.8884228685438368,7.0728514194488525
