expl_var_class_0,expl_var_class_1,expl_var_class_2,expl_var_class_3,expl_var_class_4,expl_var_class_5,expl_var_mean,mae_class_0,mae_class_1,mae_class_2,mae_class_3,mae_class_4,mae_class_5,mae_mean,mse_class_0,mse_class_1,mse_class_2,mse_class_3,mse_class_4,mse_class_5,mse_mean,r2_class_0,r2_class_1,r2_class_2,r2_class_3,r2_class_4,r2_class_5,r2_mean,time
0.9247977339937848,0.9322894001340225,0.9169212296058846,0.8886979899166447,0.8887468561006695,0.885827730003987,0.9062134899591655,0.049797661885822235,0.06695679587444171,0.06021061214555546,0.03246812214124976,0.01688836627719704,0.04320370408313607,0.04492087706790038,0.007542426277319227,0.009323006015750635,0.01055821116319258,0.004539813309040442,0.0013317481418625321,0.005259096794668532,0.006425716950305658,0.9246242754828066,0.9310389090260353,0.9143063945199623,0.8848151523987664,0.8831495005592545,0.880893999902912,0.9031380386482893,6.60390043258667
