expl_var_class_0,expl_var_class_1,expl_var_class_2,expl_var_class_3,expl_var_class_4,expl_var_class_5,expl_var_mean,mae_class_0,mae_class_1,mae_class_2,mae_class_3,mae_class_4,mae_class_5,mae_mean,mse_class_0,mse_class_1,mse_class_2,mse_class_3,mse_class_4,mse_class_5,mse_mean,r2_class_0,r2_class_1,r2_class_2,r2_class_3,r2_class_4,r2_class_5,r2_mean,time
0.9146818481906395,0.9094403765169591,0.8824552337515562,0.870743642617245,0.861227530836994,0.855015234887622,0.882260644466836,0.053981260083523136,0.07783848856669179,0.07379257114604484,0.03444838635714846,0.019571083623204873,0.04859795132922787,0.051371623517640165,0.008545892166170603,0.01246422677689039,0.014784203028020195,0.005229771727769153,0.0016671528025385934,0.006605933172627166,0.008216196612336015,0.9145960742622113,0.9078036981603235,0.8800069782619451,0.8673094203559542,0.8537203608572543,0.8503913679820607,0.8789713166466249,14.955159425735474
