expl_var_class_0,expl_var_class_1,expl_var_class_2,expl_var_class_3,expl_var_class_4,expl_var_class_5,expl_var_mean,mae_class_0,mae_class_1,mae_class_2,mae_class_3,mae_class_4,mae_class_5,mae_mean,mse_class_0,mse_class_1,mse_class_2,mse_class_3,mse_class_4,mse_class_5,mse_mean,r2_class_0,r2_class_1,r2_class_2,r2_class_3,r2_class_4,r2_class_5,r2_mean,time
0.908466119191768,0.9097546219099251,0.8876572299915824,0.8648043982728251,0.8127394700544585,0.8541462204598899,0.8729280099800746,0.05473973750101661,0.07731282925624518,0.07254736616154721,0.033846778900200644,0.02375595623029315,0.04945720269427017,0.0519433117905955,0.00917192898560891,0.012470321641476757,0.014132907829353152,0.005394887781996397,0.0023178891353851498,0.0066757541741085955,0.008360614924654827,0.908339734842428,0.9077586152213546,0.8852930852494796,0.8631200702113548,0.7966233294388254,0.848810088813049,0.8683241539627485,18.96713614463806
