expl_var_class_0,expl_var_class_1,expl_var_class_2,expl_var_class_3,expl_var_class_4,expl_var_class_5,expl_var_mean,mae_class_0,mae_class_1,mae_class_2,mae_class_3,mae_class_4,mae_class_5,mae_mean,mse_class_0,mse_class_1,mse_class_2,mse_class_3,mse_class_4,mse_class_5,mse_mean,r2_class_0,r2_class_1,r2_class_2,r2_class_3,r2_class_4,r2_class_5,r2_mean,time
0.9181174731506155,0.9185612446053771,0.8983229213218619,0.87260965588297,0.852222206861331,0.8629266909062119,0.8871266987880612,0.05121137244551776,0.07279850844339904,0.0692566725595848,0.03447648418059457,0.021215745027902584,0.04745124842418023,0.049401671846863164,0.008233736294644434,0.011280107699397982,0.012738428178965432,0.005138702530097307,0.0018199481220747774,0.0062714019287349815,0.007580387458985818,0.9177156241409201,0.9165624765295538,0.8966110999361769,0.8696200421681131,0.8403137647909431,0.8579677028401479,0.8831317850676424,15.96382451057434
