expl_var_class_0,expl_var_class_1,expl_var_class_2,expl_var_class_3,expl_var_class_4,expl_var_class_5,expl_var_mean,mae_class_0,mae_class_1,mae_class_2,mae_class_3,mae_class_4,mae_class_5,mae_mean,mse_class_0,mse_class_1,mse_class_2,mse_class_3,mse_class_4,mse_class_5,mse_mean,r2_class_0,r2_class_1,r2_class_2,r2_class_3,r2_class_4,r2_class_5,r2_mean,time
0.918194121449132,0.9084291899236017,0.8994702549508797,0.8728223369200303,0.8772383611193556,0.8756215424108684,0.8919626344623112,0.05227626263799044,0.07861183492419849,0.06814282570647229,0.03513800649443414,0.017859269008565694,0.04583577936602933,0.04964399635628173,0.008206629271259612,0.012613907717149164,0.012623366968743492,0.005161203309612816,0.0014606400432982155,0.005723732579830447,0.0076315799816489595,0.917986519931215,0.9066965272627808,0.8975449711954664,0.8690491488993872,0.8718402427625339,0.8703711074684719,0.8889147529199759,11.268857717514038
