expl_var_class_0,expl_var_class_1,expl_var_class_2,expl_var_class_3,expl_var_class_4,expl_var_class_5,expl_var_mean,mae_class_0,mae_class_1,mae_class_2,mae_class_3,mae_class_4,mae_class_5,mae_mean,mse_class_0,mse_class_1,mse_class_2,mse_class_3,mse_class_4,mse_class_5,mse_mean,r2_class_0,r2_class_1,r2_class_2,r2_class_3,r2_class_4,r2_class_5,r2_mean,time
0.9197188834075266,0.9082991612026675,0.896040467617687,0.8793351287178709,0.8621013201145022,0.8723990006158769,0.8896489936126885,0.05100603698048323,0.07635879879224046,0.07071912987409051,0.03444825625845117,0.020159070897652655,0.04539737002238683,0.04968144380421747,0.008063865589643877,0.012777804626459534,0.012955431535102828,0.00490733095750007,0.0016889444184998777,0.005830452093003614,0.007703971536701634,0.9194132380111633,0.9054842026483583,0.8948498356745272,0.8754904376039341,0.8518083167337043,0.8679541650080764,0.8858333659466274,10.926771879196167
