expl_var_class_0,expl_var_class_1,expl_var_class_2,expl_var_class_3,expl_var_class_4,expl_var_class_5,expl_var_mean,mae_class_0,mae_class_1,mae_class_2,mae_class_3,mae_class_4,mae_class_5,mae_mean,mse_class_0,mse_class_1,mse_class_2,mse_class_3,mse_class_4,mse_class_5,mse_mean,r2_class_0,r2_class_1,r2_class_2,r2_class_3,r2_class_4,r2_class_5,r2_mean,time
0.9188704252316631,0.9174046406446412,0.895072324155989,0.845055328641305,0.8697962214579258,0.8585347979682004,0.8841222896832873,0.05153002251794913,0.0727369017043297,0.06879576970972168,0.036948356424462016,0.018624453075739292,0.049565164984851,0.04970011140284214,0.008137491308123503,0.011463442557576524,0.01324891528647388,0.006263793162655817,0.0015594867647181706,0.006582293827693414,0.007875903817873552,0.9186774546346403,0.9152063718770211,0.8924678336084512,0.8410740680879104,0.8631672148806642,0.850926742767866,0.8802532809760922,8.483124494552612
