expl_var_class_0,expl_var_class_1,expl_var_class_2,expl_var_class_3,expl_var_class_4,expl_var_class_5,expl_var_mean,mae_class_0,mae_class_1,mae_class_2,mae_class_3,mae_class_4,mae_class_5,mae_mean,mse_class_0,mse_class_1,mse_class_2,mse_class_3,mse_class_4,mse_class_5,mse_mean,r2_class_0,r2_class_1,r2_class_2,r2_class_3,r2_class_4,r2_class_5,r2_mean,time
0.9155405470914224,0.9156582031966868,0.9018745667429316,0.8840069677624589,0.8873841839864606,0.8865156017632982,0.8984966784238764,0.053391536027758084,0.07572006874681003,0.06604349415425638,0.03262172398977426,0.017477268207028027,0.043511851043722787,0.04812765702822492,0.008461149727808684,0.011552070593536629,0.01240542660883359,0.004679076122402412,0.001354882803350819,0.005215640167513287,0.00727804100390757,0.915442953297422,0.9145508015555645,0.8993138404604991,0.881281754692373,0.8811196146789422,0.8818781888692415,0.8955978589256737,7.561815023422241
