expl_var_class_0,expl_var_class_1,expl_var_class_2,expl_var_class_3,expl_var_class_4,expl_var_class_5,expl_var_mean,mae_class_0,mae_class_1,mae_class_2,mae_class_3,mae_class_4,mae_class_5,mae_mean,mse_class_0,mse_class_1,mse_class_2,mse_class_3,mse_class_4,mse_class_5,mse_mean,r2_class_0,r2_class_1,r2_class_2,r2_class_3,r2_class_4,r2_class_5,r2_mean,time
0.9138921717456036,0.921221791469534,0.9016574744073423,0.854143623955671,0.8423663919872496,0.8573114792113754,0.8817654887961295,0.051415617576678785,0.07243756042358904,0.06772960664649355,0.03591880511187405,0.02146178537245292,0.048226649668856376,0.04953167079999079,0.008667538432802224,0.01084819934987406,0.012368010671850513,0.005867261902294197,0.0019232148221997977,0.006523491972402064,0.007699619525237142,0.9133803944338592,0.9197572477153295,0.899617519416426,0.8511349207452044,0.8312529182946002,0.8522584645549874,0.8779002441934011,13.314821004867554
