expl_var_class_0,expl_var_class_1,expl_var_class_2,expl_var_class_3,expl_var_class_4,expl_var_class_5,expl_var_mean,mae_class_0,mae_class_1,mae_class_2,mae_class_3,mae_class_4,mae_class_5,mae_mean,mse_class_0,mse_class_1,mse_class_2,mse_class_3,mse_class_4,mse_class_5,mse_mean,r2_class_0,r2_class_1,r2_class_2,r2_class_3,r2_class_4,r2_class_5,r2_mean,time
0.9173740724759409,0.9053383835359929,0.8880065657091345,0.8748997169602432,0.861617221562199,0.8645600009112802,0.8852993268591317,0.052676246345723,0.07869239412213644,0.0718359709979086,0.03454711312192812,0.019906992948180564,0.04726060480656937,0.05081988705707435,0.008280049420903443,0.013079065967448476,0.014041895241795449,0.005053736666208907,0.0016805648108888097,0.006193370164672852,0.008054780378652988,0.9172527909201399,0.9032558107855,0.8860317706812577,0.8717758092486234,0.852543561862788,0.8597349361999488,0.8817657799497097,12.193176507949829
