expl_var_class_0,expl_var_class_1,expl_var_class_2,expl_var_class_3,expl_var_class_4,expl_var_class_5,expl_var_mean,mae_class_0,mae_class_1,mae_class_2,mae_class_3,mae_class_4,mae_class_5,mae_mean,mse_class_0,mse_class_1,mse_class_2,mse_class_3,mse_class_4,mse_class_5,mse_mean,r2_class_0,r2_class_1,r2_class_2,r2_class_3,r2_class_4,r2_class_5,r2_mean,time
0.9164236490271531,0.9128328180506325,0.9032881536064984,0.8828730860474766,0.8609102033310635,0.8770011117159846,0.8922215036298016,0.052659635329725674,0.07390447219060975,0.0672329337020801,0.03126753000991138,0.02002235640212673,0.045043817078962975,0.048355124118902776,0.008366289724576105,0.012114437631820116,0.012128670695784272,0.004683752375673397,0.0016985950766104068,0.005677847683148373,0.0074449321979354445,0.9163909428711299,0.9103910440243231,0.9015600743783994,0.8811631080688895,0.8509615468492949,0.8714102909484585,0.8886461678567491,7.345641136169434
