expl_var_class_0,expl_var_class_1,expl_var_class_2,expl_var_class_3,expl_var_class_4,expl_var_class_5,expl_var_mean,mae_class_0,mae_class_1,mae_class_2,mae_class_3,mae_class_4,mae_class_5,mae_mean,mse_class_0,mse_class_1,mse_class_2,mse_class_3,mse_class_4,mse_class_5,mse_mean,r2_class_0,r2_class_1,r2_class_2,r2_class_3,r2_class_4,r2_class_5,r2_mean,time
0.9238290921433518,0.911426868815683,0.9086701700280179,0.8740401639533728,0.8584783076760577,0.8527855432131872,0.8882050243049452,0.0504826873104425,0.07522344378195335,0.06531512100339092,0.033594993185206215,0.020188927866371168,0.049784107659168526,0.04909821346775545,0.0076338534856700705,0.012379513790689413,0.01146826615506781,0.005074881774516401,0.0017196329277942562,0.0068036187115466575,0.007513294474214101,0.9237105917666326,0.9084303093561343,0.906920115515545,0.8712393122801115,0.8491156396985969,0.8459142619813483,0.8842217050997281,10.028414726257324
