expl_var_class_0,expl_var_class_1,expl_var_class_2,expl_var_class_3,expl_var_class_4,expl_var_class_5,expl_var_mean,mae_class_0,mae_class_1,mae_class_2,mae_class_3,mae_class_4,mae_class_5,mae_mean,mse_class_0,mse_class_1,mse_class_2,mse_class_3,mse_class_4,mse_class_5,mse_mean,r2_class_0,r2_class_1,r2_class_2,r2_class_3,r2_class_4,r2_class_5,r2_mean,time
0.9152124875780342,0.9231812876636342,0.906998649013623,0.8676921348596516,0.8597995864106551,0.8688423260041447,0.890287745254957,0.051302670203053416,0.07043259629171468,0.0660353896180872,0.035037918930870306,0.020158056695840223,0.04657237037094204,0.04825650035175131,0.008523851559655274,0.010679618111367977,0.011665729434686268,0.005347502770012148,0.0017128948327925278,0.0060344275948124425,0.007327337383887773,0.9148163384880463,0.9210042217176504,0.9053174443699432,0.864322330086914,0.8497068549152594,0.8633346063487121,0.8864169659877542,9.306724309921265
