expl_var_class_0,expl_var_class_1,expl_var_class_2,expl_var_class_3,expl_var_class_4,expl_var_class_5,expl_var_mean,mae_class_0,mae_class_1,mae_class_2,mae_class_3,mae_class_4,mae_class_5,mae_mean,mse_class_0,mse_class_1,mse_class_2,mse_class_3,mse_class_4,mse_class_5,mse_mean,r2_class_0,r2_class_1,r2_class_2,r2_class_3,r2_class_4,r2_class_5,r2_mean,time
0.9179582471650992,0.9191171592521092,0.9063913999212797,0.8854894471298282,0.8623920205221626,0.8709822549110717,0.8937217548169251,0.05091615657494272,0.0711639484328572,0.06549066456261554,0.032139510786520505,0.020219744365286965,0.046576546422195296,0.047751095190736365,0.008226776408979767,0.011255770157876844,0.011815715697002512,0.004628246066128218,0.0016890457620353464,0.00599153205875189,0.007267847691795763,0.9177851782081715,0.9167424982320054,0.904100110922857,0.8825714227661341,0.8517994246298879,0.8643060879398805,0.8895507871164893,6.815535068511963
