expl_var_class_0,expl_var_class_1,expl_var_class_2,expl_var_class_3,expl_var_class_4,expl_var_class_5,expl_var_mean,mae_class_0,mae_class_1,mae_class_2,mae_class_3,mae_class_4,mae_class_5,mae_mean,mse_class_0,mse_class_1,mse_class_2,mse_class_3,mse_class_4,mse_class_5,mse_mean,r2_class_0,r2_class_1,r2_class_2,r2_class_3,r2_class_4,r2_class_5,r2_mean,time
0.9111951239598526,0.9067734174351338,0.8947891852224181,0.8628283086232132,0.8167818424947836,0.856738465607384,0.8748510572237974,0.05549461028848651,0.0769702903225785,0.07000896784301167,0.03447263252120068,0.023415437252074157,0.04960710018823009,0.051661506402596945,0.008890638105712998,0.013003335690660573,0.01324488676294624,0.0054969484893311405,0.0022684233192104583,0.006580076478638817,0.008247384807750037,0.9111508334322799,0.9038159780210709,0.8925005303125149,0.8605305701107635,0.8009635685152419,0.8509769604358465,0.8699897401379529,18.732030391693115
