expl_var_class_0,expl_var_class_1,expl_var_class_2,expl_var_class_3,expl_var_class_4,expl_var_class_5,expl_var_mean,mae_class_0,mae_class_1,mae_class_2,mae_class_3,mae_class_4,mae_class_5,mae_mean,mse_class_0,mse_class_1,mse_class_2,mse_class_3,mse_class_4,mse_class_5,mse_mean,r2_class_0,r2_class_1,r2_class_2,r2_class_3,r2_class_4,r2_class_5,r2_mean,time
0.9087122570428368,0.9074297150283301,0.8988219496501615,0.8798505411972638,0.8566851091011448,0.855919658123652,0.8845698716905649,0.054639633977413365,0.07558445182307097,0.06859224131527836,0.033958336120716005,0.02098083523796363,0.049873203511105135,0.05060478366425791,0.009156552636473301,0.012966541030587982,0.01268900391635834,0.004866271447571408,0.0017641147001421537,0.006685676407083978,0.008021360023036194,0.9084933993813856,0.9040881434467218,0.8970122420610626,0.8765322058599758,0.8452127115461371,0.8485853738994678,0.8799873460324584,9.875257015228271
