expl_var_class_0,expl_var_class_1,expl_var_class_2,expl_var_class_3,expl_var_class_4,expl_var_class_5,expl_var_mean,mae_class_0,mae_class_1,mae_class_2,mae_class_3,mae_class_4,mae_class_5,mae_mean,mse_class_0,mse_class_1,mse_class_2,mse_class_3,mse_class_4,mse_class_5,mse_mean,r2_class_0,r2_class_1,r2_class_2,r2_class_3,r2_class_4,r2_class_5,r2_mean,time
0.9186693239951076,0.9114362465339166,0.9099029106290415,0.877552813041834,0.8660737797721438,0.8761654717023833,0.8933000909457379,0.054202175216739035,0.07331586107152567,0.06325582186868559,0.03325012879770669,0.01878869354068695,0.0461021997859557,0.04815248004688327,0.008140652893659273,0.012387590185780019,0.01143234185465646,0.004957970281974186,0.0016121957699589639,0.0057330758328685135,0.007377304469816236,0.9186458591252353,0.9083705692877868,0.9072116879020993,0.8742056088069954,0.8585424112907017,0.8701595050696747,0.889522606913749,6.826280355453491
