expl_var_class_0,expl_var_class_1,expl_var_class_2,expl_var_class_3,expl_var_class_4,expl_var_class_5,expl_var_mean,mae_class_0,mae_class_1,mae_class_2,mae_class_3,mae_class_4,mae_class_5,mae_mean,mse_class_0,mse_class_1,mse_class_2,mse_class_3,mse_class_4,mse_class_5,mse_mean,r2_class_0,r2_class_1,r2_class_2,r2_class_3,r2_class_4,r2_class_5,r2_mean,time
0.9074992018145422,0.9134686961197648,0.8964107267937358,0.8551987029987801,0.8462489742898875,0.8567163443706843,0.8792571077312324,0.05619736799591012,0.07571451393925589,0.06990169129434928,0.0361935777532577,0.02154340568999707,0.04797687435158071,0.051254571837391794,0.009265959077358957,0.011979414913191946,0.013019513496109069,0.005833844874358676,0.001875199211336515,0.006511151306621943,0.008080847146496184,0.9074000390427632,0.9113897899188488,0.8943297272773776,0.8519827827624319,0.8354659131800147,0.8525379512039297,0.8755177005642277,11.711583852767944
