expl_var_class_0,expl_var_class_1,expl_var_class_2,expl_var_class_3,expl_var_class_4,expl_var_class_5,expl_var_mean,mae_class_0,mae_class_1,mae_class_2,mae_class_3,mae_class_4,mae_class_5,mae_mean,mse_class_0,mse_class_1,mse_class_2,mse_class_3,mse_class_4,mse_class_5,mse_mean,r2_class_0,r2_class_1,r2_class_2,r2_class_3,r2_class_4,r2_class_5,r2_mean,time
0.9176203074384606,0.9175980523705569,0.90572781404039,0.845799478762986,0.8697508688891774,0.861922585212243,0.8864031844523024,0.05232613392966282,0.07254409043371905,0.06571996242158402,0.03702597458458131,0.018881605360734365,0.04776526568404964,0.04904383873572187,0.008265354979200272,0.011423951496093801,0.011903418088418596,0.006253961279823068,0.001565560079551424,0.00636040500069569,0.007628775153963809,0.9173996407730954,0.9154984822413144,0.9033882920348368,0.8413235241444994,0.8626343289323241,0.8559519955216707,0.8826993772746236,8.621924877166748
