expl_var_class_0,expl_var_class_1,expl_var_class_2,expl_var_class_3,expl_var_class_4,expl_var_class_5,expl_var_mean,mae_class_0,mae_class_1,mae_class_2,mae_class_3,mae_class_4,mae_class_5,mae_mean,mse_class_0,mse_class_1,mse_class_2,mse_class_3,mse_class_4,mse_class_5,mse_mean,r2_class_0,r2_class_1,r2_class_2,r2_class_3,r2_class_4,r2_class_5,r2_mean,time
0.9160570300536484,0.9113078375143503,0.890867787050305,0.8674645314168468,0.8589850283604489,0.8524365721224366,0.8828531310863393,0.053570048158058554,0.07610854125320768,0.07117473848090448,0.034897548972188934,0.01987997001767915,0.049161365327130335,0.050798702034861525,0.008409697116373243,0.012265251960284362,0.013718767172753561,0.005364720506398618,0.0016955339625739886,0.00673982038447666,0.008032298517143406,0.9159571482955103,0.909275489598226,0.8886543749122218,0.86388547900809,0.8512301357008629,0.8473591419382825,0.8793936282421989,11.622353315353394
