expl_var_class_0,expl_var_class_1,expl_var_class_2,expl_var_class_3,expl_var_class_4,expl_var_class_5,expl_var_mean,mae_class_0,mae_class_1,mae_class_2,mae_class_3,mae_class_4,mae_class_5,mae_mean,mse_class_0,mse_class_1,mse_class_2,mse_class_3,mse_class_4,mse_class_5,mse_mean,r2_class_0,r2_class_1,r2_class_2,r2_class_3,r2_class_4,r2_class_5,r2_mean,time
0.91958285880346,0.904109410800215,0.8913591814658421,0.8713182736932583,0.8546389147262776,0.8554455835607033,0.8827423705082927,0.05097245764075005,0.07906511812452814,0.07174610210260064,0.03506268578173185,0.020316331366451383,0.05020751830023845,0.051228368886050084,0.008084244364690938,0.013334982760499879,0.013583209011397,0.00519607996245357,0.0017707628509177767,0.0066929298343715,0.008110368130721777,0.9192095814055211,0.9013628267825328,0.8897546055686596,0.8681642530526124,0.8446293882329148,0.8484211010699416,0.8785902926853638,9.777527093887329
