expl_var_class_0,expl_var_class_1,expl_var_class_2,expl_var_class_3,expl_var_class_4,expl_var_class_5,expl_var_mean,mae_class_0,mae_class_1,mae_class_2,mae_class_3,mae_class_4,mae_class_5,mae_mean,mse_class_0,mse_class_1,mse_class_2,mse_class_3,mse_class_4,mse_class_5,mse_mean,r2_class_0,r2_class_1,r2_class_2,r2_class_3,r2_class_4,r2_class_5,r2_mean,time
0.910011420474586,0.9060995555688087,0.8915093727265904,0.8601513408718042,0.8525318551534461,0.8550460226764369,0.8792249279119453,0.054404009957068525,0.07726857603051444,0.07200424138815928,0.03682257664484112,0.02103748415696415,0.049676801078810714,0.051868948209393036,0.009037219413232682,0.013181454827763815,0.01353303394297144,0.005685008147848868,0.0017977592842011844,0.00667861895688277,0.00831884909548346,0.9096859636611031,0.9024984533946544,0.8901618414585406,0.8557590912785462,0.8422606620352772,0.8487452083153701,0.8748518700239153,21.360308408737183
