expl_var_class_0,expl_var_class_1,expl_var_class_2,expl_var_class_3,expl_var_class_4,expl_var_class_5,expl_var_mean,mae_class_0,mae_class_1,mae_class_2,mae_class_3,mae_class_4,mae_class_5,mae_mean,mse_class_0,mse_class_1,mse_class_2,mse_class_3,mse_class_4,mse_class_5,mse_mean,r2_class_0,r2_class_1,r2_class_2,r2_class_3,r2_class_4,r2_class_5,r2_mean,time
0.9250322368955163,0.9279413445796343,0.9132963387962642,0.8870391327772462,0.8854694279506024,0.8840099685162434,0.903798074919251,0.049726893192590965,0.06792008800317975,0.06315473076373096,0.0329152217470112,0.017581134110384346,0.04240029523006903,0.04561639384116104,0.007522294068315101,0.009922574526061757,0.01089465658016351,0.004579124414125078,0.001377677118287989,0.0052848437458682404,0.0065968617421369455,0.9248254680147615,0.9266039769327987,0.9115757027027742,0.8838177449416815,0.8791195915506254,0.8803108928615658,0.9010422295007011,6.571929693222046
