expl_var_class_0,expl_var_class_1,expl_var_class_2,expl_var_class_3,expl_var_class_4,expl_var_class_5,expl_var_mean,mae_class_0,mae_class_1,mae_class_2,mae_class_3,mae_class_4,mae_class_5,mae_mean,mse_class_0,mse_class_1,mse_class_2,mse_class_3,mse_class_4,mse_class_5,mse_mean,r2_class_0,r2_class_1,r2_class_2,r2_class_3,r2_class_4,r2_class_5,r2_mean,time
0.914076612135927,0.9208232775562055,0.9131125016616771,0.8720663565911606,0.8724187070234984,0.8882805316809538,0.896796331108237,0.055989898350333696,0.06906083869513303,0.06175262389107908,0.03410502046959138,0.018830626473885507,0.04133982780798785,0.04684647261466843,0.00860195987691346,0.011034120723378931,0.011048923805391315,0.005197114810362566,0.001550100662415676,0.005087655715021559,0.0070866459322472515,0.9140357579708912,0.918382010937555,0.9103236236779431,0.868137996730915,0.8639907720589115,0.884776731490925,0.8932744821445234,8.316855430603027
