expl_var_class_0,expl_var_class_1,expl_var_class_2,expl_var_class_3,expl_var_class_4,expl_var_class_5,expl_var_mean,mae_class_0,mae_class_1,mae_class_2,mae_class_3,mae_class_4,mae_class_5,mae_mean,mse_class_0,mse_class_1,mse_class_2,mse_class_3,mse_class_4,mse_class_5,mse_mean,r2_class_0,r2_class_1,r2_class_2,r2_class_3,r2_class_4,r2_class_5,r2_mean,time
0.9121663718909523,0.9084957946626593,0.8933347671456071,0.8583553833187803,0.8581938634888883,0.8663604610222229,0.8828177735881851,0.054772462754162955,0.0769556163005136,0.07034386807473444,0.03567113128896189,0.02044371191508657,0.04738743628016424,0.050929037768937285,0.008799894378948408,0.012690069743615497,0.013406131217139952,0.005711428689188792,0.001740066304582237,0.00612405833699585,0.008078608111745123,0.9120576867310438,0.906133166429694,0.8911918220067281,0.8550887452046844,0.8473227704556204,0.8613046837966074,0.8788498124373963,13.15525197982788
