expl_var_class_0,expl_var_class_1,expl_var_class_2,expl_var_class_3,expl_var_class_4,expl_var_class_5,expl_var_mean,mae_class_0,mae_class_1,mae_class_2,mae_class_3,mae_class_4,mae_class_5,mae_mean,mse_class_0,mse_class_1,mse_class_2,mse_class_3,mse_class_4,mse_class_5,mse_mean,r2_class_0,r2_class_1,r2_class_2,r2_class_3,r2_class_4,r2_class_5,r2_mean,time
0.9192872783806795,0.9101688376048588,0.8989679735501346,0.9032472336402775,0.9006960936114617,0.8693581329881098,0.9002875916292535,0.052365994147072284,0.07089580939265464,0.06460413314171191,0.0297327370872573,0.015638543984255522,0.04358331364841596,0.04613675523356126,0.00807654658280981,0.012519978190982365,0.01261581894510746,0.0039327011677837784,0.0011884715176714567,0.005953373023599601,0.007381148237992411,0.9192865096863065,0.9073913120337213,0.8976062332169985,0.9002188958364647,0.8957209054432864,0.8651702990814515,0.8975656925497048,5.062272787094116
