expl_var_class_0,expl_var_class_1,expl_var_class_2,expl_var_class_3,expl_var_class_4,expl_var_class_5,expl_var_mean,mae_class_0,mae_class_1,mae_class_2,mae_class_3,mae_class_4,mae_class_5,mae_mean,mse_class_0,mse_class_1,mse_class_2,mse_class_3,mse_class_4,mse_class_5,mse_mean,r2_class_0,r2_class_1,r2_class_2,r2_class_3,r2_class_4,r2_class_5,r2_mean,time
0.9182206419513355,0.9068037373505868,0.8925093391520078,0.8782985488266996,0.8593135667601535,0.8665550706690373,0.88695015078497,0.052718378855560515,0.07807115320387245,0.07168323555415797,0.03491527946046833,0.019654022275329298,0.046142882825211895,0.05053082536243341,0.008192148517986426,0.012936553941339765,0.013410818316012662,0.004938762955286631,0.001698361396244742,0.0060512547322753955,0.007871316643190936,0.9181312342750334,0.9043099541359133,0.8911537801078273,0.8746929400796113,0.8509820504765042,0.8629535118158395,0.8837039118151214,21.61512041091919
