expl_var_class_0,expl_var_class_1,expl_var_class_2,expl_var_class_3,expl_var_class_4,expl_var_class_5,expl_var_mean,mae_class_0,mae_class_1,mae_class_2,mae_class_3,mae_class_4,mae_class_5,mae_mean,mse_class_0,mse_class_1,mse_class_2,mse_class_3,mse_class_4,mse_class_5,mse_mean,r2_class_0,r2_class_1,r2_class_2,r2_class_3,r2_class_4,r2_class_5,r2_mean,time
0.9188352600846927,0.9241131706687669,0.9165986185697226,0.8871565656149834,0.8817566569390523,0.8895622183476224,0.9030037483708068,0.05333500333372927,0.06844411504261702,0.06159001248045154,0.03252819285898126,0.01813901723507484,0.041689975196896066,0.045954386024625,0.008121802901619268,0.010558515426926136,0.010500823775882703,0.004578411632319839,0.0014406708143527742,0.005009340953548143,0.0067015942507748115,0.9188342377390816,0.9219000028878948,0.9147721677510193,0.8838358297522277,0.8735923866569928,0.8865503740671773,0.8999141664757322,6.189420461654663
