expl_var_class_0,expl_var_class_1,expl_var_class_2,expl_var_class_3,expl_var_class_4,expl_var_class_5,expl_var_mean,mae_class_0,mae_class_1,mae_class_2,mae_class_3,mae_class_4,mae_class_5,mae_mean,mse_class_0,mse_class_1,mse_class_2,mse_class_3,mse_class_4,mse_class_5,mse_mean,r2_class_0,r2_class_1,r2_class_2,r2_class_3,r2_class_4,r2_class_5,r2_mean,time
0.9055161432485781,0.9027389431332771,0.8934980329998671,0.8605374265747463,0.855920856162353,0.8613296699607764,0.8799235120132662,0.05724915030284665,0.0789219803062354,0.07087156111521531,0.03532104933862679,0.02103647454911714,0.047203233590651705,0.05176724153378217,0.00945717123095908,0.013518342968849658,0.013345119292448174,0.00562357235830108,0.0017743089225289942,0.006292916362779358,0.008335238522644391,0.9054891480265074,0.9000065346180044,0.8916870130692389,0.8573178496623396,0.8443182481413326,0.8574804522183347,0.8760498742892929,11.542438268661499
