expl_var_class_0,expl_var_class_1,expl_var_class_2,expl_var_class_3,expl_var_class_4,expl_var_class_5,expl_var_mean,mae_class_0,mae_class_1,mae_class_2,mae_class_3,mae_class_4,mae_class_5,mae_mean,mse_class_0,mse_class_1,mse_class_2,mse_class_3,mse_class_4,mse_class_5,mse_mean,r2_class_0,r2_class_1,r2_class_2,r2_class_3,r2_class_4,r2_class_5,r2_mean,time
0.9260025176127293,0.9241183687855274,0.9128190782723878,0.8959195798142476,0.8908814051367224,0.8804809111457279,0.9050369767945572,0.04883809240587065,0.06638944675475597,0.059727484276532135,0.029962054358892362,0.017473998963041082,0.04437051781013909,0.04446026576153855,0.007419614892594926,0.01049756412979633,0.011016155503191304,0.004201219698411997,0.0013370350439820048,0.005543028279508377,0.006669102924580822,0.9258515989941268,0.9223508518886623,0.9105895810373458,0.8934060020183584,0.8826856161852236,0.8744636289131282,0.9015578798394741,4.352286100387573
