expl_var_class_0,expl_var_class_1,expl_var_class_2,expl_var_class_3,expl_var_class_4,expl_var_class_5,expl_var_mean,mae_class_0,mae_class_1,mae_class_2,mae_class_3,mae_class_4,mae_class_5,mae_mean,mse_class_0,mse_class_1,mse_class_2,mse_class_3,mse_class_4,mse_class_5,mse_mean,r2_class_0,r2_class_1,r2_class_2,r2_class_3,r2_class_4,r2_class_5,r2_mean,time
0.9224305077933249,0.9161114481183619,0.9021925732990891,0.8833735544805673,0.8815448704276535,0.8728112936731931,0.8964107079653649,0.04963511389536282,0.07296643071336976,0.06594741667419264,0.032868889557594226,0.017982975514556986,0.04564069608432384,0.04750692040656671,0.007786551748244037,0.011586920757915757,0.012315717478895013,0.004731487655850595,0.001439101128502057,0.0058677706301009285,0.007287924899918065,0.9221845918097433,0.9142930193175023,0.9000419466396703,0.879951961134397,0.8737301143322609,0.8671089891429655,0.8928851037294233,7.158970355987549
