expl_var_class_0,expl_var_class_1,expl_var_class_2,expl_var_class_3,expl_var_class_4,expl_var_class_5,expl_var_mean,mae_class_0,mae_class_1,mae_class_2,mae_class_3,mae_class_4,mae_class_5,mae_mean,mse_class_0,mse_class_1,mse_class_2,mse_class_3,mse_class_4,mse_class_5,mse_mean,r2_class_0,r2_class_1,r2_class_2,r2_class_3,r2_class_4,r2_class_5,r2_mean,time
0.912815180653305,0.9121581164413249,0.8983947866350713,0.8763853547679343,0.8472479718309066,0.8645864449340754,0.8852646425437696,0.05282290156579772,0.07495045362341692,0.06993126358699739,0.03269953362274934,0.020975139649006967,0.046532550850843735,0.04965197381646868,0.008742337356366309,0.012166570048320363,0.012683042743907427,0.004946323624488144,0.0018609177511129205,0.006191714742604686,0.007765151044466641,0.9126328865564931,0.9100054271630991,0.8970606247228896,0.8745011096076389,0.836718999786568,0.8597724275618137,0.8817819125664171,8.549342632293701
