expl_var_class_0,expl_var_class_1,expl_var_class_2,expl_var_class_3,expl_var_class_4,expl_var_class_5,expl_var_mean,mae_class_0,mae_class_1,mae_class_2,mae_class_3,mae_class_4,mae_class_5,mae_mean,mse_class_0,mse_class_1,mse_class_2,mse_class_3,mse_class_4,mse_class_5,mse_mean,r2_class_0,r2_class_1,r2_class_2,r2_class_3,r2_class_4,r2_class_5,r2_mean,time
0.9171422878669337,0.9243804009719812,0.9050684288814793,0.8661418657201244,0.8534387700993435,0.8733681472241401,0.8899233167940004,0.05116913171566119,0.07059529837033957,0.06557927762836001,0.033993329649041955,0.020649628727241527,0.04533409958323734,0.047886794278980266,0.008311807624911197,0.010420370618089226,0.01197154407386923,0.005377466072742379,0.001791071514594335,0.005790461755099826,0.007277120276551033,0.9169354132556544,0.9229218424870207,0.9028353611235383,0.8635620965214195,0.8428474615915447,0.868859850789536,0.8863270042947856,9.329923629760742
