expl_var_class_0,expl_var_class_1,expl_var_class_2,expl_var_class_3,expl_var_class_4,expl_var_class_5,expl_var_mean,mae_class_0,mae_class_1,mae_class_2,mae_class_3,mae_class_4,mae_class_5,mae_mean,mse_class_0,mse_class_1,mse_class_2,mse_class_3,mse_class_4,mse_class_5,mse_mean,r2_class_0,r2_class_1,r2_class_2,r2_class_3,r2_class_4,r2_class_5,r2_mean,time
0.913019442003137,0.9079200465452503,0.8907847879824249,0.8562505861261799,0.8279304487277527,0.8594349143712184,0.8758900376259938,0.054970551006728874,0.07690126559547587,0.07089263565496375,0.035495854981438195,0.02211744745044152,0.04931128925085903,0.05161484065665121,0.008709115046929979,0.01277496191739005,0.013789971072274181,0.005782505219544559,0.002102095230394086,0.006462177966191019,0.008270137742120647,0.9129648958532135,0.9055052298061679,0.8880764627280602,0.8532853804494089,0.8155575594045672,0.8536470805692674,0.8715061014684474,12.5694739818573
