expl_var_class_0,expl_var_class_1,expl_var_class_2,expl_var_class_3,expl_var_class_4,expl_var_class_5,expl_var_mean,mae_class_0,mae_class_1,mae_class_2,mae_class_3,mae_class_4,mae_class_5,mae_mean,mse_class_0,mse_class_1,mse_class_2,mse_class_3,mse_class_4,mse_class_5,mse_mean,r2_class_0,r2_class_1,r2_class_2,r2_class_3,r2_class_4,r2_class_5,r2_mean,time
0.9073281147411596,0.9063781806779527,0.8929125132854717,0.8684828708455656,0.8554790079442359,0.8672586647446802,0.8829732253731777,0.057849664535924564,0.07917943026700852,0.07035905790282762,0.0344918901884461,0.020529924823879945,0.04580108547984645,0.051368508866322195,0.009273177789199671,0.01289684658308787,0.013523823027673715,0.0053029424726168915,0.0017554964697925695,0.006009033797263613,0.008126886689939055,0.907327898379392,0.9046036644199267,0.8902366000070706,0.8654529208656839,0.8459688939570514,0.863909715302094,0.8795832821552031,15.41765832901001
