expl_var_class_0,expl_var_class_1,expl_var_class_2,expl_var_class_3,expl_var_class_4,expl_var_class_5,expl_var_mean,mae_class_0,mae_class_1,mae_class_2,mae_class_3,mae_class_4,mae_class_5,mae_mean,mse_class_0,mse_class_1,mse_class_2,mse_class_3,mse_class_4,mse_class_5,mse_mean,r2_class_0,r2_class_1,r2_class_2,r2_class_3,r2_class_4,r2_class_5,r2_mean,time
0.9146281472930556,0.9081861291130741,0.9060942228194951,0.8796540986673251,0.8342585439770553,0.8615540020916483,0.8840625239936091,0.054800587973713906,0.0747194277766022,0.06504910996428777,0.03287915652007187,0.021334105727372727,0.0487988440983772,0.04959687201007095,0.008543841769256367,0.01286644884809484,0.011874373420345913,0.004848574449446315,0.0020236242361184086,0.0064355859169052945,0.0077654081066945236,0.914616565036304,0.9048285126035185,0.9036240272639063,0.8769812168419867,0.8224427763494926,0.8542493270668063,0.8794570708603358,7.586200952529907
