expl_var_class_0,expl_var_class_1,expl_var_class_2,expl_var_class_3,expl_var_class_4,expl_var_class_5,expl_var_mean,mae_class_0,mae_class_1,mae_class_2,mae_class_3,mae_class_4,mae_class_5,mae_mean,mse_class_0,mse_class_1,mse_class_2,mse_class_3,mse_class_4,mse_class_5,mse_mean,r2_class_0,r2_class_1,r2_class_2,r2_class_3,r2_class_4,r2_class_5,r2_mean,time
0.9033495950799705,0.9032768353050624,0.8894229999355185,0.8685134551995651,0.8436471194384021,0.8387466941127812,0.8744927831785501,0.05558952466254441,0.07871537218412528,0.07138611275312176,0.03565035396767643,0.02216152168250022,0.05337213063373389,0.052812502647283675,0.009707822613770017,0.013551278603443581,0.013912868767853737,0.005335205150868514,0.0019354393243591994,0.0075234172853339675,0.008661005290938169,0.9029842472311991,0.8997629139135148,0.8870789882054712,0.8646343471877266,0.8301803136947975,0.8296125409165627,0.8690422251915454,11.977565050125122
