expl_var_class_0,expl_var_class_1,expl_var_class_2,expl_var_class_3,expl_var_class_4,expl_var_class_5,expl_var_mean,mae_class_0,mae_class_1,mae_class_2,mae_class_3,mae_class_4,mae_class_5,mae_mean,mse_class_0,mse_class_1,mse_class_2,mse_class_3,mse_class_4,mse_class_5,mse_mean,r2_class_0,r2_class_1,r2_class_2,r2_class_3,r2_class_4,r2_class_5,r2_mean,time
0.9138583235702666,0.911056101174498,0.8993672225171985,0.8698401400267666,0.8658738395451897,0.8582518082366222,0.8863745725117568,0.052271675541095776,0.07607461578918075,0.0679330321485636,0.03429675404286205,0.019536610922687447,0.04918249116417146,0.04988252993476019,0.008671931132056429,0.01228092984770928,0.012666504164691483,0.005262858370612438,0.0016348680749329772,0.006574519266400301,0.007848601809400484,0.9133364957099344,0.9091595222568811,0.8971948567874529,0.8664699409205441,0.8565530935838408,0.8511028180397779,0.8823027878830719,9.398056507110596
