expl_var_class_0,expl_var_class_1,expl_var_class_2,expl_var_class_3,expl_var_class_4,expl_var_class_5,expl_var_mean,mae_class_0,mae_class_1,mae_class_2,mae_class_3,mae_class_4,mae_class_5,mae_mean,mse_class_0,mse_class_1,mse_class_2,mse_class_3,mse_class_4,mse_class_5,mse_mean,r2_class_0,r2_class_1,r2_class_2,r2_class_3,r2_class_4,r2_class_5,r2_mean,time
0.9053442992265234,0.9140462309762021,0.8938315300724907,0.8587052545975502,0.8479112351888716,0.8609889812980114,0.880137921893275,0.05721059617247405,0.07527015119734067,0.07028118098694702,0.03452780189707018,0.020024028240772228,0.04793074981092404,0.05087408471758803,0.009477018479940267,0.011852535639195094,0.013368153509251758,0.005663631565448952,0.001826558456380624,0.00636645073432461,0.008092391397423552,0.9052908032609603,0.9123282997880933,0.8915000604636509,0.8563014612436428,0.839733759577624,0.8558150740733104,0.8768282430678802,12.011121273040771
