expl_var_class_0,expl_var_class_1,expl_var_class_2,expl_var_class_3,expl_var_class_4,expl_var_class_5,expl_var_mean,mae_class_0,mae_class_1,mae_class_2,mae_class_3,mae_class_4,mae_class_5,mae_mean,mse_class_0,mse_class_1,mse_class_2,mse_class_3,mse_class_4,mse_class_5,mse_mean,r2_class_0,r2_class_1,r2_class_2,r2_class_3,r2_class_4,r2_class_5,r2_mean,time
0.9015879703148746,0.913249915283502,0.9009070225075012,0.8498034019587863,0.8687144345838032,0.866003463786263,0.8833777014057884,0.05777296797492197,0.07584457998315763,0.06801888777945345,0.03572205452280207,0.018608782665920517,0.04651813089621673,0.05041423397041206,0.009847977576655101,0.011991061982905808,0.012448908847861949,0.006021780057819579,0.0015693466059298576,0.006104737403224076,0.007997302079066062,0.9015835995505036,0.9113036380239813,0.8989609255794562,0.8472144621306679,0.8623020908126998,0.8617422568684759,0.8805178288276309,10.60777759552002
