expl_var_class_0,expl_var_class_1,expl_var_class_2,expl_var_class_3,expl_var_class_4,expl_var_class_5,expl_var_mean,mae_class_0,mae_class_1,mae_class_2,mae_class_3,mae_class_4,mae_class_5,mae_mean,mse_class_0,mse_class_1,mse_class_2,mse_class_3,mse_class_4,mse_class_5,mse_mean,r2_class_0,r2_class_1,r2_class_2,r2_class_3,r2_class_4,r2_class_5,r2_mean,time
0.9038635631883967,0.8983144672937228,0.8827968356543351,0.8722263920656723,0.8269276658271596,0.8463765357947263,0.8717509099706687,0.05637947176854769,0.08076905435280121,0.07352458058619347,0.035218838907868213,0.023608386900400655,0.05112461333970414,0.05343749097591923,0.009637768577740395,0.014158367077037319,0.01476931570265594,0.005180682251082518,0.0021554298404260004,0.007075436298874983,0.008829499957969526,0.9036843367682974,0.8952723576073177,0.8801278082554638,0.8685549261743793,0.8108778638797134,0.8397582418800378,0.8663792557608683,10.85253643989563
