expl_var_class_0,expl_var_class_1,expl_var_class_2,expl_var_class_3,expl_var_class_4,expl_var_class_5,expl_var_mean,mae_class_0,mae_class_1,mae_class_2,mae_class_3,mae_class_4,mae_class_5,mae_mean,mse_class_0,mse_class_1,mse_class_2,mse_class_3,mse_class_4,mse_class_5,mse_mean,r2_class_0,r2_class_1,r2_class_2,r2_class_3,r2_class_4,r2_class_5,r2_mean,time
0.913272824987964,0.9189889549220186,0.9008416960271501,0.8563542990837034,0.8628081863568459,0.8711818434913776,0.88724130081151,0.053860276181020336,0.07260407512106892,0.06798091761554777,0.03594726556994172,0.01971168609342924,0.04514801453663606,0.049208705852940675,0.008681840768266846,0.01121802576444918,0.012449747880882121,0.005795749811754253,0.0016601071955369728,0.005832657292294288,0.007606354785530609,0.9132374631199429,0.9170216887146163,0.8989541157360552,0.8529493366010472,0.854338557850457,0.8679042225032729,0.8840675640875651,13.856918334960938
