expl_var_class_0,expl_var_class_1,expl_var_class_2,expl_var_class_3,expl_var_class_4,expl_var_class_5,expl_var_mean,mae_class_0,mae_class_1,mae_class_2,mae_class_3,mae_class_4,mae_class_5,mae_mean,mse_class_0,mse_class_1,mse_class_2,mse_class_3,mse_class_4,mse_class_5,mse_mean,r2_class_0,r2_class_1,r2_class_2,r2_class_3,r2_class_4,r2_class_5,r2_mean,time
0.9170456644728667,0.9132312030979375,0.8862678987620014,0.8742107507308449,0.8317928095862915,0.8585506366256345,0.8801831605459293,0.05165290939647662,0.07653539636709375,0.07258706886175476,0.03298522601813059,0.021852315617799385,0.04894911192607548,0.05076033803122176,0.008321086061561195,0.01195024130012435,0.014306064688452056,0.005033977139420173,0.002052460678464612,0.006504563982746978,0.008028065641794894,0.9168426885992685,0.9116055834280876,0.8838876922960299,0.872277151027877,0.8199126037257595,0.8526871383797365,0.8762021429094599,12.447134494781494
