expl_var_class_0,expl_var_class_1,expl_var_class_2,expl_var_class_3,expl_var_class_4,expl_var_class_5,expl_var_mean,mae_class_0,mae_class_1,mae_class_2,mae_class_3,mae_class_4,mae_class_5,mae_mean,mse_class_0,mse_class_1,mse_class_2,mse_class_3,mse_class_4,mse_class_5,mse_mean,r2_class_0,r2_class_1,r2_class_2,r2_class_3,r2_class_4,r2_class_5,r2_mean,time
0.9136110295844755,0.91718559922754,0.8988271012467748,0.861418781416343,0.8598841188846076,0.8626905286034207,0.8856028598271934,0.055209539654581835,0.07326688532022231,0.06863749220884072,0.036074342345575064,0.019121323333874812,0.04640383600923018,0.04978556981205417,0.00864913925254525,0.011455919647405605,0.012717465108217417,0.005617653600081697,0.0016793753901777478,0.0062217809439374635,0.007723555657060864,0.9135642678310129,0.9152620178877402,0.8967812424997765,0.8574680213141409,0.8526479242416523,0.8590914998058364,0.8824691622633597,12.235545635223389
