expl_var_class_0,expl_var_class_1,expl_var_class_2,expl_var_class_3,expl_var_class_4,expl_var_class_5,expl_var_mean,mae_class_0,mae_class_1,mae_class_2,mae_class_3,mae_class_4,mae_class_5,mae_mean,mse_class_0,mse_class_1,mse_class_2,mse_class_3,mse_class_4,mse_class_5,mse_mean,r2_class_0,r2_class_1,r2_class_2,r2_class_3,r2_class_4,r2_class_5,r2_mean,time
0.9075556004144829,0.9117531530637842,0.8818373901349688,0.8584093752108006,0.8225931040269738,0.8543589425951519,0.8727512609076937,0.055376534614879305,0.07687341131928724,0.0738266340509918,0.034927664284430615,0.022839160530814372,0.05035640805632936,0.052366635476122116,0.009261910960288517,0.012198296676964697,0.01490366688365506,0.005668528298892319,0.0021748059850445933,0.006706102302176523,0.008485551851170286,0.9074404941623622,0.9097707493220097,0.8790373738132685,0.8561772205630196,0.8091777585033678,0.8481227760888813,0.8682877287421515,17.708860397338867
