expl_var_class_0,expl_var_class_1,expl_var_class_2,expl_var_class_3,expl_var_class_4,expl_var_class_5,expl_var_mean,mae_class_0,mae_class_1,mae_class_2,mae_class_3,mae_class_4,mae_class_5,mae_mean,mse_class_0,mse_class_1,mse_class_2,mse_class_3,mse_class_4,mse_class_5,mse_mean,r2_class_0,r2_class_1,r2_class_2,r2_class_3,r2_class_4,r2_class_5,r2_mean,time
0.91000792198389,0.910222337461204,0.8968201073549917,0.8689658921571811,0.8717872525313106,0.8718495306149782,0.8882755070172593,0.056483359304879195,0.07732487354501492,0.06947048664906015,0.03420328678349833,0.018584046297041405,0.045133440314328095,0.05019991548230368,0.009005026143711936,0.012359307801018996,0.012993846875707074,0.005271671319257446,0.0015357945331818305,0.005823194356753779,0.00783147350493851,0.9100076891809137,0.908579770494476,0.8945380452593481,0.8662463374202478,0.8652460231784668,0.8681185354253225,0.8854560668264626,11.457590579986572
