expl_var_class_0,expl_var_class_1,expl_var_class_2,expl_var_class_3,expl_var_class_4,expl_var_class_5,expl_var_mean,mae_class_0,mae_class_1,mae_class_2,mae_class_3,mae_class_4,mae_class_5,mae_mean,mse_class_0,mse_class_1,mse_class_2,mse_class_3,mse_class_4,mse_class_5,mse_mean,r2_class_0,r2_class_1,r2_class_2,r2_class_3,r2_class_4,r2_class_5,r2_mean,time
0.9199762031375307,0.9121541138561264,0.90408967010786,0.8674907867205548,0.8459185463472437,0.8611271128688188,0.8851260721730224,0.05182321974936799,0.0735183019616025,0.06600669397844863,0.03461509691304105,0.020329640376343522,0.04855363958650927,0.049141098760885495,0.008017439095962054,0.012263703814383199,0.012085445569083692,0.005360050496305827,0.0018680419926950845,0.0064180205297252515,0.007668783583025852,0.919877204176611,0.9092869410367589,0.9019109024587485,0.8640039672286878,0.836093903223003,0.8546471411951359,0.8809700098864908,8.597614765167236
