expl_var_class_0,expl_var_class_1,expl_var_class_2,expl_var_class_3,expl_var_class_4,expl_var_class_5,expl_var_mean,mae_class_0,mae_class_1,mae_class_2,mae_class_3,mae_class_4,mae_class_5,mae_mean,mse_class_0,mse_class_1,mse_class_2,mse_class_3,mse_class_4,mse_class_5,mse_mean,r2_class_0,r2_class_1,r2_class_2,r2_class_3,r2_class_4,r2_class_5,r2_mean,time
0.913744587390667,0.9119250314246229,0.9026306540200802,0.8640602466223414,0.8610074469805096,0.8691524198101888,0.8870867310414017,0.05526347521336119,0.0754897236331828,0.06658356798954804,0.034888344456971976,0.020732454432241088,0.045810927466616025,0.04979474886532018,0.008631148724527549,0.012230664927166035,0.012312660350302842,0.00548097169616519,0.001705492606995,0.00597015154270967,0.0077218483079777136,0.9137440573355996,0.9095313254877838,0.9000667592113673,0.8609359357856716,0.8503563424228633,0.8647903056383228,0.8832374543136013,11.178897619247437
