expl_var_class_0,expl_var_class_1,expl_var_class_2,expl_var_class_3,expl_var_class_4,expl_var_class_5,expl_var_mean,mae_class_0,mae_class_1,mae_class_2,mae_class_3,mae_class_4,mae_class_5,mae_mean,mse_class_0,mse_class_1,mse_class_2,mse_class_3,mse_class_4,mse_class_5,mse_mean,r2_class_0,r2_class_1,r2_class_2,r2_class_3,r2_class_4,r2_class_5,r2_mean,time
0.9155864252811173,0.9098708092008196,0.8924476302516494,0.8651290047906025,0.8432996810711166,0.8588112876470917,0.8808574730403995,0.05194275906979027,0.0755023727411031,0.07175303604938513,0.03559066718599128,0.02238085979988565,0.04908443591412526,0.05104235512671345,0.008498076149126729,0.012606251174783789,0.013411145083658968,0.005446863152338475,0.0019389995685649994,0.006506575108339271,0.008067985039468704,0.9150739267191915,0.9067531617338637,0.8911511279636967,0.8618013430513749,0.8298679300687186,0.8526415911813594,0.8762148467863674,17.301705360412598
