expl_var_class_0,expl_var_class_1,expl_var_class_2,expl_var_class_3,expl_var_class_4,expl_var_class_5,expl_var_mean,mae_class_0,mae_class_1,mae_class_2,mae_class_3,mae_class_4,mae_class_5,mae_mean,mse_class_0,mse_class_1,mse_class_2,mse_class_3,mse_class_4,mse_class_5,mse_mean,r2_class_0,r2_class_1,r2_class_2,r2_class_3,r2_class_4,r2_class_5,r2_mean,time
0.9026734253871912,0.9136652502239259,0.8968821558182712,0.8338682153278958,0.8595083555142987,0.8611227641449903,0.8779533610694289,0.0566208604460069,0.0759455558406285,0.06941205385565444,0.037356173212141554,0.019587456523174424,0.04801585089889107,0.05115632512941615,0.009749016595636994,0.01192415174194828,0.012963197459885025,0.0066630850551456025,0.001687198422395322,0.006360669997647916,0.008224553212109856,0.9025725725107834,0.9117985645751352,0.8947868051020006,0.8309431722439653,0.8519615142568888,0.8559459939726881,0.8746681037769103,12.399803161621094
