expl_var_class_0,expl_var_class_1,expl_var_class_2,expl_var_class_3,expl_var_class_4,expl_var_class_5,expl_var_mean,mae_class_0,mae_class_1,mae_class_2,mae_class_3,mae_class_4,mae_class_5,mae_mean,mse_class_0,mse_class_1,mse_class_2,mse_class_3,mse_class_4,mse_class_5,mse_mean,r2_class_0,r2_class_1,r2_class_2,r2_class_3,r2_class_4,r2_class_5,r2_mean,time
0.9203426469849234,0.9136417424346945,0.8905357487243547,0.8730466813776432,0.8625780851844813,0.8620415851078669,0.8870310816356607,0.05122803702152925,0.0753981264260498,0.07175198422470834,0.034178945765793785,0.019768765606723176,0.04836984494996143,0.0501159506657943,0.00799781008304781,0.011903079951890268,0.01375126015105525,0.00512375354307445,0.0016612995097375154,0.006342434396743815,0.007796606272591516,0.920073367985917,0.9119544299289406,0.8883906521640764,0.8699993301861009,0.8542339415904869,0.8563589868434898,0.8835017847831687,14.058947563171387
