expl_var_class_0,expl_var_class_1,expl_var_class_2,expl_var_class_3,expl_var_class_4,expl_var_class_5,expl_var_mean,mae_class_0,mae_class_1,mae_class_2,mae_class_3,mae_class_4,mae_class_5,mae_mean,mse_class_0,mse_class_1,mse_class_2,mse_class_3,mse_class_4,mse_class_5,mse_mean,r2_class_0,r2_class_1,r2_class_2,r2_class_3,r2_class_4,r2_class_5,r2_mean,time
0.9097873727508295,0.9028450205351946,0.8916061835544519,0.8697066055905389,0.8510599082322774,0.8719694211466478,0.8828290853016568,0.05731013877280033,0.08077437907830534,0.07212777191018648,0.03440338351315804,0.0211542651104823,0.044496897348737456,0.05171113928894499,0.00902714593467495,0.013379460742631794,0.01361372963492645,0.005241278293139514,0.001817008245135436,0.0057578219025602355,0.00813940745884473,0.9097866336201825,0.9010338287998054,0.8895068910428453,0.867017473994204,0.8405717160340183,0.8695990656075044,0.87958593484976,18.51781725883484
