expl_var_class_0,expl_var_class_1,expl_var_class_2,expl_var_class_3,expl_var_class_4,expl_var_class_5,expl_var_mean,mae_class_0,mae_class_1,mae_class_2,mae_class_3,mae_class_4,mae_class_5,mae_mean,mse_class_0,mse_class_1,mse_class_2,mse_class_3,mse_class_4,mse_class_5,mse_mean,r2_class_0,r2_class_1,r2_class_2,r2_class_3,r2_class_4,r2_class_5,r2_mean,time
0.9152400072991593,0.9256367683602424,0.9104933765801799,0.879033950701,0.8950855970417666,0.8822583060345317,0.9012913343361465,0.05252282736213561,0.06971583519311338,0.06500370610142041,0.031565605111215145,0.015846339863145695,0.042265535349402715,0.04615330816340549,0.00848344168208412,0.010218898979650367,0.011195000987153203,0.00483381981047759,0.0012408729268629144,0.0053512539861924925,0.006887214728736782,0.9152201772115002,0.9244121025987898,0.9091380174999593,0.8773555738309932,0.8911230910045465,0.8788068592985162,0.8993426369073841,7.463491439819336
