expl_var_class_0,expl_var_class_1,expl_var_class_2,expl_var_class_3,expl_var_class_4,expl_var_class_5,expl_var_mean,mae_class_0,mae_class_1,mae_class_2,mae_class_3,mae_class_4,mae_class_5,mae_mean,mse_class_0,mse_class_1,mse_class_2,mse_class_3,mse_class_4,mse_class_5,mse_mean,r2_class_0,r2_class_1,r2_class_2,r2_class_3,r2_class_4,r2_class_5,r2_mean,time
0.9126648434563703,0.9037050752232725,0.8955321702315082,0.8647263162847495,0.8601070887609461,0.8638762363875645,0.8834352883907352,0.055680764020874435,0.07837227766993243,0.07021632837182935,0.03516061098786419,0.020201800796867894,0.04707794865945992,0.0511182884178047,0.008739726972022415,0.013398438021592091,0.01313854720810764,0.005480785426541397,0.0016988952238946948,0.006211287928342949,0.00811128013008353,0.9126589736011596,0.900893456278474,0.8933636140033421,0.8609406618474651,0.8509352112690359,0.8593291415844944,0.8796868430973285,13.359681606292725
