expl_var_class_0,expl_var_class_1,expl_var_class_2,expl_var_class_3,expl_var_class_4,expl_var_class_5,expl_var_mean,mae_class_0,mae_class_1,mae_class_2,mae_class_3,mae_class_4,mae_class_5,mae_mean,mse_class_0,mse_class_1,mse_class_2,mse_class_3,mse_class_4,mse_class_5,mse_mean,r2_class_0,r2_class_1,r2_class_2,r2_class_3,r2_class_4,r2_class_5,r2_mean,time
0.9188599153191973,0.9021225247329363,0.8868388508079206,0.8757975054184175,0.8573547676800324,0.8594273473283185,0.8834001518811371,0.05215996121913771,0.07961394003773366,0.07322721331258432,0.03458526659241739,0.020141991089592078,0.048463689046325975,0.051365343549631855,0.008140943360464165,0.013566291567546952,0.01413104458947042,0.005017504055027247,0.0017320777935117759,0.006440978283437709,0.008171473274909712,0.918642956326446,0.8996518649254983,0.8853082078626721,0.8726951086807925,0.8480236999174522,0.8541272028249813,0.8797415067563069,20.233745336532593
