expl_var_class_0,expl_var_class_1,expl_var_class_2,expl_var_class_3,expl_var_class_4,expl_var_class_5,expl_var_mean,mae_class_0,mae_class_1,mae_class_2,mae_class_3,mae_class_4,mae_class_5,mae_mean,mse_class_0,mse_class_1,mse_class_2,mse_class_3,mse_class_4,mse_class_5,mse_mean,r2_class_0,r2_class_1,r2_class_2,r2_class_3,r2_class_4,r2_class_5,r2_mean,time
0.9139463252261176,0.922448872164286,0.9065077172760357,0.8578913097816878,0.8703901845968771,0.8814456561678184,0.8921050108688037,0.053591722302278495,0.07150494193955911,0.06653985634072547,0.034850618163174245,0.01869545439387092,0.04312726883400024,0.04805164366226808,0.00861314209820024,0.010736419030707604,0.011706308320067594,0.005701006864748786,0.0015571309622946427,0.005381423901369589,0.007282571862898077,0.913924007719684,0.9205840725340751,0.9049880939770651,0.8553531693512584,0.8633739181461839,0.87812358267131,0.8893911407332628,12.369664430618286
