expl_var_class_0,expl_var_class_1,expl_var_class_2,expl_var_class_3,expl_var_class_4,expl_var_class_5,expl_var_mean,mae_class_0,mae_class_1,mae_class_2,mae_class_3,mae_class_4,mae_class_5,mae_mean,mse_class_0,mse_class_1,mse_class_2,mse_class_3,mse_class_4,mse_class_5,mse_mean,r2_class_0,r2_class_1,r2_class_2,r2_class_3,r2_class_4,r2_class_5,r2_mean,time
0.9273411528980345,0.9297177263414662,0.9181117026631425,0.8891831248456867,0.8891574562693736,0.881906847647025,0.9059030017774549,0.050091187899282304,0.06689351483355005,0.059741017051779394,0.0315419275260778,0.016850387606772703,0.04191642549853524,0.04450574340266625,0.007271239503476081,0.009730424291870455,0.010381324175653973,0.004502728207279162,0.0013278451018387224,0.0053520488611120765,0.006427601690205078,0.9273343980357276,0.9280252878016696,0.9157420623135304,0.8857560813541802,0.8834919618413716,0.8787888572772671,0.9031897747706243,5.986311435699463
