expl_var_class_0,expl_var_class_1,expl_var_class_2,expl_var_class_3,expl_var_class_4,expl_var_class_5,expl_var_mean,mae_class_0,mae_class_1,mae_class_2,mae_class_3,mae_class_4,mae_class_5,mae_mean,mse_class_0,mse_class_1,mse_class_2,mse_class_3,mse_class_4,mse_class_5,mse_mean,r2_class_0,r2_class_1,r2_class_2,r2_class_3,r2_class_4,r2_class_5,r2_mean,time
0.9200720860185445,0.9219522604689532,0.9052528116075492,0.8815151398933584,0.8850091894040739,0.8875557236762758,0.9002262018447925,0.05324791215706238,0.07119026575733821,0.06483399931153835,0.032289903972890825,0.017979030661648996,0.0418366081124157,0.046896286662149074,0.007998473242995626,0.010745610008398831,0.012036394893524694,0.00479558449766985,0.00139482442070657,0.00510550648578775,0.007012732258180554,0.9200667406541143,0.920516088039843,0.9023090124392096,0.878325686119526,0.8776150496716554,0.8843724541049741,0.8972008385048871,7.712036609649658
