expl_var_class_0,expl_var_class_1,expl_var_class_2,expl_var_class_3,expl_var_class_4,expl_var_class_5,expl_var_mean,mae_class_0,mae_class_1,mae_class_2,mae_class_3,mae_class_4,mae_class_5,mae_mean,mse_class_0,mse_class_1,mse_class_2,mse_class_3,mse_class_4,mse_class_5,mse_mean,r2_class_0,r2_class_1,r2_class_2,r2_class_3,r2_class_4,r2_class_5,r2_mean,time
0.9185001725682769,0.913293200006854,0.9004749874860307,0.8774143487585488,0.8561491055519799,0.8718764035350255,0.889618036317786,0.05190060433716469,0.07490381875817667,0.0695664029442877,0.0324268733465225,0.019657517731210758,0.045127473250129266,0.04893044839458193,0.008159716566469624,0.011987553037645085,0.012439905990191475,0.004900841884206872,0.0017325660867753142,0.005846605496123759,0.007511198176902021,0.9184553450787991,0.9113295932462496,0.8990339954699407,0.8756550793782691,0.8479808559968005,0.8675883289512945,0.8866738663535588,8.057862997055054
