expl_var_class_0,expl_var_class_1,expl_var_class_2,expl_var_class_3,expl_var_class_4,expl_var_class_5,expl_var_mean,mae_class_0,mae_class_1,mae_class_2,mae_class_3,mae_class_4,mae_class_5,mae_mean,mse_class_0,mse_class_1,mse_class_2,mse_class_3,mse_class_4,mse_class_5,mse_mean,r2_class_0,r2_class_1,r2_class_2,r2_class_3,r2_class_4,r2_class_5,r2_mean,time
0.9089679790635283,0.9062436129881346,0.8887777375878727,0.8453744266825068,0.8516631143500251,0.8529283432703922,0.8756592023237433,0.055057668056770384,0.07754043965742771,0.07081575225494666,0.03664450260415969,0.02054131753332391,0.050015033979723726,0.05176911901439202,0.009127094140082137,0.012958348514516545,0.014047810737389275,0.00624502047438268,0.0018084796320080017,0.0067659919339888575,0.008492124238727918,0.90878779476916,0.9041487424472109,0.8859837587464895,0.8415503716472441,0.8413200352335358,0.8467664187577735,0.871426186933569,10.480119466781616
