expl_var_class_0,expl_var_class_1,expl_var_class_2,expl_var_class_3,expl_var_class_4,expl_var_class_5,expl_var_mean,mae_class_0,mae_class_1,mae_class_2,mae_class_3,mae_class_4,mae_class_5,mae_mean,mse_class_0,mse_class_1,mse_class_2,mse_class_3,mse_class_4,mse_class_5,mse_mean,r2_class_0,r2_class_1,r2_class_2,r2_class_3,r2_class_4,r2_class_5,r2_mean,time
0.9107882771116442,0.904475515881822,0.8915434912955529,0.8749675559534309,0.8307598829072391,0.8608815308904738,0.8789027090066939,0.054692980927036186,0.07826013280698507,0.0713499598295436,0.03240372333016539,0.022327525602104756,0.048106097428154006,0.051190069987331506,0.008927895008584158,0.013261539659335646,0.013638697939232761,0.004992752526610107,0.002078762116039111,0.006396878790574565,0.008216087673396058,0.9107785041652872,0.9019060760706101,0.889304240803552,0.8733231082998404,0.8176048579741554,0.8551259511664387,0.8746737897466473,9.872638463973999
