expl_var_class_0,expl_var_class_1,expl_var_class_2,expl_var_class_3,expl_var_class_4,expl_var_class_5,expl_var_mean,mae_class_0,mae_class_1,mae_class_2,mae_class_3,mae_class_4,mae_class_5,mae_mean,mse_class_0,mse_class_1,mse_class_2,mse_class_3,mse_class_4,mse_class_5,mse_mean,r2_class_0,r2_class_1,r2_class_2,r2_class_3,r2_class_4,r2_class_5,r2_mean,time
0.9053677747706865,0.9164857899076467,0.8961541050809296,0.8459268093856119,0.8638967903050079,0.8656226477927977,0.8822423195404469,0.056081875263505325,0.07491592703251106,0.06941303520416425,0.03509077905168594,0.019204287760745804,0.047525336495404226,0.050371873468002766,0.009471902564044723,0.011517484123770204,0.013074732787554257,0.006152214292243279,0.0016335450019494021,0.006170732452500692,0.008003435203677094,0.9053419294971365,0.9148066332780798,0.8938815509620102,0.8439050644987964,0.8566691829058886,0.8602476263924754,0.8791419979223978,11.250637292861938
