expl_var_class_0,expl_var_class_1,expl_var_class_2,expl_var_class_3,expl_var_class_4,expl_var_class_5,expl_var_mean,mae_class_0,mae_class_1,mae_class_2,mae_class_3,mae_class_4,mae_class_5,mae_mean,mse_class_0,mse_class_1,mse_class_2,mse_class_3,mse_class_4,mse_class_5,mse_mean,r2_class_0,r2_class_1,r2_class_2,r2_class_3,r2_class_4,r2_class_5,r2_mean,time
0.9113733119150309,0.9104230845505448,0.8920276596681677,0.8547618728032518,0.8287958342633603,0.8512113264610023,0.8747655149435597,0.055285585715384826,0.07561042693948512,0.07019841509842915,0.03606710707099175,0.022451915850586573,0.050472079329705676,0.05168092166743052,0.008874007000566089,0.01246480885198034,0.013667306162342468,0.00585932342538303,0.0021012507886942985,0.006839384905696961,0.008301013522443864,0.9113170374565391,0.907799392624838,0.8890720478925791,0.8513363370130007,0.8156316525692333,0.8451042429818394,0.8700434517563381,15.610772371292114
