expl_var_class_0,expl_var_class_1,expl_var_class_2,expl_var_class_3,expl_var_class_4,expl_var_class_5,expl_var_mean,mae_class_0,mae_class_1,mae_class_2,mae_class_3,mae_class_4,mae_class_5,mae_mean,mse_class_0,mse_class_1,mse_class_2,mse_class_3,mse_class_4,mse_class_5,mse_mean,r2_class_0,r2_class_1,r2_class_2,r2_class_3,r2_class_4,r2_class_5,r2_mean,time
0.9177044751836672,0.9133175884791634,0.9032635503611889,0.86587399270034,0.8530797406826703,0.8512692387243956,0.8840847643552374,0.05348026550842814,0.07527373522148516,0.0671806789109241,0.03539455745404162,0.01994404422166392,0.04965928771270775,0.05015542817154178,0.008240064069577384,0.012076543354744734,0.012170102843988187,0.005420602022758122,0.0017615044628826015,0.006827455378850337,0.007749378688800229,0.9176523871131235,0.910671343177233,0.9012237986487801,0.8624676445053412,0.8454417394815625,0.845374418314454,0.8804718885400823,17.775895595550537
