expl_var_class_0,expl_var_class_1,expl_var_class_2,expl_var_class_3,expl_var_class_4,expl_var_class_5,expl_var_mean,mae_class_0,mae_class_1,mae_class_2,mae_class_3,mae_class_4,mae_class_5,mae_mean,mse_class_0,mse_class_1,mse_class_2,mse_class_3,mse_class_4,mse_class_5,mse_mean,r2_class_0,r2_class_1,r2_class_2,r2_class_3,r2_class_4,r2_class_5,r2_mean,time
0.9212963248445784,0.9186603216465437,0.9070638014946383,0.8709668089749443,0.8769488016334753,0.878522988497141,0.8955765078485536,0.05123837015247514,0.07098688550831345,0.0646477018497011,0.034007867578287575,0.018768131154639454,0.04420718234619122,0.04730935643160133,0.007881058589924387,0.01135075313336237,0.011711728225111663,0.005231400140550923,0.00150048055463493,0.0056002433422860905,0.0072126106643117275,0.9212401315788348,0.9160399212302992,0.9049441044036983,0.8672681040142167,0.8683445490188513,0.8731678441921349,0.891834109073006,5.744961500167847
