expl_var_class_0,expl_var_class_1,expl_var_class_2,expl_var_class_3,expl_var_class_4,expl_var_class_5,expl_var_mean,mae_class_0,mae_class_1,mae_class_2,mae_class_3,mae_class_4,mae_class_5,mae_mean,mse_class_0,mse_class_1,mse_class_2,mse_class_3,mse_class_4,mse_class_5,mse_mean,r2_class_0,r2_class_1,r2_class_2,r2_class_3,r2_class_4,r2_class_5,r2_mean,time
0.9125010254433608,0.915371165102648,0.89620557321226,0.8709475687003156,0.856031428212584,0.873280626102746,0.8873895644623192,0.05587865218698736,0.07430984219963298,0.06952626687848647,0.03538161264324341,0.02039035775745472,0.044618734102255274,0.05001757762801003,0.008756942606596632,0.011670465087059864,0.013053942023681837,0.005236310125316133,0.00174759479667158,0.005696225896040671,0.007693580089227787,0.9124869280442865,0.9136750525294586,0.894050295031377,0.8671435271189998,0.8466622040669599,0.8709940682562363,0.8841686791745532,15.724330186843872
