expl_var_class_0,expl_var_class_1,expl_var_class_2,expl_var_class_3,expl_var_class_4,expl_var_class_5,expl_var_mean,mae_class_0,mae_class_1,mae_class_2,mae_class_3,mae_class_4,mae_class_5,mae_mean,mse_class_0,mse_class_1,mse_class_2,mse_class_3,mse_class_4,mse_class_5,mse_mean,r2_class_0,r2_class_1,r2_class_2,r2_class_3,r2_class_4,r2_class_5,r2_mean,time
0.9032048120653808,0.9024930500836353,0.8907411982965593,0.8729166253460741,0.8414798682884836,0.8468259230840632,0.8762769128606994,0.05588104907254129,0.07854027003568453,0.07170762232626737,0.03489836053101751,0.023154019894219755,0.050763060684674795,0.052490730424067544,0.00971382487863588,0.013632671358982072,0.013691778521885713,0.0051391934107533664,0.0019829177210278033,0.007052246367987533,0.008535438709878728,0.9029242632092976,0.899160862042066,0.8888734228895885,0.8696075874679503,0.8260144551597045,0.8402834385094917,0.8711440048796831,13.751729011535645
