expl_var_class_0,expl_var_class_1,expl_var_class_2,expl_var_class_3,expl_var_class_4,expl_var_class_5,expl_var_mean,mae_class_0,mae_class_1,mae_class_2,mae_class_3,mae_class_4,mae_class_5,mae_mean,mse_class_0,mse_class_1,mse_class_2,mse_class_3,mse_class_4,mse_class_5,mse_mean,r2_class_0,r2_class_1,r2_class_2,r2_class_3,r2_class_4,r2_class_5,r2_mean,time
0.9086006781024224,0.9069569609294589,0.8867094007658755,0.8711816562717094,0.8452313034008583,0.8582848241666932,0.8794941372728363,0.054428634954223704,0.0779374182973369,0.07239204994733266,0.03406782481861012,0.021638570320471697,0.049621444946338654,0.05168099054738562,0.009177903475792254,0.012879806851242627,0.01421091279477173,0.005197491015763273,0.001892047961206288,0.006533538316726457,0.00831528340258377,0.9082800283886117,0.9047297051514211,0.8846599735766076,0.8681284515891223,0.8339875669557191,0.8520309388153415,0.8753027774128039,16.30861496925354
