expl_var_class_0,expl_var_class_1,expl_var_class_2,expl_var_class_3,expl_var_class_4,expl_var_class_5,expl_var_mean,mae_class_0,mae_class_1,mae_class_2,mae_class_3,mae_class_4,mae_class_5,mae_mean,mse_class_0,mse_class_1,mse_class_2,mse_class_3,mse_class_4,mse_class_5,mse_mean,r2_class_0,r2_class_1,r2_class_2,r2_class_3,r2_class_4,r2_class_5,r2_mean,time
0.9163707707676184,0.9028321179826442,0.8964448040609593,0.8655736323383487,0.8644044802948905,0.8558925852479985,0.8835863984487432,0.053785003868722016,0.07707482987977542,0.0702445111461031,0.03562943802064203,0.02001917110942155,0.04950255367522034,0.05104258461664741,0.008382905307518194,0.013628940001328294,0.012964938948958407,0.005469573783525057,0.0016469325027082724,0.006658865428893248,0.008125359328821913,0.9162248939690276,0.8991884624205474,0.8947726706548584,0.8612251253934935,0.855494534261176,0.8491925786145864,0.8793497108856151,12.074599504470825
