expl_var_class_0,expl_var_class_1,expl_var_class_2,expl_var_class_3,expl_var_class_4,expl_var_class_5,expl_var_mean,mae_class_0,mae_class_1,mae_class_2,mae_class_3,mae_class_4,mae_class_5,mae_mean,mse_class_0,mse_class_1,mse_class_2,mse_class_3,mse_class_4,mse_class_5,mse_mean,r2_class_0,r2_class_1,r2_class_2,r2_class_3,r2_class_4,r2_class_5,r2_mean,time
0.9249326227423197,0.9110328185330265,0.8940601348573818,0.879555472284046,0.8608716985772944,0.8758534774140654,0.8910510374013555,0.04894524313645528,0.07489256739242106,0.07018718542949698,0.03315806558297802,0.02056557588541859,0.04557626074720027,0.04888748302899503,0.007544958642725045,0.01235252600701291,0.013255021624122626,0.004879468400867273,0.0017209795783909934,0.005703283404026082,0.007576039609524154,0.9245989681254407,0.9086299345630855,0.8924182727423811,0.8761973707135265,0.8489974816251186,0.8708342325316594,0.8869460433835353,7.974049091339111
