expl_var_class_0,expl_var_class_1,expl_var_class_2,expl_var_class_3,expl_var_class_4,expl_var_class_5,expl_var_mean,mae_class_0,mae_class_1,mae_class_2,mae_class_3,mae_class_4,mae_class_5,mae_mean,mse_class_0,mse_class_1,mse_class_2,mse_class_3,mse_class_4,mse_class_5,mse_mean,r2_class_0,r2_class_1,r2_class_2,r2_class_3,r2_class_4,r2_class_5,r2_mean,time
0.9073626433407798,0.9056622081510951,0.888426669339886,0.8598731371854949,0.8504561856600744,0.8631171681023087,0.8791496686299398,0.056403879345568196,0.07809724931020619,0.07180267577064463,0.03533753573310718,0.021077609854505634,0.04826531061848008,0.051830710105418655,0.00927290554318536,0.013148719203591234,0.013997378471120241,0.005660007643108969,0.0018196602326847305,0.006270353965326523,0.008361504176502844,0.907330619087533,0.9027405946474694,0.8863930821311352,0.8563934079634823,0.840339024836708,0.857991436712085,0.8751980275630689,16.13859987258911
