expl_var_class_0,expl_var_class_1,expl_var_class_2,expl_var_class_3,expl_var_class_4,expl_var_class_5,expl_var_mean,mae_class_0,mae_class_1,mae_class_2,mae_class_3,mae_class_4,mae_class_5,mae_mean,mse_class_0,mse_class_1,mse_class_2,mse_class_3,mse_class_4,mse_class_5,mse_mean,r2_class_0,r2_class_1,r2_class_2,r2_class_3,r2_class_4,r2_class_5,r2_mean,time
0.9046372387148088,0.9027748423038735,0.8901615244611719,0.8525042931290832,0.8501490465905981,0.8619965080750691,0.8770372422124341,0.05714772004991179,0.07974822798119913,0.07184987642732824,0.03622976355826603,0.020972061715069962,0.04735548987062375,0.052217189933733144,0.009546018416198739,0.013475726004435007,0.01377964325285839,0.005948880802144506,0.0018296473128185874,0.006265931867411995,0.008474307942644537,0.9046012479380583,0.9003217668891268,0.8881602864050834,0.8490640733555294,0.8394627365469689,0.8580915866836868,0.8732836163030756,13.478449821472168
