expl_var_class_0,expl_var_class_1,expl_var_class_2,expl_var_class_3,expl_var_class_4,expl_var_class_5,expl_var_mean,mae_class_0,mae_class_1,mae_class_2,mae_class_3,mae_class_4,mae_class_5,mae_mean,mse_class_0,mse_class_1,mse_class_2,mse_class_3,mse_class_4,mse_class_5,mse_mean,r2_class_0,r2_class_1,r2_class_2,r2_class_3,r2_class_4,r2_class_5,r2_mean,time
0.9195823612810898,0.9200713667406428,0.9080033276617574,0.8633452864444431,0.874390558976946,0.8825130159131428,0.8946509861696703,0.0521727204154871,0.07149165884498643,0.06475062831689025,0.03463369434717915,0.018591762840791025,0.04347901970997109,0.04751991407921752,0.008053948908998153,0.011031306617455012,0.01162346453247168,0.005525784580320296,0.001518962965661227,0.0053694629952897735,0.007187155100032691,0.9195123410001742,0.9184028265215309,0.9056604789806408,0.8597989363364436,0.8667228617858047,0.8783944686687208,0.8914153188822191,7.603073596954346
