expl_var_class_0,expl_var_class_1,expl_var_class_2,expl_var_class_3,expl_var_class_4,expl_var_class_5,expl_var_mean,mae_class_0,mae_class_1,mae_class_2,mae_class_3,mae_class_4,mae_class_5,mae_mean,mse_class_0,mse_class_1,mse_class_2,mse_class_3,mse_class_4,mse_class_5,mse_mean,r2_class_0,r2_class_1,r2_class_2,r2_class_3,r2_class_4,r2_class_5,r2_mean,time
0.9140489025710667,0.9106032191297169,0.892012092241687,0.8741605564387741,0.8590388013311122,0.8625955709071051,0.8854098571032437,0.054804292910107556,0.07616664766024998,0.07078920259760986,0.033957480719747524,0.01959580849520013,0.0469143528406972,0.05037129753726871,0.008601060709926002,0.012325014891721896,0.01360656046568424,0.005077728644234788,0.001694812153670948,0.006241810913696134,0.007924497963155667,0.9140447438542992,0.9088334307874978,0.8895650781685966,0.8711670810599422,0.8512934687952896,0.8586378687598288,0.8822569452375756,12.31032109260559
