expl_var_class_0,expl_var_class_1,expl_var_class_2,expl_var_class_3,expl_var_class_4,expl_var_class_5,expl_var_mean,mae_class_0,mae_class_1,mae_class_2,mae_class_3,mae_class_4,mae_class_5,mae_mean,mse_class_0,mse_class_1,mse_class_2,mse_class_3,mse_class_4,mse_class_5,mse_mean,r2_class_0,r2_class_1,r2_class_2,r2_class_3,r2_class_4,r2_class_5,r2_mean,time
0.9054718818304539,0.9086209445840019,0.8934744655340141,0.8490627779662585,0.8491183774536111,0.861197625486476,0.8778243454758026,0.05685624509201299,0.07790928586075858,0.070526724160567,0.03665008501277622,0.0215132424126703,0.04755804668310815,0.05183560487031554,0.009465418114980122,0.01266319316719073,0.01339328888030148,0.006084955955259213,0.0018540609131701912,0.006304847019499938,0.00829429400840028,0.9054067322579946,0.9063319690507334,0.8912960542606079,0.8456115534594756,0.8373206337690052,0.8572102512967695,0.873862865682431,19.183279991149902
