expl_var_class_0,expl_var_class_1,expl_var_class_2,expl_var_class_3,expl_var_class_4,expl_var_class_5,expl_var_mean,mae_class_0,mae_class_1,mae_class_2,mae_class_3,mae_class_4,mae_class_5,mae_mean,mse_class_0,mse_class_1,mse_class_2,mse_class_3,mse_class_4,mse_class_5,mse_mean,r2_class_0,r2_class_1,r2_class_2,r2_class_3,r2_class_4,r2_class_5,r2_mean,time
0.9206689703450137,0.9150722876918093,0.8986245016556634,0.8793537602908968,0.8700850136746788,0.8750771824103026,0.893146952678061,0.04975853408526171,0.07363271221567988,0.06849206028373764,0.034021545647669495,0.019212877392105525,0.04524615173599461,0.04839398022674148,0.00798183455547933,0.011737403214230568,0.012696189477514391,0.004901524670281124,0.0015861208880350933,0.005728341930923565,0.007438569122744012,0.9202330204532722,0.913179919707529,0.8969539218936269,0.8756377556240631,0.8608302785532019,0.870266716658951,0.8895169354817739,6.974473714828491
