expl_var_class_0,expl_var_class_1,expl_var_class_2,expl_var_class_3,expl_var_class_4,expl_var_class_5,expl_var_mean,mae_class_0,mae_class_1,mae_class_2,mae_class_3,mae_class_4,mae_class_5,mae_mean,mse_class_0,mse_class_1,mse_class_2,mse_class_3,mse_class_4,mse_class_5,mse_mean,r2_class_0,r2_class_1,r2_class_2,r2_class_3,r2_class_4,r2_class_5,r2_mean,time
0.9148673930594602,0.9126134063645432,0.8904160924427496,0.8443353158589307,0.8585692784532528,0.8567396811952204,0.8795901945623594,0.05367134327891597,0.07509797668907524,0.07010823418575535,0.03790813978246052,0.020283201597444175,0.049109167365038925,0.0510296771497817,0.008528331396133078,0.012107321406408385,0.01388179930885587,0.006315896939632736,0.001711994195623604,0.006590463941772226,0.008189301198070983,0.9147715689526452,0.9104436818395493,0.887331157244401,0.8397520829748698,0.8497858787934955,0.850741709168703,0.8754710131622773,17.10335350036621
