expl_var_class_0,expl_var_class_1,expl_var_class_2,expl_var_class_3,expl_var_class_4,expl_var_class_5,expl_var_mean,mae_class_0,mae_class_1,mae_class_2,mae_class_3,mae_class_4,mae_class_5,mae_mean,mse_class_0,mse_class_1,mse_class_2,mse_class_3,mse_class_4,mse_class_5,mse_mean,r2_class_0,r2_class_1,r2_class_2,r2_class_3,r2_class_4,r2_class_5,r2_mean,time
0.9029194085108864,0.9189419056369319,0.9118664149316358,0.8551386154574289,0.8815341655582841,0.8851266806368216,0.8925878651219982,0.05642724643736979,0.07220190299057165,0.0640758329257711,0.03464939022157782,0.01780363368535891,0.04262031278912215,0.047963053174961905,0.009715170892655346,0.011221381718849979,0.011065105925854506,0.005802182206194155,0.0014215427518907615,0.005206124005984787,0.007405251250238255,0.9029108117311927,0.9169968651463009,0.9101922847394269,0.8527861328913713,0.875270724761444,0.8820937072329815,0.8900417544171195,7.7525715827941895
