expl_var_class_0,expl_var_class_1,expl_var_class_2,expl_var_class_3,expl_var_class_4,expl_var_class_5,expl_var_mean,mae_class_0,mae_class_1,mae_class_2,mae_class_3,mae_class_4,mae_class_5,mae_mean,mse_class_0,mse_class_1,mse_class_2,mse_class_3,mse_class_4,mse_class_5,mse_mean,r2_class_0,r2_class_1,r2_class_2,r2_class_3,r2_class_4,r2_class_5,r2_mean,time
0.9036846156056552,0.9197588799259743,0.8994877400849759,0.8594334405986096,0.8575510477397177,0.8584088950372517,0.8830541031653641,0.056992727349752886,0.07172227465627079,0.06830044204425521,0.03579053821062135,0.01971489376859038,0.04655639967786076,0.049846212617891884,0.009642302659915813,0.01110827480512374,0.012632581080921017,0.005670025624200812,0.0017219304825527965,0.00641371874503213,0.007864805566291053,0.9036390251250108,0.917833502616456,0.897470186700102,0.8561392301929915,0.8489140472108069,0.854744566359205,0.8797900930340954,9.560410976409912
