expl_var_class_0,expl_var_class_1,expl_var_class_2,expl_var_class_3,expl_var_class_4,expl_var_class_5,expl_var_mean,mae_class_0,mae_class_1,mae_class_2,mae_class_3,mae_class_4,mae_class_5,mae_mean,mse_class_0,mse_class_1,mse_class_2,mse_class_3,mse_class_4,mse_class_5,mse_mean,r2_class_0,r2_class_1,r2_class_2,r2_class_3,r2_class_4,r2_class_5,r2_mean,time
0.9041323254724519,0.9094059995236562,0.8908389865999717,0.8568287510962236,0.8357851297192933,0.8575572359621686,0.8757580713956276,0.05759087902985132,0.07763668917885114,0.0711484620982695,0.03504572160541055,0.021969066116977402,0.04794458385200176,0.05188923364689361,0.009594284615975118,0.012506219060590715,0.013780203734596387,0.005745366751140256,0.0020089064885765325,0.006473900860161673,0.008351480251840114,0.9041188965508427,0.9074930865730767,0.8881557373673541,0.8542276634315691,0.8237341437611309,0.8533815849784994,0.871851852110412,18.409566164016724
