expl_var_class_0,expl_var_class_1,expl_var_class_2,expl_var_class_3,expl_var_class_4,expl_var_class_5,expl_var_mean,mae_class_0,mae_class_1,mae_class_2,mae_class_3,mae_class_4,mae_class_5,mae_mean,mse_class_0,mse_class_1,mse_class_2,mse_class_3,mse_class_4,mse_class_5,mse_mean,r2_class_0,r2_class_1,r2_class_2,r2_class_3,r2_class_4,r2_class_5,r2_mean,time
0.9245528280374918,0.9226937527226284,0.9086064718877694,0.8611876345813381,0.8709236655654657,0.8719668277789215,0.8933218634289357,0.04980473436040543,0.06943483909732856,0.06417728828686858,0.035436523615275904,0.019371533161323416,0.046299479778638845,0.04742073304997346,0.007566517120728953,0.010759956409182907,0.011547317081708308,0.005630308116850137,0.001572615457357119,0.005906953718154664,0.007163944650663681,0.9243835220820475,0.9204099695360097,0.9062785145079824,0.8571469489514212,0.8620152746273669,0.8662215856454174,0.8894093025583741,7.0659708976745605
