expl_var_class_0,expl_var_class_1,expl_var_class_2,expl_var_class_3,expl_var_class_4,expl_var_class_5,expl_var_mean,mae_class_0,mae_class_1,mae_class_2,mae_class_3,mae_class_4,mae_class_5,mae_mean,mse_class_0,mse_class_1,mse_class_2,mse_class_3,mse_class_4,mse_class_5,mse_mean,r2_class_0,r2_class_1,r2_class_2,r2_class_3,r2_class_4,r2_class_5,r2_mean,time
0.9093872577879106,0.90471143370959,0.884163835589408,0.839372062069427,0.8528522333535299,0.8425436252350825,0.8721717412908246,0.05432109359347328,0.07799886291977476,0.07202900258624657,0.03718940884210429,0.020252905115865253,0.052962707087013984,0.052458996690746364,0.009108095681423727,0.013173726934812585,0.014637362038475613,0.006491298889157494,0.0017843113859030144,0.007335222431190041,0.008755002893493747,0.9089776570937537,0.9025556156369555,0.881198783732762,0.8353017574989883,0.8434406100924015,0.8338747055412301,0.867558188266015,15.058774471282959
