expl_var_class_0,expl_var_class_1,expl_var_class_2,expl_var_class_3,expl_var_class_4,expl_var_class_5,expl_var_mean,mae_class_0,mae_class_1,mae_class_2,mae_class_3,mae_class_4,mae_class_5,mae_mean,mse_class_0,mse_class_1,mse_class_2,mse_class_3,mse_class_4,mse_class_5,mse_mean,r2_class_0,r2_class_1,r2_class_2,r2_class_3,r2_class_4,r2_class_5,r2_mean,time
0.9173836385315672,0.9114827406111896,0.9049702278845196,0.8691178213290853,0.8390120000776891,0.8714118423175792,0.8855630451252717,0.05101292702012045,0.0747874678570582,0.06624722817443325,0.03327144812963705,0.02317619476446488,0.046855522386050404,0.04922513138862738,0.008285606536292985,0.012297927361938694,0.011976102965076455,0.005240881022879992,0.00201169213195741,0.005949870803532691,0.007627013470279706,0.9171972555283029,0.9090337938037271,0.9027983597964669,0.8670275535968628,0.8234897253083564,0.8652496160136008,0.880799384007886,8.570915222167969
