expl_var_class_0,expl_var_class_1,expl_var_class_2,expl_var_class_3,expl_var_class_4,expl_var_class_5,expl_var_mean,mae_class_0,mae_class_1,mae_class_2,mae_class_3,mae_class_4,mae_class_5,mae_mean,mse_class_0,mse_class_1,mse_class_2,mse_class_3,mse_class_4,mse_class_5,mse_mean,r2_class_0,r2_class_1,r2_class_2,r2_class_3,r2_class_4,r2_class_5,r2_mean,time
0.9265648829071313,0.9217631854992381,0.9076916389907825,0.8864062516991099,0.8722959304153584,0.8869740018669374,0.9002826485630928,0.0502717663294582,0.0712409339187681,0.06575367647876956,0.03222826054963483,0.01891370490911409,0.04253543138362401,0.04682396226156147,0.007357438847611495,0.010805382788468657,0.011613693450776104,0.00459789418257186,0.0015483934740423881,0.005160182268420772,0.006847164168648546,0.9264729593185006,0.920073956380033,0.905739784007505,0.883341515464635,0.864140564506738,0.8831341780233856,0.8971504929501329,6.737836837768555
