expl_var_class_0,expl_var_class_1,expl_var_class_2,expl_var_class_3,expl_var_class_4,expl_var_class_5,expl_var_mean,mae_class_0,mae_class_1,mae_class_2,mae_class_3,mae_class_4,mae_class_5,mae_mean,mse_class_0,mse_class_1,mse_class_2,mse_class_3,mse_class_4,mse_class_5,mse_mean,r2_class_0,r2_class_1,r2_class_2,r2_class_3,r2_class_4,r2_class_5,r2_mean,time
0.913521105656146,0.9104310774494044,0.8890795340829584,0.8684722870174595,0.8387559909779815,0.8602867979191253,0.8800911321838459,0.05308917387477126,0.07731948055987926,0.07236318666858588,0.03402769652639317,0.02235316653202286,0.04754823920314855,0.051116823894133495,0.00866205352435847,0.012380971985714648,0.013911432272972146,0.005269187208496601,0.0019829029769074624,0.0063592686351371126,0.008094302767264406,0.9134352082209163,0.9084195232728021,0.8870906472283637,0.8663093646638667,0.8260157488411233,0.8559777314914797,0.8762080372864253,12.74624228477478
