expl_var_class_0,expl_var_class_1,expl_var_class_2,expl_var_class_3,expl_var_class_4,expl_var_class_5,expl_var_mean,mae_class_0,mae_class_1,mae_class_2,mae_class_3,mae_class_4,mae_class_5,mae_mean,mse_class_0,mse_class_1,mse_class_2,mse_class_3,mse_class_4,mse_class_5,mse_mean,r2_class_0,r2_class_1,r2_class_2,r2_class_3,r2_class_4,r2_class_5,r2_mean,time
0.9163818484824324,0.9060967291866635,0.8991355275089793,0.8696268323565479,0.8733335749671405,0.8659318357049683,0.8884177247011219,0.05297232865228231,0.08012653160572988,0.06795477370841473,0.0347702786706571,0.018721132750652326,0.048358612230097534,0.05048394293630565,0.008387965107839969,0.012927424929887858,0.012716428489851423,0.005263942161668859,0.0015236111540043527,0.006197193994296657,0.007836094306258186,0.916174328527465,0.9043774802737463,0.8967896560050489,0.866442442805717,0.866315019557747,0.8596483355783352,0.8849578771246766,12.07304573059082
