expl_var_class_0,expl_var_class_1,expl_var_class_2,expl_var_class_3,expl_var_class_4,expl_var_class_5,expl_var_mean,mae_class_0,mae_class_1,mae_class_2,mae_class_3,mae_class_4,mae_class_5,mae_mean,mse_class_0,mse_class_1,mse_class_2,mse_class_3,mse_class_4,mse_class_5,mse_mean,r2_class_0,r2_class_1,r2_class_2,r2_class_3,r2_class_4,r2_class_5,r2_mean,time
0.9169470305076506,0.9038183527023685,0.8875343307396125,0.8729917234856684,0.8687538721373074,0.8562008093746083,0.8843743531578694,0.0526705717972766,0.07900230074841852,0.07262192402716225,0.03502369513919718,0.01849889088005025,0.048899001474378534,0.05111939734441389,0.008326513506630252,0.013335443456176476,0.014080082304843101,0.005154602833734977,0.0015712110627648052,0.006614421528530766,0.008180379115446728,0.9167884490761607,0.9013594190751462,0.8857218330351292,0.8692166171973832,0.8621384992855177,0.8501991269645341,0.8809039907723117,16.1726655960083
