expl_var_class_0,expl_var_class_1,expl_var_class_2,expl_var_class_3,expl_var_class_4,expl_var_class_5,expl_var_mean,mae_class_0,mae_class_1,mae_class_2,mae_class_3,mae_class_4,mae_class_5,mae_mean,mse_class_0,mse_class_1,mse_class_2,mse_class_3,mse_class_4,mse_class_5,mse_mean,r2_class_0,r2_class_1,r2_class_2,r2_class_3,r2_class_4,r2_class_5,r2_mean,time
0.9122336229216201,0.9024149475372718,0.8890963112963327,0.8554549150524049,0.8491234651899976,0.8610771628876287,0.8782334041475427,0.054858272349951866,0.07955711433241226,0.07333218541003768,0.03631951959694238,0.021671847829107648,0.04751928108790536,0.05220970343439287,0.008795244362979434,0.013590743671775629,0.013845561969171041,0.0058397623084079165,0.0018623535452766478,0.006306060396767652,0.008373287709063053,0.9121041569661898,0.8994709958172546,0.8876252703514985,0.8518326447076808,0.8365930200612341,0.8571827711954121,0.8741348098498783,12.341459274291992
