expl_var_class_0,expl_var_class_1,expl_var_class_2,expl_var_class_3,expl_var_class_4,expl_var_class_5,expl_var_mean,mae_class_0,mae_class_1,mae_class_2,mae_class_3,mae_class_4,mae_class_5,mae_mean,mse_class_0,mse_class_1,mse_class_2,mse_class_3,mse_class_4,mse_class_5,mse_mean,r2_class_0,r2_class_1,r2_class_2,r2_class_3,r2_class_4,r2_class_5,r2_mean,time
0.9103229163641645,0.9045761665326528,0.8936939743109559,0.8641323313879273,0.8554027127421487,0.8684254374162776,0.8827589231256878,0.056206139831103924,0.0780248251558535,0.07078583000705418,0.03543603460055579,0.021144779278204216,0.04614873494467045,0.051291057302907006,0.008974935305362997,0.013280608597541495,0.013321501570440366,0.005493109070980757,0.0017820461067238004,0.00596152153244871,0.008135620363916353,0.9103084039189154,0.901765025557485,0.8918787015779069,0.8606279844288116,0.843639370650155,0.8649857547892155,0.8788675401537484,13.930297374725342
