expl_var_class_0,expl_var_class_1,expl_var_class_2,expl_var_class_3,expl_var_class_4,expl_var_class_5,expl_var_mean,mae_class_0,mae_class_1,mae_class_2,mae_class_3,mae_class_4,mae_class_5,mae_mean,mse_class_0,mse_class_1,mse_class_2,mse_class_3,mse_class_4,mse_class_5,mse_mean,r2_class_0,r2_class_1,r2_class_2,r2_class_3,r2_class_4,r2_class_5,r2_mean,time
0.9147612965212769,0.9064486844752156,0.8933738289778301,0.8623114682608999,0.8597405336582178,0.861562760488927,0.8830330953970612,0.0537122358349864,0.0794501079705378,0.07042105785500777,0.03659023181245023,0.019828685694844212,0.048805140650469404,0.05146790996971597,0.00855363193237832,0.012918473378230617,0.013427819167151883,0.005598031236675725,0.0016900317932051362,0.006361775646581582,0.008091627192370542,0.9145187264083444,0.9044436937640251,0.8910157961058187,0.8579658829627669,0.8517129080949424,0.8559209536611779,0.8792629934995126,17.86037826538086
