expl_var_class_0,expl_var_class_1,expl_var_class_2,expl_var_class_3,expl_var_class_4,expl_var_class_5,expl_var_mean,mae_class_0,mae_class_1,mae_class_2,mae_class_3,mae_class_4,mae_class_5,mae_mean,mse_class_0,mse_class_1,mse_class_2,mse_class_3,mse_class_4,mse_class_5,mse_mean,r2_class_0,r2_class_1,r2_class_2,r2_class_3,r2_class_4,r2_class_5,r2_mean,time
0.9173902306083904,0.9064985710473062,0.8941711170042131,0.8756835811749015,0.8607024232530333,0.8634659966890974,0.8863186532961569,0.05255996892951971,0.07857800595718918,0.07008924920919417,0.03427730564652567,0.02006381418507909,0.048138813558923396,0.05061785958107187,0.008283668165181097,0.012956277686272116,0.013258317870743795,0.005008783282061782,0.001692723148535629,0.006286014994858774,0.007914297524608866,0.9172166267652988,0.904164060100628,0.8923915194171109,0.8729163734854468,0.8514767626822665,0.8576367517428181,0.8826336823655948,12.852163076400757
