expl_var_class_0,expl_var_class_1,expl_var_class_2,expl_var_class_3,expl_var_class_4,expl_var_class_5,expl_var_mean,mae_class_0,mae_class_1,mae_class_2,mae_class_3,mae_class_4,mae_class_5,mae_mean,mse_class_0,mse_class_1,mse_class_2,mse_class_3,mse_class_4,mse_class_5,mse_mean,r2_class_0,r2_class_1,r2_class_2,r2_class_3,r2_class_4,r2_class_5,r2_mean,time
0.9116434906099885,0.9101838641319207,0.894193563089087,0.8722764011004909,0.8520274747620946,0.8675247943715291,0.8846415980108517,0.05512469569622657,0.07603320277893585,0.07051432545313344,0.035163806687995534,0.021421769696118725,0.045863564178408575,0.05068689408180312,0.008851057220525383,0.012434612594280125,0.01328516497701775,0.005181241984046282,0.001823992566277289,0.005996395321718926,0.00792874411064429,0.9115463875667656,0.9080227505064933,0.8921736202580809,0.8685407245427836,0.8399588963964112,0.864195946631964,0.8807397209837499,11.291624546051025
