expl_var_class_0,expl_var_class_1,expl_var_class_2,expl_var_class_3,expl_var_class_4,expl_var_class_5,expl_var_mean,mae_class_0,mae_class_1,mae_class_2,mae_class_3,mae_class_4,mae_class_5,mae_mean,mse_class_0,mse_class_1,mse_class_2,mse_class_3,mse_class_4,mse_class_5,mse_mean,r2_class_0,r2_class_1,r2_class_2,r2_class_3,r2_class_4,r2_class_5,r2_mean,time
0.9150599480909263,0.9039192602773087,0.9015177794326831,0.8716906845598846,0.8734800229434392,0.8636647577407845,0.8882220755075044,0.05406556014029158,0.07673109148304248,0.06853127664542515,0.03481575632235429,0.01806048126599951,0.047804350588174026,0.05000141940754784,0.008504926019392959,0.013443240948914996,0.012313919480208161,0.005208324498476832,0.00150954825300609,0.006293333868458496,0.007878882178076254,0.9150054720979354,0.9005620547174543,0.9000565397357679,0.8678535827849653,0.8675489292990699,0.8574709967104022,0.8847495958909325,8.806489944458008
