expl_var_class_0,expl_var_class_1,expl_var_class_2,expl_var_class_3,expl_var_class_4,expl_var_class_5,expl_var_mean,mae_class_0,mae_class_1,mae_class_2,mae_class_3,mae_class_4,mae_class_5,mae_mean,mse_class_0,mse_class_1,mse_class_2,mse_class_3,mse_class_4,mse_class_5,mse_mean,r2_class_0,r2_class_1,r2_class_2,r2_class_3,r2_class_4,r2_class_5,r2_mean,time
0.9186418103093623,0.9174219448656863,0.8989321939373015,0.8476197031980968,0.8616162094300075,0.8615921559690833,0.8843040029515897,0.05145672229346268,0.07338434724414125,0.06813465036235464,0.037285217840099895,0.020072487339500466,0.047679410613831706,0.049668805948898435,0.008167579875442435,0.011418612216502035,0.012751145975955688,0.006172590264896914,0.0016775502911679995,0.006350324839933061,0.007756300577316355,0.9183767625923239,0.9155379762140782,0.8965078784850227,0.8433880821594208,0.8528080624270298,0.8561802871229947,0.8804665081668118,13.663353681564331
