expl_var_class_0,expl_var_class_1,expl_var_class_2,expl_var_class_3,expl_var_class_4,expl_var_class_5,expl_var_mean,mae_class_0,mae_class_1,mae_class_2,mae_class_3,mae_class_4,mae_class_5,mae_mean,mse_class_0,mse_class_1,mse_class_2,mse_class_3,mse_class_4,mse_class_5,mse_mean,r2_class_0,r2_class_1,r2_class_2,r2_class_3,r2_class_4,r2_class_5,r2_mean,time
0.9087934791172865,0.9153613328992424,0.9044504603777848,0.878822733436105,0.849138985689798,0.8500140746346725,0.8844301776924816,0.05437356602227451,0.07377146478656758,0.06519346803910013,0.03352228221274281,0.02149925002918333,0.05090262742710424,0.04987710975282877,0.009151010149696511,0.011778462198492051,0.012130818540676117,0.004893152738934269,0.001857769374773059,0.007007428233431134,0.007803106872667192,0.9085487885812356,0.912876211617652,0.9015426418256735,0.8758501695650494,0.8369952452238064,0.8412984623714288,0.8795185865308076,10.237434148788452
