expl_var_class_0,expl_var_class_1,expl_var_class_2,expl_var_class_3,expl_var_class_4,expl_var_class_5,expl_var_mean,mae_class_0,mae_class_1,mae_class_2,mae_class_3,mae_class_4,mae_class_5,mae_mean,mse_class_0,mse_class_1,mse_class_2,mse_class_3,mse_class_4,mse_class_5,mse_mean,r2_class_0,r2_class_1,r2_class_2,r2_class_3,r2_class_4,r2_class_5,r2_mean,time
0.9130101639620305,0.9190000652502517,0.9048235446831852,0.8740175143309894,0.8558962751562531,0.8595726681221355,0.887720038584141,0.05300881792247298,0.07154680801483268,0.06476323282266987,0.033902112619481235,0.020758115793072837,0.04873975725510177,0.048786474071271894,0.008720860071139033,0.011277129284972333,0.012113929126360322,0.005106381990809854,0.001771596065250582,0.006544403321367176,0.007589049976649882,0.912847521194625,0.9165845074826411,0.901679721373032,0.8704400839052482,0.8445562801820237,0.8517848723719355,0.8829821644182507,8.871030569076538
