expl_var_class_0,expl_var_class_1,expl_var_class_2,expl_var_class_3,expl_var_class_4,expl_var_class_5,expl_var_mean,mae_class_0,mae_class_1,mae_class_2,mae_class_3,mae_class_4,mae_class_5,mae_mean,mse_class_0,mse_class_1,mse_class_2,mse_class_3,mse_class_4,mse_class_5,mse_mean,r2_class_0,r2_class_1,r2_class_2,r2_class_3,r2_class_4,r2_class_5,r2_mean,time
0.9017985473396465,0.9158163434841365,0.9056262012907791,0.8441929190272986,0.8721480991909513,0.8683099391918329,0.8846486749207741,0.05689508852147395,0.07498587640954364,0.06663060115423046,0.03587019088788146,0.0184116035865482,0.045651461405193106,0.0497408036608118,0.009830099967801398,0.011628332276569165,0.011826194421301872,0.0062454149623123595,0.0015275581280659342,0.005986494137305118,0.007840682315559308,0.9017622605901263,0.9139867035755191,0.9040150624565814,0.8415403626382899,0.8659687034069091,0.8644201848458237,0.8819488795855416,10.431890487670898
