expl_var_class_0,expl_var_class_1,expl_var_class_2,expl_var_class_3,expl_var_class_4,expl_var_class_5,expl_var_mean,mae_class_0,mae_class_1,mae_class_2,mae_class_3,mae_class_4,mae_class_5,mae_mean,mse_class_0,mse_class_1,mse_class_2,mse_class_3,mse_class_4,mse_class_5,mse_mean,r2_class_0,r2_class_1,r2_class_2,r2_class_3,r2_class_4,r2_class_5,r2_mean,time
0.9167220593883021,0.9001571386354931,0.8914766460838981,0.8597349223230674,0.8559779735430506,0.8558354088341186,0.8799840248013217,0.05341263739229027,0.07932362103932517,0.07120314333263848,0.03758530372215606,0.020584537333217908,0.04958456662238451,0.0519489682403354,0.008347782226487592,0.013963433021493847,0.013653477922750162,0.005746816903362134,0.001749597824849568,0.006655293907729169,0.008352733634445412,0.9165758987495343,0.8967142600490351,0.8891842820286264,0.8541908699444134,0.8464864539865697,0.849273465051312,0.8754042049682486,13.487851858139038
