expl_var_class_0,expl_var_class_1,expl_var_class_2,expl_var_class_3,expl_var_class_4,expl_var_class_5,expl_var_mean,mae_class_0,mae_class_1,mae_class_2,mae_class_3,mae_class_4,mae_class_5,mae_mean,mse_class_0,mse_class_1,mse_class_2,mse_class_3,mse_class_4,mse_class_5,mse_mean,r2_class_0,r2_class_1,r2_class_2,r2_class_3,r2_class_4,r2_class_5,r2_mean,time
0.8953044542468552,0.9091242664214674,0.8968242670754168,0.8398304797604232,0.8613505806035483,0.8566489978480886,0.8765138409926333,0.059332645253966226,0.07792281961313736,0.06994917331902774,0.03711359803946762,0.019582442455707925,0.04815041555611274,0.0520085157062366,0.010480290069541874,0.01256955131802634,0.012950939097387799,0.0064240150692576915,0.0016641519691075572,0.006542503204532342,0.008438575121308934,0.8952645437824766,0.9070246259114376,0.8948862976451437,0.8370088930161591,0.8539836605564487,0.8518279054866983,0.8733326543997273,9.538558721542358
