acc;avg_acc;f1_macro;f1_micro;f1_weighted;precision_macro;precision_micro;precision_weighted;recall_macro;recall_micro;recall_weighted;time
0.8333456361802121;0.7650945487445004;0.7890748802362582;0.833345636180212;0.823421708929582;0.8302179079650944;0.8333456361802121;0.8315845410129419;0.7650945487445004;0.8333456361802121;0.8333456361802121;1.2022533416748047
