acc;avg_acc;f1_macro;f1_micro;f1_weighted;precision_macro;precision_micro;precision_weighted;recall_macro;recall_micro;recall_weighted;time
0.8315248148421545;0.7646399095268779;0.7914202006723478;0.8315248148421545;0.8232125716153706;0.8323517891284989;0.8315248148421545;0.8272835043610821;0.7646399095268779;0.8315248148421545;0.8315248148421545;1.4878747463226318
