acc;avg_acc;f1_macro;f1_micro;f1_weighted;precision_macro;precision_micro;precision_weighted;recall_macro;recall_micro;recall_weighted;time
0.8391033685194754;0.7797063254832189;0.8030872595552291;0.8391033685194754;0.8303963965382732;0.8433282075480248;0.8391033685194754;0.8387909691637639;0.7797063254832189;0.8391033685194754;0.8391033685194754;1.5378789901733398
