expl_var_class_0,expl_var_class_1,expl_var_class_2,expl_var_class_3,expl_var_class_4,expl_var_class_5,expl_var_mean,mae_class_0,mae_class_1,mae_class_2,mae_class_3,mae_class_4,mae_class_5,mae_mean,mse_class_0,mse_class_1,mse_class_2,mse_class_3,mse_class_4,mse_class_5,mse_mean,r2_class_0,r2_class_1,r2_class_2,r2_class_3,r2_class_4,r2_class_5,r2_mean,time
0.97225362987273,0.9856667564987099,0.9899300768642236,0.9911102643278475,0.873573160972792,0.9686535301160685,0.963531236442062,0.022826656743831098,0.023429935086871998,0.017711739050810887,0.008067146157982123,0.014895161161537357,0.01678955781386252,0.017286699335816,0.0027219829446709955,0.001877951433850213,0.0011981956675742754,0.0003531702463649828,0.0017361626429842525,0.0013931019145058212,0.0015467608083250901,0.9722475435675914,0.9856658432743917,0.9899291708560924,0.9911096817220701,0.8735731493163574,0.9686519713580506,0.963529560015759,43.69859576225281
