expl_var_class_0,expl_var_class_1,expl_var_class_2,expl_var_class_3,expl_var_class_4,expl_var_class_5,expl_var_mean,mae_class_0,mae_class_1,mae_class_2,mae_class_3,mae_class_4,mae_class_5,mae_mean,mse_class_0,mse_class_1,mse_class_2,mse_class_3,mse_class_4,mse_class_5,mse_mean,r2_class_0,r2_class_1,r2_class_2,r2_class_3,r2_class_4,r2_class_5,r2_mean,time
0.9821117848965452,0.9892905169108299,0.9931116395420744,0.9908259180766577,0.943235928527517,0.9731107302839562,0.9786144197062633,0.018322223962702278,0.019760799551676395,0.013890805040846317,0.008095664153381898,0.010439617580844551,0.015082451737108224,0.014265260337759945,0.0017445081841761414,0.001406369524094037,0.0008327063878278443,0.00036073385137849994,0.000773233853534182,0.0011482406162543323,0.0010442987362108396,0.9821096239812266,0.9892864233340831,0.9931102285650587,0.9908192893679018,0.9432134689033868,0.973108838256977,0.9786079787347722,147.45955848693848
