expl_var_class_0,expl_var_class_1,expl_var_class_2,expl_var_class_3,expl_var_class_4,expl_var_class_5,expl_var_mean,mae_class_0,mae_class_1,mae_class_2,mae_class_3,mae_class_4,mae_class_5,mae_mean,mse_class_0,mse_class_1,mse_class_2,mse_class_3,mse_class_4,mse_class_5,mse_mean,r2_class_0,r2_class_1,r2_class_2,r2_class_3,r2_class_4,r2_class_5,r2_mean,time
0.9821904151285623,0.9891482668052158,0.9929709032524251,0.9908610401566977,0.9426445890504409,0.9724151249181786,0.9783717232185868,0.018269380862865246,0.019840436896486794,0.013992617200982329,0.007985701897079952,0.010416536936975411,0.015175501742831735,0.014280029256203579,0.0017368056806996758,0.0014249386621054305,0.0008496763534635848,0.00035933021874173213,0.0007812163503165451,0.0011779281417497445,0.0010549825678461187,0.9821886151173701,0.9891449655733049,0.9929698199093812,0.9908550119512487,0.9426272318941192,0.9724135727886195,0.9783665362056739,211.03891921043396
