expl_var_class_0,expl_var_class_1,expl_var_class_2,expl_var_class_3,expl_var_class_4,expl_var_class_5,expl_var_mean,mae_class_0,mae_class_1,mae_class_2,mae_class_3,mae_class_4,mae_class_5,mae_mean,mse_class_0,mse_class_1,mse_class_2,mse_class_3,mse_class_4,mse_class_5,mse_mean,r2_class_0,r2_class_1,r2_class_2,r2_class_3,r2_class_4,r2_class_5,r2_mean,time
0.9826474130734173,0.989594911604508,0.9928105454813845,0.9916517915586774,0.9458973702552014,0.9720655128499106,0.9791112574705165,0.01836741852961011,0.019718303752990867,0.014060425880902247,0.007704480325580261,0.010410242814014536,0.015702388152356393,0.014327209909242402,0.0017157575514903755,0.0013787629198053189,0.0008382460470630497,0.0003317391241158203,0.0007656672966512442,0.001232504155504582,0.0010437795157717316,0.982646890531617,0.9895932280330303,0.9928100334208003,0.9916478058254194,0.945880874423378,0.9720479372089028,0.9791044615738581,228.56693148612976
