expl_var_class_0,expl_var_class_1,expl_var_class_2,expl_var_class_3,expl_var_class_4,expl_var_class_5,expl_var_mean,mae_class_0,mae_class_1,mae_class_2,mae_class_3,mae_class_4,mae_class_5,mae_mean,mse_class_0,mse_class_1,mse_class_2,mse_class_3,mse_class_4,mse_class_5,mse_mean,r2_class_0,r2_class_1,r2_class_2,r2_class_3,r2_class_4,r2_class_5,r2_mean,time
0.9805449944082075,0.9895819096619374,0.9933545063192634,0.9920834387655268,0.9375367886231933,0.9710328040515005,0.9773557403049381,0.018774418617435187,0.019699841340972492,0.013941460087889612,0.0076604944743481436,0.010703788666682992,0.015668438936645674,0.014408073687329019,0.0018652224364596145,0.0013667184198508087,0.0007990806784667258,0.00031745399229856627,0.0008282260476981005,0.0012542750329628811,0.0010718294346227827,0.9805437759516981,0.9895818516696883,0.9933544923700616,0.9920815505722956,0.9375123523896209,0.971025848352674,0.9773499785510064,186.92305326461792
