expl_var_class_0,expl_var_class_1,expl_var_class_2,expl_var_class_3,expl_var_class_4,expl_var_class_5,expl_var_mean,mae_class_0,mae_class_1,mae_class_2,mae_class_3,mae_class_4,mae_class_5,mae_mean,mse_class_0,mse_class_1,mse_class_2,mse_class_3,mse_class_4,mse_class_5,mse_mean,r2_class_0,r2_class_1,r2_class_2,r2_class_3,r2_class_4,r2_class_5,r2_mean,time
0.9803545931803764,0.9898937031239443,0.9936742271998424,0.9915184388453026,0.9405661342061802,0.9700798512764744,0.97768115797202,0.019012351790138975,0.019324389622054426,0.013557038664209266,0.007758600809730219,0.010415634512859455,0.01588932325754709,0.014326223109423239,0.0018834419268269835,0.0013258089443985968,0.0007606357022407008,0.0003401152719598155,0.0007879109938731526,0.0012953908846623989,0.0010655506206602744,0.9803537275801449,0.9898936942388569,0.9936742177616616,0.9915162963895858,0.9405540254736884,0.9700760591190984,0.9776780034271728,182.34908270835876
