expl_var_class_0,expl_var_class_1,expl_var_class_2,expl_var_class_3,expl_var_class_4,expl_var_class_5,expl_var_mean,mae_class_0,mae_class_1,mae_class_2,mae_class_3,mae_class_4,mae_class_5,mae_mean,mse_class_0,mse_class_1,mse_class_2,mse_class_3,mse_class_4,mse_class_5,mse_mean,r2_class_0,r2_class_1,r2_class_2,r2_class_3,r2_class_4,r2_class_5,r2_mean,time
0.9812994452763633,0.989798894025489,0.993146068750601,0.9916883607581796,0.9374497654095574,0.970242208101071,0.977270790386877,0.018818758890501094,0.019489412724099354,0.013726390376464625,0.007885042575327716,0.010746435701583974,0.015913724170189016,0.014429960739694297,0.001836445138638866,0.001347239829896881,0.0008064665407543011,0.0003281790800605008,0.0008403689107892677,0.0013210708277282424,0.001079961721311343,0.9812993107261095,0.9897972348508984,0.9931459905146045,0.9916814159434304,0.9374151631445086,0.9702293282720487,0.9772614072419333,145.70616245269775
