expl_var_class_0,expl_var_class_1,expl_var_class_2,expl_var_class_3,expl_var_class_4,expl_var_class_5,expl_var_mean,mae_class_0,mae_class_1,mae_class_2,mae_class_3,mae_class_4,mae_class_5,mae_mean,mse_class_0,mse_class_1,mse_class_2,mse_class_3,mse_class_4,mse_class_5,mse_mean,r2_class_0,r2_class_1,r2_class_2,r2_class_3,r2_class_4,r2_class_5,r2_mean,time
0.9820993212001128,0.9891619410490309,0.9926320799635251,0.9905218973615052,0.9418152387236094,0.9727900418191541,0.9781700866861561,0.018505184099328734,0.019848942764547763,0.014278059610523515,0.00814084377073262,0.010512997275498143,0.015133542727182257,0.014403261707968839,0.0017456800827428938,0.0014229704722757504,0.0008905225363964335,0.00037258758246301956,0.0007927438926682484,0.0011619690150103438,0.0010644122635927818,0.9820976058627647,0.9891599590385871,0.9926318606136308,0.9905176107907963,0.9417806456521557,0.9727873267321323,0.9781625014483445,253.01342511177063
