expl_var_class_0,expl_var_class_1,expl_var_class_2,expl_var_class_3,expl_var_class_4,expl_var_class_5,expl_var_mean,mae_class_0,mae_class_1,mae_class_2,mae_class_3,mae_class_4,mae_class_5,mae_mean,mse_class_0,mse_class_1,mse_class_2,mse_class_3,mse_class_4,mse_class_5,mse_mean,r2_class_0,r2_class_1,r2_class_2,r2_class_3,r2_class_4,r2_class_5,r2_mean,time
0.9807756343321201,0.9892824457140508,0.9926872836226865,0.9900836466605711,0.9388089909973372,0.9694407796951895,0.9768464635036592,0.01907484848075312,0.019914072908896633,0.014248484600343773,0.008356484144352349,0.010990193032966332,0.016038649646439793,0.014770455468958665,0.001885783561241253,0.001404190294043186,0.0008700621670585875,0.0003941883966396894,0.0008406947089262801,0.001358115708045847,0.0011255058059924737,0.9807731616295539,0.9892819998512281,0.9926871314375856,0.9900771360451129,0.9387808596933881,0.9694392422610336,0.9768399218196504,57.42269015312195
