expl_var_class_0,expl_var_class_1,expl_var_class_2,expl_var_class_3,expl_var_class_4,expl_var_class_5,expl_var_mean,mae_class_0,mae_class_1,mae_class_2,mae_class_3,mae_class_4,mae_class_5,mae_mean,mse_class_0,mse_class_1,mse_class_2,mse_class_3,mse_class_4,mse_class_5,mse_mean,r2_class_0,r2_class_1,r2_class_2,r2_class_3,r2_class_4,r2_class_5,r2_mean,time
0.9816194467686039,0.9895526082315891,0.9930373957073161,0.9916976797767024,0.9384120107021543,0.9702575019388305,0.9774294405208659,0.018456384125199825,0.019780387435461625,0.013914591213428886,0.007862769461137554,0.010732697995415992,0.01589477582393122,0.014440267675762515,0.001805008353206983,0.0013800211590276773,0.000819255841413366,0.00032783080657111104,0.0008274222083290211,0.001320248986646959,0.0010799645591991864,0.9816194343953455,0.989548978976202,0.9930372966214309,0.9916902438744967,0.9383793435787064,0.970247848672719,0.9774205243531502,243.07044124603271
