expl_var_class_0,expl_var_class_1,expl_var_class_2,expl_var_class_3,expl_var_class_4,expl_var_class_5,expl_var_mean,mae_class_0,mae_class_1,mae_class_2,mae_class_3,mae_class_4,mae_class_5,mae_mean,mse_class_0,mse_class_1,mse_class_2,mse_class_3,mse_class_4,mse_class_5,mse_mean,r2_class_0,r2_class_1,r2_class_2,r2_class_3,r2_class_4,r2_class_5,r2_mean,time
0.9824158059874777,0.9888720556044627,0.9924807487260209,0.990380757932475,0.9408989146865415,0.9727351902792533,0.9779639122027052,0.018303378903481694,0.019989902803042744,0.014408811235270927,0.00820559945750775,0.010599440629909676,0.015171304433534143,0.014446406243791154,0.0017146705560627158,0.001460824815894354,0.0009087868662164875,0.00037811626556776695,0.0008049023386353436,0.0011643744827229635,0.001071945887516605,0.9824156164616857,0.9888715885886108,0.9924807424527616,0.9903769052829341,0.9408877256553899,0.9727309920054104,0.9779605950744655,240.5643002986908
