expl_var_class_0,expl_var_class_1,expl_var_class_2,expl_var_class_3,expl_var_class_4,expl_var_class_5,expl_var_mean,mae_class_0,mae_class_1,mae_class_2,mae_class_3,mae_class_4,mae_class_5,mae_mean,mse_class_0,mse_class_1,mse_class_2,mse_class_3,mse_class_4,mse_class_5,mse_mean,r2_class_0,r2_class_1,r2_class_2,r2_class_3,r2_class_4,r2_class_5,r2_mean,time
0.9814700578087205,0.989605718575161,0.993026128468004,0.991762681942753,0.9374730122101842,0.9701023487822149,0.9772399912978397,0.018570491796948082,0.0197697452456232,0.013989235894965759,0.007823166119893726,0.010778625026523407,0.01593131583598645,0.014477096653323437,0.0018197014127632409,0.0013727977677588767,0.0008205705940572102,0.0003253324097657863,0.0008399803949196988,0.0013273994980511341,0.0010842970128859912,0.9814698136223297,0.9896036823505086,0.9930261227826708,0.9917535724810242,0.9374440971067252,0.970086710054537,0.9772306663996327,246.17282581329346
