expl_var_class_0,expl_var_class_1,expl_var_class_2,expl_var_class_3,expl_var_class_4,expl_var_class_5,expl_var_mean,mae_class_0,mae_class_1,mae_class_2,mae_class_3,mae_class_4,mae_class_5,mae_mean,mse_class_0,mse_class_1,mse_class_2,mse_class_3,mse_class_4,mse_class_5,mse_mean,r2_class_0,r2_class_1,r2_class_2,r2_class_3,r2_class_4,r2_class_5,r2_mean,time
0.9825593006104565,0.9893336631588813,0.9926632673135878,0.9917273018169307,0.947100260821897,0.9721312414904401,0.9792525058686988,0.018360836254163876,0.02001469669289935,0.014291874429971247,0.007624576359468499,0.010363072082849346,0.015657907065441515,0.014385493814132304,0.0017244253777824934,0.0014134109988800628,0.0008554625732317116,0.00032874534050862696,0.0007485216199041575,0.0012292317433575096,0.0010499662756107602,0.982559224451774,0.9893317076129168,0.9926623604932675,0.9917231802994753,0.947092770291244,0.9721221525122791,0.9792485659434927,198.54376769065857
