expl_var_class_0,expl_var_class_1,expl_var_class_2,expl_var_class_3,expl_var_class_4,expl_var_class_5,expl_var_mean,mae_class_0,mae_class_1,mae_class_2,mae_class_3,mae_class_4,mae_class_5,mae_mean,mse_class_0,mse_class_1,mse_class_2,mse_class_3,mse_class_4,mse_class_5,mse_mean,r2_class_0,r2_class_1,r2_class_2,r2_class_3,r2_class_4,r2_class_5,r2_mean,time
0.9817527723958707,0.9889942419156071,0.9929336649216514,0.9913438986538258,0.9469005171892896,0.970896047396631,0.9788035237454794,0.018676884381584567,0.01972450135787769,0.013983654385979512,0.007867003645822348,0.010236969674864189,0.015719058292013154,0.01436801195635691,0.0017897860317355556,0.001442085444032216,0.0008407303932238695,0.0003439341469655827,0.0007292784785730261,0.0012935406253898405,0.0010732258533200153,0.981751921346047,0.9889927511468728,0.9929336648634453,0.9913421811020502,0.9468941566679118,0.9708923316004269,0.9788011677877924,236.1665222644806
