expl_var_class_0,expl_var_class_1,expl_var_class_2,expl_var_class_3,expl_var_class_4,expl_var_class_5,expl_var_mean,mae_class_0,mae_class_1,mae_class_2,mae_class_3,mae_class_4,mae_class_5,mae_mean,mse_class_0,mse_class_1,mse_class_2,mse_class_3,mse_class_4,mse_class_5,mse_mean,r2_class_0,r2_class_1,r2_class_2,r2_class_3,r2_class_4,r2_class_5,r2_mean,time
0.982248807406659,0.989540119587361,0.9930074315945084,0.9910622175056124,0.9447940285915594,0.9709323735454828,0.9785974963718639,0.018912944176973357,0.019554292145870223,0.01377207687546458,0.007929991239792005,0.010465037651363005,0.015853485062623306,0.014414637858681079,0.0017410533979300862,0.0013704447689919421,0.0008319715904057988,0.00035516245252298036,0.00075821647274637,0.0012917975681475578,0.0010581077084574556,0.9822487834954484,0.9895395750132655,0.9930072825613497,0.9910595321214112,0.9447869004824262,0.9709315544367367,0.9785956046851063,147.76412534713745
