expl_var_class_0,expl_var_class_1,expl_var_class_2,expl_var_class_3,expl_var_class_4,expl_var_class_5,expl_var_mean,mae_class_0,mae_class_1,mae_class_2,mae_class_3,mae_class_4,mae_class_5,mae_mean,mse_class_0,mse_class_1,mse_class_2,mse_class_3,mse_class_4,mse_class_5,mse_mean,r2_class_0,r2_class_1,r2_class_2,r2_class_3,r2_class_4,r2_class_5,r2_mean,time
0.9809236737944181,0.9897838162052794,0.99370513197691,0.9915024521395348,0.9396913221923046,0.9705758023148734,0.9776970331038868,0.018894596702449966,0.01941918626036269,0.01352811753492787,0.007808813006614082,0.010541512401565117,0.015845502405358022,0.014339621385212957,0.00182888045699953,0.0013402440638354887,0.0007569199139385459,0.00034084696561119567,0.0007994970399072114,0.001273937882662744,0.0010567210538257859,0.9809228608698894,0.9897836589797464,0.9937051198973016,0.9914980453065452,0.9396798863859525,0.9705716302792451,0.97769353361978,160.39350962638855
