expl_var_class_0,expl_var_class_1,expl_var_class_2,expl_var_class_3,expl_var_class_4,expl_var_class_5,expl_var_mean,mae_class_0,mae_class_1,mae_class_2,mae_class_3,mae_class_4,mae_class_5,mae_mean,mse_class_0,mse_class_1,mse_class_2,mse_class_3,mse_class_4,mse_class_5,mse_mean,r2_class_0,r2_class_1,r2_class_2,r2_class_3,r2_class_4,r2_class_5,r2_mean,time
0.982294733360776,0.9888679446221349,0.9921896339100699,0.990554651212449,0.9412884968620702,0.9719069610193475,0.9778504034978078,0.018611005493221075,0.020336108178460915,0.014419254768937266,0.007980628900316474,0.01065047882219563,0.015749668477034618,0.014624524106694332,0.001750577382168362,0.0014750053235548614,0.0009106189959516524,0.0003753593006795894,0.0008309147188060664,0.0012393006066247038,0.0010969627212975392,0.9822947240306444,0.9888667994824888,0.9921892621262975,0.9905495808706116,0.941269036555166,0.9718937999367339,0.9778438671669903,134.2602264881134
