expl_var_class_0,expl_var_class_1,expl_var_class_2,expl_var_class_3,expl_var_class_4,expl_var_class_5,expl_var_mean,mae_class_0,mae_class_1,mae_class_2,mae_class_3,mae_class_4,mae_class_5,mae_mean,mse_class_0,mse_class_1,mse_class_2,mse_class_3,mse_class_4,mse_class_5,mse_mean,r2_class_0,r2_class_1,r2_class_2,r2_class_3,r2_class_4,r2_class_5,r2_mean,time
0.9801513260983921,0.9895418320316427,0.9933616429549642,0.9911706590162491,0.9353202320511227,0.9697459339108339,0.9765486043438675,0.018917795455727582,0.01993172664797272,0.013975141987921175,0.008046810199562174,0.010713062722370171,0.01586191953916703,0.014574409425453476,0.0019030058646167356,0.0013719684490267419,0.0007982242721284377,0.0003541639443340718,0.0008575439243453326,0.0013099249682008256,0.0010991385704420243,0.9801496552135124,0.9895418320270911,0.9933616146231816,0.9911658717472103,0.9353003896655452,0.9697403171730099,0.9765432800749251,117.92613983154297
