expl_var_class_0,expl_var_class_1,expl_var_class_2,expl_var_class_3,expl_var_class_4,expl_var_class_5,expl_var_mean,mae_class_0,mae_class_1,mae_class_2,mae_class_3,mae_class_4,mae_class_5,mae_mean,mse_class_0,mse_class_1,mse_class_2,mse_class_3,mse_class_4,mse_class_5,mse_mean,r2_class_0,r2_class_1,r2_class_2,r2_class_3,r2_class_4,r2_class_5,r2_mean,time
0.9796671889134365,0.9896922103091551,0.9934146945416671,0.9913216227212565,0.9374869593245182,0.970161668944903,0.9769573907924894,0.01902143163827865,0.01972270796329666,0.013894607476217494,0.00797698058748603,0.010672845903657165,0.015784100433996178,0.014512112333822031,0.0019493769922480698,0.0013522409133436906,0.0007918496866103695,0.00034803816883834484,0.0008288874549889088,0.001291910522803254,0.0010937172898054395,0.9796659557732031,0.9896922100346985,0.9934146284900409,0.991318670718542,0.9374624508128355,0.9701564565834857,0.9769517287354677,140.99566841125488
