expl_var_class_0,expl_var_class_1,expl_var_class_2,expl_var_class_3,expl_var_class_4,expl_var_class_5,expl_var_mean,mae_class_0,mae_class_1,mae_class_2,mae_class_3,mae_class_4,mae_class_5,mae_mean,mse_class_0,mse_class_1,mse_class_2,mse_class_3,mse_class_4,mse_class_5,mse_mean,r2_class_0,r2_class_1,r2_class_2,r2_class_3,r2_class_4,r2_class_5,r2_mean,time
0.9802731831214906,0.9896990637063189,0.9935754883687392,0.9918572154390098,0.9397150460858406,0.9704964293060468,0.977602737671241,0.018881932839689437,0.01932589438133488,0.013550228017140422,0.007656455454024947,0.010537344676588827,0.015711570828565377,0.014277237699557315,0.001891428234693949,0.001351350477788271,0.0007725085216655525,0.0003265623237307509,0.0007993192693672225,0.0012773689030783626,0.0010697562883873514,0.9802704220225121,0.9896989975993938,0.9935754781547572,0.9918543558808876,0.9396932987422641,0.9704923726178754,0.9775974875029484,227.8244264125824
