expl_var_class_0,expl_var_class_1,expl_var_class_2,expl_var_class_3,expl_var_class_4,expl_var_class_5,expl_var_mean,mae_class_0,mae_class_1,mae_class_2,mae_class_3,mae_class_4,mae_class_5,mae_mean,mse_class_0,mse_class_1,mse_class_2,mse_class_3,mse_class_4,mse_class_5,mse_mean,r2_class_0,r2_class_1,r2_class_2,r2_class_3,r2_class_4,r2_class_5,r2_mean,time
0.9823251415741777,0.9893462196540364,0.992722413151978,0.9907907663794777,0.9467838024302202,0.9712610269831063,0.9788715616954994,0.018732571877060396,0.01960338209062733,0.013998667350671129,0.007986740450256876,0.010295117039545951,0.015666403995679305,0.014380480467306833,0.0017335736968385575,0.0013959218215500858,0.0008658647541186093,0.00036593508898992373,0.0007308241965021139,0.0012772031996410944,0.001061553792940064,0.9823250441050442,0.9893451120161441,0.992722410674282,0.9907883536519073,0.9467815979450239,0.9712599616244579,0.9788704133361432,166.46721053123474
