expl_var_class_0,expl_var_class_1,expl_var_class_2,expl_var_class_3,expl_var_class_4,expl_var_class_5,expl_var_mean,mae_class_0,mae_class_1,mae_class_2,mae_class_3,mae_class_4,mae_class_5,mae_mean,mse_class_0,mse_class_1,mse_class_2,mse_class_3,mse_class_4,mse_class_5,mse_mean,r2_class_0,r2_class_1,r2_class_2,r2_class_3,r2_class_4,r2_class_5,r2_mean,time
0.9820308669274113,0.9892901380280157,0.9930661720429761,0.9907261353922298,0.9409853702905537,0.9728059956146718,0.9781507797159764,0.018376908922278237,0.019751245927602547,0.013935300091882957,0.00805628532610713,0.010589926575024994,0.015040789792859457,0.014291742772625888,0.0017523991024533546,0.001406285271856229,0.0008381468766585128,0.00036451725924752044,0.000804215326910711,0.0011613302961994238,0.0010544823555542918,0.9820287006032835,0.9892870651588621,0.9930652142297713,0.9907230012798393,0.9409381800069243,0.9728022851742999,0.9781407410754968,192.5333456993103
