acc;avg_acc;f1_macro;f1_micro;f1_weighted;precision_macro;precision_micro;precision_weighted;recall_macro;recall_micro;recall_weighted;time
0.8153096626559386;0.7582008483986136;0.7751723058952862;0.8153096626559386;0.79989216521491;0.8157900591994651;0.8153096626559386;0.8121213528100387;0.7582008483986136;0.8153096626559386;0.8153096626559386;1.4795405864715576
