acc;avg_acc;f1_macro;f1_micro;f1_weighted;precision_macro;precision_micro;precision_weighted;recall_macro;recall_micro;recall_weighted;time
0.8132427843803056;0.7541507157425498;0.7687899829834539;0.8132427843803056;0.797964270232507;0.8099394343242456;0.8132427843803056;0.8061762278558481;0.7541507157425498;0.8132427843803056;0.8132427843803056;1.3393361568450928
