acc;avg_acc;f1_macro;f1_micro;f1_weighted;precision_macro;precision_micro;precision_weighted;recall_macro;recall_micro;recall_weighted;time
0.8128736989739426;0.7537003879650588;0.7683083730599696;0.8128736989739426;0.7926243716457596;0.8180262726995906;0.8128736989739426;0.8109014479513885;0.7537003879650588;0.8128736989739426;0.8128736989739426;1.4065985679626465
