acc;avg_acc;f1_macro;f1_micro;f1_weighted;precision_macro;precision_micro;precision_weighted;recall_macro;recall_micro;recall_weighted;time
0.8067222755345587;0.7372365987016388;0.7540990914538028;0.8067222755345587;0.7845045957653849;0.8115646738795694;0.8067222755345587;0.8015950764734501;0.7372365987016388;0.8067222755345587;0.8067222755345587;1.4534645080566406
