acc;avg_acc;f1_macro;f1_micro;f1_weighted;precision_macro;precision_micro;precision_weighted;recall_macro;recall_micro;recall_weighted;time
0.7974705346817254;0.7043377903419419;0.7099334351687608;0.7974705346817254;0.7654062638782956;0.7934581259135824;0.7974705346817254;0.7945953857794116;0.7043377903419419;0.7974705346817254;0.7974705346817254;1.4303853511810303
