acc;avg_acc;f1_macro;f1_micro;f1_weighted;precision_macro;precision_micro;precision_weighted;recall_macro;recall_micro;recall_weighted;time
0.808666125341404;0.735269926253437;0.7530830010549392;0.808666125341404;0.7846950941763102;0.8136316819611502;0.808666125341404;0.8054252566075675;0.735269926253437;0.808666125341404;0.808666125341404;1.3420517444610596
