acc;avg_acc;f1_macro;f1_micro;f1_weighted;precision_macro;precision_micro;precision_weighted;recall_macro;recall_micro;recall_weighted;time
0.8211412120764745;0.7620370028849863;0.7786337006449249;0.8211412120764745;0.802577228018099;0.8303691872224361;0.8211412120764745;0.8202778232478767;0.7620370028849863;0.8211412120764745;0.8211412120764745;1.1548094749450684
