acc;avg_acc;f1_macro;f1_micro;f1_weighted;precision_macro;precision_micro;precision_weighted;recall_macro;recall_micro;recall_weighted;time
0.7925986073177334;0.7110900083009786;0.7213426885424028;0.7925986073177334;0.7655137459037152;0.7767922166871344;0.7925986073177334;0.7850338912594215;0.7110900083009786;0.7925986073177334;0.7925986073177334;1.4219567775726318
