acc;avg_acc;f1_macro;f1_micro;f1_weighted;precision_macro;precision_micro;precision_weighted;recall_macro;recall_micro;recall_weighted;time
0.7986762136758446;0.7312334774088618;0.7419439312488774;0.7986762136758446;0.779984862580855;0.7826252077126827;0.7986762136758446;0.7905393336623894;0.7312334774088618;0.7986762136758446;0.7986762136758446;1.7288594245910645
