acc;avg_acc;f1_macro;f1_micro;f1_weighted;precision_macro;precision_micro;precision_weighted;recall_macro;recall_micro;recall_weighted;time
0.8195910533697498;0.7645356453906336;0.7773780765491339;0.8195910533697499;0.8008286101276285;0.8238985434019759;0.8195910533697498;0.8186482598459448;0.7645356453906336;0.8195910533697498;0.8195910533697498;1.3923604488372803
