acc;avg_acc;f1_macro;f1_micro;f1_weighted;precision_macro;precision_micro;precision_weighted;recall_macro;recall_micro;recall_weighted;time
0.7904825176545853;0.7153116278558841;0.7256350227953254;0.7904825176545853;0.7681652617140471;0.7720428644611411;0.7904825176545853;0.7827889418300731;0.7153116278558841;0.7904825176545853;0.7904825176545853;1.4935908317565918
