acc;avg_acc;f1_macro;f1_micro;f1_weighted;precision_macro;precision_micro;precision_weighted;recall_macro;recall_micro;recall_weighted;time
0.8172043010752689;0.7551926689191248;0.767960756198502;0.8172043010752688;0.7958059953842939;0.8269916380038828;0.8172043010752689;0.8157046682921711;0.7551926689191248;0.8172043010752689;0.8172043010752689;1.4388916492462158
