acc;avg_acc;f1_macro;f1_micro;f1_weighted;precision_macro;precision_micro;precision_weighted;recall_macro;recall_micro;recall_weighted;time
0.814915971555818;0.7437325977975973;0.7641792978595001;0.814915971555818;0.7962211698335031;0.8182435841518332;0.814915971555818;0.8094214224791798;0.7437325977975973;0.814915971555818;0.814915971555818;1.4775903224945068
