acc;avg_acc;f1_macro;f1_micro;f1_weighted;precision_macro;precision_micro;precision_weighted;recall_macro;recall_micro;recall_weighted;time
0.8139317438055166;0.747554385819054;0.7636543473080257;0.8139317438055165;0.7936675525163058;0.8192303742856557;0.8139317438055166;0.8096551498460992;0.747554385819054;0.8139317438055166;0.8139317438055166;1.428684949874878
