acc;avg_acc;f1_macro;f1_micro;f1_weighted;precision_macro;precision_micro;precision_weighted;recall_macro;recall_micro;recall_weighted;time
0.8130459388302453;0.7524863958231764;0.7667426330360256;0.8130459388302452;0.7924767052282303;0.8191810025862167;0.8130459388302453;0.8121615913865688;0.7524863958231764;0.8130459388302453;0.8130459388302453;1.443023443222046
