acc;avg_acc;f1_macro;f1_micro;f1_weighted;precision_macro;precision_micro;precision_weighted;recall_macro;recall_micro;recall_weighted;time
0.8213380576265348;0.7597190971074271;0.7744733045609612;0.8213380576265347;0.8005256403460675;0.8349417605806786;0.8213380576265348;0.8239617167116015;0.7597190971074271;0.8213380576265348;0.8213380576265348;1.2132985591888428
