acc;avg_acc;f1_macro;f1_micro;f1_weighted;precision_macro;precision_micro;precision_weighted;recall_macro;recall_micro;recall_weighted;time
0.8133412071553358;0.748446527026836;0.765647528432825;0.8133412071553358;0.793446026054717;0.8174778335826907;0.8133412071553358;0.8129563567187017;0.748446527026836;0.8133412071553358;0.8133412071553358;1.3363933563232422
