acc;avg_acc;f1_macro;f1_micro;f1_weighted;precision_macro;precision_micro;precision_weighted;recall_macro;recall_micro;recall_weighted;time
0.8216825373391403;0.758194730478294;0.7749733662915693;0.8216825373391403;0.8040426960469068;0.8266784477411843;0.8216825373391403;0.8211035121151573;0.758194730478294;0.8216825373391403;0.8216825373391403;1.4730212688446045
