acc;avg_acc;f1_macro;f1_micro;f1_weighted;precision_macro;precision_micro;precision_weighted;recall_macro;recall_micro;recall_weighted;time
0.813168967299033;0.7528794541243142;0.7674411071935408;0.813168967299033;0.7956283555668314;0.8103432183547622;0.813168967299033;0.8072373898361894;0.7528794541243142;0.813168967299033;0.813168967299033;1.3923797607421875
