acc;avg_acc;f1_macro;f1_micro;f1_weighted;precision_macro;precision_micro;precision_weighted;recall_macro;recall_micro;recall_weighted;time
0.8166383701188455;0.75146004081329;0.7714104137467099;0.8166383701188455;0.7990846713422747;0.82050666551921;0.8166383701188455;0.814817656325424;0.75146004081329;0.8166383701188455;0.8166383701188455;0.8427515029907227
