acc;avg_acc;f1_macro;f1_micro;f1_weighted;precision_macro;precision_micro;precision_weighted;recall_macro;recall_micro;recall_weighted;time
0.8216087202578677;0.7669936110955722;0.7821411081904772;0.8216087202578676;0.807511062488221;0.8192908056580172;0.8216087202578677;0.8170965900845288;0.7669936110955722;0.8216087202578677;0.8216087202578677;1.2408170700073242
