acc;avg_acc;f1_macro;f1_micro;f1_weighted;precision_macro;precision_micro;precision_weighted;recall_macro;recall_micro;recall_weighted;time
0.8135626583991535;0.7464522425342661;0.7677460770713939;0.8135626583991535;0.793590989329352;0.8262466294539019;0.8135626583991535;0.811593757084771;0.7464522425342661;0.8135626583991535;0.8135626583991535;1.3769652843475342
