acc;avg_acc;f1_macro;f1_micro;f1_weighted;precision_macro;precision_micro;precision_weighted;recall_macro;recall_micro;recall_weighted;time
0.7903348834920401;0.7068979245600011;0.7239680607453236;0.7903348834920402;0.765679942777423;0.7783889170924151;0.7903348834920401;0.7790612743147363;0.7068979245600011;0.7903348834920401;0.7903348834920401;1.3839480876922607
