acc;avg_acc;f1_macro;f1_micro;f1_weighted;precision_macro;precision_micro;precision_weighted;recall_macro;recall_micro;recall_weighted;time
0.8215841145641102;0.7554366870684146;0.7748454067050273;0.8215841145641103;0.803507026539381;0.8272137251201505;0.8215841145641102;0.8199543741824415;0.7554366870684146;0.8215841145641102;0.8215841145641102;1.1357972621917725
