acc;avg_acc;f1_macro;f1_micro;f1_weighted;precision_macro;precision_micro;precision_weighted;recall_macro;recall_micro;recall_weighted;time
0.8228390049457445;0.758834621185233;0.7780894941900203;0.8228390049457445;0.8059438719909643;0.8303166744754162;0.8228390049457445;0.8221438441202461;0.758834621185233;0.8228390049457445;0.8228390049457445;1.1347107887268066
