acc;avg_acc;f1_macro;f1_micro;f1_weighted;precision_macro;precision_micro;precision_weighted;recall_macro;recall_micro;recall_weighted;time
0.8130459388302453;0.7547105235362072;0.7697495024829553;0.8130459388302452;0.7940656192669933;0.8163266642192725;0.8130459388302453;0.8112862922077306;0.7547105235362072;0.8130459388302453;0.8130459388302453;1.379396677017212
