acc;avg_acc;f1_macro;f1_micro;f1_weighted;precision_macro;precision_micro;precision_weighted;recall_macro;recall_micro;recall_weighted;time
0.8141285893555769;0.7535931088234737;0.7697500978874352;0.8141285893555769;0.7978825761465815;0.8107621377517928;0.8141285893555769;0.8074965351083991;0.7535931088234737;0.8141285893555769;0.8141285893555769;1.34779691696167
