acc;avg_acc;f1_macro;f1_micro;f1_weighted;precision_macro;precision_micro;precision_weighted;recall_macro;recall_micro;recall_weighted;time
0.8147929430870303;0.7571921593112134;0.7724169292053493;0.8147929430870303;0.799089073740355;0.8135562230507402;0.8147929430870303;0.8124096409848656;0.7571921593112134;0.8147929430870303;0.8147929430870303;1.4124057292938232
