acc;avg_acc;f1_macro;f1_micro;f1_weighted;precision_macro;precision_micro;precision_weighted;recall_macro;recall_micro;recall_weighted;time
0.8130705445240028;0.7477734346928239;0.765972137829497;0.8130705445240028;0.7941713472803159;0.8166597233762237;0.8130705445240028;0.8061301246891787;0.7477734346928239;0.8130705445240028;0.8130705445240028;1.361386775970459
