acc;avg_acc;f1_macro;f1_micro;f1_weighted;precision_macro;precision_micro;precision_weighted;recall_macro;recall_micro;recall_weighted;time
0.8106345808420068;0.7391004490374524;0.7583761378416114;0.8106345808420068;0.7884854801679008;0.821588343174998;0.8106345808420068;0.8122147157937891;0.7391004490374524;0.8106345808420068;0.8106345808420068;1.4441742897033691
