acc;avg_acc;f1_macro;f1_micro;f1_weighted;precision_macro;precision_micro;precision_weighted;recall_macro;recall_micro;recall_weighted;time
0.8197140818385374;0.7594018050638867;0.777301061598182;0.8197140818385374;0.8033073257581042;0.8241300847222579;0.8197140818385374;0.8174709679801591;0.7594018050638867;0.8197140818385374;0.8197140818385374;1.4163801670074463
