acc;avg_acc;f1_macro;f1_micro;f1_weighted;precision_macro;precision_micro;precision_weighted;recall_macro;recall_micro;recall_weighted;time
0.8219778056642307;0.7659787004041645;0.7836365112549015;0.8219778056642306;0.8063196028638548;0.8273864237675501;0.8219778056642307;0.8185860507735028;0.7659787004041645;0.8219778056642307;0.8219778056642307;1.4293606281280518
