acc;avg_acc;f1_macro;f1_micro;f1_weighted;precision_macro;precision_micro;precision_weighted;recall_macro;recall_micro;recall_weighted;time
0.8190251224133265;0.7562293441905175;0.7747627511222424;0.8190251224133265;0.7987461378990018;0.8305385565506386;0.8190251224133265;0.8161512696662974;0.7562293441905175;0.8190251224133265;0.8190251224133265;1.442929744720459
