acc;avg_acc;f1_macro;f1_micro;f1_weighted;precision_macro;precision_micro;precision_weighted;recall_macro;recall_micro;recall_weighted;time
0.8163677074875126;0.7512515387837293;0.7694396930562194;0.8163677074875126;0.7971269668208741;0.820827983365846;0.8163677074875126;0.8143250887539378;0.7512515387837293;0.8163677074875126;0.8163677074875126;1.4435145854949951
