acc;avg_acc;f1_macro;f1_micro;f1_weighted;precision_macro;precision_micro;precision_weighted;recall_macro;recall_micro;recall_weighted;time
0.8119632883049137;0.7470751673110557;0.7652049240397186;0.8119632883049137;0.7948345374445335;0.8128802845768239;0.8119632883049137;0.8076209020964336;0.7470751673110557;0.8119632883049137;0.8119632883049137;1.6523277759552002
