acc;avg_acc;f1_macro;f1_micro;f1_weighted;precision_macro;precision_micro;precision_weighted;recall_macro;recall_micro;recall_weighted;time
0.8208213380576266;0.7584230984289286;0.7781593448646864;0.8208213380576266;0.7993805327983865;0.8404451441691235;0.8208213380576266;0.8230779709718885;0.7584230984289286;0.8208213380576266;0.8208213380576266;1.434626817703247
