acc;avg_acc;f1_macro;f1_micro;f1_weighted;precision_macro;precision_micro;precision_weighted;recall_macro;recall_micro;recall_weighted;time
0.8189759110258114;0.762775191885614;0.7774706856792132;0.8189759110258112;0.8012525158382603;0.8214051365462333;0.8189759110258114;0.8167764656058749;0.762775191885614;0.8189759110258114;0.8189759110258114;1.494128942489624
