acc;avg_acc;f1_macro;f1_micro;f1_weighted;precision_macro;precision_micro;precision_weighted;recall_macro;recall_micro;recall_weighted;time
0.8143254349056371;0.7392155691355904;0.7558196574356644;0.814325434905637;0.7945323393621286;0.8120081934831861;0.8143254349056371;0.8110387920831799;0.7392155691355904;0.8143254349056371;0.8143254349056371;1.3315811157226562
