acc;avg_acc;f1_macro;f1_micro;f1_weighted;precision_macro;precision_micro;precision_weighted;recall_macro;recall_micro;recall_weighted;time
0.8134642356241234;0.7508049844665491;0.768598586635906;0.8134642356241234;0.7947174413861418;0.8138719588271576;0.8134642356241234;0.8048903685088962;0.7508049844665491;0.8134642356241234;0.8134642356241234;1.3668067455291748
