acc;avg_acc;f1_macro;f1_micro;f1_weighted;precision_macro;precision_micro;precision_weighted;recall_macro;recall_micro;recall_weighted;time
0.8053935680716517;0.7301105728568984;0.749289799551166;0.8053935680716517;0.7806460144142354;0.8166381403867145;0.8053935680716517;0.8063760392141509;0.7301105728568984;0.8053935680716517;0.8053935680716517;1.4372470378875732
