acc;avg_acc;f1_macro;f1_micro;f1_weighted;precision_macro;precision_micro;precision_weighted;recall_macro;recall_micro;recall_weighted;time
0.8148913658620605;0.7533327964951442;0.7722690268317527;0.8148913658620605;0.7945480020402296;0.828133924608919;0.8148913658620605;0.8149228958764894;0.7533327964951442;0.8148913658620605;0.8148913658620605;1.581878423690796
