acc;avg_acc;f1_macro;f1_micro;f1_weighted;precision_macro;precision_micro;precision_weighted;recall_macro;recall_micro;recall_weighted;time
0.815924804999877;0.7555425151247221;0.7728667026732318;0.815924804999877;0.79786608971643;0.8180562509597555;0.815924804999877;0.8121516484761899;0.7555425151247221;0.815924804999877;0.815924804999877;1.390326738357544
