acc;avg_acc;f1_macro;f1_micro;f1_weighted;precision_macro;precision_micro;precision_weighted;recall_macro;recall_micro;recall_weighted;time
0.8048276371152284;0.7347981803451245;0.7528479773153642;0.8048276371152284;0.7796856607577821;0.8187172096117215;0.8048276371152284;0.805044777586908;0.7347981803451245;0.8048276371152284;0.8048276371152284;1.436816930770874
