acc;avg_acc;f1_macro;f1_micro;f1_weighted;precision_macro;precision_micro;precision_weighted;recall_macro;recall_micro;recall_weighted;time
0.809355084766615;0.7450536339157764;0.7569345456835022;0.809355084766615;0.7845752052320807;0.8205771660821438;0.809355084766615;0.8143603914995778;0.7450536339157764;0.809355084766615;0.809355084766615;1.4200546741485596
