acc;avg_acc;f1_macro;f1_micro;f1_weighted;precision_macro;precision_micro;precision_weighted;recall_macro;recall_micro;recall_weighted;time
0.7884156393789523;0.721364558653048;0.7235605853560321;0.7884156393789523;0.7631422110544626;0.7692071649961674;0.7884156393789523;0.778513401021705;0.721364558653048;0.7884156393789523;0.7884156393789523;1.6883265972137451
