acc;avg_acc;f1_macro;f1_micro;f1_weighted;precision_macro;precision_micro;precision_weighted;recall_macro;recall_micro;recall_weighted;time
0.8171550896877537;0.753829243249034;0.7699460828940057;0.8171550896877537;0.8004132459558865;0.8166274598873403;0.8171550896877537;0.8186179269344059;0.753829243249034;0.8171550896877537;0.8171550896877537;1.4669184684753418
