acc;avg_acc;f1_macro;f1_micro;f1_weighted;precision_macro;precision_micro;precision_weighted;recall_macro;recall_micro;recall_weighted;time
0.8167367928938757;0.764681384447431;0.7784318422143455;0.8167367928938757;0.8003688406814372;0.8158067782207739;0.8167367928938757;0.8120939561120364;0.764681384447431;0.8167367928938757;0.8167367928938757;1.4109368324279785
