acc;avg_acc;f1_macro;f1_micro;f1_weighted;precision_macro;precision_micro;precision_weighted;recall_macro;recall_micro;recall_weighted;time
0.8148175487807878;0.7601435870346475;0.770846752139168;0.8148175487807878;0.7989966500072331;0.8076737647881811;0.8148175487807878;0.8094443443396143;0.7601435870346475;0.8148175487807878;0.8148175487807878;1.477653980255127
