acc;avg_acc;f1_macro;f1_micro;f1_weighted;precision_macro;precision_micro;precision_weighted;recall_macro;recall_micro;recall_weighted;time
0.8205998868138087;0.7661345204040345;0.7803442059270087;0.8205998868138088;0.8050897013865023;0.823698677641027;0.8205998868138087;0.8180407762063464;0.7661345204040345;0.8205998868138087;0.8205998868138087;1.0537681579589844
