acc;avg_acc;f1_macro;f1_micro;f1_weighted;precision_macro;precision_micro;precision_weighted;recall_macro;recall_micro;recall_weighted;time
0.8216333259516252;0.7653436561809411;0.7784202119317254;0.8216333259516252;0.8058787527942566;0.8183561620268838;0.8216333259516252;0.8206152321869372;0.7653436561809411;0.8216333259516252;0.8216333259516252;1.321554183959961
