acc;avg_acc;f1_macro;f1_micro;f1_weighted;precision_macro;precision_micro;precision_weighted;recall_macro;recall_micro;recall_weighted;time
0.8182869516006004;0.7481896506963897;0.7629901277707055;0.8182869516006004;0.7955798069956652;0.8244426358771305;0.8182869516006004;0.8152456882861129;0.7481896506963897;0.8182869516006004;0.8182869516006004;1.4656941890716553
