acc;avg_acc;f1_macro;f1_micro;f1_weighted;precision_macro;precision_micro;precision_weighted;recall_macro;recall_micro;recall_weighted;time
0.8189513053320538;0.7557348112549936;0.7744444764055523;0.818951305332054;0.7997552125873714;0.8257609289299048;0.8189513053320538;0.8142058316494313;0.7557348112549936;0.8189513053320538;0.8189513053320538;1.3278369903564453
