acc;avg_acc;f1_macro;f1_micro;f1_weighted;precision_macro;precision_micro;precision_weighted;recall_macro;recall_micro;recall_weighted;time
0.8058610762530449;0.7484442615855817;0.7653107823285126;0.8058610762530449;0.7893100291094248;0.8039866912412518;0.8058610762530449;0.7995133179709148;0.7484442615855817;0.8058610762530449;0.8058610762530449;1.3702328205108643
