acc;avg_acc;f1_macro;f1_micro;f1_weighted;precision_macro;precision_micro;precision_weighted;recall_macro;recall_micro;recall_weighted;time
0.8119386826111562;0.7454165076058987;0.7661883249277501;0.8119386826111562;0.7927769187662287;0.824581788189446;0.8119386826111562;0.8133006515823787;0.7454165076058987;0.8119386826111562;0.8119386826111562;1.4324431419372559
