acc;avg_acc;f1_macro;f1_micro;f1_weighted;precision_macro;precision_micro;precision_weighted;recall_macro;recall_micro;recall_weighted;time
0.8231588789645924;0.7699730705424748;0.7853515853099543;0.8231588789645924;0.8105034659678516;0.8199009133839018;0.8231588789645924;0.8210345597599856;0.7699730705424748;0.8231588789645924;0.8231588789645924;1.4178743362426758
