acc;avg_acc;f1_macro;f1_micro;f1_weighted;precision_macro;precision_micro;precision_weighted;recall_macro;recall_micro;recall_weighted;time
0.8205998868138087;0.7671058108168873;0.7850153799284114;0.8205998868138088;0.8048746680967959;0.8270241716409659;0.8205998868138087;0.815562264863768;0.7671058108168873;0.8205998868138087;0.8205998868138087;1.4285049438476562
