acc;avg_acc;f1_macro;f1_micro;f1_weighted;precision_macro;precision_micro;precision_weighted;recall_macro;recall_micro;recall_weighted;time
0.81799168327551;0.7534272668113614;0.7703066330229064;0.8179916832755099;0.8043736940653267;0.8066645596544609;0.81799168327551;0.8133446894091972;0.7534272668113614;0.81799168327551;0.81799168327551;1.3440489768981934
