acc;avg_acc;f1_macro;f1_micro;f1_weighted;precision_macro;precision_micro;precision_weighted;recall_macro;recall_micro;recall_weighted;time
0.8146699146182427;0.7448214659343895;0.7671270531084228;0.8146699146182428;0.7953065953590974;0.8238311840439955;0.8146699146182427;0.8127292955034959;0.7448214659343895;0.8146699146182427;0.8146699146182427;1.3943877220153809
