acc;avg_acc;f1_macro;f1_micro;f1_weighted;precision_macro;precision_micro;precision_weighted;recall_macro;recall_micro;recall_weighted;time
0.8035973524273516;0.7326161041367674;0.7542387671738163;0.8035973524273516;0.7824832492696626;0.8137579015738612;0.8035973524273516;0.8049387902568919;0.7326161041367674;0.8035973524273516;0.8035973524273516;1.3974699974060059
