acc;avg_acc;f1_macro;f1_micro;f1_weighted;precision_macro;precision_micro;precision_weighted;recall_macro;recall_micro;recall_weighted;time
0.8185330085381758;0.7586866446382966;0.7752218666749874;0.8185330085381758;0.8009764200143091;0.8211304811095921;0.8185330085381758;0.8160544250165378;0.7586866446382966;0.8185330085381758;0.8185330085381758;1.4535870552062988
