acc;avg_acc;f1_macro;f1_micro;f1_weighted;precision_macro;precision_micro;precision_weighted;recall_macro;recall_micro;recall_weighted;time
0.8182131345193278;0.7577725234174483;0.7695293843843518;0.8182131345193278;0.7995614011536678;0.8116036217749287;0.8182131345193278;0.8129519949263666;0.7577725234174483;0.8182131345193278;0.8182131345193278;1.4203071594238281
