acc;avg_acc;f1_macro;f1_micro;f1_weighted;precision_macro;precision_micro;precision_weighted;recall_macro;recall_micro;recall_weighted;time
0.8174011466253291;0.7445822838200704;0.7656662223963749;0.8174011466253291;0.7967790428953033;0.8341144782422977;0.8174011466253291;0.8192482721941281;0.7445822838200704;0.8174011466253291;0.8174011466253291;1.4298286437988281
