acc;avg_acc;f1_macro;f1_micro;f1_weighted;precision_macro;precision_micro;precision_weighted;recall_macro;recall_micro;recall_weighted;time
0.816343101793755;0.751559077588707;0.7687995473596405;0.816343101793755;0.7970638225447709;0.8224890182031781;0.816343101793755;0.8130836116736369;0.751559077588707;0.816343101793755;0.816343101793755;1.1583154201507568
