acc;avg_acc;f1_macro;f1_micro;f1_weighted;precision_macro;precision_micro;precision_weighted;recall_macro;recall_micro;recall_weighted;time
0.7901872493294948;0.7129096965815035;0.7175978812314849;0.7901872493294948;0.7633038389695047;0.7759705655760087;0.7901872493294948;0.7863547274765827;0.7129096965815035;0.7901872493294948;0.7901872493294948;1.4379589557647705
