acc;avg_acc;f1_macro;f1_micro;f1_weighted;precision_macro;precision_micro;precision_weighted;recall_macro;recall_micro;recall_weighted;time
0.8227159764769568;0.7685063146716316;0.7842324067286258;0.8227159764769568;0.8043979512643902;0.8322371815406788;0.8227159764769568;0.8227681036168241;0.7685063146716316;0.8227159764769568;0.8227159764769568;1.1332833766937256
