acc;avg_acc;f1_macro;f1_micro;f1_weighted;precision_macro;precision_micro;precision_weighted;recall_macro;recall_micro;recall_weighted;time
0.8068453040033464;0.7346684510541844;0.7526300333937529;0.8068453040033464;0.7860398049852979;0.8061336841079643;0.8068453040033464;0.7998140022908351;0.7346684510541844;0.8068453040033464;0.8068453040033464;1.376359462738037
