acc;avg_acc;f1_macro;f1_micro;f1_weighted;precision_macro;precision_micro;precision_weighted;recall_macro;recall_micro;recall_weighted;time
0.8036219581211093;0.7471262184125285;0.7645885341369385;0.8036219581211093;0.7878769359154089;0.8021043602087574;0.8036219581211093;0.7955745994152249;0.7471262184125285;0.8036219581211093;0.8036219581211093;1.3604774475097656
