acc;avg_acc;f1_macro;f1_micro;f1_weighted;precision_macro;precision_micro;precision_weighted;recall_macro;recall_micro;recall_weighted;time
0.822543736620654;0.7612665937882936;0.7809361813950272;0.822543736620654;0.8073940301453871;0.8275573857719354;0.822543736620654;0.8235255402568821;0.7612665937882936;0.822543736620654;0.822543736620654;1.478358268737793
