acc;avg_acc;f1_macro;f1_micro;f1_weighted;precision_macro;precision_micro;precision_weighted;recall_macro;recall_micro;recall_weighted;time
0.8167367928938757;0.7544412537328411;0.7708144011327815;0.8167367928938757;0.7993318707644996;0.8160883874723713;0.8167367928938757;0.813796491156653;0.7544412537328411;0.8167367928938757;0.8167367928938757;1.3262953758239746
