acc;avg_acc;f1_macro;f1_micro;f1_weighted;precision_macro;precision_micro;precision_weighted;recall_macro;recall_micro;recall_weighted;time
0.7882433995226495;0.71924708886935;0.7334781484926833;0.7882433995226495;0.7653241100976587;0.7806448274796296;0.7882433995226495;0.7800434748541891;0.71924708886935;0.7882433995226495;0.7882433995226495;1.5473368167877197
