acc;avg_acc;f1_macro;f1_micro;f1_weighted;precision_macro;precision_micro;precision_weighted;recall_macro;recall_micro;recall_weighted;time
0.8227405821707143;0.7632820755645879;0.781601369285171;0.8227405821707143;0.8103032975004194;0.8180476118905892;0.8227405821707143;0.8192939694794302;0.7632820755645879;0.8227405821707143;0.8227405821707143;1.4756782054901123
