acc;avg_acc;f1_macro;f1_micro;f1_weighted;precision_macro;precision_micro;precision_weighted;recall_macro;recall_micro;recall_weighted;time
0.8134150242366084;0.7476278958749492;0.7606656272758912;0.8134150242366084;0.791808796247112;0.8119406922770647;0.8134150242366084;0.8115792528878004;0.7476278958749492;0.8134150242366084;0.8134150242366084;1.3246750831604004
