acc;avg_acc;f1_macro;f1_micro;f1_weighted;precision_macro;precision_micro;precision_weighted;recall_macro;recall_micro;recall_weighted;time
0.8100932555793411;0.7323444377595448;0.7475617389873337;0.8100932555793411;0.783949024327687;0.8272542002692094;0.8100932555793411;0.8086275616838523;0.7323444377595448;0.8100932555793411;0.8100932555793411;1.4190802574157715
