acc;avg_acc;f1_macro;f1_micro;f1_weighted;precision_macro;precision_micro;precision_weighted;recall_macro;recall_micro;recall_weighted;time
0.8187298540882361;0.7549573197110951;0.7724817076628918;0.8187298540882361;0.8002286575145942;0.8240029974431222;0.8187298540882361;0.818615735067148;0.7549573197110951;0.8187298540882361;0.8187298540882361;1.4087297916412354
