acc;avg_acc;f1_macro;f1_micro;f1_weighted;precision_macro;precision_micro;precision_weighted;recall_macro;recall_micro;recall_weighted;time
0.8204030412637484;0.7556112052806204;0.7757183697514949;0.8204030412637484;0.8052015381484554;0.8204165545127069;0.8204030412637484;0.8164304395495864;0.7556112052806204;0.8204030412637484;0.8204030412637484;1.4519038200378418
