acc;avg_acc;f1_macro;f1_micro;f1_weighted;precision_macro;precision_micro;precision_weighted;recall_macro;recall_micro;recall_weighted;time
0.8212642405452621;0.7603426599881701;0.7778969054686267;0.8212642405452621;0.8065362835662573;0.8205798252802394;0.8212642405452621;0.8158127060054837;0.7603426599881701;0.8212642405452621;0.8212642405452621;1.4445102214813232
