acc;avg_acc;f1_macro;f1_micro;f1_weighted;precision_macro;precision_micro;precision_weighted;recall_macro;recall_micro;recall_weighted;time
0.8198617160010826;0.757338717765443;0.7755132591931684;0.8198617160010826;0.8017744543205193;0.8244475379844051;0.8198617160010826;0.8169539462134132;0.757338717765443;0.8198617160010826;0.8198617160010826;1.4540245532989502
