acc;avg_acc;f1_macro;f1_micro;f1_weighted;precision_macro;precision_micro;precision_weighted;recall_macro;recall_micro;recall_weighted;time
0.8251519401589528;0.7634490888532227;0.786382269359766;0.8251519401589528;0.8143619043991245;0.8281180037490842;0.8251519401589528;0.8229588865806404;0.7634490888532227;0.8251519401589528;0.8251519401589528;0.7407312393188477
