acc;avg_acc;f1_macro;f1_micro;f1_weighted;precision_macro;precision_micro;precision_weighted;recall_macro;recall_micro;recall_weighted;time
0.8269235501094954;0.765337046358207;0.7871034996124845;0.8269235501094954;0.8172854865646506;0.8246360332959121;0.8269235501094954;0.8236762442134081;0.765337046358207;0.8269235501094954;0.8269235501094954;0.7297134399414062
