acc;avg_acc;f1_macro;f1_micro;f1_weighted;precision_macro;precision_micro;precision_weighted;recall_macro;recall_micro;recall_weighted;time
0.8216333259516252;0.7561139400139096;0.7774719608082389;0.8216333259516252;0.810893641575891;0.8181196637608931;0.8216333259516252;0.8176333777567043;0.7561139400139096;0.8216333259516252;0.8216333259516252;0.7387294769287109
