acc;avg_acc;f1_macro;f1_micro;f1_weighted;precision_macro;precision_micro;precision_weighted;recall_macro;recall_micro;recall_weighted;time
0.824610614896287;0.7659750267800628;0.7859071798105169;0.824610614896287;0.8143561439831021;0.8215207955127578;0.824610614896287;0.8205870643451754;0.7659750267800628;0.824610614896287;0.824610614896287;0.7692668437957764
