acc;avg_acc;f1_macro;f1_micro;f1_weighted;precision_macro;precision_micro;precision_weighted;recall_macro;recall_micro;recall_weighted;time
0.824610614896287;0.7618038875219462;0.7831264146153534;0.824610614896287;0.8130260599589116;0.8235365779777234;0.824610614896287;0.8215156168938511;0.7618038875219462;0.824610614896287;0.824610614896287;0.7605466842651367
