expl_var_class_0,expl_var_class_1,expl_var_class_2,expl_var_class_3,expl_var_class_4,expl_var_class_5,expl_var_mean,mae_class_0,mae_class_1,mae_class_2,mae_class_3,mae_class_4,mae_class_5,mae_mean,mse_class_0,mse_class_1,mse_class_2,mse_class_3,mse_class_4,mse_class_5,mse_mean,r2_class_0,r2_class_1,r2_class_2,r2_class_3,r2_class_4,r2_class_5,r2_mean,time
0.9552413713000949,0.965109746777936,0.9756604466379524,0.9689558952685893,0.8353465579175618,0.9388640341478675,0.9398630086750003,0.029545259876947838,0.037235645685534446,0.027188330594242485,0.01462347019238689,0.016764322440832344,0.024401707113345435,0.024959789317214907,0.004372563678812924,0.004598894269892485,0.002906900834073714,0.0012328537809101797,0.002178933778957335,0.002694605240149942,0.002997458597132763,0.9552404529720422,0.9651095594728124,0.9756552983198051,0.9689210275523668,0.8352942583211711,0.9388374892425444,0.939843014313457,7.533809423446655
