expl_var_class_0,expl_var_class_1,expl_var_class_2,expl_var_class_3,expl_var_class_4,expl_var_class_5,expl_var_mean,mae_class_0,mae_class_1,mae_class_2,mae_class_3,mae_class_4,mae_class_5,mae_mean,mse_class_0,mse_class_1,mse_class_2,mse_class_3,mse_class_4,mse_class_5,mse_mean,r2_class_0,r2_class_1,r2_class_2,r2_class_3,r2_class_4,r2_class_5,r2_mean,time
0.9545099683719821,0.9679668317930723,0.9768391069529249,0.9660013069745689,0.8157403634299165,0.9355051716716878,0.9360937915323587,0.02986210322103333,0.0357467565694957,0.026165009482667534,0.01504299394835167,0.01774806335332602,0.02498439964426573,0.024924887703189996,0.0044406646881866955,0.004221029913291131,0.0027679997531658,0.0013517097469321765,0.002425549351005925,0.002829226318955472,0.003006029961922867,0.9545091947803747,0.9679614039462173,0.9768357520348036,0.9659768094028285,0.8157373860181327,0.9354940878312992,0.9360857723356092,9.431026935577393
