expl_var_class_0,expl_var_class_1,expl_var_class_2,expl_var_class_3,expl_var_class_4,expl_var_class_5,expl_var_mean,mae_class_0,mae_class_1,mae_class_2,mae_class_3,mae_class_4,mae_class_5,mae_mean,mse_class_0,mse_class_1,mse_class_2,mse_class_3,mse_class_4,mse_class_5,mse_mean,r2_class_0,r2_class_1,r2_class_2,r2_class_3,r2_class_4,r2_class_5,r2_mean,time
0.9569842674834443,0.9666598633126047,0.9753317343838366,0.9654918222161398,0.831775951545581,0.9362453652159498,0.9387481673595927,0.02916300476452549,0.03611693553241507,0.026711047896998956,0.015148478361227853,0.01752605489348719,0.024639691233547395,0.024884202113700325,0.004210199537386419,0.004389258281839159,0.0029357639420653668,0.0013736752370168798,0.0022212291448335856,0.002801256939124918,0.002988563847044388,0.9569822444617223,0.9666578046061909,0.9753314546918964,0.9654634183621512,0.8317317155289013,0.9362348688257411,0.9387335844127671,2.698080062866211
