expl_var_class_0,expl_var_class_1,expl_var_class_2,expl_var_class_3,expl_var_class_4,expl_var_class_5,expl_var_mean,mae_class_0,mae_class_1,mae_class_2,mae_class_3,mae_class_4,mae_class_5,mae_mean,mse_class_0,mse_class_1,mse_class_2,mse_class_3,mse_class_4,mse_class_5,mse_mean,r2_class_0,r2_class_1,r2_class_2,r2_class_3,r2_class_4,r2_class_5,r2_mean,time
0.942073447641646,0.9648409331713153,0.9739726772280579,0.9617403629879946,0.7233984394692574,0.9320049512759685,0.91633846862904,0.03380849859616717,0.03725481070493525,0.028131495889036042,0.016421265681374468,0.021520566570967764,0.02565462461438086,0.02713187700947693,0.005652956716017047,0.004639613142755018,0.0031116345792221657,0.001541955746046131,0.003657530148225278,0.0029751391274104146,0.003596471576612675,0.9420734285995,0.9647760382671811,0.9739609870116787,0.9616310924476204,0.7233807791975237,0.9319872419035917,0.9163015945711827,1.9895026683807373
