expl_var_class_0,expl_var_class_1,expl_var_class_2,expl_var_class_3,expl_var_class_4,expl_var_class_5,expl_var_mean,mae_class_0,mae_class_1,mae_class_2,mae_class_3,mae_class_4,mae_class_5,mae_mean,mse_class_0,mse_class_1,mse_class_2,mse_class_3,mse_class_4,mse_class_5,mse_mean,r2_class_0,r2_class_1,r2_class_2,r2_class_3,r2_class_4,r2_class_5,r2_mean,time
0.9547139857181002,0.9672321143276441,0.976492848100086,0.966024663461495,0.810782646015529,0.9365980912027427,0.9353073914709329,0.029864898578486676,0.03624195209813511,0.026725788308568806,0.015202705398429247,0.01804309468848217,0.0248190633540971,0.02514958373769985,0.004420714721382365,0.004318226601445578,0.002808983395089911,0.001352303173513684,0.0024910638280278806,0.0027817157827695655,0.0030288345837048308,0.9547135650982795,0.9672236585396424,0.9764927768437974,0.9659618725676582,0.8107604232592781,0.9365773205347994,0.9352882694739092,7.069071292877197
