expl_var_class_0,expl_var_class_1,expl_var_class_2,expl_var_class_3,expl_var_class_4,expl_var_class_5,expl_var_mean,mae_class_0,mae_class_1,mae_class_2,mae_class_3,mae_class_4,mae_class_5,mae_mean,mse_class_0,mse_class_1,mse_class_2,mse_class_3,mse_class_4,mse_class_5,mse_mean,r2_class_0,r2_class_1,r2_class_2,r2_class_3,r2_class_4,r2_class_5,r2_mean,time
0.9559508980922614,0.9675350133708794,0.9767326999277292,0.9669304398879796,0.8184836128101668,0.9389407308411816,0.9374288991550331,0.029313952234793352,0.035828758001276134,0.026497380569640447,0.014839631289738713,0.017593942430370768,0.02448486533445396,0.02475975497671223,0.0042999421471936585,0.004280986861591542,0.00278132993530113,0.0013154420781569828,0.0023897509557980747,0.0026791340678259693,0.002957764340977893,0.9559507766497184,0.9675063168023983,0.9767241972400278,0.9668896842341701,0.8184568960848394,0.9389161673954879,0.9374073397344403,6.644687175750732
