expl_var_class_0,expl_var_class_1,expl_var_class_2,expl_var_class_3,expl_var_class_4,expl_var_class_5,expl_var_mean,mae_class_0,mae_class_1,mae_class_2,mae_class_3,mae_class_4,mae_class_5,mae_mean,mse_class_0,mse_class_1,mse_class_2,mse_class_3,mse_class_4,mse_class_5,mse_mean,r2_class_0,r2_class_1,r2_class_2,r2_class_3,r2_class_4,r2_class_5,r2_mean,time
0.9546257766393618,0.9658784928518475,0.9758793862073012,0.9677557965622128,0.8375328456112752,0.9379827692062206,0.939942511179703,0.029862634751389387,0.03675226129291392,0.02696217474986163,0.014582187084644366,0.016643782756996087,0.02466248371652599,0.024910920725388568,0.004432972884036551,0.004497543303504159,0.002880701054897285,0.0012816121420039964,0.002150484089948274,0.0027339025745954006,0.0029962026748309445,0.9546220769206584,0.9658784790560033,0.9758747161274788,0.9676918795508026,0.8374447721064096,0.9379455130803419,0.9399095728069491,10.530374526977539
