expl_var_class_0,expl_var_class_1,expl_var_class_2,expl_var_class_3,expl_var_class_4,expl_var_class_5,expl_var_mean,mae_class_0,mae_class_1,mae_class_2,mae_class_3,mae_class_4,mae_class_5,mae_mean,mse_class_0,mse_class_1,mse_class_2,mse_class_3,mse_class_4,mse_class_5,mse_mean,r2_class_0,r2_class_1,r2_class_2,r2_class_3,r2_class_4,r2_class_5,r2_mean,time
0.956304338176364,0.9650952559799942,0.9757347814060604,0.969327124846023,0.8424728320268959,0.9360913554477506,0.9408376146471814,0.02948127272347945,0.03683127547329864,0.027025351667707843,0.014814548162923965,0.016752344921260383,0.024918966790313926,0.024970626623164034,0.004261532086309548,0.0045947583640105925,0.002897620782488297,0.0012253292986748629,0.0020641859281929063,0.0028089038073553876,0.002975388377838599,0.9563022125216305,0.9650947072114131,0.9757251707382237,0.9692722373094379,0.8424721297057342,0.9360909947865683,0.9408262420455014,6.487690210342407
