expl_var_class_0,expl_var_class_1,expl_var_class_2,expl_var_class_3,expl_var_class_4,expl_var_class_5,expl_var_mean,mae_class_0,mae_class_1,mae_class_2,mae_class_3,mae_class_4,mae_class_5,mae_mean,mse_class_0,mse_class_1,mse_class_2,mse_class_3,mse_class_4,mse_class_5,mse_mean,r2_class_0,r2_class_1,r2_class_2,r2_class_3,r2_class_4,r2_class_5,r2_mean,time
0.9565924713603889,0.9667303214168875,0.9755709434037828,0.965523966828192,0.8335219942815713,0.9401092747958424,0.9396748286811109,0.029396765400574794,0.036278619108245015,0.026757109239461008,0.01514554606074654,0.01749041372450157,0.024385306793096136,0.024908960054437514,0.004249263745693917,0.004379893057076346,0.0029072823499596005,0.0013736113508305613,0.002198050885501456,0.0026315165357722,0.0029566029874723465,0.9565831055258249,0.9667289458181902,0.9755707789220366,0.9654650245718505,0.8334875748664736,0.9400986768664056,0.9396556844284635,4.000716686248779
