expl_var_class_0,expl_var_class_1,expl_var_class_2,expl_var_class_3,expl_var_class_4,expl_var_class_5,expl_var_mean,mae_class_0,mae_class_1,mae_class_2,mae_class_3,mae_class_4,mae_class_5,mae_mean,mse_class_0,mse_class_1,mse_class_2,mse_class_3,mse_class_4,mse_class_5,mse_mean,r2_class_0,r2_class_1,r2_class_2,r2_class_3,r2_class_4,r2_class_5,r2_mean,time
0.9532879469532981,0.9684974789889068,0.977175604104859,0.9617870095548915,0.7997974742643075,0.9372146527800405,0.932960027774384,0.03000311544110116,0.035325375905919984,0.026086087271236656,0.015830152651468934,0.018231922686809607,0.024647009656005626,0.02502061060209033,0.00456018753705035,0.00415077833808402,0.0027275213376906754,0.0015214215279888465,0.00263539443459148,0.0027539318253919634,0.0030582058334662227,0.9532847855941968,0.9684946296959603,0.9771744991940949,0.9617050814770801,0.799796006133744,0.9372107903644453,0.9329442987432537,3.9891326427459717
