expl_var_class_0,expl_var_class_1,expl_var_class_2,expl_var_class_3,expl_var_class_4,expl_var_class_5,expl_var_mean,mae_class_0,mae_class_1,mae_class_2,mae_class_3,mae_class_4,mae_class_5,mae_mean,mse_class_0,mse_class_1,mse_class_2,mse_class_3,mse_class_4,mse_class_5,mse_mean,r2_class_0,r2_class_1,r2_class_2,r2_class_3,r2_class_4,r2_class_5,r2_mean,time
0.9567878283600264,0.9671797897766145,0.9769965646382226,0.9713347773992529,0.8468744912426363,0.9366074133106203,0.9426301441212287,0.02946075029031212,0.035953481304432294,0.026472906832212147,0.014397931129348996,0.017144744777355992,0.02480816764646824,0.02470633033002163,0.004214182094861386,0.004320584884464187,0.002746676269063608,0.0011444878074011058,0.002007725137370001,0.00278624197958256,0.0028699830287904748,0.9567877397502184,0.9671775383029004,0.9769897089806088,0.9712995112529383,0.846780921860542,0.9366066033543972,0.9426070039169341,6.891230344772339
