expl_var_class_0,expl_var_class_1,expl_var_class_2,expl_var_class_3,expl_var_class_4,expl_var_class_5,expl_var_mean,mae_class_0,mae_class_1,mae_class_2,mae_class_3,mae_class_4,mae_class_5,mae_mean,mse_class_0,mse_class_1,mse_class_2,mse_class_3,mse_class_4,mse_class_5,mse_mean,r2_class_0,r2_class_1,r2_class_2,r2_class_3,r2_class_4,r2_class_5,r2_mean,time
0.9568007942762826,0.9670054353419759,0.9764288216785355,0.9632394389669633,0.8350915288435283,0.9370726781779142,0.9392731162142001,0.02920429635289868,0.03616014229197955,0.026234456197194417,0.015574313115282354,0.01719714823387199,0.024723000939084035,0.024848892855051836,0.0042309090855910106,0.004343990718231787,0.0028053856834242795,0.0014643518974263514,0.002177691366922206,0.0027646416736886426,0.0029644950708807125,0.9567706444475039,0.9670016713494727,0.9764269930403294,0.9631836496071433,0.8350299016777152,0.9370683436744474,0.9392468672994353,5.038827180862427
