expl_var_class_0,expl_var_class_1,expl_var_class_2,expl_var_class_3,expl_var_class_4,expl_var_class_5,expl_var_mean,mae_class_0,mae_class_1,mae_class_2,mae_class_3,mae_class_4,mae_class_5,mae_mean,mse_class_0,mse_class_1,mse_class_2,mse_class_3,mse_class_4,mse_class_5,mse_mean,r2_class_0,r2_class_1,r2_class_2,r2_class_3,r2_class_4,r2_class_5,r2_mean,time
0.9566996246910011,0.9686038134318747,0.9778560438572194,0.967863573237447,0.8262609133039523,0.9409919917616814,0.9397126600471958,0.029320815942671146,0.03532530227893712,0.025960294950090064,0.014599493888591981,0.01717172093601814,0.02438938973630206,0.02446116962210175,0.0042301973169596024,0.004138732364514877,0.0026446513118111043,0.001277079076002037,0.0023003634858971447,0.002600893054658462,0.002865319434973871,0.9566977796885059,0.9686006707378754,0.9778515845881296,0.9678061534700294,0.8261153791204756,0.9409645809841564,0.9396726914315288,7.119789123535156
