expl_var_class_0,expl_var_class_1,expl_var_class_2,expl_var_class_3,expl_var_class_4,expl_var_class_5,expl_var_mean,mae_class_0,mae_class_1,mae_class_2,mae_class_3,mae_class_4,mae_class_5,mae_mean,mse_class_0,mse_class_1,mse_class_2,mse_class_3,mse_class_4,mse_class_5,mse_mean,r2_class_0,r2_class_1,r2_class_2,r2_class_3,r2_class_4,r2_class_5,r2_mean,time
0.9585666875475233,0.9673813864259749,0.9783695562091554,0.9723464157633426,0.8251803942843664,0.9440480231425186,0.9409820772288136,0.028869410684747007,0.03569834725547714,0.025708114700486576,0.014549253418901347,0.01748552161024565,0.023669676006429222,0.024330053946047824,0.004044198433611918,0.004299615661390542,0.0025857376020762095,0.00111311138039188,0.0023126132679018056,0.002448008822273472,0.002800547527940971,0.9585585807408287,0.9673573005199485,0.978361837391046,0.9723021443648616,0.8250969221689477,0.9440376316141967,0.9409524027999714,5.28674578666687
