expl_var_class_0,expl_var_class_1,expl_var_class_2,expl_var_class_3,expl_var_class_4,expl_var_class_5,expl_var_mean,mae_class_0,mae_class_1,mae_class_2,mae_class_3,mae_class_4,mae_class_5,mae_mean,mse_class_0,mse_class_1,mse_class_2,mse_class_3,mse_class_4,mse_class_5,mse_mean,r2_class_0,r2_class_1,r2_class_2,r2_class_3,r2_class_4,r2_class_5,r2_mean,time
0.9567601869225484,0.9658980975752198,0.9747811245492433,0.96309710624579,0.841387368436074,0.9397173960963536,0.9402735466375383,0.029616602407398364,0.036945870296674684,0.02743264436952454,0.0155410594744825,0.016996965471615392,0.024474552556437407,0.025167949096022147,0.004233054367528061,0.004490011711603806,0.0030013787156666877,0.0014697568538716496,0.0020944244310540936,0.002648671668720007,0.0029895496247407173,0.956748725008031,0.9658924496587026,0.9747801089272481,0.9630477596132846,0.8413377535642623,0.9397081738434767,0.9402524951025009,8.3424232006073
