expl_var_class_0,expl_var_class_1,expl_var_class_2,expl_var_class_3,expl_var_class_4,expl_var_class_5,expl_var_mean,mae_class_0,mae_class_1,mae_class_2,mae_class_3,mae_class_4,mae_class_5,mae_mean,mse_class_0,mse_class_1,mse_class_2,mse_class_3,mse_class_4,mse_class_5,mse_mean,r2_class_0,r2_class_1,r2_class_2,r2_class_3,r2_class_4,r2_class_5,r2_mean,time
0.9554447215069508,0.967361950436573,0.976826489231069,0.9670794694520067,0.8203334574578001,0.9372869389835331,0.9373888378446554,0.02944535330319186,0.03596359025754527,0.026374218343914933,0.014883438229869723,0.01747605993688623,0.024779765516149486,0.024820404264592918,0.004349411065668904,0.004303927979655077,0.0027701596949523087,0.0013094421698363033,0.002365264497498296,0.00275162229070246,0.002974971283052225,0.9554440099621165,0.967332188395408,0.9768176763731002,0.9670407048396095,0.8203170680131509,0.9372634473897365,0.9373691824955203,6.718739748001099
