expl_var_class_0,expl_var_class_1,expl_var_class_2,expl_var_class_3,expl_var_class_4,expl_var_class_5,expl_var_mean,mae_class_0,mae_class_1,mae_class_2,mae_class_3,mae_class_4,mae_class_5,mae_mean,mse_class_0,mse_class_1,mse_class_2,mse_class_3,mse_class_4,mse_class_5,mse_mean,r2_class_0,r2_class_1,r2_class_2,r2_class_3,r2_class_4,r2_class_5,r2_mean,time
0.9551301614159698,0.9665310977405728,0.9767395208845233,0.9688415655548624,0.8403270971437183,0.9389156598112841,0.9410808504251552,0.02975948999216882,0.03640450415128967,0.026513484774373736,0.014542263739181391,0.016656820351345348,0.024509113096920068,0.024730946017546506,0.004383458825498977,0.004411631737294441,0.0027775179090152196,0.001237730664185643,0.002114029533025747,0.002693873831965535,0.00293637375016426,0.9551289253039984,0.966530264510403,0.9767388539320707,0.9687980863542333,0.8402003743617341,0.9388540908435064,0.9410417658843243,8.642174482345581
