expl_var_class_0,expl_var_class_1,expl_var_class_2,expl_var_class_3,expl_var_class_4,expl_var_class_5,expl_var_mean,mae_class_0,mae_class_1,mae_class_2,mae_class_3,mae_class_4,mae_class_5,mae_mean,mse_class_0,mse_class_1,mse_class_2,mse_class_3,mse_class_4,mse_class_5,mse_mean,r2_class_0,r2_class_1,r2_class_2,r2_class_3,r2_class_4,r2_class_5,r2_mean,time
0.9596709938853492,0.9680353665565489,0.977567545237995,0.9709156825726746,0.846376747889372,0.9416200050163883,0.9440310568597213,0.028367568826720705,0.03576995286272631,0.02616005085893128,0.014624042400883955,0.01665027060845194,0.024130336206484276,0.02428370362736641,0.0039356804883625435,0.004214315485966548,0.0026806557982756033,0.0011718254671952573,0.0020330628183826997,0.002554471447217353,0.0027650019175666676,0.9596705780228727,0.9680048997965454,0.9775675358492879,0.9708411456466055,0.8462393391517521,0.9416038574454844,0.9439878926520913,7.060763120651245
