expl_var_class_0,expl_var_class_1,expl_var_class_2,expl_var_class_3,expl_var_class_4,expl_var_class_5,expl_var_mean,mae_class_0,mae_class_1,mae_class_2,mae_class_3,mae_class_4,mae_class_5,mae_mean,mse_class_0,mse_class_1,mse_class_2,mse_class_3,mse_class_4,mse_class_5,mse_mean,r2_class_0,r2_class_1,r2_class_2,r2_class_3,r2_class_4,r2_class_5,r2_mean,time
0.9304270992983255,0.9657745812795853,0.9747687375704117,0.9591629505445047,0.6054041272534005,0.935968305658368,0.8952509669340993,0.036139256112369844,0.03687962846751587,0.027751266564496516,0.01704174156976035,0.02489183839239708,0.025002739837570415,0.027951078490685014,0.006789845233495423,0.004519625809048502,0.0030176701636703777,0.0016461958345308707,0.005218863405086814,0.002802105864505903,0.003999051051722981,0.9304235863681729,0.9656869825896622,0.9747473070549546,0.9590372577486813,0.6052970529059998,0.9359428449690524,0.8951891719394207,1.302664041519165
