expl_var_class_0,expl_var_class_1,expl_var_class_2,expl_var_class_3,expl_var_class_4,expl_var_class_5,expl_var_mean,mae_class_0,mae_class_1,mae_class_2,mae_class_3,mae_class_4,mae_class_5,mae_mean,mse_class_0,mse_class_1,mse_class_2,mse_class_3,mse_class_4,mse_class_5,mse_mean,r2_class_0,r2_class_1,r2_class_2,r2_class_3,r2_class_4,r2_class_5,r2_mean,time
0.9579978890391754,0.9646454325447217,0.9749334694368444,0.9694926588399162,0.8461875896199516,0.9380594992380245,0.941886089786439,0.028820729494077796,0.03728534522917448,0.02761762851950398,0.014699094203376957,0.01692247153432834,0.024878486527455102,0.025037292584652777,0.004096187437193459,0.004653991421190134,0.0029924417313109877,0.001218843843594234,0.0020160045330567164,0.002722543657201973,0.002950002103924584,0.9579976580072979,0.964644727682607,0.97493080787438,0.9694348740185033,0.8461490816992278,0.938055886311844,0.9418688392656432,6.90234375
