expl_var_class_0,expl_var_class_1,expl_var_class_2,expl_var_class_3,expl_var_class_4,expl_var_class_5,expl_var_mean,mae_class_0,mae_class_1,mae_class_2,mae_class_3,mae_class_4,mae_class_5,mae_mean,mse_class_0,mse_class_1,mse_class_2,mse_class_3,mse_class_4,mse_class_5,mse_mean,r2_class_0,r2_class_1,r2_class_2,r2_class_3,r2_class_4,r2_class_5,r2_mean,time
0.9577133175868301,0.9668608494186183,0.9770759077343976,0.9727466558004655,0.8377979925956506,0.9411654192997587,0.9422266904059535,0.02864142449873056,0.03610401647476432,0.02638227610534462,0.01427070415542644,0.016784912753512085,0.024007862834751505,0.02436519947042159,0.004127157238322873,0.004369058291039914,0.0027401907173323476,0.0010958255595267521,0.002148514258866156,0.0025744725912933016,0.002842536442730224,0.9577084912450479,0.9668300917949677,0.9770693312911664,0.9727322721843155,0.8375077398995755,0.9411466240471683,0.9421657584103736,7.851868391036987
