expl_var_class_0,expl_var_class_1,expl_var_class_2,expl_var_class_3,expl_var_class_4,expl_var_class_5,expl_var_mean,mae_class_0,mae_class_1,mae_class_2,mae_class_3,mae_class_4,mae_class_5,mae_mean,mse_class_0,mse_class_1,mse_class_2,mse_class_3,mse_class_4,mse_class_5,mse_mean,r2_class_0,r2_class_1,r2_class_2,r2_class_3,r2_class_4,r2_class_5,r2_mean,time
0.955120635491235,0.9660392158720478,0.9764230301242546,0.9660875153423889,0.8347270298542859,0.9400091410348114,0.9397344279531706,0.02979168335433786,0.036645764846727415,0.02662552702891851,0.015027506756972639,0.01709539312136692,0.02437349409082484,0.024926561533191362,0.004384814561948888,0.004477701353208622,0.0028153388131474735,0.0013478391538655164,0.00218715388721475,0.0026458828399374486,0.0029764551015537834,0.9551150473701718,0.9660290140207366,0.9764221115727916,0.96602236487777,0.8346728998199202,0.939943396810274,0.9397008057452774,6.257182836532593
