expl_var_class_0,expl_var_class_1,expl_var_class_2,expl_var_class_3,expl_var_class_4,expl_var_class_5,expl_var_mean,mae_class_0,mae_class_1,mae_class_2,mae_class_3,mae_class_4,mae_class_5,mae_mean,mse_class_0,mse_class_1,mse_class_2,mse_class_3,mse_class_4,mse_class_5,mse_mean,r2_class_0,r2_class_1,r2_class_2,r2_class_3,r2_class_4,r2_class_5,r2_mean,time
0.9594136823188676,0.967603172765666,0.9773341898115948,0.9718099897518959,0.8499215164584826,0.9403413502282518,0.9444039835557931,0.028672385486315455,0.03589596822008899,0.026068285291970184,0.014546094670459172,0.01644267379680553,0.024370224213863007,0.024332605279917055,0.00396077626548732,0.0042704482234513595,0.0027088820306759792,0.0011339333959883495,0.0019858647719385087,0.002611120757674349,0.0027785042408693113,0.9594134183808484,0.9675787398266757,0.9773313309822407,0.9717840244424685,0.8498089301876938,0.9403088336891354,0.9443708795848438,8.636974811553955
