expl_var_class_0,expl_var_class_1,expl_var_class_2,expl_var_class_3,expl_var_class_4,expl_var_class_5,expl_var_mean,mae_class_0,mae_class_1,mae_class_2,mae_class_3,mae_class_4,mae_class_5,mae_mean,mse_class_0,mse_class_1,mse_class_2,mse_class_3,mse_class_4,mse_class_5,mse_mean,r2_class_0,r2_class_1,r2_class_2,r2_class_3,r2_class_4,r2_class_5,r2_mean,time
0.958231439427439,0.9659711973621924,0.9765392630637368,0.972936771749356,0.846927313432464,0.9410409733716316,0.9436078264011366,0.02860941076143032,0.03649680507700398,0.0265864325357739,0.014226895482840802,0.016459616549741585,0.02423284373242942,0.024435334023203335,0.00407618327929578,0.00448894414743234,0.002805009662276196,0.001088570357203383,0.002026528527378141,0.0025800041956759766,0.00284420669487697,0.9582308279310485,0.9659199178886654,0.9765269085527919,0.9729128053727244,0.8467335279657677,0.9410201695673432,0.9435573595463902,11.573967695236206
