expl_var_class_0,expl_var_class_1,expl_var_class_2,expl_var_class_3,expl_var_class_4,expl_var_class_5,expl_var_mean,mae_class_0,mae_class_1,mae_class_2,mae_class_3,mae_class_4,mae_class_5,mae_mean,mse_class_0,mse_class_1,mse_class_2,mse_class_3,mse_class_4,mse_class_5,mse_mean,r2_class_0,r2_class_1,r2_class_2,r2_class_3,r2_class_4,r2_class_5,r2_mean,time
0.9565265423551392,0.9653322446304002,0.9754255110013085,0.9643093975221311,0.825892616378624,0.9398670425467334,0.9378922257390562,0.029523110095284914,0.036811513792779436,0.026760260554539426,0.0154203742296063,0.017707244436486542,0.02454456760306842,0.025127845118627506,0.0042563282119960025,0.0045661303855014995,0.002925416878082473,0.0014207691592691355,0.0022993136032461482,0.002641749388122177,0.0030182846043695726,0.9565109242713041,0.965314228115278,0.9754183986770755,0.9642793953509745,0.8258164600535726,0.9398657460119488,0.9378675254133588,3.984135150909424
