expl_var_class_0,expl_var_class_1,expl_var_class_2,expl_var_class_3,expl_var_class_4,expl_var_class_5,expl_var_mean,mae_class_0,mae_class_1,mae_class_2,mae_class_3,mae_class_4,mae_class_5,mae_mean,mse_class_0,mse_class_1,mse_class_2,mse_class_3,mse_class_4,mse_class_5,mse_mean,r2_class_0,r2_class_1,r2_class_2,r2_class_3,r2_class_4,r2_class_5,r2_mean,time
0.9502728127607504,0.9575666001688279,0.9754522234013969,0.972771426360159,0.8472842910309697,0.9326544545503155,0.93933363471207,0.03185503227630285,0.04009639766000259,0.0274567818166008,0.014131799930491688,0.016788742419125834,0.02566906603687439,0.02599963668989969,0.004867215886623409,0.0055901336322109856,0.002922971517283336,0.0010840076664689017,0.0020177694607568615,0.0029595456147309784,0.0032402739630124117,0.9502691733958142,0.9575355752898224,0.9754389464782129,0.9727461642605143,0.8471447187655337,0.9326317369521712,0.9392943858570114,1.1096227169036865
