expl_var_class_0,expl_var_class_1,expl_var_class_2,expl_var_class_3,expl_var_class_4,expl_var_class_5,expl_var_mean,mae_class_0,mae_class_1,mae_class_2,mae_class_3,mae_class_4,mae_class_5,mae_mean,mse_class_0,mse_class_1,mse_class_2,mse_class_3,mse_class_4,mse_class_5,mse_mean,r2_class_0,r2_class_1,r2_class_2,r2_class_3,r2_class_4,r2_class_5,r2_mean,time
0.9263446827080851,0.9676487736547004,0.9757116617694871,0.956650564120662,0.5844318346140296,0.935044295348857,0.8909719687026368,0.03676469971691322,0.03606519939814284,0.027303196745834393,0.0169511376776562,0.025334270184092265,0.025166418589975956,0.027930820385435814,0.007195398159667007,0.004265809145833067,0.0029001904389070496,0.0017247269664229078,0.005497816798135256,0.0028638827235928166,0.004074637372093017,0.9263446376154478,0.9676365770621422,0.9757114965108731,0.9565214117852854,0.5844196817286926,0.9349952062439802,0.8909381684910702,1.441655158996582
