expl_var_class_0,expl_var_class_1,expl_var_class_2,expl_var_class_3,expl_var_class_4,expl_var_class_5,expl_var_mean,mae_class_0,mae_class_1,mae_class_2,mae_class_3,mae_class_4,mae_class_5,mae_mean,mse_class_0,mse_class_1,mse_class_2,mse_class_3,mse_class_4,mse_class_5,mse_mean,r2_class_0,r2_class_1,r2_class_2,r2_class_3,r2_class_4,r2_class_5,r2_mean,time
0.9585312266688206,0.9647947887189092,0.9751416682794412,0.9699832700873324,0.845427139666328,0.9375027733486131,0.9418968111282408,0.028627490623464497,0.037168371450752975,0.027378337231631283,0.014585286341505053,0.016842376046600296,0.025029417121996935,0.02493854646932517,0.00404427109250831,0.004634992236719901,0.0029706230805346136,0.0011999501600537278,0.0020254648791973966,0.0027470145263231538,0.002937052662556184,0.9585300086621231,0.9647890599943717,0.9751135937052657,0.9699086736940771,0.8454271175779567,0.9374991179034181,0.9418779285895355,9.65156626701355
