expl_var_class_0,expl_var_class_1,expl_var_class_2,expl_var_class_3,expl_var_class_4,expl_var_class_5,expl_var_mean,mae_class_0,mae_class_1,mae_class_2,mae_class_3,mae_class_4,mae_class_5,mae_mean,mse_class_0,mse_class_1,mse_class_2,mse_class_3,mse_class_4,mse_class_5,mse_mean,r2_class_0,r2_class_1,r2_class_2,r2_class_3,r2_class_4,r2_class_5,r2_mean,time
0.9577276885973482,0.9668634262896515,0.9771711376402863,0.9713353294914382,0.8427021584665457,0.9366527070115502,0.9420754079161368,0.029020787809109855,0.03622554616261617,0.026441000559341194,0.014436882166006679,0.017275664803867108,0.024749972735135795,0.024691642372679467,0.00412251678237811,0.004362367322746967,0.0027268066256836477,0.0011445693580056117,0.0020619643768788162,0.002784355094796578,0.002867096593414955,0.9577276766702995,0.9668601269993801,0.9771561669945269,0.9712974661964582,0.84264166687895,0.9366495343117723,0.9420554396752312,7.31730580329895
