expl_var_class_0,expl_var_class_1,expl_var_class_2,expl_var_class_3,expl_var_class_4,expl_var_class_5,expl_var_mean,mae_class_0,mae_class_1,mae_class_2,mae_class_3,mae_class_4,mae_class_5,mae_mean,mse_class_0,mse_class_1,mse_class_2,mse_class_3,mse_class_4,mse_class_5,mse_mean,r2_class_0,r2_class_1,r2_class_2,r2_class_3,r2_class_4,r2_class_5,r2_mean,time
0.9271016043986928,0.9671769348057901,0.9762029286335155,0.9583621946817141,0.5938107415897474,0.9334415428339315,0.8926826578238987,0.036754647898560096,0.036225560336333874,0.027057845115124657,0.016620917961927866,0.024914810290402836,0.025135330019232776,0.027784851936930352,0.00711651174106265,0.0043261067769815075,0.0028436298211112487,0.0016573836398686651,0.005347114705550356,0.002919413291017603,0.004035026662598671,0.9270974342383747,0.9671638461796225,0.9762028351981928,0.9582828491102722,0.5937937389330057,0.9334378391460584,0.8926630904675877,1.6114654541015625
