expl_var_class_0,expl_var_class_1,expl_var_class_2,expl_var_class_3,expl_var_class_4,expl_var_class_5,expl_var_mean,mae_class_0,mae_class_1,mae_class_2,mae_class_3,mae_class_4,mae_class_5,mae_mean,mse_class_0,mse_class_1,mse_class_2,mse_class_3,mse_class_4,mse_class_5,mse_mean,r2_class_0,r2_class_1,r2_class_2,r2_class_3,r2_class_4,r2_class_5,r2_mean,time
0.9541560130199898,0.9671311316774037,0.9767304787994655,0.9629037122262236,0.8046872536997899,0.9362980514921688,0.9336511068191734,0.030147318484845777,0.036024308410205076,0.026489545260194067,0.015708510223969335,0.018340470410980282,0.024767721433967882,0.025246312370693736,0.00447532467473906,0.004331185112698256,0.0027805809011517456,0.0014762105192745883,0.00257139435731692,0.0027947897320739845,0.003071580882875759,0.9541541329128658,0.9671253004336797,0.9767304655978015,0.9628430645167576,0.8046579239210532,0.9362792365604355,0.9336316873237657,6.792426586151123
