expl_var_class_0,expl_var_class_1,expl_var_class_2,expl_var_class_3,expl_var_class_4,expl_var_class_5,expl_var_mean,mae_class_0,mae_class_1,mae_class_2,mae_class_3,mae_class_4,mae_class_5,mae_mean,mse_class_0,mse_class_1,mse_class_2,mse_class_3,mse_class_4,mse_class_5,mse_mean,r2_class_0,r2_class_1,r2_class_2,r2_class_3,r2_class_4,r2_class_5,r2_mean,time
0.9593759236982383,0.966519854729693,0.9766223065138947,0.9738731379841116,0.8382908367932651,0.9404346602151811,0.9425194533223973,0.028470416386019826,0.035985012901766374,0.026319651353618887,0.013980810118630567,0.016816854701581632,0.02411381035075804,0.024281092635395882,0.003964591461338561,0.0044142807298668514,0.0027949146243822645,0.0010521993449075435,0.002139498814928484,0.002607325636226726,0.002828801768608405,0.9593743235803774,0.9664867628566074,0.9766113866032008,0.9738178352427086,0.8381895784562412,0.9403955915400828,0.9424792463798696,9.154507160186768
