expl_var_class_0,expl_var_class_1,expl_var_class_2,expl_var_class_3,expl_var_class_4,expl_var_class_5,expl_var_mean,mae_class_0,mae_class_1,mae_class_2,mae_class_3,mae_class_4,mae_class_5,mae_mean,mse_class_0,mse_class_1,mse_class_2,mse_class_3,mse_class_4,mse_class_5,mse_mean,r2_class_0,r2_class_1,r2_class_2,r2_class_3,r2_class_4,r2_class_5,r2_mean,time
0.9547488668405374,0.9669066327095044,0.9775264573605128,0.9681961492927791,0.834430882989394,0.9398692276055671,0.9402797027997157,0.029878455706393692,0.036156432204740255,0.026129518073674727,0.01450579379498243,0.016746983454005646,0.02435098079312032,0.02462802733781951,0.004420589714352458,0.004362388680713899,0.002684827923918228,0.001264947966820323,0.00219273047099675,0.002651886362734039,0.0029295618532559496,0.9547488366676956,0.9669038569080904,0.9775151136549611,0.9681119662224058,0.8342513655003743,0.9398071280454998,0.9402230444998377,9.191010475158691
