expl_var_class_0,expl_var_class_1,expl_var_class_2,expl_var_class_3,expl_var_class_4,expl_var_class_5,expl_var_mean,mae_class_0,mae_class_1,mae_class_2,mae_class_3,mae_class_4,mae_class_5,mae_mean,mse_class_0,mse_class_1,mse_class_2,mse_class_3,mse_class_4,mse_class_5,mse_mean,r2_class_0,r2_class_1,r2_class_2,r2_class_3,r2_class_4,r2_class_5,r2_mean,time
0.9551112551752194,0.9668027015063803,0.9776246876374064,0.9725586191452812,0.8242824285978105,0.939087783107948,0.9392445791950076,0.02936079910281949,0.03612708239531668,0.02625078841092353,0.014491917218760794,0.01723744765531057,0.02433815084787429,0.024634364271834228,0.004380618357993589,0.004375215178566342,0.002674402064553,0.0011029690086364415,0.0023251389242163766,0.0026653958683845735,0.002920623233725054,0.9551112426929307,0.9667833486799814,0.9776198688111066,0.9725545197817594,0.8241496060432125,0.9390680849989713,0.9392144451679937,3.0352370738983154
