acc;avg_acc;f1_macro;f1_micro;f1_weighted;precision_macro;precision_micro;precision_weighted;recall_macro;recall_micro;recall_weighted;time
0.7510888019487709;0.6684658066522662;0.6904586118914969;0.7510888019487709;0.7323166683999099;0.7368994093042337;0.7510888019487709;0.7375892714527013;0.6684658066522662;0.7510888019487709;0.7510888019487709;1.379002571105957
