acc;avg_acc;f1_macro;f1_micro;f1_weighted;precision_macro;precision_micro;precision_weighted;recall_macro;recall_micro;recall_weighted;time
0.7488250781230776;0.6637757226512215;0.689353801631629;0.7488250781230776;0.7298478438931539;0.7390573177210766;0.7488250781230776;0.7322660344660593;0.6637757226512215;0.7488250781230776;0.7488250781230776;1.3606748580932617
