acc;avg_acc;f1_macro;f1_micro;f1_weighted;precision_macro;precision_micro;precision_weighted;recall_macro;recall_micro;recall_weighted;time
0.7423537806648458;0.6612762751625202;0.6844459914575444;0.7423537806648459;0.7235481632177632;0.7316255141143612;0.7423537806648458;0.7293743655053078;0.6612762751625202;0.7423537806648458;0.7423537806648458;1.7461864948272705
