acc;avg_acc;f1_macro;f1_micro;f1_weighted;precision_macro;precision_micro;precision_weighted;recall_macro;recall_micro;recall_weighted;time
0.829802416279127;0.7697926818157251;0.7941133090004299;0.829802416279127;0.8195421476972835;0.8348972810029525;0.829802416279127;0.826007371174374;0.7697926818157251;0.829802416279127;0.829802416279127;1.4281580448150635
