acc;avg_acc;f1_macro;f1_micro;f1_weighted;precision_macro;precision_micro;precision_weighted;recall_macro;recall_micro;recall_weighted;time
0.8240692896336212;0.7577933440672006;0.7831779298126703;0.8240692896336212;0.8140619278545873;0.8281384201919993;0.8240692896336212;0.8212525707921311;0.7577933440672006;0.8240692896336212;0.8240692896336212;1.4396629333496094
