acc;avg_acc;f1_macro;f1_micro;f1_weighted;precision_macro;precision_micro;precision_weighted;recall_macro;recall_micro;recall_weighted;time
0.6516325877808125;0.5810127518541179;0.6031491687710958;0.6516325877808125;0.6356137322798686;0.6444126530003148;0.6516325877808125;0.6388220703745368;0.5810127518541179;0.6516325877808125;0.6516325877808125;1.3491525650024414
