acc;avg_acc;f1_macro;f1_micro;f1_weighted;precision_macro;precision_micro;precision_weighted;recall_macro;recall_micro;recall_weighted;time
0.6297089146428484;0.5572540594354533;0.5756234009271253;0.6297089146428484;0.6134559865274473;0.6090405920689654;0.6297089146428484;0.6122387393205031;0.5572540594354533;0.6297089146428484;0.6297089146428484;1.2881383895874023
