acc;avg_acc;f1_macro;f1_micro;f1_weighted;precision_macro;precision_micro;precision_weighted;recall_macro;recall_micro;recall_weighted;time
0.7409020447331512;0.6506066712970792;0.6775542025927705;0.7409020447331512;0.7214663881378734;0.7263257988444781;0.7409020447331512;0.7226383565029973;0.6506066712970792;0.7409020447331512;0.7409020447331512;1.4029080867767334
