acc;avg_acc;f1_macro;f1_micro;f1_weighted;precision_macro;precision_micro;precision_weighted;recall_macro;recall_micro;recall_weighted;time
0.8310080952732463;0.7790105426867927;0.799093453528052;0.8310080952732463;0.8224826385721029;0.832931368516163;0.8310080952732463;0.8291014437154782;0.7790105426867927;0.8310080952732463;0.8310080952732463;1.23116135597229
