acc;avg_acc;f1_macro;f1_micro;f1_weighted;precision_macro;precision_micro;precision_weighted;recall_macro;recall_micro;recall_weighted;time
0.8277109323097365;0.7671958630105675;0.7885379472028046;0.8277109323097365;0.8167027085172144;0.8264614789159201;0.8277109323097365;0.8224626433302147;0.7671958630105675;0.8277109323097365;0.8277109323097365;1.4472894668579102
