acc;avg_acc;f1_macro;f1_micro;f1_weighted;precision_macro;precision_micro;precision_weighted;recall_macro;recall_micro;recall_weighted;time
0.8211904234639895;0.7522814640601084;0.7787070923340648;0.8211904234639895;0.8121242639931208;0.8241531665944455;0.8211904234639895;0.8174625799575769;0.7522814640601084;0.8211904234639895;0.8211904234639895;1.3611695766448975
