acc;avg_acc;f1_macro;f1_micro;f1_weighted;precision_macro;precision_micro;precision_weighted;recall_macro;recall_micro;recall_weighted;time
0.7961664329125759;0.7215480663891504;0.7453554420365462;0.7961664329125759;0.781273743095974;0.7880072445839985;0.7961664329125759;0.7863565028996228;0.7215480663891504;0.7961664329125759;0.7961664329125759;1.4538626670837402
