acc;avg_acc;f1_macro;f1_micro;f1_weighted;precision_macro;precision_micro;precision_weighted;recall_macro;recall_micro;recall_weighted;time
0.7469796510912625;0.6663323030933752;0.6885729837862932;0.7469796510912625;0.7283108077894659;0.7327247127180412;0.7469796510912625;0.7327122187697687;0.6663323030933752;0.7469796510912625;0.7469796510912625;1.4479560852050781
