acc;avg_acc;f1_macro;f1_micro;f1_weighted;precision_macro;precision_micro;precision_weighted;recall_macro;recall_micro;recall_weighted;time
0.7620875470583893;0.686230968944306;0.7056522379260735;0.7620875470583894;0.7430661374830848;0.7476192387866503;0.7620875470583893;0.7471469652063316;0.686230968944306;0.7620875470583893;0.7620875470583893;1.428758144378662
