acc;avg_acc;f1_macro;f1_micro;f1_weighted;precision_macro;precision_micro;precision_weighted;recall_macro;recall_micro;recall_weighted;time
0.8366181934499644;0.7737817679520734;0.7956604174063243;0.8366181934499644;0.8276108836071682;0.8338158587978448;0.8366181934499644;0.8341998182217297;0.7737817679520734;0.8366181934499644;0.8366181934499644;1.2712790966033936
