acc;avg_acc;f1_macro;f1_micro;f1_weighted;precision_macro;precision_micro;precision_weighted;recall_macro;recall_micro;recall_weighted;time
0.824241529489924;0.7614545975782079;0.7856807450115146;0.824241529489924;0.8139057758839536;0.825749902948552;0.824241529489924;0.8192634777351845;0.7614545975782079;0.824241529489924;0.824241529489924;1.437870979309082
