acc;avg_acc;f1_macro;f1_micro;f1_weighted;precision_macro;precision_micro;precision_weighted;recall_macro;recall_micro;recall_weighted;time
0.7423537806648458;0.6578262834698747;0.6797390430791376;0.7423537806648459;0.7222976304967771;0.7266619238756146;0.7423537806648458;0.726294435340388;0.6578262834698747;0.7423537806648458;0.7423537806648458;1.4442636966705322
