acc;avg_acc;f1_macro;f1_micro;f1_weighted;precision_macro;precision_micro;precision_weighted;recall_macro;recall_micro;recall_weighted;time
0.6417657045840407;0.5805315205250626;0.5967614242657776;0.6417657045840407;0.6257332320805373;0.629940949729962;0.6417657045840407;0.6272002621559319;0.5805315205250626;0.6417657045840407;0.6417657045840407;1.434417486190796
