acc;avg_acc;f1_macro;f1_micro;f1_weighted;precision_macro;precision_micro;precision_weighted;recall_macro;recall_micro;recall_weighted;time
0.6382224846829556;0.5702249295619679;0.5890998945436446;0.6382224846829556;0.623351459488975;0.6246717122315169;0.6382224846829556;0.623644929523676;0.5702249295619679;0.6382224846829556;0.6382224846829556;1.704742431640625
