acc;avg_acc;f1_macro;f1_micro;f1_weighted;precision_macro;precision_micro;precision_weighted;recall_macro;recall_micro;recall_weighted;time
0.7623089983022071;0.6835365429447362;0.7055025703459521;0.7623089983022071;0.743204698544695;0.7498371937068222;0.7623089983022071;0.7464248025128751;0.6835365429447362;0.7623089983022071;0.7623089983022071;1.4551210403442383
