acc;avg_acc;f1_macro;f1_micro;f1_weighted;precision_macro;precision_micro;precision_weighted;recall_macro;recall_micro;recall_weighted;time
0.7495632489358037;0.6642172897925451;0.6850005223618156;0.7495632489358037;0.7321824766155456;0.7270475115307222;0.7495632489358037;0.7357418516194509;0.6642172897925451;0.7495632489358037;0.7495632489358037;1.3113911151885986
