acc;avg_acc;f1_macro;f1_micro;f1_weighted;precision_macro;precision_micro;precision_weighted;recall_macro;recall_micro;recall_weighted;time
0.7384168696636402;0.6463750706405542;0.6689282846072295;0.7384168696636402;0.718079928411247;0.717751237877912;0.7384168696636402;0.7234529691670469;0.6463750706405542;0.7384168696636402;0.7384168696636402;1.4025015830993652
