acc;avg_acc;f1_macro;f1_micro;f1_weighted;precision_macro;precision_micro;precision_weighted;recall_macro;recall_micro;recall_weighted;time
0.8264068305405871;0.7629300256247187;0.7879854511995618;0.8264068305405871;0.8143362162009351;0.8344977505610497;0.8264068305405871;0.8232674727590306;0.7629300256247187;0.8264068305405871;0.8264068305405871;1.1903085708618164
