acc;avg_acc;f1_macro;f1_micro;f1_weighted;precision_macro;precision_micro;precision_weighted;recall_macro;recall_micro;recall_weighted;time
0.6260426662729756;0.5488103405576056;0.5687938979671977;0.6260426662729756;0.6102413591641306;0.6071826230789243;0.6260426662729756;0.6116612526822254;0.5488103405576056;0.6260426662729756;0.6260426662729756;1.521059513092041
