acc;avg_acc;f1_macro;f1_micro;f1_weighted;precision_macro;precision_micro;precision_weighted;recall_macro;recall_micro;recall_weighted;time
0.7852661105779878;0.7090344010895391;0.731371840452577;0.7852661105779878;0.769770994342142;0.7732632015803829;0.7852661105779878;0.7741907060413952;0.7090344010895391;0.7852661105779878;0.7852661105779878;1.4396698474884033
