acc;avg_acc;f1_macro;f1_micro;f1_weighted;precision_macro;precision_micro;precision_weighted;recall_macro;recall_micro;recall_weighted;time
0.6351467729632637;0.5530997508809931;0.5740428109545981;0.6351467729632637;0.6158671355521167;0.6135818680874526;0.6351467729632637;0.6134041220803047;0.5530997508809931;0.6351467729632637;0.6351467729632637;1.702134609222412
