acc;avg_acc;f1_macro;f1_micro;f1_weighted;precision_macro;precision_micro;precision_weighted;recall_macro;recall_micro;recall_weighted;time
0.6507467828055412;0.5756536432222871;0.592906611477951;0.6507467828055412;0.6341146949093095;0.6318728404762203;0.6507467828055412;0.6367057533553834;0.5756536432222871;0.6507467828055412;0.6507467828055412;1.4405605792999268
