acc;avg_acc;f1_macro;f1_micro;f1_weighted;precision_macro;precision_micro;precision_weighted;recall_macro;recall_micro;recall_weighted;time
0.8221992569080485;0.7657473887359642;0.7881613026659401;0.8221992569080485;0.8116254919569608;0.8259979802671046;0.8221992569080485;0.8177517147080826;0.7657473887359642;0.8221992569080485;0.8221992569080485;1.3444156646728516
