acc;avg_acc;f1_macro;f1_micro;f1_weighted;precision_macro;precision_micro;precision_weighted;recall_macro;recall_micro;recall_weighted;time
0.782018159001993;0.700856060898053;0.7267055255468985;0.782018159001993;0.7649243892573057;0.7759355662866239;0.782018159001993;0.7711778143210214;0.700856060898053;0.782018159001993;0.782018159001993;1.6543142795562744
