acc;avg_acc;f1_macro;f1_micro;f1_weighted;precision_macro;precision_micro;precision_weighted;recall_macro;recall_micro;recall_weighted;time
0.6272237395733373;0.5612958390186933;0.5762814337544554;0.6272237395733373;0.6105211797256272;0.6050127266232298;0.6272237395733373;0.608972026645441;0.5612958390186933;0.6272237395733373;0.6272237395733373;1.839165449142456
