acc;avg_acc;f1_macro;f1_micro;f1_weighted;precision_macro;precision_micro;precision_weighted;recall_macro;recall_micro;recall_weighted;time
0.8220516227455034;0.7575216563345811;0.7809924516604142;0.8220516227455034;0.8116243682511647;0.8236955106421296;0.8220516227455034;0.8180716665173421;0.7575216563345811;0.8220516227455034;0.8220516227455034;1.4802041053771973
