acc;avg_acc;f1_macro;f1_micro;f1_weighted;precision_macro;precision_micro;precision_weighted;recall_macro;recall_micro;recall_weighted;time
0.740065451145395;0.652113847229383;0.6765685545768518;0.740065451145395;0.7208590756172341;0.7253917677592567;0.740065451145395;0.7255976815049617;0.652113847229383;0.740065451145395;0.740065451145395;1.7501945495605469
