acc;avg_acc;f1_macro;f1_micro;f1_weighted;precision_macro;precision_micro;precision_weighted;recall_macro;recall_micro;recall_weighted;time
0.7479392731478064;0.6647394989604936;0.6884059244152865;0.7479392731478064;0.7286396367604352;0.7378018317077495;0.7479392731478064;0.7337488896223369;0.6647394989604936;0.7479392731478064;0.7479392731478064;1.5037753582000732
