acc;avg_acc;f1_macro;f1_micro;f1_weighted;precision_macro;precision_micro;precision_weighted;recall_macro;recall_micro;recall_weighted;time
0.8351910632120273;0.7722427339605713;0.7962608335479394;0.8351910632120273;0.8254732722032191;0.8382974536528942;0.8351910632120273;0.8339316452732894;0.7722427339605713;0.8351910632120273;0.8351910632120273;1.2848289012908936
