acc;avg_acc;f1_macro;f1_micro;f1_weighted;precision_macro;precision_micro;precision_weighted;recall_macro;recall_micro;recall_weighted;time
0.8233803302084102;0.7617575420242977;0.7840766516323748;0.8233803302084102;0.8129225846687249;0.8238766082854648;0.8233803302084102;0.8204141427067533;0.7617575420242977;0.8233803302084102;0.8233803302084102;1.4283466339111328
