acc;avg_acc;f1_macro;f1_micro;f1_weighted;precision_macro;precision_micro;precision_weighted;recall_macro;recall_micro;recall_weighted;time
0.750129179892227;0.6639197650228957;0.6890096316415115;0.750129179892227;0.7316108333415888;0.7378030617085849;0.750129179892227;0.7353977548087709;0.6639197650228957;0.750129179892227;0.750129179892227;1.4267535209655762
