acc;avg_acc;f1_macro;f1_micro;f1_weighted;precision_macro;precision_micro;precision_weighted;recall_macro;recall_micro;recall_weighted;time
0.7562067862503383;0.6849707202661253;0.7066812598125501;0.7562067862503383;0.7412015776560801;0.7461409705528398;0.7562067862503383;0.7432397223977717;0.6849707202661253;0.7562067862503383;0.7562067862503383;1.4577791690826416
