acc;avg_acc;f1_macro;f1_micro;f1_weighted;precision_macro;precision_micro;precision_weighted;recall_macro;recall_micro;recall_weighted;time
0.6549051450505647;0.5909022261766971;0.6089143044052915;0.6549051450505647;0.6403259941641558;0.6423442306093894;0.6549051450505647;0.6421635750429037;0.5909022261766971;0.6549051450505647;0.6549051450505647;1.3758656978607178
