acc;avg_acc;f1_macro;f1_micro;f1_weighted;precision_macro;precision_micro;precision_weighted;recall_macro;recall_micro;recall_weighted;time
0.5729681848379715;0.5088210389043333;0.5242991037974156;0.5729681848379715;0.5573403534569679;0.556482889052636;0.5729681848379715;0.5570962598845031;0.5088210389043333;0.5729681848379715;0.5729681848379715;1.6844892501831055
