acc;avg_acc;f1_macro;f1_micro;f1_weighted;precision_macro;precision_micro;precision_weighted;recall_macro;recall_micro;recall_weighted;time
0.6297827317241209;0.5606732291095191;0.5802209187326003;0.6297827317241209;0.6150955116764925;0.6134459783392509;0.6297827317241209;0.6137602495690089;0.5606732291095191;0.6297827317241209;0.6297827317241209;1.319615125656128
