acc;avg_acc;f1_macro;f1_micro;f1_weighted;precision_macro;precision_micro;precision_weighted;recall_macro;recall_micro;recall_weighted;time
0.7623336039959646;0.7012259562852097;0.71537676129007;0.7623336039959646;0.7455730647052677;0.7459415490571986;0.7623336039959646;0.7458658738724938;0.7012259562852097;0.7623336039959646;0.7623336039959646;1.4572062492370605
