acc;avg_acc;f1_macro;f1_micro;f1_weighted;precision_macro;precision_micro;precision_weighted;recall_macro;recall_micro;recall_weighted;time
0.6260918776604907;0.5545882727439502;0.5715561072983844;0.6260918776604907;0.608457421803915;0.6013116586879167;0.6260918776604907;0.6047275123857395;0.5545882727439502;0.6260918776604907;0.6260918776604907;1.4448845386505127
