acc;avg_acc;f1_macro;f1_micro;f1_weighted;precision_macro;precision_micro;precision_weighted;recall_macro;recall_micro;recall_weighted;time
0.7957235304249404;0.7156369145517765;0.7399839689538085;0.7957235304249404;0.7835410071812807;0.7831404856235619;0.7957235304249404;0.7878006993637217;0.7156369145517765;0.7957235304249404;0.7957235304249404;1.4069397449493408
