acc;avg_acc;f1_macro;f1_micro;f1_weighted;precision_macro;precision_micro;precision_weighted;recall_macro;recall_micro;recall_weighted;time
0.8234787529834404;0.7570731970083071;0.782034352462133;0.8234787529834404;0.8117350450672006;0.8290169613319414;0.8234787529834404;0.8226400607767517;0.7570731970083071;0.8234787529834404;0.8234787529834404;0.9917161464691162
