acc;avg_acc;f1_macro;f1_micro;f1_weighted;precision_macro;precision_micro;precision_weighted;recall_macro;recall_micro;recall_weighted;time
0.7457001550158707;0.6641887805435848;0.6875361525224367;0.7457001550158707;0.7275172889152233;0.7320894773140372;0.7457001550158707;0.7308953665961787;0.6641887805435848;0.7457001550158707;0.7457001550158707;1.8796932697296143
