acc;avg_acc;f1_macro;f1_micro;f1_weighted;precision_macro;precision_micro;precision_weighted;recall_macro;recall_micro;recall_weighted;time
0.756329814719126;0.6702351896406907;0.6944945538755142;0.756329814719126;0.7383593355635701;0.744653162074934;0.756329814719126;0.7409058404094463;0.6702351896406907;0.756329814719126;0.756329814719126;1.4233956336975098
