acc;avg_acc;f1_macro;f1_micro;f1_weighted;precision_macro;precision_micro;precision_weighted;recall_macro;recall_micro;recall_weighted;time
0.7584951157697891;0.6885462790689406;0.7057425682180944;0.758495115769789;0.7425142410602605;0.7389321830610672;0.7584951157697891;0.7440261522487646;0.6885462790689406;0.7584951157697891;0.7584951157697891;1.4795737266540527
