acc;avg_acc;f1_macro;f1_micro;f1_weighted;precision_macro;precision_micro;precision_weighted;recall_macro;recall_micro;recall_weighted;time
0.7484067813291996;0.6594277497477773;0.6856120116433586;0.7484067813291996;0.7302028757127107;0.733047092512137;0.7484067813291996;0.7316595266996352;0.6594277497477773;0.7484067813291996;0.7484067813291996;1.4323899745941162
