acc;avg_acc;f1_macro;f1_micro;f1_weighted;precision_macro;precision_micro;precision_weighted;recall_macro;recall_micro;recall_weighted;time
0.7531556802244039;0.6769150924087851;0.6991178273252189;0.7531556802244039;0.7359631062381096;0.7407994602157454;0.7531556802244039;0.7376504755971418;0.6769150924087851;0.7531556802244039;0.7531556802244039;1.4080405235290527
