acc;avg_acc;f1_macro;f1_micro;f1_weighted;precision_macro;precision_micro;precision_weighted;recall_macro;recall_micro;recall_weighted;time
0.8306390098668832;0.7696288432715807;0.7925723475192394;0.8306390098668832;0.8209481116986032;0.8309049730110288;0.8306390098668832;0.828592882945151;0.7696288432715807;0.8306390098668832;0.8306390098668832;1.1251811981201172
