acc;avg_acc;f1_macro;f1_micro;f1_weighted;precision_macro;precision_micro;precision_weighted;recall_macro;recall_micro;recall_weighted;time
0.7403115080829704;0.6541926809399059;0.6788046845410801;0.7403115080829704;0.7220422478120581;0.7282112971967583;0.7403115080829704;0.726485265512906;0.6541926809399059;0.7403115080829704;0.7403115080829704;1.461390495300293
