acc;avg_acc;f1_macro;f1_micro;f1_weighted;precision_macro;precision_micro;precision_weighted;recall_macro;recall_micro;recall_weighted;time
0.827735538003494;0.7705446474745341;0.7915900247931361;0.8277355380034941;0.8187374884912038;0.8261017957462433;0.827735538003494;0.8239881865106704;0.7705446474745341;0.827735538003494;0.827735538003494;1.2204668521881104
