acc;avg_acc;f1_macro;f1_micro;f1_weighted;precision_macro;precision_micro;precision_weighted;recall_macro;recall_micro;recall_weighted;time
0.7591840751950001;0.6801518193511757;0.7027189207778837;0.7591840751950001;0.7427071792287114;0.7431504046945531;0.7591840751950001;0.7433712437707334;0.6801518193511757;0.7591840751950001;0.7591840751950001;1.442737102508545
