acc;avg_acc;f1_macro;f1_micro;f1_weighted;precision_macro;precision_micro;precision_weighted;recall_macro;recall_micro;recall_weighted;time
0.7807140572328437;0.7089133178425862;0.7289901373105532;0.7807140572328437;0.7638969200406196;0.7729278848525115;0.7807140572328437;0.7704799256754158;0.7089133178425862;0.7807140572328437;0.7807140572328437;1.4409031867980957
