acc;avg_acc;f1_macro;f1_micro;f1_weighted;precision_macro;precision_micro;precision_weighted;recall_macro;recall_micro;recall_weighted;time
0.8245367978150144;0.7607783204867741;0.7850767890181315;0.8245367978150144;0.813440662021605;0.8280143446896341;0.8245367978150144;0.8212157115189289;0.7607783204867741;0.8245367978150144;0.8245367978150144;1.4059691429138184
