acc;avg_acc;f1_macro;f1_micro;f1_weighted;precision_macro;precision_micro;precision_weighted;recall_macro;recall_micro;recall_weighted;time
0.625279889766492;0.5594186292580794;0.5764384398405582;0.625279889766492;0.61043055215133;0.60978973595869;0.625279889766492;0.6122214184732911;0.5594186292580794;0.625279889766492;0.625279889766492;1.4697558879852295
