acc;avg_acc;f1_macro;f1_micro;f1_weighted;precision_macro;precision_micro;precision_weighted;recall_macro;recall_micro;recall_weighted;time
0.8127260648113973;0.7417395140509787;0.7672321822005475;0.8127260648113973;0.8002022543516446;0.8153649005822649;0.8127260648113973;0.8081494015396457;0.7417395140509787;0.8127260648113973;0.8127260648113973;1.4279696941375732
