acc;avg_acc;f1_macro;f1_micro;f1_weighted;precision_macro;precision_micro;precision_weighted;recall_macro;recall_micro;recall_weighted;time
0.8319923230235476;0.7686572885507156;0.7942203531078736;0.8319923230235476;0.821695874742953;0.8390787248149995;0.8319923230235476;0.831774214990011;0.7686572885507156;0.8319923230235476;0.8319923230235476;1.2418336868286133
