acc;avg_acc;f1_macro;f1_micro;f1_weighted;precision_macro;precision_micro;precision_weighted;recall_macro;recall_micro;recall_weighted;time
0.7565020545754287;0.6740565952672094;0.6988401836186137;0.7565020545754287;0.7395434469772048;0.7474353260026303;0.7565020545754287;0.7429136805173987;0.6740565952672094;0.7565020545754287;0.7565020545754287;1.4184837341308594
