acc;avg_acc;f1_macro;f1_micro;f1_weighted;precision_macro;precision_micro;precision_weighted;recall_macro;recall_micro;recall_weighted;time
0.8239708668585911;0.7628554526654477;0.7849686666847828;0.8239708668585911;0.8131599188246362;0.8226109632346517;0.8239708668585911;0.8184779703588372;0.7628554526654477;0.8239708668585911;0.8239708668585911;1.4123601913452148
