acc;avg_acc;f1_macro;f1_micro;f1_weighted;precision_macro;precision_micro;precision_weighted;recall_macro;recall_micro;recall_weighted;time
0.826357619153072;0.7645148551375704;0.7898112221275854;0.826357619153072;0.815024185250857;0.8323617022859106;0.826357619153072;0.8209750621376989;0.7645148551375704;0.826357619153072;0.826357619153072;1.4638206958770752
