acc;avg_acc;f1_macro;f1_micro;f1_weighted;precision_macro;precision_micro;precision_weighted;recall_macro;recall_micro;recall_weighted;time
0.6511404739056618;0.5925615098923157;0.6075878514343915;0.6511404739056618;0.6352098085613216;0.6373948833278876;0.6511404739056618;0.6351747246063139;0.5925615098923157;0.6511404739056618;0.6511404739056618;1.3468379974365234
