acc;avg_acc;f1_macro;f1_micro;f1_weighted;precision_macro;precision_micro;precision_weighted;recall_macro;recall_micro;recall_weighted;time
0.8286705543662803;0.7604292363469047;0.7861833028605582;0.8286705543662802;0.8181420394737272;0.8341756737934702;0.8286705543662803;0.8274714218492552;0.7604292363469047;0.8286705543662803;0.8286705543662803;0.9838402271270752
