acc;avg_acc;f1_macro;f1_micro;f1_weighted;precision_macro;precision_micro;precision_weighted;recall_macro;recall_micro;recall_weighted;time
0.6356388868384144;0.5678743005422137;0.5861124552062544;0.6356388868384144;0.6198864948242494;0.6240036604841672;0.6356388868384144;0.6234438476785705;0.5678743005422137;0.6356388868384144;0.6356388868384144;1.3569390773773193
