acc;avg_acc;f1_macro;f1_micro;f1_weighted;precision_macro;precision_micro;precision_weighted;recall_macro;recall_micro;recall_weighted;time
0.6335227971752664;0.5493998409532284;0.5706564949438907;0.6335227971752664;0.6156232110285227;0.6123045298168802;0.6335227971752664;0.6159014272957211;0.5493998409532284;0.6335227971752664;0.6335227971752664;1.3902859687805176
