acc;avg_acc;f1_macro;f1_micro;f1_weighted;precision_macro;precision_micro;precision_weighted;recall_macro;recall_micro;recall_weighted;time
0.7620629413646318;0.6922448588491947;0.7085190889846809;0.7620629413646318;0.7442216951826728;0.7439312724277864;0.7620629413646318;0.7475839794809279;0.6922448588491947;0.7620629413646318;0.7620629413646318;1.5701868534088135
