acc;avg_acc;f1_macro;f1_micro;f1_weighted;precision_macro;precision_micro;precision_weighted;recall_macro;recall_micro;recall_weighted;time
0.820058561551143;0.7529020473421075;0.7786619262664463;0.820058561551143;0.8087028498869921;0.8260550869686922;0.820058561551143;0.8156890790025411;0.7529020473421075;0.820058561551143;0.820058561551143;1.40348219871521
