acc;avg_acc;f1_macro;f1_micro;f1_weighted;precision_macro;precision_micro;precision_weighted;recall_macro;recall_micro;recall_weighted;time
0.7415171870770897;0.6574547610304002;0.6807860058844208;0.7415171870770898;0.7201354859802869;0.7302307324505865;0.7415171870770897;0.7259241719579788;0.6574547610304002;0.7415171870770897;0.7415171870770897;1.4326415061950684
