acc;avg_acc;f1_macro;f1_micro;f1_weighted;precision_macro;precision_micro;precision_weighted;recall_macro;recall_micro;recall_weighted;time
0.7813538052705395;0.7072187599160455;0.7282387704454166;0.7813538052705395;0.7650724020741961;0.7702029005094557;0.7813538052705395;0.7714873657833841;0.7072187599160455;0.7813538052705395;0.7813538052705395;1.4211549758911133
