acc;avg_acc;f1_macro;f1_micro;f1_weighted;precision_macro;precision_micro;precision_weighted;recall_macro;recall_micro;recall_weighted;time
0.5727467335941537;0.5265594935667443;0.5379351226106904;0.5727467335941537;0.5609457577014039;0.5576939611576084;0.5727467335941537;0.5584470824592773;0.5265594935667443;0.5727467335941537;0.5727467335941537;1.4285433292388916
