acc;avg_acc;f1_macro;f1_micro;f1_weighted;precision_macro;precision_micro;precision_weighted;recall_macro;recall_micro;recall_weighted;time
0.8182869516006004;0.752113178885121;0.7753053782988787;0.8182869516006004;0.8086214448114847;0.8136931174952384;0.8182869516006004;0.8134670030795635;0.752113178885121;0.8182869516006004;0.8182869516006004;1.379105806350708
