acc;avg_acc;f1_macro;f1_micro;f1_weighted;precision_macro;precision_micro;precision_weighted;recall_macro;recall_micro;recall_weighted;time
0.7513594645801038;0.6656698724238134;0.6904182981665193;0.7513594645801038;0.732316193188634;0.7395360550873867;0.7513594645801038;0.735565409689666;0.6656698724238134;0.7513594645801038;0.7513594645801038;1.3336803913116455
