acc;avg_acc;f1_macro;f1_micro;f1_weighted;precision_macro;precision_micro;precision_weighted;recall_macro;recall_micro;recall_weighted;time
0.7819935533082355;0.7071470288153784;0.7278450784555919;0.7819935533082356;0.7659055939321671;0.7676845146965084;0.7819935533082355;0.7704738253518815;0.7071470288153784;0.7819935533082355;0.7819935533082355;1.4721899032592773
