acc;avg_acc;f1_macro;f1_micro;f1_weighted;precision_macro;precision_micro;precision_weighted;recall_macro;recall_micro;recall_weighted;time
0.7862503383282892;0.7039723329074216;0.729684240146139;0.7862503383282892;0.7712834412130681;0.7798930119200904;0.7862503383282892;0.7780750255999763;0.7039723329074216;0.7862503383282892;0.7862503383282892;1.4974594116210938
