acc;avg_acc;f1_macro;f1_micro;f1_weighted;precision_macro;precision_micro;precision_weighted;recall_macro;recall_micro;recall_weighted;time
0.7468074112349598;0.6623091410506351;0.6863195023750372;0.7468074112349598;0.7249945009870523;0.734914372218284;0.7468074112349598;0.7283413723582425;0.6623091410506351;0.7468074112349598;0.7468074112349598;1.43593168258667
