acc;avg_acc;f1_macro;f1_micro;f1_weighted;precision_macro;precision_micro;precision_weighted;recall_macro;recall_micro;recall_weighted;time
0.8256932654216186;0.7684755638873266;0.7891120513014808;0.8256932654216186;0.8146533410531875;0.8258175143176842;0.8256932654216186;0.8210109798291046;0.7684755638873266;0.8256932654216186;0.8256932654216186;1.4061322212219238
