acc;avg_acc;f1_macro;f1_micro;f1_weighted;precision_macro;precision_micro;precision_weighted;recall_macro;recall_micro;recall_weighted;time
0.8272926355158584;0.7586208415215586;0.7858765224290977;0.8272926355158584;0.8170125042879257;0.8342441962323734;0.8272926355158584;0.8245360567843162;0.7586208415215586;0.8272926355158584;0.8272926355158584;1.5167665481567383
