acc;avg_acc;f1_macro;f1_micro;f1_weighted;precision_macro;precision_micro;precision_weighted;recall_macro;recall_micro;recall_weighted;time
0.8305897984793681;0.7708037754968243;0.7949672590621577;0.8305897984793681;0.8192019185068276;0.8380015299949739;0.8305897984793681;0.8279931469398142;0.7708037754968243;0.8305897984793681;0.8305897984793681;1.461423635482788
