acc;avg_acc;f1_macro;f1_micro;f1_weighted;precision_macro;precision_micro;precision_weighted;recall_macro;recall_micro;recall_weighted;time
0.6306685366993923;0.552852240014826;0.5749062718045983;0.6306685366993923;0.6148832537478222;0.6125699299644559;0.6306685366993923;0.6139281799370254;0.552852240014826;0.6306685366993923;0.6306685366993923;1.3512418270111084
