acc;avg_acc;f1_macro;f1_micro;f1_weighted;precision_macro;precision_micro;precision_weighted;recall_macro;recall_micro;recall_weighted;time
0.8253241800152555;0.7607003538181212;0.7861950077079323;0.8253241800152554;0.8143950394935212;0.8316183863483221;0.8253241800152555;0.8228987870428816;0.7607003538181212;0.8253241800152555;0.8253241800152555;1.3810663223266602
