acc;avg_acc;f1_macro;f1_micro;f1_weighted;precision_macro;precision_micro;precision_weighted;recall_macro;recall_micro;recall_weighted;time
0.6345562363130829;0.5637465029107757;0.582501497075977;0.6345562363130829;0.6181690601634602;0.6173744752983945;0.6345562363130829;0.6174361372334403;0.5637465029107757;0.6345562363130829;0.6345562363130829;1.4409494400024414
