acc;avg_acc;f1_macro;f1_micro;f1_weighted;precision_macro;precision_micro;precision_weighted;recall_macro;recall_micro;recall_weighted;time
0.6563322752885018;0.6021569637084582;0.616078861607194;0.6563322752885018;0.6416120799212643;0.6444352074269564;0.6563322752885018;0.6419998138883567;0.6021569637084582;0.6563322752885018;0.6563322752885018;1.8411810398101807
