acc;avg_acc;f1_macro;f1_micro;f1_weighted;precision_macro;precision_micro;precision_weighted;recall_macro;recall_micro;recall_weighted;time
0.6510666568243891;0.5931348791680222;0.607269158773877;0.6510666568243891;0.637105993884826;0.6373556222271384;0.6510666568243891;0.6389512888962108;0.5931348791680222;0.6510666568243891;0.6510666568243891;1.6949350833892822
