acc;avg_acc;f1_macro;f1_micro;f1_weighted;precision_macro;precision_micro;precision_weighted;recall_macro;recall_micro;recall_weighted;time
0.7585935385448193;0.6815502183021348;0.6998866852547014;0.7585935385448193;0.7397798142500738;0.7381097010867972;0.7585935385448193;0.7421183417534378;0.6815502183021348;0.7585935385448193;0.7585935385448193;1.45786452293396
