acc;avg_acc;f1_macro;f1_micro;f1_weighted;precision_macro;precision_micro;precision_weighted;recall_macro;recall_micro;recall_weighted;time
0.8215595088703526;0.7602293357063397;0.7868749312931564;0.8215595088703525;0.8103611756837926;0.833136133851882;0.8215595088703526;0.8174540562153074;0.7602293357063397;0.8215595088703526;0.8215595088703526;1.4073126316070557
