acc;avg_acc;f1_macro;f1_micro;f1_weighted;precision_macro;precision_micro;precision_weighted;recall_macro;recall_micro;recall_weighted;time
0.8241923181024089;0.7614663463298521;0.7852435986305756;0.8241923181024089;0.8148574025708677;0.8230789482080874;0.8241923181024089;0.82009364790498;0.7614663463298521;0.8241923181024089;0.8241923181024089;1.3529927730560303
