expl_var_class_0,expl_var_class_1,expl_var_class_2,expl_var_class_3,expl_var_class_4,expl_var_class_5,expl_var_mean,mae_class_0,mae_class_1,mae_class_2,mae_class_3,mae_class_4,mae_class_5,mae_mean,mse_class_0,mse_class_1,mse_class_2,mse_class_3,mse_class_4,mse_class_5,mse_mean,r2_class_0,r2_class_1,r2_class_2,r2_class_3,r2_class_4,r2_class_5,r2_mean,time
0.855438392950538,0.886606242727175,0.8992247705472153,0.8811631601182813,0.7233053635902773,0.8600402235544962,0.8509630255813305,0.06593827958351103,0.09022472766770676,0.07333169617671308,0.03392768660071356,0.02404527150227283,0.04190261311283831,0.05489504577395926,0.014699568978174753,0.015413037346331388,0.012438483609442445,0.004771062816234633,0.00327272986417349,0.00625822575017372,0.009475518060755072,0.8530989072903221,0.8859917210361365,0.8990455399383043,0.8789478540252891,0.7128435121159791,0.8582661118609873,0.8480322743778365,9.973066568374634
