expl_var_class_0,expl_var_class_1,expl_var_class_2,expl_var_class_3,expl_var_class_4,expl_var_class_5,expl_var_mean,mae_class_0,mae_class_1,mae_class_2,mae_class_3,mae_class_4,mae_class_5,mae_mean,mse_class_0,mse_class_1,mse_class_2,mse_class_3,mse_class_4,mse_class_5,mse_mean,r2_class_0,r2_class_1,r2_class_2,r2_class_3,r2_class_4,r2_class_5,r2_mean,time
0.8751743655313795,0.8852762911019397,0.8906581644443069,0.8912938162829532,0.7525786780510686,0.8693463961474543,0.8607212852598504,0.0625910696966215,0.09117015019525938,0.07343508193431088,0.03327899984165859,0.0230329335758343,0.04019084534032082,0.053949846764000914,0.012653174383697294,0.015518736606549706,0.013543606369673016,0.004366923981612031,0.00290751909914765,0.005802306465899004,0.009132044484429785,0.8735496839416824,0.885209877037808,0.8900760324754915,0.8892017272370014,0.7448879047101542,0.8685915963381201,0.8585861369567095,9.625446081161499
