expl_var_class_0,expl_var_class_1,expl_var_class_2,expl_var_class_3,expl_var_class_4,expl_var_class_5,expl_var_mean,mae_class_0,mae_class_1,mae_class_2,mae_class_3,mae_class_4,mae_class_5,mae_mean,mse_class_0,mse_class_1,mse_class_2,mse_class_3,mse_class_4,mse_class_5,mse_mean,r2_class_0,r2_class_1,r2_class_2,r2_class_3,r2_class_4,r2_class_5,r2_mean,time
0.8074763133121715,0.887054586447144,0.9060039768967737,0.7110581131985422,0.3716205524005457,0.8392286223995815,0.7537403607757932,0.0844776591476717,0.0876421833714282,0.06545579487188095,0.05784935831212663,0.03454600376775102,0.049877357710838684,0.06330805953028286,0.019313980151504588,0.01594182287843816,0.011854488407766445,0.011847382086394282,0.007386488960845155,0.007269292770440529,0.012268909209231524,0.8069844909710164,0.8820803616394222,0.9037854199843788,0.6994063836551578,0.3518932769215729,0.8353678551230352,0.7465862980490972,7.668750762939453
