expl_var_class_0,expl_var_class_1,expl_var_class_2,expl_var_class_3,expl_var_class_4,expl_var_class_5,expl_var_mean,mae_class_0,mae_class_1,mae_class_2,mae_class_3,mae_class_4,mae_class_5,mae_mean,mse_class_0,mse_class_1,mse_class_2,mse_class_3,mse_class_4,mse_class_5,mse_mean,r2_class_0,r2_class_1,r2_class_2,r2_class_3,r2_class_4,r2_class_5,r2_mean,time
0.8952875357686928,0.8724998690750478,0.8796250272034971,0.9165459929820179,0.8156814520750593,0.8796189577336344,0.8765431391396583,0.056826420659468024,0.09486792577443418,0.07966508405714444,0.027400924551332063,0.019852436659168703,0.04020382036800956,0.05313610201159283,0.010680979810866065,0.01726323757539992,0.014844306605454959,0.003322795625453509,0.0021682691405419453,0.005395691281213372,0.008945880006488296,0.8932589378807035,0.8723060250169248,0.8795191596179509,0.9156935138795816,0.8097513155603595,0.8778004605438029,0.8747215687498873,9.526389837265015
