expl_var_class_0,expl_var_class_1,expl_var_class_2,expl_var_class_3,expl_var_class_4,expl_var_class_5,expl_var_mean,mae_class_0,mae_class_1,mae_class_2,mae_class_3,mae_class_4,mae_class_5,mae_mean,mse_class_0,mse_class_1,mse_class_2,mse_class_3,mse_class_4,mse_class_5,mse_mean,r2_class_0,r2_class_1,r2_class_2,r2_class_3,r2_class_4,r2_class_5,r2_mean,time
0.869344535765638,0.9031978878562403,0.9002739123607959,0.7101842043629658,0.3940066084928413,0.8543980047308612,0.7719008589282238,0.06661932665268852,0.079675951921686,0.06751050922954283,0.05486432697849315,0.03497875354299,0.043958250426096454,0.05793451979191616,0.013157749999782375,0.013520277675122512,0.012466066707270816,0.011708574339968556,0.007176129570310785,0.00652936599571172,0.010759694048027795,0.8685071749084168,0.8999922238415161,0.8988216672512849,0.702928235332644,0.3703506706834403,0.8521254319358503,0.765454233992192,7.5093207359313965
