expl_var_class_0,expl_var_class_1,expl_var_class_2,expl_var_class_3,expl_var_class_4,expl_var_class_5,expl_var_mean,mae_class_0,mae_class_1,mae_class_2,mae_class_3,mae_class_4,mae_class_5,mae_mean,mse_class_0,mse_class_1,mse_class_2,mse_class_3,mse_class_4,mse_class_5,mse_mean,r2_class_0,r2_class_1,r2_class_2,r2_class_3,r2_class_4,r2_class_5,r2_mean,time
0.8692774277992503,0.9020231831217865,0.9058140014942384,0.6986349008721024,0.38260564482920567,0.862690370477138,0.7701742547656204,0.06978338013768066,0.07945884470658049,0.0668216502796908,0.05903283237638304,0.036527603857179035,0.04301975854780262,0.059107344984219434,0.013130033588866035,0.014085464011627939,0.011704640149596714,0.01233955801418458,0.007314638905681844,0.00612435685423607,0.010783115254032196,0.8687841606523965,0.89581161231953,0.9050016333484602,0.6869188196571785,0.35819755816422305,0.8612979230930435,0.762668617872472,7.3820085525512695
