expl_var_class_0,expl_var_class_1,expl_var_class_2,expl_var_class_3,expl_var_class_4,expl_var_class_5,expl_var_mean,mae_class_0,mae_class_1,mae_class_2,mae_class_3,mae_class_4,mae_class_5,mae_mean,mse_class_0,mse_class_1,mse_class_2,mse_class_3,mse_class_4,mse_class_5,mse_mean,r2_class_0,r2_class_1,r2_class_2,r2_class_3,r2_class_4,r2_class_5,r2_mean,time
0.8333501270582663,0.8949558718669344,0.9101551508316296,0.7074356257146595,0.4021186703677515,0.848238812725659,0.7660423764274832,0.0801046267506354,0.08411647211487071,0.06562366296515015,0.058807028669581984,0.03314288826980528,0.04641575564613117,0.061368405736029114,0.016705572233385018,0.014773902318316483,0.011284217002483454,0.011996387223805811,0.006999405175150801,0.006779382822158105,0.011423144462549946,0.8330517840986766,0.8907193216337465,0.908413913586707,0.6956258021915172,0.38585685626664457,0.8464631470763693,0.7600218041422769,6.779475927352905
