expl_var_class_0,expl_var_class_1,expl_var_class_2,expl_var_class_3,expl_var_class_4,expl_var_class_5,expl_var_mean,mae_class_0,mae_class_1,mae_class_2,mae_class_3,mae_class_4,mae_class_5,mae_mean,mse_class_0,mse_class_1,mse_class_2,mse_class_3,mse_class_4,mse_class_5,mse_mean,r2_class_0,r2_class_1,r2_class_2,r2_class_3,r2_class_4,r2_class_5,r2_mean,time
0.874351254718,0.8743060433545077,0.8886006540691265,0.9079880068612292,0.7990305696004061,0.8926204766073587,0.8728161675351047,0.06269747753643759,0.09528871829188339,0.07490404834041983,0.029025926142042673,0.02097371884311354,0.03745079014309982,0.05339011321616614,0.012663827630458847,0.01699889363574384,0.013803133375980423,0.0036849246066047283,0.002372133149418124,0.004758343133666781,0.00904687592197879,0.873443220031584,0.8742613435526247,0.8879696335272063,0.9065055211877171,0.7918638408146783,0.8922348760884112,0.871046405867037,10.395761013031006
