expl_var_class_0,expl_var_class_1,expl_var_class_2,expl_var_class_3,expl_var_class_4,expl_var_class_5,expl_var_mean,mae_class_0,mae_class_1,mae_class_2,mae_class_3,mae_class_4,mae_class_5,mae_mean,mse_class_0,mse_class_1,mse_class_2,mse_class_3,mse_class_4,mse_class_5,mse_mean,r2_class_0,r2_class_1,r2_class_2,r2_class_3,r2_class_4,r2_class_5,r2_mean,time
0.8068699598455706,0.876084287899956,0.8983055489997669,0.6683212785144901,0.3807590276829066,0.8363718312197298,0.7444519890270699,0.08386983315373962,0.0922468319205632,0.06791372092557883,0.06212547635085156,0.03506713091702782,0.051280524471762,0.06541725295658718,0.019389065252660716,0.017602146557374142,0.01274255596858264,0.013629188365474897,0.007285487872604823,0.007394609784666886,0.013007175633560684,0.8062341231593868,0.8697991583369792,0.8965775975587861,0.6541981183059817,0.36075533366785506,0.8325297236165486,0.7366823424409231,5.709362268447876
