expl_var_class_0,expl_var_class_1,expl_var_class_2,expl_var_class_3,expl_var_class_4,expl_var_class_5,expl_var_mean,mae_class_0,mae_class_1,mae_class_2,mae_class_3,mae_class_4,mae_class_5,mae_mean,mse_class_0,mse_class_1,mse_class_2,mse_class_3,mse_class_4,mse_class_5,mse_mean,r2_class_0,r2_class_1,r2_class_2,r2_class_3,r2_class_4,r2_class_5,r2_mean,time
0.8303169992833219,0.8787708686830239,0.9016325951184259,0.7014305443477862,0.39715530321389025,0.8353900926494665,0.757449400549319,0.07910739910858368,0.08960530381275364,0.06806595703661784,0.05831311203869895,0.03372307204371544,0.05202851947538329,0.06347389391929213,0.017054000207442854,0.017131495410600436,0.012339217750258043,0.012225972193387216,0.007069755735139359,0.0074989233802488335,0.012219894112846125,0.8295697466188219,0.8732805050715869,0.8998512113956283,0.6898007367245943,0.37968414401558614,0.8301672694517753,0.7503922688796654,7.080461502075195
