expl_var_class_0,expl_var_class_1,expl_var_class_2,expl_var_class_3,expl_var_class_4,expl_var_class_5,expl_var_mean,mae_class_0,mae_class_1,mae_class_2,mae_class_3,mae_class_4,mae_class_5,mae_mean,mse_class_0,mse_class_1,mse_class_2,mse_class_3,mse_class_4,mse_class_5,mse_mean,r2_class_0,r2_class_1,r2_class_2,r2_class_3,r2_class_4,r2_class_5,r2_mean,time
0.8266503272650423,0.8698755959173753,0.8967490102400493,0.8817120430040898,0.7477946616018398,0.8671578888667144,0.8483232544825183,0.07098107560899396,0.09421899021116069,0.0736902761189663,0.03405032763904114,0.023345000922491897,0.03996323930915565,0.05604148496830161,0.01753434547567057,0.017661447072384498,0.012731684905585655,0.004761993788849379,0.0029937592384842574,0.005884497255920039,0.010261287956149065,0.8247693851330298,0.869360519961811,0.8966658303634927,0.879177954795112,0.7373210059576405,0.8667301709591179,0.8456708111950338,9.822298288345337
