expl_var_class_0,expl_var_class_1,expl_var_class_2,expl_var_class_3,expl_var_class_4,expl_var_class_5,expl_var_mean,mae_class_0,mae_class_1,mae_class_2,mae_class_3,mae_class_4,mae_class_5,mae_mean,mse_class_0,mse_class_1,mse_class_2,mse_class_3,mse_class_4,mse_class_5,mse_mean,r2_class_0,r2_class_1,r2_class_2,r2_class_3,r2_class_4,r2_class_5,r2_mean,time
0.8855006865168912,0.8828837607023026,0.8902842991203317,0.8884151947380483,0.7702794383645459,0.8712719606352015,0.8647725566795536,0.060023642162469255,0.09070886434263976,0.07589431108657836,0.03203446764684471,0.021594962683678373,0.03968677434303259,0.05332383704420718,0.011631768810912164,0.01585572676034918,0.013528277861407038,0.004441146198524374,0.0026989988240121937,0.00571532697914015,0.008978540905724182,0.883757166553225,0.8827172036860762,0.8902004432416373,0.8873185496343785,0.7631839304579526,0.8705614742777783,0.862956461308508,8.977973937988281
