expl_var_class_0,expl_var_class_1,expl_var_class_2,expl_var_class_3,expl_var_class_4,expl_var_class_5,expl_var_mean,mae_class_0,mae_class_1,mae_class_2,mae_class_3,mae_class_4,mae_class_5,mae_mean,mse_class_0,mse_class_1,mse_class_2,mse_class_3,mse_class_4,mse_class_5,mse_mean,r2_class_0,r2_class_1,r2_class_2,r2_class_3,r2_class_4,r2_class_5,r2_mean,time
0.875837578988562,0.8953909080582453,0.8886289131782339,0.893084204377316,0.769908045601834,0.8829708694943157,0.8676367532830845,0.06144247056314078,0.0857868567595002,0.0758838545360079,0.03265273808371523,0.02352673456528684,0.039389368923833254,0.05311367057191404,0.012539554939304132,0.014267416279494467,0.013769825269081527,0.004350279847569742,0.0027489612299622912,0.005202383158801664,0.008813070120702303,0.8746851472031701,0.8944657345118718,0.888239972103293,0.8896240247881579,0.758800119506758,0.8821784285002167,0.8646655711022446,8.456350803375244
