expl_var_class_0,expl_var_class_1,expl_var_class_2,expl_var_class_3,expl_var_class_4,expl_var_class_5,expl_var_mean,mae_class_0,mae_class_1,mae_class_2,mae_class_3,mae_class_4,mae_class_5,mae_mean,mse_class_0,mse_class_1,mse_class_2,mse_class_3,mse_class_4,mse_class_5,mse_mean,r2_class_0,r2_class_1,r2_class_2,r2_class_3,r2_class_4,r2_class_5,r2_mean,time
0.8812921937920355,0.8855407928797753,0.8968100958481082,0.9110843995923601,0.7986654544012897,0.8684010444973822,0.8736323301684918,0.06383108777753205,0.09022125636316362,0.0734090443736664,0.028533776760479444,0.020878173746045742,0.04057882387071149,0.052908693815266465,0.011946287146922214,0.01552883653845657,0.012749280610879883,0.003555097848163859,0.0023896545704622726,0.00583304819511162,0.008667034151666071,0.8806140072329955,0.8851351691247289,0.8965230183469189,0.9097995058447061,0.7903264729479156,0.8678953694867158,0.8717155904973302,10.942156791687012
