expl_var_class_0,expl_var_class_1,expl_var_class_2,expl_var_class_3,expl_var_class_4,expl_var_class_5,expl_var_mean,mae_class_0,mae_class_1,mae_class_2,mae_class_3,mae_class_4,mae_class_5,mae_mean,mse_class_0,mse_class_1,mse_class_2,mse_class_3,mse_class_4,mse_class_5,mse_mean,r2_class_0,r2_class_1,r2_class_2,r2_class_3,r2_class_4,r2_class_5,r2_mean,time
0.8129639818461738,0.8621550579985492,0.8940923652804227,0.6948953328749795,0.37793170696873235,0.8360946703197161,0.7463555192147623,0.08164383964031986,0.09721471875243343,0.07087646173764323,0.056754218294768066,0.03606267574666542,0.05303178873894355,0.06593061715179559,0.018856072166707198,0.019320543975749938,0.013211942325610003,0.012368196617614126,0.0073327571920916755,0.007515634465787014,0.013100857790593326,0.8115606240145838,0.8570883909623968,0.8927679172374605,0.6861921965678599,0.3566078200227164,0.8297888032182291,0.739000958670541,5.49605393409729
