expl_var_class_0,expl_var_class_1,expl_var_class_2,expl_var_class_3,expl_var_class_4,expl_var_class_5,expl_var_mean,mae_class_0,mae_class_1,mae_class_2,mae_class_3,mae_class_4,mae_class_5,mae_mean,mse_class_0,mse_class_1,mse_class_2,mse_class_3,mse_class_4,mse_class_5,mse_mean,r2_class_0,r2_class_1,r2_class_2,r2_class_3,r2_class_4,r2_class_5,r2_mean,time
0.8594046163584084,0.8810729360997615,0.8908228589578575,0.890770056743962,0.7310179832494517,0.8714212341883197,0.8540849475996269,0.06792465481310223,0.09169232217054145,0.07560651763666772,0.032274811648634126,0.024846633921967728,0.03917334526830154,0.05525304757653579,0.014171126344385113,0.016123566954159403,0.013473200675828186,0.004359473566940002,0.0032141793857612443,0.005681209509073771,0.009503792739357954,0.8583799329076948,0.880736023802611,0.8906474661832128,0.8893907603139464,0.7179808593589773,0.8713341536087915,0.8514115326958723,8.931819677352905
