expl_var_class_0,expl_var_class_1,expl_var_class_2,expl_var_class_3,expl_var_class_4,expl_var_class_5,expl_var_mean,mae_class_0,mae_class_1,mae_class_2,mae_class_3,mae_class_4,mae_class_5,mae_mean,mse_class_0,mse_class_1,mse_class_2,mse_class_3,mse_class_4,mse_class_5,mse_mean,r2_class_0,r2_class_1,r2_class_2,r2_class_3,r2_class_4,r2_class_5,r2_mean,time
0.8227690587380501,0.8647430931187224,0.8914794208059694,0.6571640892023876,0.37039450286754316,0.8340050284005249,0.7400925321888664,0.08014625028624943,0.09522781953365705,0.07108909503721411,0.06290458170096473,0.03501753256052946,0.05424398740263248,0.06643821108687455,0.017866913426263516,0.019250901545369584,0.013583408514026491,0.014081349863788008,0.0074095756970110095,0.007653795100630272,0.013307657357848147,0.8214458458228051,0.8576035271715758,0.8897529863455393,0.6427258066206913,0.3498675961140413,0.8266597943352328,0.7313425927349809,5.929875612258911
