expl_var_class_0,expl_var_class_1,expl_var_class_2,expl_var_class_3,expl_var_class_4,expl_var_class_5,expl_var_mean,mae_class_0,mae_class_1,mae_class_2,mae_class_3,mae_class_4,mae_class_5,mae_mean,mse_class_0,mse_class_1,mse_class_2,mse_class_3,mse_class_4,mse_class_5,mse_mean,r2_class_0,r2_class_1,r2_class_2,r2_class_3,r2_class_4,r2_class_5,r2_mean,time
0.8159582516202083,0.8540389991363363,0.8955862340207686,0.6968719735808598,0.3862378405488349,0.810943545335097,0.7432728073736842,0.08257537818332902,0.1017083306545795,0.068948610690673,0.05712206489567044,0.03319107584997162,0.05864922839493414,0.06703244811152628,0.01846406371547703,0.020594595717923086,0.013060670186031492,0.01225352328976871,0.007156258536030468,0.00875134551649043,0.01338007616028687,0.8154781858099427,0.8476643920988213,0.8939956872497097,0.6891017060328191,0.3720941987628652,0.8018028949394045,0.7366895108155939,5.051497936248779
