expl_var_class_0,expl_var_class_1,expl_var_class_2,expl_var_class_3,expl_var_class_4,expl_var_class_5,expl_var_mean,mae_class_0,mae_class_1,mae_class_2,mae_class_3,mae_class_4,mae_class_5,mae_mean,mse_class_0,mse_class_1,mse_class_2,mse_class_3,mse_class_4,mse_class_5,mse_mean,r2_class_0,r2_class_1,r2_class_2,r2_class_3,r2_class_4,r2_class_5,r2_mean,time
0.855340978590991,0.8872642331528429,0.9060330776900877,0.8814210634507688,0.7486606552125361,0.8716920046600141,0.8584020021262067,0.06798239498112175,0.09023819189601424,0.07155210644769389,0.03432313917112846,0.02269582465473994,0.04019870800035362,0.05449839419184199,0.014594898855780115,0.015309945863384066,0.011595816832205902,0.004761936804064501,0.002956120353860639,0.005686073884643733,0.009150798765656493,0.8541449349239661,0.8867542756373199,0.9058848760003998,0.8791794006219147,0.7406235241503907,0.8712239871030723,0.8563018330728438,10.063265323638916
