expl_var_class_0,expl_var_class_1,expl_var_class_2,expl_var_class_3,expl_var_class_4,expl_var_class_5,expl_var_mean,mae_class_0,mae_class_1,mae_class_2,mae_class_3,mae_class_4,mae_class_5,mae_mean,mse_class_0,mse_class_1,mse_class_2,mse_class_3,mse_class_4,mse_class_5,mse_mean,r2_class_0,r2_class_1,r2_class_2,r2_class_3,r2_class_4,r2_class_5,r2_mean,time
0.8183408992679219,0.8775803543691745,0.901681136215129,0.6774097653091408,0.3694623600402449,0.8366856824514047,0.7468600329421693,0.08164191805613033,0.09207576042261692,0.0655279033206829,0.06196339887692113,0.03600666604970275,0.05212596227382192,0.06489026816664599,0.018268856261553505,0.017226836796848517,0.012443671299923888,0.013237326812439597,0.00744871816536139,0.007425985262317531,0.01267523243307407,0.8174290041182222,0.8725752769510076,0.8990034350879088,0.6641404904245158,0.34643315019118925,0.8318191438744355,0.7385667501078799,5.890023231506348
