expl_var_class_0,expl_var_class_1,expl_var_class_2,expl_var_class_3,expl_var_class_4,expl_var_class_5,expl_var_mean,mae_class_0,mae_class_1,mae_class_2,mae_class_3,mae_class_4,mae_class_5,mae_mean,mse_class_0,mse_class_1,mse_class_2,mse_class_3,mse_class_4,mse_class_5,mse_mean,r2_class_0,r2_class_1,r2_class_2,r2_class_3,r2_class_4,r2_class_5,r2_mean,time
0.8036351384247985,0.8741130768875047,0.9016063307302697,0.678285155545194,0.356674638860507,0.8382966089471515,0.7421018248992377,0.08381725716619784,0.09420978442264971,0.06646276604962699,0.059858119865138615,0.034221895412542114,0.05123253385551684,0.06496705946194535,0.019738935193492634,0.017587778122803654,0.012351844265789728,0.013119078303816053,0.00753403148135079,0.0073164242660883755,0.012941348605556872,0.8027376752913717,0.869905439821931,0.8997487308121436,0.6671407099308451,0.33894757294956057,0.8343004391494598,0.7354634279925519,4.810722589492798
