expl_var_class_0,expl_var_class_1,expl_var_class_2,expl_var_class_3,expl_var_class_4,expl_var_class_5,expl_var_mean,mae_class_0,mae_class_1,mae_class_2,mae_class_3,mae_class_4,mae_class_5,mae_mean,mse_class_0,mse_class_1,mse_class_2,mse_class_3,mse_class_4,mse_class_5,mse_mean,r2_class_0,r2_class_1,r2_class_2,r2_class_3,r2_class_4,r2_class_5,r2_mean,time
0.8765309344029351,0.9096616540902311,0.9039430931202708,0.7395909657428967,0.40598122533248215,0.8734060627418543,0.7848523225717784,0.06717313860595743,0.0772541746854458,0.07004112425285372,0.052576147345584974,0.032344718401712456,0.040579943985017575,0.05666154121276199,0.012398233358766265,0.012773155166863434,0.011857167012271099,0.010499445468600882,0.006941245900145159,0.005632130588058422,0.010016896249117543,0.8760974535527846,0.9055185941102585,0.9037636796275976,0.7336064406459314,0.3909598784657342,0.8724456741225698,0.7803986200874794,8.350993633270264
