expl_var_class_0,expl_var_class_1,expl_var_class_2,expl_var_class_3,expl_var_class_4,expl_var_class_5,expl_var_mean,mae_class_0,mae_class_1,mae_class_2,mae_class_3,mae_class_4,mae_class_5,mae_mean,mse_class_0,mse_class_1,mse_class_2,mse_class_3,mse_class_4,mse_class_5,mse_mean,r2_class_0,r2_class_1,r2_class_2,r2_class_3,r2_class_4,r2_class_5,r2_mean,time
0.8159205555425232,0.8797323122490179,0.9012332046857318,0.6968905258403076,0.3666125639267903,0.8281967104978673,0.7480976454570397,0.08254068799461138,0.09238306826307219,0.06724757413710862,0.05732660329923538,0.03495030255937587,0.05227046468886194,0.0644531168237109,0.018470184698097365,0.01675899406096432,0.012445452483231428,0.01226317823839568,0.00745261662712001,0.007754777379511601,0.01252420058122007,0.8154170153744885,0.8760358502270854,0.8989889784704682,0.6888567391783493,0.34609109061608956,0.8243727865489459,0.7416270767359046,6.299768447875977
