expl_var_class_0,expl_var_class_1,expl_var_class_2,expl_var_class_3,expl_var_class_4,expl_var_class_5,expl_var_mean,mae_class_0,mae_class_1,mae_class_2,mae_class_3,mae_class_4,mae_class_5,mae_mean,mse_class_0,mse_class_1,mse_class_2,mse_class_3,mse_class_4,mse_class_5,mse_mean,r2_class_0,r2_class_1,r2_class_2,r2_class_3,r2_class_4,r2_class_5,r2_mean,time
0.8223047504044432,0.8806351465178299,0.9040748578610237,0.6704541421516624,0.3521738728410999,0.8370270575273372,0.7444449712172326,0.08046422676406628,0.09042082314478254,0.06657903555855536,0.06115245770646477,0.035922340811632106,0.05051432068968492,0.064175534112531,0.017835868925372356,0.016886563695062397,0.012038508957492849,0.01348654433477875,0.007645230390817833,0.007319326455880641,0.012535340459900806,0.8217560910490638,0.8750922338518851,0.9022918540625825,0.657817304783153,0.32919073702837975,0.8342347114720325,0.7367304887078494,5.589987277984619
