expl_var_class_0,expl_var_class_1,expl_var_class_2,expl_var_class_3,expl_var_class_4,expl_var_class_5,expl_var_mean,mae_class_0,mae_class_1,mae_class_2,mae_class_3,mae_class_4,mae_class_5,mae_mean,mse_class_0,mse_class_1,mse_class_2,mse_class_3,mse_class_4,mse_class_5,mse_mean,r2_class_0,r2_class_1,r2_class_2,r2_class_3,r2_class_4,r2_class_5,r2_mean,time
0.7361205230765553,0.7741730734919335,0.8840207136178695,0.6331600216431492,0.3333117542533226,0.7385543702484358,0.6832234093885443,0.09801116467221506,0.12134646651238508,0.07156211832665842,0.06795071079226431,0.03668408006041849,0.0714369513060576,0.07783191527833316,0.026474210739638855,0.03221719124091069,0.014790934458717386,0.015284473344954695,0.007868178822624024,0.012252445497210773,0.018147905684009407,0.7354282637774221,0.7616935297117061,0.8799523439533898,0.612199970999283,0.3096287532063865,0.7225113300710164,0.6702356986198673,4.410475730895996
