expl_var_class_0,expl_var_class_1,expl_var_class_2,expl_var_class_3,expl_var_class_4,expl_var_class_5,expl_var_mean,mae_class_0,mae_class_1,mae_class_2,mae_class_3,mae_class_4,mae_class_5,mae_mean,mse_class_0,mse_class_1,mse_class_2,mse_class_3,mse_class_4,mse_class_5,mse_mean,r2_class_0,r2_class_1,r2_class_2,r2_class_3,r2_class_4,r2_class_5,r2_mean,time
0.8756563251968533,0.8697340736021016,0.8898827023789717,0.8951566398657106,0.7452547134765233,0.8905796979704376,0.8610440254150996,0.06227455990389866,0.09639468416008176,0.07847884258557065,0.03072189018544381,0.0251113869014839,0.036551254052975664,0.05492210296490907,0.012551277936318439,0.017722424130890507,0.013570870821419893,0.004220357527047598,0.0030766135847833274,0.004831516205375356,0.009328843367639186,0.874567992674776,0.8689094804074169,0.8898547460155491,0.8929204340610989,0.7300511841035302,0.8905776805230319,0.8578135862975671,11.113445520401001
