expl_var_class_0,expl_var_class_1,expl_var_class_2,expl_var_class_3,expl_var_class_4,expl_var_class_5,expl_var_mean,mae_class_0,mae_class_1,mae_class_2,mae_class_3,mae_class_4,mae_class_5,mae_mean,mse_class_0,mse_class_1,mse_class_2,mse_class_3,mse_class_4,mse_class_5,mse_mean,r2_class_0,r2_class_1,r2_class_2,r2_class_3,r2_class_4,r2_class_5,r2_mean,time
0.8269836060114228,0.8741767942528607,0.9029338572710706,0.6854531409605824,0.355954524007673,0.8274278698290082,0.745488298722103,0.0787888053622558,0.09316011919968141,0.06701334541998355,0.05944172098292761,0.036360565279347154,0.053073595348014924,0.06463969193203507,0.017428224842038625,0.017736385881852716,0.012177033685357708,0.012816041294531236,0.0076093087252934,0.007862466163985844,0.012604910098843255,0.8258299085444796,0.8688062071094447,0.9011675458634565,0.6748294119447573,0.3323425826554387,0.8219338924051744,0.7374849247537919,5.605187654495239
