expl_var_class_0,expl_var_class_1,expl_var_class_2,expl_var_class_3,expl_var_class_4,expl_var_class_5,expl_var_mean,mae_class_0,mae_class_1,mae_class_2,mae_class_3,mae_class_4,mae_class_5,mae_mean,mse_class_0,mse_class_1,mse_class_2,mse_class_3,mse_class_4,mse_class_5,mse_mean,r2_class_0,r2_class_1,r2_class_2,r2_class_3,r2_class_4,r2_class_5,r2_mean,time
0.8739839007144244,0.8945547841671149,0.9089462024604241,0.899806298069447,0.8040511640493926,0.8654013615121312,0.8744572851621557,0.0618787904853824,0.08728741511215217,0.07073620397618538,0.030237479046208753,0.02087133947088318,0.04110777170021763,0.05201983329850491,0.012816866241505128,0.014324617981173465,0.011228391484279867,0.004004893033695116,0.002314146025073859,0.006030843689369232,0.008453293075849444,0.8719138187802378,0.8940426207922532,0.9088670102200964,0.898387232614436,0.7969517581376065,0.863415773259825,0.8722630356340758,9.930591344833374
