expl_var_class_0,expl_var_class_1,expl_var_class_2,expl_var_class_3,expl_var_class_4,expl_var_class_5,expl_var_mean,mae_class_0,mae_class_1,mae_class_2,mae_class_3,mae_class_4,mae_class_5,mae_mean,mse_class_0,mse_class_1,mse_class_2,mse_class_3,mse_class_4,mse_class_5,mse_mean,r2_class_0,r2_class_1,r2_class_2,r2_class_3,r2_class_4,r2_class_5,r2_mean,time
0.80883113503673,0.8899387538435981,0.9100063270234034,0.6967881614099505,0.29764182903673353,0.8301439739327255,0.7388916967138569,0.08151551027774279,0.08839472010894389,0.06371229038367242,0.057724162160786394,0.034251201769846765,0.053529570321447756,0.06318790917040668,0.0193332169760994,0.015249153063702316,0.011356453043596369,0.012323980566829316,0.008215768023403345,0.007757462089035384,0.01237267229377769,0.8067922465210303,0.8872039522526018,0.9078276242321097,0.6873140530682218,0.27913051526293464,0.8243119842809359,0.7320967292696391,6.7251129150390625
