expl_var_class_0,expl_var_class_1,expl_var_class_2,expl_var_class_3,expl_var_class_4,expl_var_class_5,expl_var_mean,mae_class_0,mae_class_1,mae_class_2,mae_class_3,mae_class_4,mae_class_5,mae_mean,mse_class_0,mse_class_1,mse_class_2,mse_class_3,mse_class_4,mse_class_5,mse_mean,r2_class_0,r2_class_1,r2_class_2,r2_class_3,r2_class_4,r2_class_5,r2_mean,time
0.861555962218584,0.9148079807246767,0.908885146697577,0.7604893889410068,0.43922526349217106,0.8282611041256132,0.7855374743666048,0.0670377174260001,0.07728755432911569,0.06631037651064113,0.04901938031116501,0.03033998848228268,0.04869969752844275,0.056449119097941224,0.01401346898971976,0.011765114142862625,0.011316577306555779,0.009581117468679354,0.006517582639641403,0.007801507516833768,0.010165894677382114,0.8599554918719369,0.91297494548922,0.9081512676623619,0.7569064011329111,0.42813302106559725,0.8233144603842567,0.7815725979343805,8.05198860168457
