expl_var_class_0,expl_var_class_1,expl_var_class_2,expl_var_class_3,expl_var_class_4,expl_var_class_5,expl_var_mean,mae_class_0,mae_class_1,mae_class_2,mae_class_3,mae_class_4,mae_class_5,mae_mean,mse_class_0,mse_class_1,mse_class_2,mse_class_3,mse_class_4,mse_class_5,mse_mean,r2_class_0,r2_class_1,r2_class_2,r2_class_3,r2_class_4,r2_class_5,r2_mean,time
0.8444102128328161,0.8876253904359085,0.8995510218273056,0.826713555131763,0.4688407761611132,0.8567292790234835,0.797311705902065,0.07217165000312914,0.08950333131593903,0.07149835559777096,0.03983285251143962,0.02951503670766926,0.04178920630087398,0.05738507207280366,0.015681944752927786,0.015211947679417389,0.01245154744686268,0.0068761397715749436,0.006177748359986224,0.006359785009773037,0.010459852170090343,0.8432814714881564,0.8874791557530671,0.8989395099193321,0.8255375149245844,0.45795082524083497,0.8559660368374663,0.7948590856939068,9.542473793029785
