expl_var_class_0,expl_var_class_1,expl_var_class_2,expl_var_class_3,expl_var_class_4,expl_var_class_5,expl_var_mean,mae_class_0,mae_class_1,mae_class_2,mae_class_3,mae_class_4,mae_class_5,mae_mean,mse_class_0,mse_class_1,mse_class_2,mse_class_3,mse_class_4,mse_class_5,mse_mean,r2_class_0,r2_class_1,r2_class_2,r2_class_3,r2_class_4,r2_class_5,r2_mean,time
0.8768179717127551,0.8840630697465656,0.9021937487213628,0.8976264999610495,0.7717405613149884,0.8937206229542284,0.8710270790684916,0.0643545910130885,0.08948161543082889,0.07323880387688914,0.02954861350627011,0.021515210744934295,0.03672066080452341,0.05247658256275572,0.012368018334963152,0.015743197615668954,0.012072633361002378,0.004101471725479263,0.00269656918040978,0.004695255667532665,0.008612857647509365,0.8763994093461493,0.883549567472006,0.9020148901786074,0.8959368230628955,0.7633971127102726,0.893663656740464,0.8691602432517324,10.528399229049683
