expl_var_class_0,expl_var_class_1,expl_var_class_2,expl_var_class_3,expl_var_class_4,expl_var_class_5,expl_var_mean,mae_class_0,mae_class_1,mae_class_2,mae_class_3,mae_class_4,mae_class_5,mae_mean,mse_class_0,mse_class_1,mse_class_2,mse_class_3,mse_class_4,mse_class_5,mse_mean,r2_class_0,r2_class_1,r2_class_2,r2_class_3,r2_class_4,r2_class_5,r2_mean,time
0.8010821692295393,0.8655552175825044,0.9011482906722592,0.7048095234692302,0.31635714469523124,0.8244630863525391,0.735569238666884,0.08610909980697595,0.09694927149749019,0.06779383466987395,0.05654337182006331,0.03538897815263115,0.05456534278507066,0.06622498312201754,0.019970949096476943,0.01888770945362249,0.012407685742122459,0.011956663625139046,0.00800773195224735,0.00804934694446857,0.013213347802346143,0.8004190293553695,0.8602900129292468,0.8992955046577963,0.6966336754997635,0.2973840558928249,0.8177014884150284,0.7286206277916717,5.15504002571106
