expl_var_class_0,expl_var_class_1,expl_var_class_2,expl_var_class_3,expl_var_class_4,expl_var_class_5,expl_var_mean,mae_class_0,mae_class_1,mae_class_2,mae_class_3,mae_class_4,mae_class_5,mae_mean,mse_class_0,mse_class_1,mse_class_2,mse_class_3,mse_class_4,mse_class_5,mse_mean,r2_class_0,r2_class_1,r2_class_2,r2_class_3,r2_class_4,r2_class_5,r2_mean,time
0.8240375148419563,0.8709906879166605,0.9013235973745982,0.6516685959877717,0.3625321080718381,0.8292535779397655,0.7399676803554317,0.07834295904530417,0.09316152915489562,0.06814756562517545,0.06417337180963802,0.03692436130225278,0.05454039855286313,0.0658816975816882,0.017850179231238602,0.018399986525278352,0.01235576478868882,0.014356866217592112,0.00757041159299485,0.007866266335137501,0.013066579115155038,0.8216130800824236,0.8638976374630942,0.8997169106735426,0.635735362947297,0.3357555022556431,0.8218478275915324,0.7297610535022555,6.8947529792785645
