expl_var_class_0,expl_var_class_1,expl_var_class_2,expl_var_class_3,expl_var_class_4,expl_var_class_5,expl_var_mean,mae_class_0,mae_class_1,mae_class_2,mae_class_3,mae_class_4,mae_class_5,mae_mean,mse_class_0,mse_class_1,mse_class_2,mse_class_3,mse_class_4,mse_class_5,mse_mean,r2_class_0,r2_class_1,r2_class_2,r2_class_3,r2_class_4,r2_class_5,r2_mean,time
0.79448499127177,0.8361005808715756,0.8998101512083156,0.6659704757300126,0.3291869157176436,0.8173007152934174,0.7238089716821224,0.08812481036688832,0.10420600262705587,0.06757038679041179,0.06145389411977462,0.037474011295554464,0.056686078563983174,0.06925253062727804,0.0205944053519521,0.023280835422996787,0.012629835819870445,0.013623918159875313,0.007945680237646592,0.008359636151845623,0.014405718524031143,0.79418847896835,0.8277946182976994,0.8974924680613829,0.6543318347800945,0.30282860926919564,0.8106741778697191,0.714551697874407,4.999978303909302
