expl_var_class_0,expl_var_class_1,expl_var_class_2,expl_var_class_3,expl_var_class_4,expl_var_class_5,expl_var_mean,mae_class_0,mae_class_1,mae_class_2,mae_class_3,mae_class_4,mae_class_5,mae_mean,mse_class_0,mse_class_1,mse_class_2,mse_class_3,mse_class_4,mse_class_5,mse_mean,r2_class_0,r2_class_1,r2_class_2,r2_class_3,r2_class_4,r2_class_5,r2_mean,time
0.8560023654950253,0.9022716143148766,0.8965432715493088,0.7490677457691628,0.3860263041789297,0.8621649130923961,0.7753460357332832,0.07101328008407067,0.08093201210821928,0.07224495544825509,0.05023438143684002,0.03449434812308463,0.042926437908628136,0.058640902518182964,0.01447638362809529,0.0137447577357067,0.012775021387474786,0.010074198736323873,0.007241614886567084,0.0061409034502408364,0.01074214663740143,0.8553293245122247,0.8983317733544485,0.8963140984910666,0.7443958667116924,0.36460484557578754,0.8609231821551417,0.7699831818000602,8.814948797225952
