expl_var_class_0,expl_var_class_1,expl_var_class_2,expl_var_class_3,expl_var_class_4,expl_var_class_5,expl_var_mean,mae_class_0,mae_class_1,mae_class_2,mae_class_3,mae_class_4,mae_class_5,mae_mean,mse_class_0,mse_class_1,mse_class_2,mse_class_3,mse_class_4,mse_class_5,mse_mean,r2_class_0,r2_class_1,r2_class_2,r2_class_3,r2_class_4,r2_class_5,r2_mean,time
0.8685976359770295,0.9123067189494372,0.9045690870545473,0.6898417370259499,0.4106056587993111,0.8577354930397316,0.7739427218076678,0.0671225082278107,0.07600483067837491,0.06735566695327462,0.059419006070725915,0.03364662141370099,0.043975804762329665,0.05792073968436947,0.01327000063203627,0.012439792381147214,0.011854396571911549,0.01268490819588422,0.006917050747160281,0.006370318257277102,0.010589411130902773,0.8673853909595178,0.9079844362811498,0.903786165351695,0.6781565412681274,0.3930828141931866,0.8557274839020053,0.7676871386592804,7.282935619354248
