expl_var_class_0,expl_var_class_1,expl_var_class_2,expl_var_class_3,expl_var_class_4,expl_var_class_5,expl_var_mean,mae_class_0,mae_class_1,mae_class_2,mae_class_3,mae_class_4,mae_class_5,mae_mean,mse_class_0,mse_class_1,mse_class_2,mse_class_3,mse_class_4,mse_class_5,mse_mean,r2_class_0,r2_class_1,r2_class_2,r2_class_3,r2_class_4,r2_class_5,r2_mean,time
0.86682238050623,0.8685091177753157,0.8812203006765326,0.9031015019711879,0.8010201530316146,0.8642925882833109,0.8641610070406985,0.06183214334639209,0.09589917659129933,0.07960474628636077,0.02888887034666292,0.02076493515646853,0.04145534016065043,0.05474086864797235,0.013552200350899369,0.017829820665357175,0.014634848068881044,0.003854100164762253,0.0023528183683250736,0.006049264654343919,0.009712175378761472,0.8645652098287034,0.8681150818871186,0.8812191878632814,0.9022131726795916,0.793558562020863,0.8629985823348951,0.8621116327690755,8.465632915496826
