expl_var_class_0,expl_var_class_1,expl_var_class_2,expl_var_class_3,expl_var_class_4,expl_var_class_5,expl_var_mean,mae_class_0,mae_class_1,mae_class_2,mae_class_3,mae_class_4,mae_class_5,mae_mean,mse_class_0,mse_class_1,mse_class_2,mse_class_3,mse_class_4,mse_class_5,mse_mean,r2_class_0,r2_class_1,r2_class_2,r2_class_3,r2_class_4,r2_class_5,r2_mean,time
0.8591897590720137,0.9109001795938068,0.9021455925414971,0.7215414052793012,0.39228264198659024,0.8572047547755934,0.7738773888748005,0.07219463489875072,0.0779089098836256,0.0683580763545996,0.05465998917234459,0.031069066210602122,0.0421142262786274,0.057717483799758336,0.014098596808291508,0.012368304762969212,0.01218213551272522,0.011256101440005427,0.007044884686539013,0.006324669794478762,0.010545782167501523,0.8591047615146897,0.9085132211100296,0.9011261379038219,0.7144084479489106,0.38186638430503084,0.8567613127183912,0.7702967109168123,8.275862216949463
