expl_var_class_0,expl_var_class_1,expl_var_class_2,expl_var_class_3,expl_var_class_4,expl_var_class_5,expl_var_mean,mae_class_0,mae_class_1,mae_class_2,mae_class_3,mae_class_4,mae_class_5,mae_mean,mse_class_0,mse_class_1,mse_class_2,mse_class_3,mse_class_4,mse_class_5,mse_mean,r2_class_0,r2_class_1,r2_class_2,r2_class_3,r2_class_4,r2_class_5,r2_mean,time
0.8875196373814824,0.8775555834706896,0.8833287365082834,0.8948127448546414,0.7735401247734166,0.8735181999985421,0.8650458378311758,0.05818420375953714,0.0936231382601119,0.07864609007523941,0.031196633461345484,0.021360414563615517,0.038428943622201756,0.05357323729034188,0.011436956024345956,0.016600134830122747,0.014376154428541463,0.0042046930115126795,0.0026556147142113118,0.005610728091214819,0.00914738018332483,0.8857040407277592,0.8772109117739311,0.8833188229636606,0.8933178765795046,0.7669905472938773,0.872930389633742,0.8632454314954127,9.427353858947754
