expl_var_class_0,expl_var_class_1,expl_var_class_2,expl_var_class_3,expl_var_class_4,expl_var_class_5,expl_var_mean,mae_class_0,mae_class_1,mae_class_2,mae_class_3,mae_class_4,mae_class_5,mae_mean,mse_class_0,mse_class_1,mse_class_2,mse_class_3,mse_class_4,mse_class_5,mse_mean,r2_class_0,r2_class_1,r2_class_2,r2_class_3,r2_class_4,r2_class_5,r2_mean,time
0.8550664692742205,0.8921759389887929,0.8909104825139078,0.8781079536359493,0.7269485799517802,0.8697539427097885,0.8521605611790734,0.06328941421601222,0.08785957447615411,0.07628812963779986,0.03488570945961427,0.02371050491749764,0.041469066849649815,0.054583733259454655,0.01485425092883017,0.014624421504244629,0.013451720107445912,0.004906135547420794,0.0032207084852792587,0.00582184101613481,0.009479846264892596,0.8515530832183725,0.8918250122233112,0.8908218089126757,0.8755207677339261,0.7174079818639043,0.8681491853627904,0.8492129732191634,10.18145203590393
