expl_var_class_0,expl_var_class_1,expl_var_class_2,expl_var_class_3,expl_var_class_4,expl_var_class_5,expl_var_mean,mae_class_0,mae_class_1,mae_class_2,mae_class_3,mae_class_4,mae_class_5,mae_mean,mse_class_0,mse_class_1,mse_class_2,mse_class_3,mse_class_4,mse_class_5,mse_mean,r2_class_0,r2_class_1,r2_class_2,r2_class_3,r2_class_4,r2_class_5,r2_mean,time
0.8733398589613913,0.9140269861426846,0.9038505058562898,0.7161850314255443,0.4125326428662125,0.8559176928150173,0.7793087863445233,0.06524259875793119,0.07656537689249406,0.06795993598864632,0.05548274202041685,0.03220586811553703,0.04415064596126323,0.056934527956048114,0.012768770473578309,0.012107518716696498,0.011925517910288138,0.011547641874878828,0.006854949676907065,0.006442644802843961,0.010274507242532134,0.8723944669457487,0.9104422223604172,0.9032089232585171,0.7070114388045878,0.3985316981426279,0.8540894601348745,0.7742797016077955,8.630274534225464
