expl_var_class_0,expl_var_class_1,expl_var_class_2,expl_var_class_3,expl_var_class_4,expl_var_class_5,expl_var_mean,mae_class_0,mae_class_1,mae_class_2,mae_class_3,mae_class_4,mae_class_5,mae_mean,mse_class_0,mse_class_1,mse_class_2,mse_class_3,mse_class_4,mse_class_5,mse_mean,r2_class_0,r2_class_1,r2_class_2,r2_class_3,r2_class_4,r2_class_5,r2_mean,time
0.8647083713897079,0.8872045558229289,0.9005678424351004,0.8860851933956804,0.7314697627149278,0.8699760768902809,0.8566686337747712,0.06619836315623556,0.089875274331134,0.07239812513916155,0.03295797204634457,0.02334925412048114,0.040047948474894846,0.05413782287804195,0.013697150061237893,0.015274095453180198,0.012265808279585962,0.004552202583258254,0.003167221612353174,0.0057517086214947215,0.0091180311018517,0.8631166455294171,0.8870194565666625,0.9004470246561361,0.884500809811192,0.7221010372686565,0.8697375168442112,0.8544870817793792,9.08816385269165
