expl_var_class_0,expl_var_class_1,expl_var_class_2,expl_var_class_3,expl_var_class_4,expl_var_class_5,expl_var_mean,mae_class_0,mae_class_1,mae_class_2,mae_class_3,mae_class_4,mae_class_5,mae_mean,mse_class_0,mse_class_1,mse_class_2,mse_class_3,mse_class_4,mse_class_5,mse_mean,r2_class_0,r2_class_1,r2_class_2,r2_class_3,r2_class_4,r2_class_5,r2_mean,time
0.823958630130428,0.8756081703390313,0.9006467175178748,0.6759329351366602,0.3682545395216229,0.8323270284948554,0.7461213368567453,0.07930812500280038,0.09263861343787036,0.06745560691426455,0.060945389579381434,0.03551904809734836,0.05311623251011119,0.06483050259029605,0.01775255422898213,0.01751877514030141,0.012454978900029123,0.01323998446949745,0.00744240508849622,0.007648004514616463,0.012676117056987133,0.8225887018525961,0.8704158461164001,0.898911659217227,0.6640730599373248,0.34698707338545876,0.8267909372986068,0.7382945463012689,5.304933786392212
