expl_var_class_0,expl_var_class_1,expl_var_class_2,expl_var_class_3,expl_var_class_4,expl_var_class_5,expl_var_mean,mae_class_0,mae_class_1,mae_class_2,mae_class_3,mae_class_4,mae_class_5,mae_mean,mse_class_0,mse_class_1,mse_class_2,mse_class_3,mse_class_4,mse_class_5,mse_mean,r2_class_0,r2_class_1,r2_class_2,r2_class_3,r2_class_4,r2_class_5,r2_mean,time
0.8237195755881095,0.8816419281855415,0.9006191588429096,0.6976025097707409,0.3616875179014627,0.8267449561472884,0.7486692744060087,0.08019051397927772,0.09074670630605804,0.06683978589433809,0.057374380888027376,0.034565803947376704,0.05385634452731664,0.06392892259039909,0.017706233651516613,0.016583502447026673,0.012503922004068885,0.012256716843734252,0.007476075416948831,0.007900812945889698,0.012404543884864158,0.8230516095374902,0.8773339393984831,0.898514422319449,0.6890206786861449,0.3440327650051076,0.8210654292474334,0.7421698073656846,4.885646820068359
