expl_var_class_0,expl_var_class_1,expl_var_class_2,expl_var_class_3,expl_var_class_4,expl_var_class_5,expl_var_mean,mae_class_0,mae_class_1,mae_class_2,mae_class_3,mae_class_4,mae_class_5,mae_mean,mse_class_0,mse_class_1,mse_class_2,mse_class_3,mse_class_4,mse_class_5,mse_mean,r2_class_0,r2_class_1,r2_class_2,r2_class_3,r2_class_4,r2_class_5,r2_mean,time
0.8578863045562922,0.8850179002147587,0.8969070789504376,0.883262822801226,0.7336098740782537,0.8588942964211912,0.8525963795036932,0.06777045402797952,0.08992665696725201,0.07476887102627194,0.032272485274771355,0.023048811061768454,0.04136471374157119,0.05485866534993575,0.014357220811762482,0.01557430788391764,0.01271645903686449,0.004648981869463277,0.0031297970456040116,0.006249258596893686,0.009446004207417598,0.8565201858194944,0.8847988233596664,0.8967894080763377,0.882045310746884,0.7253847507415938,0.8584691964972171,0.8506679458735321,9.014612436294556
