expl_var_class_0,expl_var_class_1,expl_var_class_2,expl_var_class_3,expl_var_class_4,expl_var_class_5,expl_var_mean,mae_class_0,mae_class_1,mae_class_2,mae_class_3,mae_class_4,mae_class_5,mae_mean,mse_class_0,mse_class_1,mse_class_2,mse_class_3,mse_class_4,mse_class_5,mse_mean,r2_class_0,r2_class_1,r2_class_2,r2_class_3,r2_class_4,r2_class_5,r2_mean,time
0.7865885577503873,0.8516477247166687,0.8957934044322354,0.6889536298542158,0.3328119459145019,0.8334405919876606,0.7315393091092783,0.08576902433262201,0.10208415753720022,0.07015849272741431,0.05945839495456368,0.038450176430177445,0.05080422500766603,0.06778741183160729,0.021529605496016135,0.020480713580410047,0.013093364240137087,0.012662904702830642,0.007929543256346733,0.007489779574662047,0.013864318475067113,0.7848424958807347,0.8485067638008322,0.8937303325100892,0.6787148173075901,0.30424450335988873,0.8303743548414588,0.7234022112834323,6.579775810241699
