expl_var_class_0,expl_var_class_1,expl_var_class_2,expl_var_class_3,expl_var_class_4,expl_var_class_5,expl_var_mean,mae_class_0,mae_class_1,mae_class_2,mae_class_3,mae_class_4,mae_class_5,mae_mean,mse_class_0,mse_class_1,mse_class_2,mse_class_3,mse_class_4,mse_class_5,mse_mean,r2_class_0,r2_class_1,r2_class_2,r2_class_3,r2_class_4,r2_class_5,r2_mean,time
0.8720068977941623,0.9102149311107633,0.9023301964965199,0.7362650071391448,0.41020194287925427,0.8514281583695469,0.7804078556315653,0.06617369596023136,0.07783650861207406,0.06839019550650233,0.05309290646877889,0.030353863816171573,0.04481279633554371,0.05677666111655031,0.012887476692198167,0.012507251499908839,0.012131477206133914,0.010690618838013602,0.006830522201861607,0.006668522046506366,0.010285978080770416,0.871208168677236,0.9074854497506161,0.9015372958994543,0.7287559602578132,0.4006750183166258,0.8489738792555004,0.7764392953595408,8.797767877578735
