expl_var_class_0,expl_var_class_1,expl_var_class_2,expl_var_class_3,expl_var_class_4,expl_var_class_5,expl_var_mean,mae_class_0,mae_class_1,mae_class_2,mae_class_3,mae_class_4,mae_class_5,mae_mean,mse_class_0,mse_class_1,mse_class_2,mse_class_3,mse_class_4,mse_class_5,mse_mean,r2_class_0,r2_class_1,r2_class_2,r2_class_3,r2_class_4,r2_class_5,r2_mean,time
0.8404768134630473,0.9156231678367708,0.8856158212675769,0.6563890477318013,0.4241952094261964,0.8444147966014861,0.7611191427211464,0.07379051842626093,0.07577763952758232,0.07222677188643774,0.05924118558253295,0.03109708508072783,0.043222367531126536,0.05922592800577805,0.01604983270192866,0.011770263755075965,0.014231875106792588,0.01399489359192998,0.00671281124451903,0.006914081634280058,0.01161229300575438,0.8396049594908868,0.9129368544619564,0.8844898371710651,0.6449193885634349,0.4110032355844132,0.8434125402219872,0.756061135915624,7.216662883758545
