expl_var_class_0,expl_var_class_1,expl_var_class_2,expl_var_class_3,expl_var_class_4,expl_var_class_5,expl_var_mean,mae_class_0,mae_class_1,mae_class_2,mae_class_3,mae_class_4,mae_class_5,mae_mean,mse_class_0,mse_class_1,mse_class_2,mse_class_3,mse_class_4,mse_class_5,mse_mean,r2_class_0,r2_class_1,r2_class_2,r2_class_3,r2_class_4,r2_class_5,r2_mean,time
0.8495196916271971,0.8997943235478546,0.9037661460474841,0.7176106603928708,0.35846023959349194,0.8565619103112193,0.764285495253353,0.07451741690913756,0.08279584005037773,0.067659339617698,0.05523796000371696,0.034586179053226675,0.043736835288348125,0.05975559515375084,0.01508547033281033,0.014013333852126691,0.011993879848725015,0.011424274178994848,0.007506242766124176,0.006389122815606431,0.011068720632397914,0.8492423771595216,0.8963451499449406,0.9026540772820809,0.7101415431242994,0.34138581570055493,0.8553016055024161,0.759178428118969,7.024378538131714
