expl_var_class_0,expl_var_class_1,expl_var_class_2,expl_var_class_3,expl_var_class_4,expl_var_class_5,expl_var_mean,mae_class_0,mae_class_1,mae_class_2,mae_class_3,mae_class_4,mae_class_5,mae_mean,mse_class_0,mse_class_1,mse_class_2,mse_class_3,mse_class_4,mse_class_5,mse_mean,r2_class_0,r2_class_1,r2_class_2,r2_class_3,r2_class_4,r2_class_5,r2_mean,time
0.8668057223403377,0.8690700352841468,0.8872003074064603,0.9063565440864956,0.7623143578577346,0.8896118267586209,0.8635597989556327,0.0639567060711195,0.09667641587602124,0.07811943899629079,0.03000699614222216,0.02460403829257565,0.03656622920260876,0.05498830409680635,0.01343815812191878,0.017778067902600315,0.013912305020828658,0.003780746501644393,0.0028858209853442254,0.0048742519529068,0.009444891747540528,0.8657048982152928,0.8684978904978392,0.8870835637452488,0.90407431320059,0.7467917447495376,0.8896098177609717,0.8602937046949134,11.084407806396484
