expl_var_class_0,expl_var_class_1,expl_var_class_2,expl_var_class_3,expl_var_class_4,expl_var_class_5,expl_var_mean,mae_class_0,mae_class_1,mae_class_2,mae_class_3,mae_class_4,mae_class_5,mae_mean,mse_class_0,mse_class_1,mse_class_2,mse_class_3,mse_class_4,mse_class_5,mse_mean,r2_class_0,r2_class_1,r2_class_2,r2_class_3,r2_class_4,r2_class_5,r2_mean,time
0.8621705987780323,0.8940095860281898,0.908926627994186,0.8941271855451715,0.7241460983013519,0.8649739842339472,0.8580590134801463,0.06862207328123338,0.08704060391688147,0.06998828229127137,0.03180896300338966,0.02374513150317339,0.0408629916383732,0.0536780076057204,0.01384799305568977,0.014409516403232143,0.011254009233225675,0.0042294518142966505,0.0032533569007336806,0.0059798192026069485,0.008829024434964146,0.8616091863144237,0.8934146379509632,0.9086590888935082,0.8926896923940929,0.7145433383687292,0.8645713561978351,0.8559145500199254,9.062653303146362
