expl_var_class_0,expl_var_class_1,expl_var_class_2,expl_var_class_3,expl_var_class_4,expl_var_class_5,expl_var_mean,mae_class_0,mae_class_1,mae_class_2,mae_class_3,mae_class_4,mae_class_5,mae_mean,mse_class_0,mse_class_1,mse_class_2,mse_class_3,mse_class_4,mse_class_5,mse_mean,r2_class_0,r2_class_1,r2_class_2,r2_class_3,r2_class_4,r2_class_5,r2_mean,time
0.8605241111259141,0.8892078581366135,0.8889018953463392,0.8422528275612651,0.4215729477173825,0.8744061047085094,0.796144290766004,0.06528012983802801,0.08914336622148682,0.0773649867373695,0.039767897839072246,0.03237355069801501,0.04014870773100498,0.05734643984416276,0.014225967943439466,0.01510045789042558,0.013691664273125457,0.006288435191794409,0.00680061186299815,0.005587135657543348,0.010282378803221068,0.857831869842785,0.8883038315570239,0.8888743501667604,0.840448846701546,0.40329941697337846,0.8734647019913342,0.7920371695388045,8.684342622756958
