expl_var_class_0,expl_var_class_1,expl_var_class_2,expl_var_class_3,expl_var_class_4,expl_var_class_5,expl_var_mean,mae_class_0,mae_class_1,mae_class_2,mae_class_3,mae_class_4,mae_class_5,mae_mean,mse_class_0,mse_class_1,mse_class_2,mse_class_3,mse_class_4,mse_class_5,mse_mean,r2_class_0,r2_class_1,r2_class_2,r2_class_3,r2_class_4,r2_class_5,r2_mean,time
0.8490596866126054,0.9092866647206544,0.9069238047529112,0.6906409314197416,0.4220512852346081,0.8685185316230937,0.7744134840606024,0.07594824936156311,0.07766748572773856,0.0650621833915724,0.05893668086278383,0.032151366289464106,0.04137827613279991,0.05852404029432032,0.015103804335049726,0.012878809088301635,0.01164200817147848,0.012615283993050428,0.006762912277521587,0.005824975537519561,0.010804632233820236,0.8490591551230995,0.904737085477126,0.9055099732500156,0.6799230573441954,0.4066072611919441,0.8680781959288757,0.7689857880525427,9.513274192810059
