expl_var_class_0,expl_var_class_1,expl_var_class_2,expl_var_class_3,expl_var_class_4,expl_var_class_5,expl_var_mean,mae_class_0,mae_class_1,mae_class_2,mae_class_3,mae_class_4,mae_class_5,mae_mean,mse_class_0,mse_class_1,mse_class_2,mse_class_3,mse_class_4,mse_class_5,mse_mean,r2_class_0,r2_class_1,r2_class_2,r2_class_3,r2_class_4,r2_class_5,r2_mean,time
0.828416548496981,0.8682051076147805,0.8999867100343895,0.6564785251523454,0.33627504053470236,0.8353617578309614,0.7374539482773601,0.07854727021158653,0.09376035860928054,0.06911605475024726,0.061767926268817476,0.03643937206724075,0.05098111532588493,0.06510201620550958,0.017276048145654917,0.01875448492233012,0.012429213457470422,0.01402569555339697,0.007827882284051105,0.007438060474967298,0.01295856413964514,0.8273506961959343,0.8612754578605164,0.8991207792694326,0.6441378764183585,0.3131644597787969,0.8315456691058225,0.7294324897714768,6.721944332122803
