expl_var_class_0,expl_var_class_1,expl_var_class_2,expl_var_class_3,expl_var_class_4,expl_var_class_5,expl_var_mean,mae_class_0,mae_class_1,mae_class_2,mae_class_3,mae_class_4,mae_class_5,mae_mean,mse_class_0,mse_class_1,mse_class_2,mse_class_3,mse_class_4,mse_class_5,mse_mean,r2_class_0,r2_class_1,r2_class_2,r2_class_3,r2_class_4,r2_class_5,r2_mean,time
0.8533362714566881,0.9040291954300719,0.9069606975152512,0.7235924231902235,0.3979859679133818,0.8485900499785888,0.7724157675807009,0.07445122644589885,0.08016018397845798,0.0646870317194319,0.05280839369747568,0.031372839665858285,0.044283299975447776,0.057960495913761755,0.014679998580511035,0.013391999706331946,0.011617969918236036,0.011118259380742037,0.0070045606832260816,0.006748988348799513,0.010760296102974442,0.8532944853243333,0.90094107967844,0.9057050749161926,0.7179057980618935,0.3854045006938973,0.8471515094108426,0.7684004080142666,7.609043598175049
