expl_var_class_0,expl_var_class_1,expl_var_class_2,expl_var_class_3,expl_var_class_4,expl_var_class_5,expl_var_mean,mae_class_0,mae_class_1,mae_class_2,mae_class_3,mae_class_4,mae_class_5,mae_mean,mse_class_0,mse_class_1,mse_class_2,mse_class_3,mse_class_4,mse_class_5,mse_mean,r2_class_0,r2_class_1,r2_class_2,r2_class_3,r2_class_4,r2_class_5,r2_mean,time
0.8522712184922155,0.8919114141699287,0.8958532029237753,0.8843571700961343,0.7401582753848759,0.8704696532534411,0.8558368223867285,0.06401532947781804,0.0885587017492756,0.07391162898119856,0.03354864947886123,0.024427225883623047,0.040875690740431736,0.054222871051868037,0.015113453921798147,0.014653429819946792,0.01284498833464527,0.0046430447252340705,0.0031010491979572732,0.005770628744441247,0.009354432457337133,0.8489627213542151,0.8916104413976829,0.895746225782821,0.882195948891379,0.7279071498723106,0.8693090211816499,0.8526219180800098,9.135984897613525
