expl_var_class_0,expl_var_class_1,expl_var_class_2,expl_var_class_3,expl_var_class_4,expl_var_class_5,expl_var_mean,mae_class_0,mae_class_1,mae_class_2,mae_class_3,mae_class_4,mae_class_5,mae_mean,mse_class_0,mse_class_1,mse_class_2,mse_class_3,mse_class_4,mse_class_5,mse_mean,r2_class_0,r2_class_1,r2_class_2,r2_class_3,r2_class_4,r2_class_5,r2_mean,time
0.8605856028927951,0.882222731058266,0.8998285596133122,0.8984409550050559,0.8102689844776596,0.8793911177922322,0.8717896584732201,0.06269769140418903,0.09185646901286461,0.0737533402730388,0.030315879081797666,0.019786574757018324,0.03856751444464586,0.05282957816225905,0.014196601381011332,0.015941033223306738,0.012357769671901612,0.004069538096469895,0.002227348787442657,0.0053851269053033085,0.009029569677572591,0.8581253464825577,0.8820862026181004,0.8997006384406412,0.8967470480524283,0.8045675379149286,0.8780397184634223,0.8698777486620132,10.279885053634644
