expl_var_class_0,expl_var_class_1,expl_var_class_2,expl_var_class_3,expl_var_class_4,expl_var_class_5,expl_var_mean,mae_class_0,mae_class_1,mae_class_2,mae_class_3,mae_class_4,mae_class_5,mae_mean,mse_class_0,mse_class_1,mse_class_2,mse_class_3,mse_class_4,mse_class_5,mse_mean,r2_class_0,r2_class_1,r2_class_2,r2_class_3,r2_class_4,r2_class_5,r2_mean,time
0.7305606850723319,0.7778544677511003,0.8923506328929115,0.6440031807509241,0.30012859293865346,0.7447421778206198,0.6816066228710902,0.09922174313008415,0.12020134540460138,0.0697081569248848,0.06637105500356354,0.038262279898211196,0.06905668080413915,0.07713687686091404,0.027006199530791433,0.03190297148406077,0.0136122057093433,0.01477845231677083,0.008256411257435757,0.011873978160548538,0.017905036409825107,0.7301117994072324,0.7640177733302704,0.8895192596795097,0.6250388150324306,0.2755643888713991,0.7310827126481416,0.6692224581614973,4.499616622924805
