expl_var_class_0,expl_var_class_1,expl_var_class_2,expl_var_class_3,expl_var_class_4,expl_var_class_5,expl_var_mean,mae_class_0,mae_class_1,mae_class_2,mae_class_3,mae_class_4,mae_class_5,mae_mean,mse_class_0,mse_class_1,mse_class_2,mse_class_3,mse_class_4,mse_class_5,mse_mean,r2_class_0,r2_class_1,r2_class_2,r2_class_3,r2_class_4,r2_class_5,r2_mean,time
0.8468630457444326,0.8706124978109766,0.8967158239721627,0.8920627653178433,0.7988339418590124,0.8935582417259329,0.8664410527383936,0.06710415335899068,0.09499893891212931,0.073513242757515,0.032383976053088785,0.021314336566098952,0.03681368034373099,0.05435472133192562,0.015444750290199222,0.017521784628212328,0.012778796902704646,0.0043691260010599925,0.002395400528565711,0.00470826891299203,0.009536354543955653,0.8456518896828153,0.8703935853166903,0.8962834552781594,0.8891458572579378,0.7898223099961931,0.893368937765807,0.8641110058829339,10.627449035644531
