expl_var_class_0,expl_var_class_1,expl_var_class_2,expl_var_class_3,expl_var_class_4,expl_var_class_5,expl_var_mean,mae_class_0,mae_class_1,mae_class_2,mae_class_3,mae_class_4,mae_class_5,mae_mean,mse_class_0,mse_class_1,mse_class_2,mse_class_3,mse_class_4,mse_class_5,mse_mean,r2_class_0,r2_class_1,r2_class_2,r2_class_3,r2_class_4,r2_class_5,r2_mean,time
0.8609445129884643,0.9125319754054415,0.9033473498700468,0.7435887475747895,0.3893820404085172,0.853504980588005,0.7772166011392106,0.06989254091901562,0.07700386639057029,0.06876962068026056,0.0525264416332116,0.03372399632363703,0.04373888147575838,0.05760922457040892,0.013962821113603027,0.01229408377544096,0.011972294920870086,0.010336032186371472,0.007180341378892204,0.006511520290953301,0.010376182277688507,0.8604616446956026,0.9090622243247081,0.9028292670242944,0.7377525877952269,0.3699811173716563,0.852529594588807,0.7721027393000494,8.21733832359314
