expl_var_class_0,expl_var_class_1,expl_var_class_2,expl_var_class_3,expl_var_class_4,expl_var_class_5,expl_var_mean,mae_class_0,mae_class_1,mae_class_2,mae_class_3,mae_class_4,mae_class_5,mae_mean,mse_class_0,mse_class_1,mse_class_2,mse_class_3,mse_class_4,mse_class_5,mse_mean,r2_class_0,r2_class_1,r2_class_2,r2_class_3,r2_class_4,r2_class_5,r2_mean,time
0.8556437625458945,0.9027457279892626,0.9080828942472703,0.7542339864826868,0.42238561004337294,0.8609311452631603,0.784003854428608,0.06970688832224167,0.08213825361514557,0.06675066257891608,0.05141358133316698,0.03351914968778959,0.043267562983072584,0.05779934975338875,0.014585090090840873,0.013380933934779795,0.011421478949781896,0.009899461045147245,0.006807858101179112,0.0061943624463088615,0.01038153076133963,0.8542429594503891,0.9010229317846615,0.9072998544930397,0.7488293385217095,0.4026636161609758,0.8597124633873634,0.7789618606330232,9.265010833740234
