expl_var_class_0,expl_var_class_1,expl_var_class_2,expl_var_class_3,expl_var_class_4,expl_var_class_5,expl_var_mean,mae_class_0,mae_class_1,mae_class_2,mae_class_3,mae_class_4,mae_class_5,mae_mean,mse_class_0,mse_class_1,mse_class_2,mse_class_3,mse_class_4,mse_class_5,mse_mean,r2_class_0,r2_class_1,r2_class_2,r2_class_3,r2_class_4,r2_class_5,r2_mean,time
0.8566042454194127,0.8810373661229485,0.8919670302521024,0.9087635432063377,0.7639501158430844,0.8818510697761627,0.8640288951033414,0.0684512239633963,0.0930599103540539,0.07574702898366571,0.02884521850607001,0.023364738652875396,0.03997579465562214,0.05490731918594725,0.014431134613955971,0.01611098705297802,0.013339136528324575,0.003654392722255699,0.002829420514870278,0.005216914622177456,0.009263664342427,0.8557815234597563,0.8808290757333237,0.8917355709755512,0.9072801808942558,0.751740445585986,0.8818493255105164,0.8615360203598982,5.981863737106323
