expl_var_class_0,expl_var_class_1,expl_var_class_2,expl_var_class_3,expl_var_class_4,expl_var_class_5,expl_var_mean,mae_class_0,mae_class_1,mae_class_2,mae_class_3,mae_class_4,mae_class_5,mae_mean,mse_class_0,mse_class_1,mse_class_2,mse_class_3,mse_class_4,mse_class_5,mse_mean,r2_class_0,r2_class_1,r2_class_2,r2_class_3,r2_class_4,r2_class_5,r2_mean,time
0.8140939829975018,0.8753879327414553,0.9006583025677826,0.6810515974905724,0.406431975675671,0.827161990512175,0.7507976303308598,0.08071347518030643,0.09314774189039642,0.06735134258610037,0.05926599126624109,0.034608517249063095,0.05338762791005853,0.06474578268036099,0.018753794073535297,0.017457752843593924,0.012427314763869504,0.012977102627878653,0.007001913140999535,0.007861496416291507,0.012746562311028069,0.8125827467495785,0.8708672202920228,0.8991361896356252,0.6707429388073862,0.3856368018488512,0.8219558548777216,0.7434869587018643,7.1267595291137695
