expl_var_class_0,expl_var_class_1,expl_var_class_2,expl_var_class_3,expl_var_class_4,expl_var_class_5,expl_var_mean,mae_class_0,mae_class_1,mae_class_2,mae_class_3,mae_class_4,mae_class_5,mae_mean,mse_class_0,mse_class_1,mse_class_2,mse_class_3,mse_class_4,mse_class_5,mse_mean,r2_class_0,r2_class_1,r2_class_2,r2_class_3,r2_class_4,r2_class_5,r2_mean,time
0.8145879028207285,0.8649029930012356,0.897874958621097,0.7087781651115218,0.3708011136722883,0.8309586067591461,0.7479839566643363,0.08366822011377577,0.09700673396123184,0.06882095180965152,0.055461812815763484,0.033877645668597356,0.051565345128426004,0.065066784916241,0.018571975285467345,0.018872866334303594,0.012768313655990791,0.011736772324946387,0.007362038525743343,0.007625994503796658,0.012822993438374687,0.814399764560236,0.8603998055969722,0.8963685404497062,0.7022127916830416,0.3540386116612141,0.8272894115524936,0.742451487583944,4.786780834197998
