expl_var_class_0,expl_var_class_1,expl_var_class_2,expl_var_class_3,expl_var_class_4,expl_var_class_5,expl_var_mean,mae_class_0,mae_class_1,mae_class_2,mae_class_3,mae_class_4,mae_class_5,mae_mean,mse_class_0,mse_class_1,mse_class_2,mse_class_3,mse_class_4,mse_class_5,mse_mean,r2_class_0,r2_class_1,r2_class_2,r2_class_3,r2_class_4,r2_class_5,r2_mean,time
0.8587598027877789,0.8950443447272154,0.9005943455571557,0.7217677787679873,0.427059996443527,0.8419399063069513,0.7741943624317692,0.07127151729268139,0.08246332630710414,0.06919385988858744,0.05472827649772491,0.03145865571025405,0.04584499565199845,0.05916010522472506,0.01416299964188321,0.014921998986761106,0.012318565482147562,0.011285404829211056,0.006677217574606339,0.007098922972524831,0.011077518247855684,0.8584611476344278,0.8896238693935251,0.9000188313918922,0.7136649578117438,0.41412630215795476,0.8392263247347106,0.769186905520709,7.256326913833618
