expl_var_class_0,expl_var_class_1,expl_var_class_2,expl_var_class_3,expl_var_class_4,expl_var_class_5,expl_var_mean,mae_class_0,mae_class_1,mae_class_2,mae_class_3,mae_class_4,mae_class_5,mae_mean,mse_class_0,mse_class_1,mse_class_2,mse_class_3,mse_class_4,mse_class_5,mse_mean,r2_class_0,r2_class_1,r2_class_2,r2_class_3,r2_class_4,r2_class_5,r2_mean,time
0.8161381621810997,0.8694123829626097,0.8933985358568522,0.6644372842455527,0.41416427768775566,0.8212915434332203,0.7464736977278484,0.0829152124817031,0.0941596526732662,0.06918685227435749,0.06070534953850957,0.033036891929258905,0.05661919167760772,0.06610385842911716,0.018482932598242817,0.01842758927076653,0.013422975642435185,0.013677980297572417,0.00684665622546223,0.008279325564242457,0.013189576599786939,0.8152896184104074,0.8636934634617555,0.8910551076037411,0.6529601618350336,0.3992593837409433,0.8124930211480091,0.739125126033315,6.311613082885742
