expl_var_class_0,expl_var_class_1,expl_var_class_2,expl_var_class_3,expl_var_class_4,expl_var_class_5,expl_var_mean,mae_class_0,mae_class_1,mae_class_2,mae_class_3,mae_class_4,mae_class_5,mae_mean,mse_class_0,mse_class_1,mse_class_2,mse_class_3,mse_class_4,mse_class_5,mse_mean,r2_class_0,r2_class_1,r2_class_2,r2_class_3,r2_class_4,r2_class_5,r2_mean,time
0.804676835363894,0.8589111587348052,0.8947534375788617,0.669848836096546,0.3697262541574784,0.8149218311357551,0.7354730588445566,0.08498096195467747,0.09948953155321398,0.06851354802107369,0.061228528925028634,0.035087286958767304,0.055493195390121465,0.06746550880048043,0.01962246487598693,0.019746339643728853,0.013227640617936225,0.013458649479186556,0.007398310155122092,0.008399439358388189,0.013642140688391473,0.8039016289375797,0.8539388345053691,0.892640505193079,0.6585250573869543,0.3508560594389082,0.8097727301673057,0.7282724692715327,4.975912809371948
