expl_var_class_0,expl_var_class_1,expl_var_class_2,expl_var_class_3,expl_var_class_4,expl_var_class_5,expl_var_mean,mae_class_0,mae_class_1,mae_class_2,mae_class_3,mae_class_4,mae_class_5,mae_mean,mse_class_0,mse_class_1,mse_class_2,mse_class_3,mse_class_4,mse_class_5,mse_mean,r2_class_0,r2_class_1,r2_class_2,r2_class_3,r2_class_4,r2_class_5,r2_mean,time
0.8635509363817672,0.9083342557745372,0.9041822880153233,0.7357806442149755,0.38819774388047235,0.8752024564507601,0.7792080541196392,0.07066679974156236,0.07950621761279202,0.06842371589420229,0.05411346034975294,0.03502267943599171,0.03821826529294209,0.05765852305454056,0.01366598329703195,0.012768825282891886,0.011883988140119194,0.010688559022032163,0.007227696209817473,0.005511023264371111,0.010291012536043963,0.8634281126020147,0.9055506217118673,0.9035459913172561,0.7288082222284622,0.3658261007655802,0.8751884661779437,0.7737245858005206,8.346786737442017
