expl_var_class_0,expl_var_class_1,expl_var_class_2,expl_var_class_3,expl_var_class_4,expl_var_class_5,expl_var_mean,mae_class_0,mae_class_1,mae_class_2,mae_class_3,mae_class_4,mae_class_5,mae_mean,mse_class_0,mse_class_1,mse_class_2,mse_class_3,mse_class_4,mse_class_5,mse_mean,r2_class_0,r2_class_1,r2_class_2,r2_class_3,r2_class_4,r2_class_5,r2_mean,time
0.8658292716247338,0.9101673471221844,0.9003277368960028,0.731683866933707,0.3690704078212287,0.8670611289820765,0.7740232932299889,0.06861733308166283,0.0770472587414014,0.07063443042174414,0.053606014909276765,0.03445098650715611,0.041917553958521606,0.057712262936627144,0.013480396775387855,0.012675210393038979,0.01232813246830737,0.01081923695038005,0.007441511658026746,0.0059043634487038615,0.010441475282307476,0.8652827835016978,0.9062430791579696,0.8999411828655519,0.7254926415565384,0.34706546493209733,0.8662802490710025,0.7683842335141429,8.89590072631836
