expl_var_class_0,expl_var_class_1,expl_var_class_2,expl_var_class_3,expl_var_class_4,expl_var_class_5,expl_var_mean,mae_class_0,mae_class_1,mae_class_2,mae_class_3,mae_class_4,mae_class_5,mae_mean,mse_class_0,mse_class_1,mse_class_2,mse_class_3,mse_class_4,mse_class_5,mse_mean,r2_class_0,r2_class_1,r2_class_2,r2_class_3,r2_class_4,r2_class_5,r2_mean,time
0.8655863130710943,0.8913778948225006,0.8905050946784453,0.8170705681299946,0.396202111717182,0.8636662870960792,0.7874013782525493,0.06630921878858587,0.08628976327281523,0.07647433386333193,0.04136794724227219,0.03280215376087496,0.04081840655371052,0.05734363724693179,0.01357934555475421,0.014934526443433354,0.01349098618425892,0.007261195035412136,0.007091377103240417,0.006045040980943437,0.010400411883673745,0.8642939324794136,0.8895312053881831,0.8905031136675102,0.8157678330315388,0.377787037812256,0.863094238464472,0.7834962268072289,9.060344457626343
