expl_var_class_0,expl_var_class_1,expl_var_class_2,expl_var_class_3,expl_var_class_4,expl_var_class_5,expl_var_mean,mae_class_0,mae_class_1,mae_class_2,mae_class_3,mae_class_4,mae_class_5,mae_mean,mse_class_0,mse_class_1,mse_class_2,mse_class_3,mse_class_4,mse_class_5,mse_mean,r2_class_0,r2_class_1,r2_class_2,r2_class_3,r2_class_4,r2_class_5,r2_mean,time
0.8115684346610987,0.847272261742967,0.8996486206377432,0.7203987089650605,0.38757592523596696,0.8146590060332113,0.7468538262126745,0.08343948164074505,0.10359386019158005,0.06877651143412268,0.05476547177084618,0.03351674544392977,0.058243889174767506,0.06705599327599854,0.018912756350909287,0.02131888127379371,0.012603918441958035,0.01126764667148497,0.007151658159415008,0.008588802588436154,0.013307277247666194,0.8109941469559023,0.8423069438653716,0.8977028212664454,0.7141155205446397,0.37249784588519586,0.8054841046148453,0.7405168971887334,4.901262044906616
