expl_var_class_0,expl_var_class_1,expl_var_class_2,expl_var_class_3,expl_var_class_4,expl_var_class_5,expl_var_mean,mae_class_0,mae_class_1,mae_class_2,mae_class_3,mae_class_4,mae_class_5,mae_mean,mse_class_0,mse_class_1,mse_class_2,mse_class_3,mse_class_4,mse_class_5,mse_mean,r2_class_0,r2_class_1,r2_class_2,r2_class_3,r2_class_4,r2_class_5,r2_mean,time
0.8357664686641779,0.8891802266454388,0.901786816425711,0.8156209878502161,0.43990295354112563,0.8449672117333924,0.787870777476677,0.07133124844059553,0.08885274920392087,0.0708197830050895,0.03942117034288829,0.029314483053537774,0.043687694081675076,0.05723785468795117,0.016646122085704575,0.015012080806767792,0.012125856865654785,0.007291333726876814,0.0065004056204978995,0.006932226549948477,0.010751337609241724,0.8336459029921609,0.8889575456161848,0.9015829122668709,0.8150031494758634,0.4296401703551128,0.8430016011555005,0.7853052136436155,8.42279863357544
