expl_var_class_0,expl_var_class_1,expl_var_class_2,expl_var_class_3,expl_var_class_4,expl_var_class_5,expl_var_mean,mae_class_0,mae_class_1,mae_class_2,mae_class_3,mae_class_4,mae_class_5,mae_mean,mse_class_0,mse_class_1,mse_class_2,mse_class_3,mse_class_4,mse_class_5,mse_mean,r2_class_0,r2_class_1,r2_class_2,r2_class_3,r2_class_4,r2_class_5,r2_mean,time
0.8249360589713689,0.8755181545033919,0.8974575820045537,0.6620710259116949,0.35011895938583903,0.8309647711438788,0.7401777586534545,0.07998326766500644,0.09287133611921697,0.06846653462382171,0.0610138390558578,0.03486443835136221,0.05146791610651876,0.06477788865363064,0.017624473986996587,0.01742614866929107,0.012848952707831839,0.013752221223305184,0.007653331677373966,0.007630317567918452,0.012822574305452847,0.8238686800295163,0.8711009923539065,0.8957140497421476,0.6510765095493165,0.3284799123983766,0.8271915044601137,0.7329052747555629,5.934877634048462
