expl_var_class_0,expl_var_class_1,expl_var_class_2,expl_var_class_3,expl_var_class_4,expl_var_class_5,expl_var_mean,mae_class_0,mae_class_1,mae_class_2,mae_class_3,mae_class_4,mae_class_5,mae_mean,mse_class_0,mse_class_1,mse_class_2,mse_class_3,mse_class_4,mse_class_5,mse_mean,r2_class_0,r2_class_1,r2_class_2,r2_class_3,r2_class_4,r2_class_5,r2_mean,time
0.8637554360690912,0.9050405099659709,0.9076910570205218,0.7544157345898275,0.4138474801554598,0.8563898062881482,0.7835233373481699,0.0678063755285195,0.08121280920798159,0.06650923883341837,0.05060008985792032,0.030688185715561183,0.04377654616282099,0.05676554088437033,0.013688325100527485,0.013100506090733963,0.011473230267978243,0.00987760913668778,0.0067883213532098675,0.0064249268969871955,0.010225486474354091,0.8632048383446898,0.9030972209176091,0.9068798252877089,0.7493837685333329,0.40437781322714283,0.8544907284474934,0.7802390324596629,8.120270490646362
