expl_var_class_0,expl_var_class_1,expl_var_class_2,expl_var_class_3,expl_var_class_4,expl_var_class_5,expl_var_mean,mae_class_0,mae_class_1,mae_class_2,mae_class_3,mae_class_4,mae_class_5,mae_mean,mse_class_0,mse_class_1,mse_class_2,mse_class_3,mse_class_4,mse_class_5,mse_mean,r2_class_0,r2_class_1,r2_class_2,r2_class_3,r2_class_4,r2_class_5,r2_mean,time
0.8648335881041164,0.8815177038069781,0.888468597253086,0.9009892655282487,0.778713273526826,0.8669211570781679,0.8635739308829039,0.06621954201291032,0.09256744937886179,0.07637139396449638,0.029707528405220257,0.022320155665718815,0.04028493449379422,0.05457850065350029,0.013617789125551795,0.016057748006766896,0.013762538604297537,0.003944894800395356,0.0026281310024677783,0.005889553589267841,0.0093167758547912,0.8639097441697963,0.8812228781939174,0.888299112858068,0.8999095170980763,0.769402028371092,0.8666156570675263,0.861559822959746,9.250285863876343
