expl_var_class_0,expl_var_class_1,expl_var_class_2,expl_var_class_3,expl_var_class_4,expl_var_class_5,expl_var_mean,mae_class_0,mae_class_1,mae_class_2,mae_class_3,mae_class_4,mae_class_5,mae_mean,mse_class_0,mse_class_1,mse_class_2,mse_class_3,mse_class_4,mse_class_5,mse_mean,r2_class_0,r2_class_1,r2_class_2,r2_class_3,r2_class_4,r2_class_5,r2_mean,time
0.7911942259363596,0.8368148806424347,0.8956293238060234,0.6766923338569752,0.4016412082291705,0.7998727400423369,0.7336407854188834,0.08704450977015861,0.10539513022886358,0.0694543784176949,0.06079315257361098,0.03485874190967543,0.06056074170035256,0.06968444243339268,0.020957560728505537,0.02311915455340141,0.013150189762673101,0.013186874410543541,0.0070390715295908825,0.009305401703452445,0.014459708781361151,0.79055926223973,0.8289905511479067,0.8932691195418948,0.6654205765928041,0.38237644343059973,0.7892548436609056,0.7249784661023068,4.572166681289673
