expl_var_class_0,expl_var_class_1,expl_var_class_2,expl_var_class_3,expl_var_class_4,expl_var_class_5,expl_var_mean,mae_class_0,mae_class_1,mae_class_2,mae_class_3,mae_class_4,mae_class_5,mae_mean,mse_class_0,mse_class_1,mse_class_2,mse_class_3,mse_class_4,mse_class_5,mse_mean,r2_class_0,r2_class_1,r2_class_2,r2_class_3,r2_class_4,r2_class_5,r2_mean,time
0.8731915804894864,0.8921694207227168,0.8945294509342738,0.8914343330966581,0.7509630792029655,0.8609855667005409,0.8605455718577736,0.06255305805325395,0.08865879697914274,0.07483754513404647,0.03345692146974778,0.022774686521026783,0.04123516853967412,0.05391936278281531,0.012898290555875448,0.014635891415922591,0.013005815409748675,0.004351982447086619,0.0029287982353638146,0.006191822348467799,0.009002100068744157,0.8711000996316086,0.8917401707439268,0.8944409050507954,0.8895808261690678,0.7430208266821352,0.859769990545641,0.8582754698038625,8.993160724639893
