expl_var_class_0,expl_var_class_1,expl_var_class_2,expl_var_class_3,expl_var_class_4,expl_var_class_5,expl_var_mean,mae_class_0,mae_class_1,mae_class_2,mae_class_3,mae_class_4,mae_class_5,mae_mean,mse_class_0,mse_class_1,mse_class_2,mse_class_3,mse_class_4,mse_class_5,mse_mean,r2_class_0,r2_class_1,r2_class_2,r2_class_3,r2_class_4,r2_class_5,r2_mean,time
0.8838976546847719,0.8878664995582555,0.8972851157578171,0.8811806187615866,0.8184734120265301,0.8881792522943315,0.8761470921805486,0.0609516682686407,0.08825515940175496,0.07338460868152571,0.03234282665785374,0.019607835650747776,0.037403404010589114,0.051990917111852,0.011735348391625737,0.015202321214844083,0.012676145178272471,0.00478528670963987,0.0021304436056190953,0.00495327606162511,0.008580470193604393,0.8827220373183593,0.8875503614884358,0.8971166074323806,0.8785869631950615,0.8130702108592611,0.8878201101613289,0.8744777150758044,9.548877477645874
