expl_var_class_0,expl_var_class_1,expl_var_class_2,expl_var_class_3,expl_var_class_4,expl_var_class_5,expl_var_mean,mae_class_0,mae_class_1,mae_class_2,mae_class_3,mae_class_4,mae_class_5,mae_mean,mse_class_0,mse_class_1,mse_class_2,mse_class_3,mse_class_4,mse_class_5,mse_mean,r2_class_0,r2_class_1,r2_class_2,r2_class_3,r2_class_4,r2_class_5,r2_mean,time
0.8173554565739688,0.8801315474551085,0.9014420923014907,0.6921862553589155,0.3757140031960179,0.8269638640773633,0.7489655364938108,0.08177569762412286,0.09152693729592686,0.06613801311975132,0.0584261613095755,0.03561499813031423,0.053839117703168904,0.06455348753047661,0.01836965225672562,0.01669899185951818,0.012471076375749877,0.012495766316284003,0.007371745285272009,0.0078622529610619,0.012544914175768598,0.8164216928253858,0.8764796788876671,0.8987810072808036,0.6829554783815495,0.35318691931547563,0.8219387209429388,0.7416272496056368,6.450505971908569
