expl_var_class_0,expl_var_class_1,expl_var_class_2,expl_var_class_3,expl_var_class_4,expl_var_class_5,expl_var_mean,mae_class_0,mae_class_1,mae_class_2,mae_class_3,mae_class_4,mae_class_5,mae_mean,mse_class_0,mse_class_1,mse_class_2,mse_class_3,mse_class_4,mse_class_5,mse_mean,r2_class_0,r2_class_1,r2_class_2,r2_class_3,r2_class_4,r2_class_5,r2_mean,time
0.8260771843897826,0.8721302423675651,0.9007289387110639,0.678452572910635,0.41608791378339627,0.8444366739201413,0.7563189210137641,0.08085140047820287,0.0933546122977692,0.06702108954242678,0.06072981493924605,0.03433128807914301,0.05066167797696411,0.06449164721895867,0.017447306588267295,0.018129222937099846,0.012457551851583407,0.013165433479294934,0.006870405795090741,0.007059948372821476,0.012521644837359618,0.8256392138801691,0.8659004413232729,0.8988907763714491,0.6659645792268729,0.3971755444733224,0.8401090064683417,0.7489465936239047,6.504812002182007
