expl_var_class_0,expl_var_class_1,expl_var_class_2,expl_var_class_3,expl_var_class_4,expl_var_class_5,expl_var_mean,mae_class_0,mae_class_1,mae_class_2,mae_class_3,mae_class_4,mae_class_5,mae_mean,mse_class_0,mse_class_1,mse_class_2,mse_class_3,mse_class_4,mse_class_5,mse_mean,r2_class_0,r2_class_1,r2_class_2,r2_class_3,r2_class_4,r2_class_5,r2_mean,time
0.8094967153383257,0.8729723290534909,0.9050438848559703,0.6875434783647099,0.3560651328130847,0.8178970768851558,0.7415031028851229,0.08286496461927458,0.09325173806844766,0.06538351921405577,0.058834969154163745,0.03698052900542884,0.054910320812069195,0.06537100681223997,0.0191821282111061,0.017897368919411873,0.011967318164604331,0.012739693592646754,0.007635501026827691,0.008309045240427292,0.012955175859170673,0.8083021618598152,0.867615436034147,0.9028696598693906,0.6767665176818493,0.3300444127390879,0.8118199413602127,0.7329030215907505,6.106945037841797
