expl_var_class_0,expl_var_class_1,expl_var_class_2,expl_var_class_3,expl_var_class_4,expl_var_class_5,expl_var_mean,mae_class_0,mae_class_1,mae_class_2,mae_class_3,mae_class_4,mae_class_5,mae_mean,mse_class_0,mse_class_1,mse_class_2,mse_class_3,mse_class_4,mse_class_5,mse_mean,r2_class_0,r2_class_1,r2_class_2,r2_class_3,r2_class_4,r2_class_5,r2_mean,time
0.8276336956219361,0.8863618980159295,0.9087399824290326,0.6678804597348798,0.3286758891725001,0.8380257507168261,0.7428862792818508,0.07921837290896414,0.08723505281732276,0.06530790384242235,0.05992859162606475,0.034068535935651297,0.05111684788734414,0.0628125508362949,0.017329332648857006,0.015980431309647655,0.011476156216787962,0.013493813636136394,0.007869435907427821,0.007354817486125245,0.012250664534163682,0.8268181940690691,0.8817947799791184,0.9068560774104333,0.6576328669413192,0.3095184538317933,0.8334309242787553,0.7360085494184148,7.8095622062683105
