expl_var_class_0,expl_var_class_1,expl_var_class_2,expl_var_class_3,expl_var_class_4,expl_var_class_5,expl_var_mean,mae_class_0,mae_class_1,mae_class_2,mae_class_3,mae_class_4,mae_class_5,mae_mean,mse_class_0,mse_class_1,mse_class_2,mse_class_3,mse_class_4,mse_class_5,mse_mean,r2_class_0,r2_class_1,r2_class_2,r2_class_3,r2_class_4,r2_class_5,r2_mean,time
0.8712512273206733,0.8886258520199166,0.8947618383619567,0.8290794094394126,0.44752717689604293,0.8647583072761372,0.7993339685523565,0.06299422747194074,0.08747068413626767,0.07463494749979693,0.03981965968584091,0.029913084543491786,0.039684859697756876,0.05575291050584915,0.013018551323205492,0.015146152115312245,0.012974551202471917,0.006819607141108145,0.006418630300900458,0.005985970122512486,0.01006057703425179,0.8698982658800803,0.887965837181168,0.8946946547251116,0.8269718695954797,0.4368153160425876,0.8644320525311657,0.7967963326592655,8.662667036056519
