expl_var_class_0,expl_var_class_1,expl_var_class_2,expl_var_class_3,expl_var_class_4,expl_var_class_5,expl_var_mean,mae_class_0,mae_class_1,mae_class_2,mae_class_3,mae_class_4,mae_class_5,mae_mean,mse_class_0,mse_class_1,mse_class_2,mse_class_3,mse_class_4,mse_class_5,mse_mean,r2_class_0,r2_class_1,r2_class_2,r2_class_3,r2_class_4,r2_class_5,r2_mean,time
0.8371652598826962,0.8737179493354148,0.9035465814052088,0.8818704649116843,0.7113922066108123,0.8677504738974704,0.8459071560072146,0.06919024553368334,0.0926946678687084,0.07127427281705677,0.03370543171175411,0.025701721305314368,0.039956786279145756,0.05542052091927713,0.016444808997853454,0.01711827967007877,0.011917367723209777,0.004731400924256056,0.0034518962868340377,0.005851001829973941,0.009919125905367672,0.8356577383477416,0.873378260225114,0.9032750726189803,0.8799541617018695,0.6971230576901017,0.867488762474306,0.8428128421763521,9.371495485305786
