expl_var_class_0,expl_var_class_1,expl_var_class_2,expl_var_class_3,expl_var_class_4,expl_var_class_5,expl_var_mean,mae_class_0,mae_class_1,mae_class_2,mae_class_3,mae_class_4,mae_class_5,mae_mean,mse_class_0,mse_class_1,mse_class_2,mse_class_3,mse_class_4,mse_class_5,mse_mean,r2_class_0,r2_class_1,r2_class_2,r2_class_3,r2_class_4,r2_class_5,r2_mean,time
0.7524511875605,0.7742657489648046,0.8854708351462407,0.6523287978156083,0.3105095628178258,0.7329972551226909,0.6846705645712784,0.09609313579236875,0.11970198781403518,0.071035481114441,0.06579532654293556,0.03845744376219223,0.07233918866833806,0.0772370939490518,0.02478116404277266,0.032747926311466925,0.014551187169657418,0.01442586961325874,0.008155587050769702,0.012534080544827443,0.017865969122125482,0.7523478353748907,0.7577677498267776,0.8818982047896683,0.6339845980869887,0.2844109256408581,0.7161329679076159,0.6710903802711332,4.501383543014526
