expl_var_class_0,expl_var_class_1,expl_var_class_2,expl_var_class_3,expl_var_class_4,expl_var_class_5,expl_var_mean,mae_class_0,mae_class_1,mae_class_2,mae_class_3,mae_class_4,mae_class_5,mae_mean,mse_class_0,mse_class_1,mse_class_2,mse_class_3,mse_class_4,mse_class_5,mse_mean,r2_class_0,r2_class_1,r2_class_2,r2_class_3,r2_class_4,r2_class_5,r2_mean,time
0.851427690013216,0.8855949801202434,0.906030782995881,0.8248903934582634,0.42055368452710506,0.8638991474502734,0.7920661130941636,0.07065652876385926,0.0902264547539054,0.07115313864495525,0.040565027833477894,0.030562713067942907,0.040646925144572965,0.057301798034785606,0.01495346531363419,0.015548588830174919,0.011587790596547977,0.006946946391595059,0.006756518675788504,0.006015418859550657,0.010301454777881884,0.8505615778509792,0.8849890639324945,0.9059500193339939,0.8237409983762201,0.4071682498145309,0.8637651088688846,0.7893625030295173,8.803748369216919
