expl_var_class_0,expl_var_class_1,expl_var_class_2,expl_var_class_3,expl_var_class_4,expl_var_class_5,expl_var_mean,mae_class_0,mae_class_1,mae_class_2,mae_class_3,mae_class_4,mae_class_5,mae_mean,mse_class_0,mse_class_1,mse_class_2,mse_class_3,mse_class_4,mse_class_5,mse_mean,r2_class_0,r2_class_1,r2_class_2,r2_class_3,r2_class_4,r2_class_5,r2_mean,time
0.8275545715380431,0.8715834124292168,0.8944785161523842,0.6661221075115058,0.4168627174710402,0.8384734365125813,0.7525124602691285,0.07892007341981659,0.09316403182729953,0.06949572942688091,0.061328967389881084,0.03408046272272811,0.05197100804977176,0.06482671213939634,0.017317654900474554,0.01807100288018039,0.013285284359366349,0.01363186247821185,0.00684921550629992,0.007368788288157356,0.01275396806878174,0.826934896402336,0.8663310876872192,0.8921726513151678,0.6541302703027474,0.3990348268336027,0.8331145189313809,0.745286375245409,7.131626844406128
