expl_var_class_0,expl_var_class_1,expl_var_class_2,expl_var_class_3,expl_var_class_4,expl_var_class_5,expl_var_mean,mae_class_0,mae_class_1,mae_class_2,mae_class_3,mae_class_4,mae_class_5,mae_mean,mse_class_0,mse_class_1,mse_class_2,mse_class_3,mse_class_4,mse_class_5,mse_mean,r2_class_0,r2_class_1,r2_class_2,r2_class_3,r2_class_4,r2_class_5,r2_mean,time
0.8784441764045207,0.8935851506969539,0.8920894719626578,0.8922146152595772,0.8012143311665466,0.8932204148333744,0.8751280267206051,0.060319894423632676,0.08844690888457428,0.07645669126175407,0.03226091121788749,0.022620291571948312,0.035321644615353864,0.052571056995858456,0.012335375369711968,0.014473089886136346,0.013295984126827186,0.0043701972997226895,0.002396374007779257,0.00471519800287165,0.008597703115508183,0.8767256289293088,0.8929443929751816,0.8920858087963599,0.8891186761020625,0.7897368947973861,0.8932120104050648,0.8723039020008939,9.962585687637329
