expl_var_class_0,expl_var_class_1,expl_var_class_2,expl_var_class_3,expl_var_class_4,expl_var_class_5,expl_var_mean,mae_class_0,mae_class_1,mae_class_2,mae_class_3,mae_class_4,mae_class_5,mae_mean,mse_class_0,mse_class_1,mse_class_2,mse_class_3,mse_class_4,mse_class_5,mse_mean,r2_class_0,r2_class_1,r2_class_2,r2_class_3,r2_class_4,r2_class_5,r2_mean,time
0.8753551212593519,0.8893459070471978,0.89044881559421,0.9070751576902971,0.8015132888802913,0.8908965367018143,0.875772471195527,0.06073831247347823,0.09038989585625948,0.07626596399522768,0.030630188559756823,0.02099081646456627,0.038129476381110125,0.052857442288399774,0.012705786394282858,0.015000091805104447,0.013508602700227787,0.0037614296921324774,0.002346618626852715,0.00485114625392619,0.008695612578754413,0.873023902413248,0.8890462267382389,0.8903601327452654,0.904564422288411,0.7941025409194822,0.8901331067386186,0.873538388640544,9.962696552276611
