expl_var_class_0,expl_var_class_1,expl_var_class_2,expl_var_class_3,expl_var_class_4,expl_var_class_5,expl_var_mean,mae_class_0,mae_class_1,mae_class_2,mae_class_3,mae_class_4,mae_class_5,mae_mean,mse_class_0,mse_class_1,mse_class_2,mse_class_3,mse_class_4,mse_class_5,mse_mean,r2_class_0,r2_class_1,r2_class_2,r2_class_3,r2_class_4,r2_class_5,r2_mean,time
0.7318299427202097,0.7707542846282579,0.8859362393898441,0.643310937443737,0.35654508483427694,0.7382360578316005,0.6877687578079877,0.0983586336299778,0.12095664867235925,0.0716959937016956,0.06641157658589103,0.03594154454439945,0.0719669622460313,0.07755522656339241,0.02688472457094808,0.03285798374503673,0.01441117984015433,0.014826208763311644,0.007544636770467475,0.012285081445631127,0.01813496918925823,0.7313257672701232,0.756953668973891,0.8830345462279393,0.6238271310616766,0.33801704164935165,0.7217722036720378,0.6758217264758365,4.6300950050354
