expl_var_class_0,expl_var_class_1,expl_var_class_2,expl_var_class_3,expl_var_class_4,expl_var_class_5,expl_var_mean,mae_class_0,mae_class_1,mae_class_2,mae_class_3,mae_class_4,mae_class_5,mae_mean,mse_class_0,mse_class_1,mse_class_2,mse_class_3,mse_class_4,mse_class_5,mse_mean,r2_class_0,r2_class_1,r2_class_2,r2_class_3,r2_class_4,r2_class_5,r2_mean,time
0.8232467616010555,0.8494693822371108,0.8934154456655778,0.7003047311348205,0.38990111522392046,0.804199025017734,0.7434227434800365,0.0795258242421604,0.10167788484495734,0.07043237309587894,0.057599163151632986,0.0337099088461123,0.06042058573697957,0.06722762331962026,0.01777332396849965,0.02120285204454686,0.013366273902591638,0.012185683740640017,0.007133051166818593,0.009089203921439195,0.013458398124089324,0.822381138118248,0.8431651973321412,0.8915153159145128,0.6908229415982032,0.3741304641781267,0.7941512078182578,0.7360277108265816,5.0484349727630615
