expl_var_class_0,expl_var_class_1,expl_var_class_2,expl_var_class_3,expl_var_class_4,expl_var_class_5,expl_var_mean,mae_class_0,mae_class_1,mae_class_2,mae_class_3,mae_class_4,mae_class_5,mae_mean,mse_class_0,mse_class_1,mse_class_2,mse_class_3,mse_class_4,mse_class_5,mse_mean,r2_class_0,r2_class_1,r2_class_2,r2_class_3,r2_class_4,r2_class_5,r2_mean,time
0.8604744748660752,0.889264802653656,0.9063279165900203,0.8803996916620689,0.7577373504573023,0.8527747203193796,0.8578298260914169,0.06678219945706532,0.08954447137541972,0.06979312062375902,0.03263582756062696,0.022232954949779764,0.0427018696598664,0.05394840727108619,0.014093170481905422,0.015020378486384095,0.011590867819141568,0.004778420369277753,0.002850327218637102,0.006566217792138566,0.009149897027914085,0.859158989858167,0.8888961687343159,0.9059250436733602,0.8787611770479997,0.7499060455969636,0.8512908266338062,0.8556563752574354,9.599231004714966
