expl_var_class_0,expl_var_class_1,expl_var_class_2,expl_var_class_3,expl_var_class_4,expl_var_class_5,expl_var_mean,mae_class_0,mae_class_1,mae_class_2,mae_class_3,mae_class_4,mae_class_5,mae_mean,mse_class_0,mse_class_1,mse_class_2,mse_class_3,mse_class_4,mse_class_5,mse_mean,r2_class_0,r2_class_1,r2_class_2,r2_class_3,r2_class_4,r2_class_5,r2_mean,time
0.8569109919408414,0.8974379025649728,0.9016815483454237,0.811180273209069,0.3925138861254618,0.8739062766532297,0.7889384798064998,0.06989895508928283,0.08517307338503327,0.07099084184132275,0.043495494372070086,0.032636603430819144,0.03945085429317511,0.056940970401950536,0.01436990403721679,0.014045756389935288,0.012156955845804134,0.007543014428699197,0.0070994354864884245,0.005582709253739895,0.010132962573647288,0.8563934351861195,0.8961053245521812,0.9013305036254298,0.8086174676625049,0.37707997761249656,0.8735649494810511,0.7855152763532972,9.426402568817139
