expl_var_class_0,expl_var_class_1,expl_var_class_2,expl_var_class_3,expl_var_class_4,expl_var_class_5,expl_var_mean,mae_class_0,mae_class_1,mae_class_2,mae_class_3,mae_class_4,mae_class_5,mae_mean,mse_class_0,mse_class_1,mse_class_2,mse_class_3,mse_class_4,mse_class_5,mse_mean,r2_class_0,r2_class_1,r2_class_2,r2_class_3,r2_class_4,r2_class_5,r2_mean,time
0.8765873970895579,0.8879957971820744,0.8973483632092862,0.8782015953091051,0.7329461407668618,0.8621149772731759,0.8558657118050101,0.0627159809952188,0.08783477636338716,0.0736834633909677,0.033765048628423056,0.025949082037662323,0.04071883957359374,0.0541111984982088,0.012498217339744783,0.015327111114404818,0.0126530330240893,0.004875986798591464,0.0032125869663680797,0.0061299232245384545,0.00911614307795615,0.8750982571762774,0.8866273064564321,0.8973041926010947,0.8762857064666176,0.7181205817250623,0.8611718580808064,0.852434650417715,9.477276802062988
