expl_var_class_0,expl_var_class_1,expl_var_class_2,expl_var_class_3,expl_var_class_4,expl_var_class_5,expl_var_mean,mae_class_0,mae_class_1,mae_class_2,mae_class_3,mae_class_4,mae_class_5,mae_mean,mse_class_0,mse_class_1,mse_class_2,mse_class_3,mse_class_4,mse_class_5,mse_mean,r2_class_0,r2_class_1,r2_class_2,r2_class_3,r2_class_4,r2_class_5,r2_mean,time
0.819870993594447,0.8729240915967109,0.8961521774091084,0.6725889826820457,0.3231393260829064,0.83184514782384,0.7360867865315096,0.08067722404469549,0.0934261851869818,0.06940623584502899,0.060786573393497315,0.039135554515765,0.0527594772730736,0.06603187504317369,0.01816348943112955,0.017965735287328182,0.013012795708381531,0.013326670939665617,0.008073024097238885,0.007652594591772109,0.013032385009252648,0.8184819943485899,0.8671097386968858,0.8943842508555031,0.6618736373673425,0.2916551800551247,0.8266869829978036,0.7266986307202082,6.474679708480835
