expl_var_class_0,expl_var_class_1,expl_var_class_2,expl_var_class_3,expl_var_class_4,expl_var_class_5,expl_var_mean,mae_class_0,mae_class_1,mae_class_2,mae_class_3,mae_class_4,mae_class_5,mae_mean,mse_class_0,mse_class_1,mse_class_2,mse_class_3,mse_class_4,mse_class_5,mse_mean,r2_class_0,r2_class_1,r2_class_2,r2_class_3,r2_class_4,r2_class_5,r2_mean,time
0.806404265513177,0.8762540814563988,0.9028738045360206,0.6711744153474889,0.40256184357317615,0.8295914939395295,0.7481433173942985,0.08399315416352232,0.09313224597466144,0.0661455870781133,0.06162266080425632,0.033396550885863185,0.05232962333787151,0.06510330370738134,0.019459890200032474,0.01724177387796943,0.012250348563550336,0.013441544445325143,0.006995785177432149,0.007699564557655429,0.012848151136994161,0.805526329469962,0.872464789259771,0.9005725003438557,0.6589590489598274,0.38617448279684363,0.825623225288166,0.7415533960197377,5.231449842453003
