expl_var_class_0,expl_var_class_1,expl_var_class_2,expl_var_class_3,expl_var_class_4,expl_var_class_5,expl_var_mean,mae_class_0,mae_class_1,mae_class_2,mae_class_3,mae_class_4,mae_class_5,mae_mean,mse_class_0,mse_class_1,mse_class_2,mse_class_3,mse_class_4,mse_class_5,mse_mean,r2_class_0,r2_class_1,r2_class_2,r2_class_3,r2_class_4,r2_class_5,r2_mean,time
0.8615502437223841,0.8941200045205114,0.8975719285384989,0.8444513717212535,0.5011620419551186,0.8627653346743787,0.8102701541886909,0.06584346086628207,0.08737688030915536,0.07405445678627554,0.038106267472718135,0.029110804611706044,0.0414431064696903,0.055989162752637905,0.014021587871723142,0.014370319393302805,0.012633763364814104,0.0061820767966067934,0.005819346249257577,0.006088719140108729,0.009852635469302191,0.8598743552998612,0.8937045732532765,0.8974605909297643,0.8431473884051004,0.48939781159118856,0.8621050323264416,0.807614958634272,8.31081223487854
