expl_var_class_0,expl_var_class_1,expl_var_class_2,expl_var_class_3,expl_var_class_4,expl_var_class_5,expl_var_mean,mae_class_0,mae_class_1,mae_class_2,mae_class_3,mae_class_4,mae_class_5,mae_mean,mse_class_0,mse_class_1,mse_class_2,mse_class_3,mse_class_4,mse_class_5,mse_mean,r2_class_0,r2_class_1,r2_class_2,r2_class_3,r2_class_4,r2_class_5,r2_mean,time
0.8685446494343328,0.8754974759773427,0.894414970955992,0.8936175602874821,0.8201496356426331,0.882623197713402,0.8724745816685308,0.061472253967144196,0.09352831000166474,0.07468709103261358,0.03235778920490556,0.019534586451669243,0.03866504398268849,0.05337417910678097,0.013350126825425674,0.016858270133643882,0.013028104366300327,0.00430331342835321,0.0021106801583379363,0.00520986094106021,0.009143392642186875,0.8665846446668172,0.8753015177308897,0.894260001200723,0.8908156640630723,0.8148042990196879,0.882009074565656,0.8706292002078078,9.653839588165283
