expl_var_class_0,expl_var_class_1,expl_var_class_2,expl_var_class_3,expl_var_class_4,expl_var_class_5,expl_var_mean,mae_class_0,mae_class_1,mae_class_2,mae_class_3,mae_class_4,mae_class_5,mae_mean,mse_class_0,mse_class_1,mse_class_2,mse_class_3,mse_class_4,mse_class_5,mse_mean,r2_class_0,r2_class_1,r2_class_2,r2_class_3,r2_class_4,r2_class_5,r2_mean,time
0.8389709733360385,0.8812504285662958,0.9067721892818247,0.7054212827908986,0.3753203971937348,0.8192909700583906,0.7545043735378639,0.07465313667717693,0.08806485808978531,0.06516792299592865,0.05782702293730267,0.032836288844930596,0.05533812621060591,0.06231455929262169,0.016218777451046062,0.016705262411335867,0.011741994267016205,0.012041799035069523,0.007272020819381529,0.008327092689143455,0.012051157778832108,0.8379165992206123,0.8764332964125698,0.9046984561386351,0.6944736066707695,0.36193696242007267,0.8114112096877478,0.747811688425068,6.890444040298462
