expl_var_class_0,expl_var_class_1,expl_var_class_2,expl_var_class_3,expl_var_class_4,expl_var_class_5,expl_var_mean,mae_class_0,mae_class_1,mae_class_2,mae_class_3,mae_class_4,mae_class_5,mae_mean,mse_class_0,mse_class_1,mse_class_2,mse_class_3,mse_class_4,mse_class_5,mse_mean,r2_class_0,r2_class_1,r2_class_2,r2_class_3,r2_class_4,r2_class_5,r2_mean,time
0.8749347645357624,0.9050825438506439,0.8994143610524377,0.7372237212609134,0.3974571041367867,0.8578823702259166,0.7786658108437434,0.06692016030031389,0.08064078139097922,0.07153496542036454,0.05264714537131358,0.03389254761211026,0.04334887578783546,0.0581640793138195,0.012561069303800307,0.013308028588968583,0.01242106990197616,0.010577845273789023,0.007076544801620301,0.006296278940377717,0.010373472801755348,0.874470142010968,0.9015622033647164,0.8991868748059723,0.7316172686254477,0.3790884564496737,0.8574042978550678,0.7738882071853076,7.9412147998809814
