expl_var_class_0,expl_var_class_1,expl_var_class_2,expl_var_class_3,expl_var_class_4,expl_var_class_5,expl_var_mean,mae_class_0,mae_class_1,mae_class_2,mae_class_3,mae_class_4,mae_class_5,mae_mean,mse_class_0,mse_class_1,mse_class_2,mse_class_3,mse_class_4,mse_class_5,mse_mean,r2_class_0,r2_class_1,r2_class_2,r2_class_3,r2_class_4,r2_class_5,r2_mean,time
0.8266769716246346,0.8768377169516105,0.9029414212280037,0.6902570335794227,0.4025652325248529,0.8201646961727821,0.753240512013551,0.07846667704833847,0.09229588677248955,0.06608729055162865,0.05871311922955488,0.03664203843101717,0.05431106332179316,0.06441934589247031,0.017475128108569327,0.017335279976773865,0.01217996575169636,0.012594798275335722,0.00711312860765031,0.008178245914110555,0.012479424439022689,0.8253611777187497,0.8717731365272319,0.9011437483344829,0.6804428241522869,0.3758785131640977,0.814782234160903,0.7448969390096253,6.9208080768585205
