expl_var_class_0,expl_var_class_1,expl_var_class_2,expl_var_class_3,expl_var_class_4,expl_var_class_5,expl_var_mean,mae_class_0,mae_class_1,mae_class_2,mae_class_3,mae_class_4,mae_class_5,mae_mean,mse_class_0,mse_class_1,mse_class_2,mse_class_3,mse_class_4,mse_class_5,mse_mean,r2_class_0,r2_class_1,r2_class_2,r2_class_3,r2_class_4,r2_class_5,r2_mean,time
0.9011612099981291,0.8688685511511405,0.8802268688162702,0.9136954766748023,0.8063111603205582,0.8854067809629595,0.8759450079873101,0.05627607958364752,0.09487169387245652,0.07888577451922779,0.02799078741116063,0.02116690333488913,0.03920007509920043,0.053065218970097,0.010022409687517796,0.017770211608390242,0.01477985893319748,0.003455553902288138,0.002297204754514208,0.005095174464106196,0.008903402225002343,0.8998404009759446,0.8685560025079381,0.8800422362371979,0.9123251502830991,0.798438222329918,0.8846064497554542,0.8739680770149253,10.117161750793457
