expl_var_class_0,expl_var_class_1,expl_var_class_2,expl_var_class_3,expl_var_class_4,expl_var_class_5,expl_var_mean,mae_class_0,mae_class_1,mae_class_2,mae_class_3,mae_class_4,mae_class_5,mae_mean,mse_class_0,mse_class_1,mse_class_2,mse_class_3,mse_class_4,mse_class_5,mse_mean,r2_class_0,r2_class_1,r2_class_2,r2_class_3,r2_class_4,r2_class_5,r2_mean,time
0.8263918227135298,0.8780255519442179,0.9035051632737973,0.6675944118747135,0.3604964411082384,0.8391545888085404,0.7458613299538395,0.07952403846303246,0.09108508897614886,0.06560727638025123,0.0632712611570272,0.03557782261027838,0.051545142835132673,0.06443510507031179,0.017435746611888594,0.017199939398710624,0.012212928875886616,0.013678515314137772,0.007512010065270683,0.007288323231342053,0.012554577249539392,0.8257547392513043,0.8727742335876135,0.9008762097414306,0.6529465873117329,0.3408797802389615,0.8349368605689357,0.7380280684499966,5.724473476409912
