expl_var_class_0,expl_var_class_1,expl_var_class_2,expl_var_class_3,expl_var_class_4,expl_var_class_5,expl_var_mean,mae_class_0,mae_class_1,mae_class_2,mae_class_3,mae_class_4,mae_class_5,mae_mean,mse_class_0,mse_class_1,mse_class_2,mse_class_3,mse_class_4,mse_class_5,mse_mean,r2_class_0,r2_class_1,r2_class_2,r2_class_3,r2_class_4,r2_class_5,r2_mean,time
0.8282815493540543,0.8709375694671143,0.8964571057011521,0.68916974520169,0.378410638594066,0.8267030019466134,0.7483266017107818,0.07845791595755296,0.09451930523569665,0.06894762420462842,0.05989526598404778,0.035678838135366764,0.05404976910235093,0.06525811976994057,0.017305831678324425,0.018102643844551486,0.013015276295746022,0.012665661414610726,0.0073481889667855824,0.007911560107546067,0.012724860384594054,0.8270530525371032,0.8660970434938751,0.8943641176651657,0.6786448735886188,0.35525380230453274,0.8208220316665817,0.7403724868759795,6.807358741760254
