expl_var_class_0,expl_var_class_1,expl_var_class_2,expl_var_class_3,expl_var_class_4,expl_var_class_5,expl_var_mean,mae_class_0,mae_class_1,mae_class_2,mae_class_3,mae_class_4,mae_class_5,mae_mean,mse_class_0,mse_class_1,mse_class_2,mse_class_3,mse_class_4,mse_class_5,mse_mean,r2_class_0,r2_class_1,r2_class_2,r2_class_3,r2_class_4,r2_class_5,r2_mean,time
0.8787629084619607,0.909337695491606,0.9010065553999296,0.7259237499576702,0.38691826479186964,0.8741245064944555,0.7793456134329153,0.06485603143285115,0.07783775458148036,0.07099118369792669,0.05482327346068596,0.034385227297968515,0.04053099940920761,0.05723741164668671,0.012233873540384911,0.012733323264542155,0.012226073754485822,0.011123625411086623,0.007207502154714433,0.005579012942152196,0.010183901844561024,0.8777399940213951,0.9058132256309293,0.9007695219679667,0.717769650307484,0.3675979713996357,0.8736486621232618,0.773889837575112,7.899047374725342
