acc;avg_acc;f1_macro;f1_micro;f1_weighted;precision_macro;precision_micro;precision_weighted;recall_macro;recall_micro;recall_weighted;time
0.8473216702344922;0.8134412213422906;0.8264805205632793;0.8473216702344923;0.8409789961604432;0.8475290892502075;0.8473216702344922;0.843587649017424;0.8134412213422906;0.8473216702344922;0.8473216702344922;2.9519991874694824
