acc;avg_acc;f1_macro;f1_micro;f1_weighted;precision_macro;precision_micro;precision_weighted;recall_macro;recall_micro;recall_weighted;time
0.8288920056100981;0.7825836641530377;0.7972495387886152;0.8288920056100981;0.8210836991744944;0.82039383744352;0.8288920056100981;0.8227473841496166;0.7825836641530377;0.8288920056100981;0.8288920056100981;1.7307569980621338
