acc;avg_acc;f1_macro;f1_micro;f1_weighted;precision_macro;precision_micro;precision_weighted;recall_macro;recall_micro;recall_weighted;time
0.8548018011367831;0.8213178552791063;0.8354472623107503;0.854801801136783;0.8491546613017692;0.8570801472278325;0.8548018011367831;0.8523913238794515;0.8213178552791063;0.8548018011367831;0.8548018011367831;2.6469736099243164
