acc;avg_acc;f1_macro;f1_micro;f1_weighted;precision_macro;precision_micro;precision_weighted;recall_macro;recall_micro;recall_weighted;time
0.8394232425383233;0.7999084782600954;0.8144136663200727;0.8394232425383233;0.834170842615155;0.8345195303559783;0.8394232425383233;0.8352824904274277;0.7999084782600954;0.8394232425383233;0.8394232425383233;1.7752025127410889
