expl_var_class_0,expl_var_class_1,expl_var_class_2,expl_var_class_3,expl_var_class_4,expl_var_class_5,expl_var_mean,mae_class_0,mae_class_1,mae_class_2,mae_class_3,mae_class_4,mae_class_5,mae_mean,mse_class_0,mse_class_1,mse_class_2,mse_class_3,mse_class_4,mse_class_5,mse_mean,r2_class_0,r2_class_1,r2_class_2,r2_class_3,r2_class_4,r2_class_5,r2_mean,time
0.9822456710071975,0.989076534264798,0.9929687833628764,0.990502234835004,0.9407305717154393,0.9732823309210219,0.9781343543510562,0.018368002218883336,0.019691384282667704,0.014022921751708568,0.008182579604495902,0.010676374114046297,0.01504430698505682,0.014330928159476437,0.0017313618926521341,0.001434442142343169,0.0008499443564351579,0.0003734197910899428,0.0008071833632076703,0.0011408592713332785,0.0010562018028435587,0.9822444425511537,0.9890725690499335,0.9929676024660602,0.9904964310025393,0.9407202065119683,0.9732817052827061,0.978130492810727,133.11115765571594
