expl_var_class_0,expl_var_class_1,expl_var_class_2,expl_var_class_3,expl_var_class_4,expl_var_class_5,expl_var_mean,mae_class_0,mae_class_1,mae_class_2,mae_class_3,mae_class_4,mae_class_5,mae_mean,mse_class_0,mse_class_1,mse_class_2,mse_class_3,mse_class_4,mse_class_5,mse_mean,r2_class_0,r2_class_1,r2_class_2,r2_class_3,r2_class_4,r2_class_5,r2_mean,time
0.9830115249454134,0.9899541739515804,0.9933722444521546,0.9914025443581299,0.9489905763561182,0.972366374494454,0.9798495730929752,0.01843216419981299,0.01905299702994683,0.013464216434134422,0.007769222062035136,0.010118496044764794,0.01538453081218284,0.014036937763812833,0.001666246169283463,0.0013162496263525285,0.0007885500358256147,0.000341659474479511,0.0007005235368347014,0.0012280827406147723,0.0010068852638984317,0.9830114937680858,0.9899532394213846,0.9933722405303809,0.991399441198526,0.9489880830291652,0.9723652860378617,0.9798482973309007,223.5548005104065
