expl_var_class_0,expl_var_class_1,expl_var_class_2,expl_var_class_3,expl_var_class_4,expl_var_class_5,expl_var_mean,mae_class_0,mae_class_1,mae_class_2,mae_class_3,mae_class_4,mae_class_5,mae_mean,mse_class_0,mse_class_1,mse_class_2,mse_class_3,mse_class_4,mse_class_5,mse_mean,r2_class_0,r2_class_1,r2_class_2,r2_class_3,r2_class_4,r2_class_5,r2_mean,time
0.9834290344080706,0.9901416129318895,0.9933005448055855,0.992105239472404,0.9491949792158332,0.9737343986096849,0.9803176349072446,0.01801314624241616,0.019152175964875263,0.013542529567964923,0.007488500186951816,0.010078186166470713,0.015299829943987698,0.013929061345444428,0.0016384546380818297,0.0013063373023690272,0.0007811816618005619,0.0003137711548394834,0.000719109059901626,0.0011586602005187034,0.000986252336251872,0.9834287293860858,0.9901398897356332,0.9932994971341543,0.9921001852929268,0.949171717681669,0.9737226503182174,0.9803104449247811,280.3730642795563
