expl_var_class_0,expl_var_class_1,expl_var_class_2,expl_var_class_3,expl_var_class_4,expl_var_class_5,expl_var_mean,mae_class_0,mae_class_1,mae_class_2,mae_class_3,mae_class_4,mae_class_5,mae_mean,mse_class_0,mse_class_1,mse_class_2,mse_class_3,mse_class_4,mse_class_5,mse_mean,r2_class_0,r2_class_1,r2_class_2,r2_class_3,r2_class_4,r2_class_5,r2_mean,time
0.9822786860145805,0.990373465588757,0.9937285013612547,0.9921851949519852,0.9392178568753036,0.971844512407529,0.978271369533235,0.01846800305899013,0.018836661702788367,0.013208330292353498,0.007583719403794979,0.010592175272672338,0.01548817520966145,0.014029510823376792,0.00174040107306808,0.001271326946804706,0.0007379292045027079,0.000308723199272897,0.0008168121270389509,0.0012497752916595416,0.0010208279737244804,0.982277336254371,0.9903721297588376,0.9937284766179124,0.992174577724786,0.9391695087050422,0.9718359915602083,0.9782596701035263,246.43390130996704
