expl_var_class_0,expl_var_class_1,expl_var_class_2,expl_var_class_3,expl_var_class_4,expl_var_class_5,expl_var_mean,mae_class_0,mae_class_1,mae_class_2,mae_class_3,mae_class_4,mae_class_5,mae_mean,mse_class_0,mse_class_1,mse_class_2,mse_class_3,mse_class_4,mse_class_5,mse_mean,r2_class_0,r2_class_1,r2_class_2,r2_class_3,r2_class_4,r2_class_5,r2_mean,time
0.9585061630249577,0.9881920230004287,0.9911234085099994,0.9885246468841569,0.7616270272166188,0.9672885534761807,0.9425436370187237,0.026875524508847563,0.021437001959951806,0.016424568822437643,0.009201056807978603,0.019417929605224694,0.016944906636381204,0.018383498056803584,0.004075071139047593,0.00155999035788775,0.0010445195515794894,0.0004529649377432981,0.0032007963711184573,0.0014517097764594874,0.001964175355639346,0.9585031768513321,0.9881860564814136,0.9911228221476978,0.9885183817670468,0.761626928218992,0.9672853458784244,0.9425404518908178,35.207921266555786
