expl_var_class_0,expl_var_class_1,expl_var_class_2,expl_var_class_3,expl_var_class_4,expl_var_class_5,expl_var_mean,mae_class_0,mae_class_1,mae_class_2,mae_class_3,mae_class_4,mae_class_5,mae_mean,mse_class_0,mse_class_1,mse_class_2,mse_class_3,mse_class_4,mse_class_5,mse_mean,r2_class_0,r2_class_1,r2_class_2,r2_class_3,r2_class_4,r2_class_5,r2_mean,time
0.9819609428808798,0.9902192786979631,0.9939736033742484,0.9922076836259961,0.9404853442886164,0.9715331772821316,0.9783966716916392,0.018393362352013706,0.01901662855903758,0.01324852535466096,0.007514778358848811,0.010471187923150287,0.01555907750573786,0.014033926675574867,0.0017294929455567223,0.0012831083845577904,0.0007246614478702819,0.000312571812351456,0.000789098212100552,0.001232712712886437,0.00101194091922054,0.9819595767341404,0.9902191897906454,0.9939733955397537,0.9922033297779318,0.9404644527363463,0.9715239447951164,0.9783906482289891,182.65853357315063
