expl_var_class_0,expl_var_class_1,expl_var_class_2,expl_var_class_3,expl_var_class_4,expl_var_class_5,expl_var_mean,mae_class_0,mae_class_1,mae_class_2,mae_class_3,mae_class_4,mae_class_5,mae_mean,mse_class_0,mse_class_1,mse_class_2,mse_class_3,mse_class_4,mse_class_5,mse_mean,r2_class_0,r2_class_1,r2_class_2,r2_class_3,r2_class_4,r2_class_5,r2_mean,time
0.983024041402576,0.9904356249630976,0.9932517460547379,0.9915190283069119,0.9469814509204862,0.9737027841773054,0.9798191126375192,0.018164009020287017,0.01890887938081536,0.013352428505974345,0.007555302374444234,0.0101740623443836,0.015336043430536657,0.0139151208427402,0.0016784746954933369,0.0012673570849154486,0.0007868979045996223,0.00033706745735288135,0.0007504597470562206,0.0011603779230071616,0.0009967724687374453,0.9830239679810786,0.9904341087260304,0.9932504666677086,0.9915136544076709,0.9469557790064069,0.973683693949072,0.9798102784563278,235.64816570281982
