expl_var_class_0,expl_var_class_1,expl_var_class_2,expl_var_class_3,expl_var_class_4,expl_var_class_5,expl_var_mean,mae_class_0,mae_class_1,mae_class_2,mae_class_3,mae_class_4,mae_class_5,mae_mean,mse_class_0,mse_class_1,mse_class_2,mse_class_3,mse_class_4,mse_class_5,mse_mean,r2_class_0,r2_class_1,r2_class_2,r2_class_3,r2_class_4,r2_class_5,r2_mean,time
0.9828476179618854,0.9899871712222231,0.9935769952015859,0.9913739446391765,0.9431440135753274,0.974818745586121,0.97929141469772,0.01806107563072035,0.018977165725501472,0.013402256969695445,0.007808223780063567,0.01041735827851048,0.014561398821433182,0.01387124653432075,0.0016727992472122205,0.0013147332923388341,0.0007764241849537328,0.0003391236691467951,0.0007746365070701769,0.0010753664689237574,0.0009921805616075862,0.9828450174049019,0.9899844986105063,0.9935759047257391,0.9913692705493685,0.9431104575979771,0.9748155105824553,0.9792834432451579,220.33342742919922
