expl_var_class_0,expl_var_class_1,expl_var_class_2,expl_var_class_3,expl_var_class_4,expl_var_class_5,expl_var_mean,mae_class_0,mae_class_1,mae_class_2,mae_class_3,mae_class_4,mae_class_5,mae_mean,mse_class_0,mse_class_1,mse_class_2,mse_class_3,mse_class_4,mse_class_5,mse_mean,r2_class_0,r2_class_1,r2_class_2,r2_class_3,r2_class_4,r2_class_5,r2_mean,time
0.9821333455346265,0.9890299753036601,0.992896317425621,0.9908562114522025,0.939870105458379,0.9733349171128218,0.9780201453812185,0.018504786184124114,0.01973507090910839,0.014061604805860627,0.008209320609606675,0.010767003397796635,0.01507369344490915,0.014391913225234266,0.001742532035171876,0.0014401419094822174,0.000858571815409901,0.0003595446303635324,0.0008190682211488727,0.001138658298119689,0.0010597528182826812,0.9821298898928893,0.9890291488170744,0.9928962192975518,0.9908495551551971,0.9398473789036423,0.9733332508610812,0.9780142404879061,117.93725657463074
