expl_var_class_0,expl_var_class_1,expl_var_class_2,expl_var_class_3,expl_var_class_4,expl_var_class_5,expl_var_mean,mae_class_0,mae_class_1,mae_class_2,mae_class_3,mae_class_4,mae_class_5,mae_mean,mse_class_0,mse_class_1,mse_class_2,mse_class_3,mse_class_4,mse_class_5,mse_mean,r2_class_0,r2_class_1,r2_class_2,r2_class_3,r2_class_4,r2_class_5,r2_mean,time
0.9748355564443262,0.987737672724181,0.9909447366916305,0.9893888864244006,0.8945282526746334,0.9691155920989047,0.9677584495096793,0.021734678381560756,0.021649978778504275,0.01671907729452804,0.008755308251402723,0.013891738391585088,0.01622725790346187,0.016496339833507127,0.0024544029488472873,0.0016100177569775683,0.0010944307956795912,0.00041737053241413684,0.001436620472744736,0.0013187517798046668,0.0013885990477446643,0.9748294722519738,0.987735052290771,0.9909447337695311,0.9893778804794272,0.8944941523490296,0.969115560878425,0.9677494753365262,43.92038369178772
