expl_var_class_0,expl_var_class_1,expl_var_class_2,expl_var_class_3,expl_var_class_4,expl_var_class_5,expl_var_mean,mae_class_0,mae_class_1,mae_class_2,mae_class_3,mae_class_4,mae_class_5,mae_mean,mse_class_0,mse_class_1,mse_class_2,mse_class_3,mse_class_4,mse_class_5,mse_mean,r2_class_0,r2_class_1,r2_class_2,r2_class_3,r2_class_4,r2_class_5,r2_mean,time
0.982199894084414,0.9904807679977116,0.9936904568878332,0.9922522568853901,0.9383733819659386,0.9716616617895333,0.9781097366018034,0.018478969436488645,0.018744689978656907,0.013203914350011675,0.0076271823526552155,0.010645493385103415,0.015450377841674716,0.014025104557431762,0.0017481521924573374,0.0012572267743764596,0.0007424030172161122,0.00030607393195400347,0.0008280818290239152,0.0012577729021602208,0.0010232851078646747,0.9821984058947465,0.9904789115987557,0.9936904545138027,0.9922417305514576,0.9383302196129737,0.9716557633454704,0.978099247586201,240.81700229644775
