expl_var_class_0,expl_var_class_1,expl_var_class_2,expl_var_class_3,expl_var_class_4,expl_var_class_5,expl_var_mean,mae_class_0,mae_class_1,mae_class_2,mae_class_3,mae_class_4,mae_class_5,mae_mean,mse_class_0,mse_class_1,mse_class_2,mse_class_3,mse_class_4,mse_class_5,mse_mean,r2_class_0,r2_class_1,r2_class_2,r2_class_3,r2_class_4,r2_class_5,r2_mean,time
0.9827473967590385,0.9895139348658941,0.9925132223910167,0.9910826336167154,0.9471232332896486,0.9727377177045379,0.9792863564378086,0.018407083856881817,0.019741004921919162,0.014140732922326354,0.007773874999676182,0.01029931981242553,0.015548179307531643,0.014318365970126782,0.0017058379870122887,0.0013893434726620383,0.0008729584092931922,0.00035428299345561544,0.0007483533082927278,0.0012026426422028587,0.0010455698021531203,0.9827472166459432,0.9895133670219147,0.9925122918147476,0.9910802189461987,0.9471046669430597,0.9727251689173064,0.9792804883815284,147.2829029560089
