expl_var_class_0,expl_var_class_1,expl_var_class_2,expl_var_class_3,expl_var_class_4,expl_var_class_5,expl_var_mean,mae_class_0,mae_class_1,mae_class_2,mae_class_3,mae_class_4,mae_class_5,mae_mean,mse_class_0,mse_class_1,mse_class_2,mse_class_3,mse_class_4,mse_class_5,mse_mean,r2_class_0,r2_class_1,r2_class_2,r2_class_3,r2_class_4,r2_class_5,r2_mean,time
0.9742593642790786,0.9877970542130239,0.9910525942861519,0.9897246508578569,0.8918929423796078,0.9671441695318509,0.9669784625912617,0.021848120120150836,0.021674375659723546,0.016563880556147534,0.008724246605930965,0.013607840399485364,0.016585009338719977,0.01650057878002637,0.002467975210726882,0.0016009564860444902,0.0010758723627251174,0.000412190370799378,0.001433155956502166,0.0014223672492475335,0.001402086272674261,0.9742564330629114,0.9877963142226422,0.9910525705501371,0.9897184830402388,0.8918718571704873,0.9671428647666405,0.9669730871355097,42.23095750808716
