expl_var_class_0,expl_var_class_1,expl_var_class_2,expl_var_class_3,expl_var_class_4,expl_var_class_5,expl_var_mean,mae_class_0,mae_class_1,mae_class_2,mae_class_3,mae_class_4,mae_class_5,mae_mean,mse_class_0,mse_class_1,mse_class_2,mse_class_3,mse_class_4,mse_class_5,mse_mean,r2_class_0,r2_class_1,r2_class_2,r2_class_3,r2_class_4,r2_class_5,r2_mean,time
0.9589938631712844,0.9881314556493918,0.9914881402085018,0.9879508703933557,0.7672387011918749,0.9665236945687536,0.9433877875305271,0.026343864875815463,0.021433804553172783,0.016168244979486754,0.009256786635352045,0.018877453793027077,0.016860245823518125,0.018156733443395374,0.003931175274446534,0.0015571300517629742,0.0010235030426310268,0.00048340542923187927,0.0030850878952761998,0.0014492523123365616,0.0019215923342808625,0.9589937235271763,0.9881303920301129,0.9914880969314378,0.9879421222056949,0.7672375968096383,0.9665218112699848,0.9433856237956743,33.70191025733948
