expl_var_class_0,expl_var_class_1,expl_var_class_2,expl_var_class_3,expl_var_class_4,expl_var_class_5,expl_var_mean,mae_class_0,mae_class_1,mae_class_2,mae_class_3,mae_class_4,mae_class_5,mae_mean,mse_class_0,mse_class_1,mse_class_2,mse_class_3,mse_class_4,mse_class_5,mse_mean,r2_class_0,r2_class_1,r2_class_2,r2_class_3,r2_class_4,r2_class_5,r2_mean,time
0.9827953454624603,0.9898224911713275,0.993459964646459,0.9913255813535917,0.9436245011485958,0.9739113599254753,0.9791565406179851,0.018094494716948826,0.01916158180217213,0.013553635522807774,0.007818016079136764,0.010417742468973838,0.014711959948078456,0.013959571756352965,0.001677760413396991,0.0013362888642134728,0.0007904973562181214,0.0003409830334531763,0.0007681204700303748,0.00111416569299551,0.001004635971717941,0.9827941393813179,0.9898202905073725,0.9934594640033022,0.9913219495519315,0.9435889973544765,0.9739068541604061,0.9791486158264678,248.20201086997986
