expl_var_class_0,expl_var_class_1,expl_var_class_2,expl_var_class_3,expl_var_class_4,expl_var_class_5,expl_var_mean,mae_class_0,mae_class_1,mae_class_2,mae_class_3,mae_class_4,mae_class_5,mae_mean,mse_class_0,mse_class_1,mse_class_2,mse_class_3,mse_class_4,mse_class_5,mse_mean,r2_class_0,r2_class_1,r2_class_2,r2_class_3,r2_class_4,r2_class_5,r2_mean,time
0.9767275860518078,0.9806453086790948,0.9884603305312286,0.9921003460134719,0.9436473602123862,0.966446402469405,0.9746712223262324,0.021341932916099107,0.026224369016026355,0.01789424820805916,0.00769479166532518,0.010640127420707276,0.017157656562117988,0.01682552096472251,0.0023011914246100448,0.0025644778373768895,0.0013455165875049377,0.0003137982895014553,0.0007974231042737847,0.0014803267602542677,0.0014671223339202302,0.9767258336329191,0.9806435641076733,0.9884589741522615,0.9920995021236857,0.9436363009016566,0.9664275480377356,0.974665287159322,27.58321475982666
