expl_var_class_0,expl_var_class_1,expl_var_class_2,expl_var_class_3,expl_var_class_4,expl_var_class_5,expl_var_mean,mae_class_0,mae_class_1,mae_class_2,mae_class_3,mae_class_4,mae_class_5,mae_mean,mse_class_0,mse_class_1,mse_class_2,mse_class_3,mse_class_4,mse_class_5,mse_mean,r2_class_0,r2_class_1,r2_class_2,r2_class_3,r2_class_4,r2_class_5,r2_mean,time
0.9824615786872601,0.9893112945210624,0.9931865108709916,0.9908652184141644,0.9414389351754578,0.9735154982908648,0.9784631726599669,0.01831157936848839,0.01947104355987645,0.013791549053316842,0.008067654658930659,0.010536594926211071,0.014926039258917383,0.014184076804290133,0.0017103582441835028,0.0014033596028520162,0.0008235415601873479,0.00035920447539116964,0.0007975981977744067,0.0011309610019751514,0.001037503847060599,0.9824598403190051,0.9893093526008457,0.9931860578953084,0.9908582121314121,0.9414241439979623,0.9735135172901525,0.9784585207057811,158.92025756835938
