expl_var_class_0,expl_var_class_1,expl_var_class_2,expl_var_class_3,expl_var_class_4,expl_var_class_5,expl_var_mean,mae_class_0,mae_class_1,mae_class_2,mae_class_3,mae_class_4,mae_class_5,mae_mean,mse_class_0,mse_class_1,mse_class_2,mse_class_3,mse_class_4,mse_class_5,mse_mean,r2_class_0,r2_class_1,r2_class_2,r2_class_3,r2_class_4,r2_class_5,r2_mean,time
0.9813883348480262,0.9897862481148662,0.9930448188273604,0.9907493839061101,0.9409768613059326,0.9701530176011331,0.977683110767238,0.018871526911126934,0.019456183099792825,0.013933846694419228,0.008091029037800318,0.010819508757418677,0.01578780762052391,0.014493317020180316,0.001825497652673882,0.0013382333497069122,0.0008275138225857492,0.00036769437963317923,0.0008108837083207514,0.0013265608763341743,0.0010827306315424415,0.9813878172262318,0.9897854405474127,0.9930447500796306,0.9907440672095388,0.9409516879493208,0.9701492992625993,0.9776771770457889,59.19441485404968
