expl_var_class_0,expl_var_class_1,expl_var_class_2,expl_var_class_3,expl_var_class_4,expl_var_class_5,expl_var_mean,mae_class_0,mae_class_1,mae_class_2,mae_class_3,mae_class_4,mae_class_5,mae_mean,mse_class_0,mse_class_1,mse_class_2,mse_class_3,mse_class_4,mse_class_5,mse_mean,r2_class_0,r2_class_1,r2_class_2,r2_class_3,r2_class_4,r2_class_5,r2_mean,time
0.9830023302559842,0.9895995728149207,0.9932888697221469,0.991450251245208,0.9446635846083277,0.9738229629163119,0.9793045952604832,0.01787683954941772,0.019363075774116667,0.013657270541247457,0.007785305757970859,0.010255146660477455,0.014786554552169989,0.013954032139233357,0.001657558657847532,0.0013656563847418742,0.0008112001436128443,0.0003361237536025635,0.0007537243661599151,0.0011178157835306185,0.001007013181582558,0.9830013135329198,0.989596571792427,0.9932881701651609,0.9914456186836705,0.9446462516332091,0.9738213710538456,0.9792998828102055,288.11831307411194
