expl_var_class_0,expl_var_class_1,expl_var_class_2,expl_var_class_3,expl_var_class_4,expl_var_class_5,expl_var_mean,mae_class_0,mae_class_1,mae_class_2,mae_class_3,mae_class_4,mae_class_5,mae_mean,mse_class_0,mse_class_1,mse_class_2,mse_class_3,mse_class_4,mse_class_5,mse_mean,r2_class_0,r2_class_1,r2_class_2,r2_class_3,r2_class_4,r2_class_5,r2_mean,time
0.9817892423516419,0.9897931881946933,0.9930839667551173,0.99206412304799,0.9374813578395403,0.9713875015049529,0.977599896615656,0.018567371724298197,0.019438634566546324,0.01374829879136538,0.0077567046801082125,0.01085010553487432,0.01559922304135949,0.014326723056425322,0.0017883552161743817,0.0013479939670847639,0.0008137660237158776,0.00031336444313473974,0.0008400377102217668,0.0012700634530972566,0.001062263468904798,0.9817890148170688,0.9897915237039686,0.9930839535633749,0.9920569328792198,0.9374398286613042,0.9713787926111068,0.9775900077060072,122.91723442077637
