expl_var_class_0,expl_var_class_1,expl_var_class_2,expl_var_class_3,expl_var_class_4,expl_var_class_5,expl_var_mean,mae_class_0,mae_class_1,mae_class_2,mae_class_3,mae_class_4,mae_class_5,mae_mean,mse_class_0,mse_class_1,mse_class_2,mse_class_3,mse_class_4,mse_class_5,mse_mean,r2_class_0,r2_class_1,r2_class_2,r2_class_3,r2_class_4,r2_class_5,r2_mean,time
0.9815079193966315,0.990308111925692,0.9936752840171298,0.9920336652345186,0.936593379090247,0.9705261457473754,0.9774407509019324,0.018770994704506973,0.01897074595271654,0.013285072866087905,0.007689588103690471,0.010814734552926633,0.015734573874083134,0.014210951675668609,0.001816128390362124,0.0012799841018064917,0.0007441881850890884,0.00031463533739742175,0.0008522395629246064,0.0013083328766582204,0.0010525847423729921,0.9815061980371352,0.9903065683662908,0.9936752827032984,0.9920247186358585,0.9365311194611687,0.9705163812837667,0.9774267114145866,154.73295068740845
