expl_var_class_0,expl_var_class_1,expl_var_class_2,expl_var_class_3,expl_var_class_4,expl_var_class_5,expl_var_mean,mae_class_0,mae_class_1,mae_class_2,mae_class_3,mae_class_4,mae_class_5,mae_mean,mse_class_0,mse_class_1,mse_class_2,mse_class_3,mse_class_4,mse_class_5,mse_mean,r2_class_0,r2_class_1,r2_class_2,r2_class_3,r2_class_4,r2_class_5,r2_mean,time
0.9821258784163345,0.9892070192303319,0.9927876197764265,0.9907714792954311,0.9478318244150223,0.9715410222878316,0.9790441405702297,0.018599873842604277,0.01979824852027086,0.01414235034356883,0.008093585391494578,0.010290496952842976,0.015568726808136275,0.014415546976486301,0.0017533098161878358,0.0014141746331700863,0.0008581351281150525,0.0003666630362714623,0.0007164669076083769,0.0012648523531390203,0.0010622669790819725,0.9821238210248416,0.989205790701584,0.9927873781457349,0.9907700291098797,0.9478270914801632,0.9715378843563613,0.9790419991364274,130.76161408424377
