expl_var_class_0,expl_var_class_1,expl_var_class_2,expl_var_class_3,expl_var_class_4,expl_var_class_5,expl_var_mean,mae_class_0,mae_class_1,mae_class_2,mae_class_3,mae_class_4,mae_class_5,mae_mean,mse_class_0,mse_class_1,mse_class_2,mse_class_3,mse_class_4,mse_class_5,mse_mean,r2_class_0,r2_class_1,r2_class_2,r2_class_3,r2_class_4,r2_class_5,r2_mean,time
0.9825088506357905,0.9897665215911899,0.9933308267185541,0.9910811352923737,0.9433634288110657,0.9742355045488305,0.9790477112663009,0.018256641425328114,0.01923362614538395,0.013619115829391211,0.007972123342597679,0.010386714139127116,0.014798434860802337,0.014044442623771733,0.0017058552744995746,0.0013435466100730604,0.0008060987651036492,0.0003506919570305292,0.0007715809295441219,0.001100277630063895,0.0010130085277191385,0.9825060194207011,0.9897650017547679,0.993330378718434,0.9910748565287172,0.9433348601476176,0.974232104932156,0.9790405369170657,179.25113105773926
