expl_var_class_0,expl_var_class_1,expl_var_class_2,expl_var_class_3,expl_var_class_4,expl_var_class_5,expl_var_mean,mae_class_0,mae_class_1,mae_class_2,mae_class_3,mae_class_4,mae_class_5,mae_mean,mse_class_0,mse_class_1,mse_class_2,mse_class_3,mse_class_4,mse_class_5,mse_mean,r2_class_0,r2_class_1,r2_class_2,r2_class_3,r2_class_4,r2_class_5,r2_mean,time
0.9830989453758002,0.9896209699797777,0.9928387189188513,0.9919322155793375,0.9475488691367319,0.9728909438074518,0.9796551104663251,0.01812909293529363,0.019713598271384768,0.014111867960906273,0.007498361099914563,0.010322154909113907,0.015421289361934584,0.014199394089757953,0.0016710617592738265,0.0013752403124793109,0.0008349674291355302,0.00032060764357513957,0.0007421912374601339,0.00119574166194348,0.0010233016739779035,0.9830989421483715,0.9896198163395798,0.9928381554184016,0.9919280630521609,0.9475402162823873,0.9728816768143944,0.9796511450092158,207.40437412261963
