expl_var_class_0,expl_var_class_1,expl_var_class_2,expl_var_class_3,expl_var_class_4,expl_var_class_5,expl_var_mean,mae_class_0,mae_class_1,mae_class_2,mae_class_3,mae_class_4,mae_class_5,mae_mean,mse_class_0,mse_class_1,mse_class_2,mse_class_3,mse_class_4,mse_class_5,mse_mean,r2_class_0,r2_class_1,r2_class_2,r2_class_3,r2_class_4,r2_class_5,r2_mean,time
0.982946577136781,0.989879492465084,0.9929684299480012,0.9915912900193299,0.9482050967528063,0.9726029512797346,0.9796989729336228,0.018248609940289918,0.019491859897332393,0.013870996672231486,0.00772278614064738,0.010199927952695599,0.01548608040749205,0.01417004350178147,0.001686131600631,0.001341167464303165,0.0008199713340688959,0.0003340641258009149,0.0007329991512119567,0.0012084944998429275,0.0010204713626431434,0.9829465263210215,0.989876994971338,0.9929667828336163,0.9915892692702818,0.9481899340803812,0.9725924541581153,0.979693660272459,235.69105458259583
