expl_var_class_0,expl_var_class_1,expl_var_class_2,expl_var_class_3,expl_var_class_4,expl_var_class_5,expl_var_mean,mae_class_0,mae_class_1,mae_class_2,mae_class_3,mae_class_4,mae_class_5,mae_mean,mse_class_0,mse_class_1,mse_class_2,mse_class_3,mse_class_4,mse_class_5,mse_mean,r2_class_0,r2_class_1,r2_class_2,r2_class_3,r2_class_4,r2_class_5,r2_mean,time
0.9810524726406477,0.9895702694735358,0.9928779942892082,0.9905286398046934,0.9395561992440069,0.9699438581229856,0.9772549055958463,0.01898229534285677,0.019674784508181574,0.014102013652531328,0.008190057935270327,0.010914007132799408,0.015865914581221163,0.01462151219214343,0.0018584783053611476,0.0013665128302390965,0.0008473645980838145,0.00037648967386301956,0.0008303947903931092,0.0013358309753039863,0.0011025118622073624,0.9810515571741225,0.9895695869855151,0.9928779044017291,0.9905226641727424,0.9395308967176893,0.9699407005053989,0.9772488849928661,52.76215147972107
