expl_var_class_0,expl_var_class_1,expl_var_class_2,expl_var_class_3,expl_var_class_4,expl_var_class_5,expl_var_mean,mae_class_0,mae_class_1,mae_class_2,mae_class_3,mae_class_4,mae_class_5,mae_mean,mse_class_0,mse_class_1,mse_class_2,mse_class_3,mse_class_4,mse_class_5,mse_mean,r2_class_0,r2_class_1,r2_class_2,r2_class_3,r2_class_4,r2_class_5,r2_mean,time
0.9824044510073,0.9891054116335503,0.992887663245885,0.9915141424272068,0.9451268442429398,0.9712841039231479,0.978720436080005,0.018743666802655753,0.019683342241352028,0.014002594684217676,0.007889130042881588,0.010350312365179547,0.015674784200340384,0.014390638389437828,0.0017258552927311317,0.001427444734389083,0.000846213715094654,0.00033718689650213474,0.0007535944173104569,0.0012762346006567427,0.0010610882761140337,0.9824037384532723,0.9891045017613009,0.9928875775680258,0.991512028943816,0.9451234771936053,0.971281757351237,0.9787188468785429,235.66252875328064
