expl_var_class_0,expl_var_class_1,expl_var_class_2,expl_var_class_3,expl_var_class_4,expl_var_class_5,expl_var_mean,mae_class_0,mae_class_1,mae_class_2,mae_class_3,mae_class_4,mae_class_5,mae_mean,mse_class_0,mse_class_1,mse_class_2,mse_class_3,mse_class_4,mse_class_5,mse_mean,r2_class_0,r2_class_1,r2_class_2,r2_class_3,r2_class_4,r2_class_5,r2_mean,time
0.9824103243136281,0.9901010314309878,0.9935575134460032,0.9921933490399091,0.9396349074208422,0.9712176175077349,0.9781857905265176,0.01839411579822882,0.019150773892912525,0.013378687566623521,0.007599615713968551,0.010546141489288466,0.015673945749138583,0.014123880035026742,0.0017273631062653242,0.0013076052788295787,0.0007580459686246016,0.00030829092485791043,0.0008112764105617991,0.001277557279584026,0.00103168982812054,0.9824101030660832,0.9900973907751489,0.9935575079724209,0.9921855348859064,0.9395817704012484,0.9712099172990182,0.9781737040666377,221.55713200569153
