expl_var_class_0,expl_var_class_1,expl_var_class_2,expl_var_class_3,expl_var_class_4,expl_var_class_5,expl_var_mean,mae_class_0,mae_class_1,mae_class_2,mae_class_3,mae_class_4,mae_class_5,mae_mean,mse_class_0,mse_class_1,mse_class_2,mse_class_3,mse_class_4,mse_class_5,mse_mean,r2_class_0,r2_class_1,r2_class_2,r2_class_3,r2_class_4,r2_class_5,r2_mean,time
0.981420810722547,0.9901739676739468,0.993676848179718,0.9918182388503733,0.9376898146748626,0.9706722335932277,0.9775753189491126,0.018711092224246256,0.019269310677261522,0.01365459034070652,0.007873977803159803,0.010658006323764879,0.015808771007395445,0.01432929139608907,0.001781423312073078,0.0012890548596396236,0.0007603265194597753,0.0003281876601099559,0.0008261062118432666,0.0012696984576750052,0.0010424661701334509,0.9814178886083154,0.9901738613173146,0.9936767890621386,0.9918138141197694,0.9376722888662108,0.9706695623429984,0.977570700719458,52.51262855529785
