expl_var_class_0,expl_var_class_1,expl_var_class_2,expl_var_class_3,expl_var_class_4,expl_var_class_5,expl_var_mean,mae_class_0,mae_class_1,mae_class_2,mae_class_3,mae_class_4,mae_class_5,mae_mean,mse_class_0,mse_class_1,mse_class_2,mse_class_3,mse_class_4,mse_class_5,mse_mean,r2_class_0,r2_class_1,r2_class_2,r2_class_3,r2_class_4,r2_class_5,r2_mean,time
0.9819403911586368,0.9903304885846651,0.9936312489911837,0.9921125773970826,0.9370452191813298,0.9713855134569244,0.9777409064616371,0.018575392542916708,0.01889478660025984,0.013277688470522618,0.007727409786867056,0.010722814560248341,0.015623654065529687,0.014136957671057373,0.0017736292062942118,0.0012771144385092985,0.0007493698370805497,0.00031150815120707285,0.000846046394452548,0.001270052583416652,0.0010379534351600557,0.9819389711262551,0.990328300577608,0.993631244804508,0.9921039856055269,0.9369923436134024,0.9713790375621619,0.9777289805482438,184.23441529273987
