expl_var_class_0,expl_var_class_1,expl_var_class_2,expl_var_class_3,expl_var_class_4,expl_var_class_5,expl_var_mean,mae_class_0,mae_class_1,mae_class_2,mae_class_3,mae_class_4,mae_class_5,mae_mean,mse_class_0,mse_class_1,mse_class_2,mse_class_3,mse_class_4,mse_class_5,mse_mean,r2_class_0,r2_class_1,r2_class_2,r2_class_3,r2_class_4,r2_class_5,r2_mean,time
0.9803027691515342,0.9900359027775031,0.993603731791987,0.9917444831540437,0.9372067262365261,0.9702575787447816,0.9771918653093957,0.019013594686807436,0.019346440137261903,0.013612969618411996,0.00797820115927157,0.010691246020269399,0.01573790447616607,0.014396726016364733,0.001888637564653147,0.0013072160427053624,0.0007691112156935866,0.00033119190408557506,0.0008324459502164415,0.0012878634223195918,0.001069411016612284,0.980299531634587,0.9900354232189581,0.9936037316507638,0.9917388774216446,0.9371939709740049,0.9702499458901083,0.9771869134650112,69.53000998497009
