expl_var_class_0,expl_var_class_1,expl_var_class_2,expl_var_class_3,expl_var_class_4,expl_var_class_5,expl_var_mean,mae_class_0,mae_class_1,mae_class_2,mae_class_3,mae_class_4,mae_class_5,mae_mean,mse_class_0,mse_class_1,mse_class_2,mse_class_3,mse_class_4,mse_class_5,mse_mean,r2_class_0,r2_class_1,r2_class_2,r2_class_3,r2_class_4,r2_class_5,r2_mean,time
0.9832883622815487,0.990049363941719,0.9932337378760269,0.9917858807007444,0.9479727485392447,0.9738395560454525,0.9800282748974559,0.01809969796168167,0.019348771881536258,0.013631289690840348,0.007642585479631423,0.010102117597380838,0.015360483344903262,0.014030824325995632,0.0016523331836478436,0.0013187385513285378,0.0007890235116986463,0.0003264187650871525,0.0007363251165138408,0.00115397857681096,0.0009961362841811635,0.9832883622810366,0.990046286282731,0.9932322344982208,0.9917817564765654,0.9479548472030608,0.9738288252461141,0.9800220519979548,213.26911568641663
