expl_var_class_0,expl_var_class_1,expl_var_class_2,expl_var_class_3,expl_var_class_4,expl_var_class_5,expl_var_mean,mae_class_0,mae_class_1,mae_class_2,mae_class_3,mae_class_4,mae_class_5,mae_mean,mse_class_0,mse_class_1,mse_class_2,mse_class_3,mse_class_4,mse_class_5,mse_mean,r2_class_0,r2_class_1,r2_class_2,r2_class_3,r2_class_4,r2_class_5,r2_mean,time
0.9804791551141819,0.9897885384771321,0.9935517193278904,0.9914438151155328,0.9371280983628878,0.970211884805644,0.9771005352005449,0.018806029129953765,0.01969154564885403,0.013796461243399553,0.007931460243850592,0.01060350302431987,0.015716385358446668,0.014424230774804078,0.0018715747729331842,0.0013396166881940914,0.0007753689992470491,0.0003432237955354736,0.0008335036992760627,0.0012897984065724463,0.0010755143936263846,0.9804775144274722,0.9897884413053492,0.9935516891605977,0.9914387585815071,0.9371141663715277,0.9702052471392729,0.977095969497621,125.46355867385864
