expl_var_class_0,expl_var_class_1,expl_var_class_2,expl_var_class_3,expl_var_class_4,expl_var_class_5,expl_var_mean,mae_class_0,mae_class_1,mae_class_2,mae_class_3,mae_class_4,mae_class_5,mae_mean,mse_class_0,mse_class_1,mse_class_2,mse_class_3,mse_class_4,mse_class_5,mse_mean,r2_class_0,r2_class_1,r2_class_2,r2_class_3,r2_class_4,r2_class_5,r2_mean,time
0.982493175986858,0.9888902937681334,0.9927505970088418,0.991334560738208,0.9457538847196815,0.9718599950789387,0.9788470845501102,0.018610056775502246,0.019946780233706263,0.014257642119250699,0.007880614102023991,0.010331192283288895,0.01549051505127552,0.014419466760841269,0.001717188527957076,0.0014557001584715957,0.0008625112950117336,0.0003443041816102701,0.0007450077527794213,0.0012507139242711074,0.0010625709733502007,0.9824921019796761,0.9888888318191252,0.9927505964828444,0.9913328662580083,0.9457487555676808,0.971856031843267,0.978844863991767,182.20054936408997
