expl_var_class_0,expl_var_class_1,expl_var_class_2,expl_var_class_3,expl_var_class_4,expl_var_class_5,expl_var_mean,mae_class_0,mae_class_1,mae_class_2,mae_class_3,mae_class_4,mae_class_5,mae_mean,mse_class_0,mse_class_1,mse_class_2,mse_class_3,mse_class_4,mse_class_5,mse_mean,r2_class_0,r2_class_1,r2_class_2,r2_class_3,r2_class_4,r2_class_5,r2_mean,time
0.947951038457288,0.9680628080540845,0.977491468525443,0.8870937005754564,0.6225975504051535,0.9274771359908103,0.8884456170013726,0.03264119374967543,0.036219020752800445,0.02603050345174704,0.026821841137155602,0.024668819213115804,0.026883187350454394,0.02887742760915812,0.005111411226105133,0.0042174214905131725,0.0026488187976562287,0.004455106981912851,0.0050678186076175665,0.003218604790744196,0.004119863649091524,0.9479500306982682,0.968061097922132,0.9774881805421848,0.8870732957651655,0.6225840857521885,0.9274679111550496,0.8884374336391647,13.384016513824463
