expl_var_class_0,expl_var_class_1,expl_var_class_2,expl_var_class_3,expl_var_class_4,expl_var_class_5,expl_var_mean,mae_class_0,mae_class_1,mae_class_2,mae_class_3,mae_class_4,mae_class_5,mae_mean,mse_class_0,mse_class_1,mse_class_2,mse_class_3,mse_class_4,mse_class_5,mse_mean,r2_class_0,r2_class_1,r2_class_2,r2_class_3,r2_class_4,r2_class_5,r2_mean,time
0.9808292079665242,0.9898661931774732,0.9936174201948389,0.9923031356244436,0.9388908422250594,0.9711465612922537,0.9777755600800987,0.01870041404683976,0.019351723299732133,0.013623398035031244,0.007543061885455528,0.010497674186302165,0.01546847399334475,0.01419745757445093,0.0018380243124459306,0.0013294365375947578,0.0007674728383185901,0.0003086211359315586,0.0008104300296190789,0.0012493639312530338,0.0010505581308604915,0.9808274808783384,0.9898660420147771,0.9936173571201808,0.9923018739203748,0.9388550188146634,0.9711392963620475,0.9777678448517304,257.6415388584137
