expl_var_class_0,expl_var_class_1,expl_var_class_2,expl_var_class_3,expl_var_class_4,expl_var_class_5,expl_var_mean,mae_class_0,mae_class_1,mae_class_2,mae_class_3,mae_class_4,mae_class_5,mae_mean,mse_class_0,mse_class_1,mse_class_2,mse_class_3,mse_class_4,mse_class_5,mse_mean,r2_class_0,r2_class_1,r2_class_2,r2_class_3,r2_class_4,r2_class_5,r2_mean,time
0.9822751211740902,0.9902612694629048,0.9936043406232742,0.9924088136712429,0.9416872885361559,0.9713586849906489,0.9785992530763862,0.018471924093254818,0.018984749765662858,0.013413905531371263,0.007523320240835162,0.010533311486336015,0.01563598819014554,0.01409386655126761,0.0017406486553194615,0.001286196534369351,0.000752542291511796,0.00029979715165355205,0.0007833757558188804,0.0012711443240113088,0.0010222841187807249,0.9822748151015985,0.9902595210707485,0.993604282702964,0.9924008324799666,0.9416596172882863,0.9713544349063667,0.9785922505916552,206.7801067829132
