expl_var_class_0,expl_var_class_1,expl_var_class_2,expl_var_class_3,expl_var_class_4,expl_var_class_5,expl_var_mean,mae_class_0,mae_class_1,mae_class_2,mae_class_3,mae_class_4,mae_class_5,mae_mean,mse_class_0,mse_class_1,mse_class_2,mse_class_3,mse_class_4,mse_class_5,mse_mean,r2_class_0,r2_class_1,r2_class_2,r2_class_3,r2_class_4,r2_class_5,r2_mean,time
0.9808834139884716,0.9900115687282061,0.9937909164463379,0.9919968297557019,0.9398128214286703,0.9711387925555204,0.9779390571504846,0.01879430436647988,0.019137205038603347,0.013426462511178627,0.007668248657594187,0.010507713377058176,0.015561808134755377,0.01418262368094493,0.0018328032670562216,0.001310375969236392,0.0007466394445547238,0.00032090764666969354,0.0007980889862508613,0.0012496097986171798,0.0010430708520641787,0.9808819418514014,0.9900113358994086,0.9937906168184143,0.9919954039553306,0.9397861206210856,0.9711336167478428,0.977933172648914,229.3200421333313
