expl_var_class_0,expl_var_class_1,expl_var_class_2,expl_var_class_3,expl_var_class_4,expl_var_class_5,expl_var_mean,mae_class_0,mae_class_1,mae_class_2,mae_class_3,mae_class_4,mae_class_5,mae_mean,mse_class_0,mse_class_1,mse_class_2,mse_class_3,mse_class_4,mse_class_5,mse_mean,r2_class_0,r2_class_1,r2_class_2,r2_class_3,r2_class_4,r2_class_5,r2_mean,time
0.9703999567392702,0.9865490964647622,0.9902831053334054,0.9918136104755669,0.8535478775986349,0.9676011241608651,0.9600324617954175,0.023237096933774886,0.022912086902182025,0.017188251863375494,0.007825505216597204,0.015456859175768788,0.016731248802843983,0.017225174815757065,0.0029067847315762947,0.0017763906476337072,0.0011433300961510044,0.00032331074573297976,0.0019666068091371454,0.0014379651950545435,0.0015923980375476124,0.9703999444864512,0.9865472381467117,0.9902830496642457,0.9918048170094322,0.8535407905640497,0.9675950835642897,0.9600284872391968,43.166409969329834
