expl_var_class_0,expl_var_class_1,expl_var_class_2,expl_var_class_3,expl_var_class_4,expl_var_class_5,expl_var_mean,mae_class_0,mae_class_1,mae_class_2,mae_class_3,mae_class_4,mae_class_5,mae_mean,mse_class_0,mse_class_1,mse_class_2,mse_class_3,mse_class_4,mse_class_5,mse_mean,r2_class_0,r2_class_1,r2_class_2,r2_class_3,r2_class_4,r2_class_5,r2_mean,time
0.982285147000588,0.988899172003062,0.9928982764281281,0.9915219687964743,0.9442586091677173,0.9711018738253729,0.9784941745368904,0.018783148283260116,0.019814428714310623,0.013987997686886605,0.00785192146073814,0.010356245107281142,0.015700113218484166,0.0144156424118268,0.0017375002749268878,0.0014544182149441483,0.0008449685527291307,0.0003368789397872013,0.0007655618056606019,0.0012843043996840539,0.001070605364622004,0.9822850099867048,0.9888986167257552,0.9928980431520527,0.9915197811065187,0.9442520155099141,0.9711001681305139,0.9784922724352433,220.98883318901062
