expl_var_class_0,expl_var_class_1,expl_var_class_2,expl_var_class_3,expl_var_class_4,expl_var_class_5,expl_var_mean,mae_class_0,mae_class_1,mae_class_2,mae_class_3,mae_class_4,mae_class_5,mae_mean,mse_class_0,mse_class_1,mse_class_2,mse_class_3,mse_class_4,mse_class_5,mse_mean,r2_class_0,r2_class_1,r2_class_2,r2_class_3,r2_class_4,r2_class_5,r2_mean,time
0.9827081396838548,0.9897548884398247,0.9931311042434127,0.9913421917008941,0.9480735120780377,0.9724713123328487,0.9795801914131456,0.018546511079883636,0.019315898815010085,0.013673718095952615,0.0077685958889516776,0.01019973453743297,0.015514514500359662,0.014169828819598442,0.001695999858173034,0.0013423764642238043,0.0008172410394859092,0.0003440627701296369,0.0007131144407017849,0.0012234197341996977,0.0010227023844856444,0.9827081347936192,0.9897538166982828,0.9931310927749271,0.9913389432843741,0.9480712171297585,0.9724702145123224,0.9795789031988806,164.10625171661377
