expl_var_class_0,expl_var_class_1,expl_var_class_2,expl_var_class_3,expl_var_class_4,expl_var_class_5,expl_var_mean,mae_class_0,mae_class_1,mae_class_2,mae_class_3,mae_class_4,mae_class_5,mae_mean,mse_class_0,mse_class_1,mse_class_2,mse_class_3,mse_class_4,mse_class_5,mse_mean,r2_class_0,r2_class_1,r2_class_2,r2_class_3,r2_class_4,r2_class_5,r2_mean,time
0.982787300304432,0.9901320041125312,0.9931701780162909,0.9913510983884354,0.9451678106706347,0.9731561007437848,0.9792940820393516,0.018280843480330943,0.019141046425483373,0.013478340732774591,0.007654600558095753,0.01035781198658442,0.015434450387139038,0.014057848928401354,0.0017019523348493007,0.0013075091106242828,0.0007963362813646514,0.0003437447664640675,0.0007761727408013533,0.0011842187719481368,0.0010183223343419652,0.9827865159905865,0.9901310450378782,0.9931695099918731,0.991345539831469,0.9451383254681274,0.9731430053813175,0.9792856569502085,163.65666675567627
