expl_var_class_0,expl_var_class_1,expl_var_class_2,expl_var_class_3,expl_var_class_4,expl_var_class_5,expl_var_mean,mae_class_0,mae_class_1,mae_class_2,mae_class_3,mae_class_4,mae_class_5,mae_mean,mse_class_0,mse_class_1,mse_class_2,mse_class_3,mse_class_4,mse_class_5,mse_mean,r2_class_0,r2_class_1,r2_class_2,r2_class_3,r2_class_4,r2_class_5,r2_mean,time
0.9729627238192262,0.9865691428588445,0.9905611494158154,0.9913295522095635,0.8675347735543507,0.9706383771356879,0.9632659531655814,0.022173985214049466,0.02275370379349845,0.017208999595584036,0.007922912737450568,0.015064614017437453,0.015888850609513044,0.016835510994588836,0.002636483901868138,0.001763219048217473,0.0011408323124842145,0.00034114259297074256,0.0018039893827399072,0.001253873060059192,0.0014899233830566114,0.9729621856751911,0.9865679807986085,0.9905608099163078,0.9913178887471199,0.8675144670494032,0.9706349847009745,0.9632597194812674,42.55370616912842
