expl_var_class_0,expl_var_class_1,expl_var_class_2,expl_var_class_3,expl_var_class_4,expl_var_class_5,expl_var_mean,mae_class_0,mae_class_1,mae_class_2,mae_class_3,mae_class_4,mae_class_5,mae_mean,mse_class_0,mse_class_1,mse_class_2,mse_class_3,mse_class_4,mse_class_5,mse_mean,r2_class_0,r2_class_1,r2_class_2,r2_class_3,r2_class_4,r2_class_5,r2_mean,time
0.9800716647771658,0.9899042279199961,0.9935774728648106,0.9914879573341603,0.9381518656335369,0.9707907074518649,0.9773306493302557,0.01888738934400357,0.019524527451208484,0.013715273775936324,0.007890259764118267,0.010625761703676432,0.015620605327079536,0.0143773028943371,0.001910626703888498,0.0013244284515493724,0.0007722777262682238,0.00034139934397683604,0.0008200613190922726,0.0012647094015293848,0.0010722504910507646,0.9800701618761982,0.9899042173861733,0.9935773975511526,0.9914842669945397,0.9381283613709532,0.9707848111245984,0.9773248693839359,127.62526154518127
