acc;avg_acc;f1_macro;f1_micro;f1_weighted;precision_macro;precision_micro;precision_weighted;recall_macro;recall_micro;recall_weighted;time
0.8241431067148939;0.7594718252060046;0.7823056542474747;0.8241431067148939;0.8134127619940684;0.8242038235604481;0.8241431067148939;0.8218749914431923;0.7594718252060046;0.8241431067148939;0.8241431067148939;0.7257077693939209
