acc;avg_acc;f1_macro;f1_micro;f1_weighted;precision_macro;precision_micro;precision_weighted;recall_macro;recall_micro;recall_weighted;time
0.8223222853768362;0.7560673373753952;0.7799435890650928;0.8223222853768362;0.811051629387927;0.8235240089144401;0.8223222853768362;0.8187613871483663;0.7560673373753952;0.8223222853768362;0.8223222853768362;0.7863128185272217
