acc;avg_acc;f1_macro;f1_micro;f1_weighted;precision_macro;precision_micro;precision_weighted;recall_macro;recall_micro;recall_weighted;time
0.8356585713934205;0.7964940984619368;0.8107164222977374;0.8356585713934205;0.828615239778191;0.833667849002905;0.8356585713934205;0.8317105631007535;0.7964940984619368;0.8356585713934205;0.8356585713934205;2.5298361778259277
