acc;avg_acc;f1_macro;f1_micro;f1_weighted;precision_macro;precision_micro;precision_weighted;recall_macro;recall_micro;recall_weighted;time
0.8371349130188726;0.7791166018461819;0.7997384607048246;0.8371349130188727;0.8277585542179549;0.8378581285859702;0.8371349130188726;0.8368617815787032;0.7791166018461819;0.8371349130188726;0.8371349130188726;1.2022521495819092
