acc;avg_acc;f1_macro;f1_micro;f1_weighted;precision_macro;precision_micro;precision_weighted;recall_macro;recall_micro;recall_weighted;time
0.840505893063655;0.7873314525187104;0.8086455636247929;0.840505893063655;0.8335409817266146;0.840977671674451;0.840505893063655;0.8389128067631921;0.7873314525187104;0.840505893063655;0.840505893063655;1.5248775482177734
