acc;avg_acc;f1_macro;f1_micro;f1_weighted;precision_macro;precision_micro;precision_weighted;recall_macro;recall_micro;recall_weighted;time
0.8363475308186314;0.775442534425922;0.7990382260945189;0.8363475308186314;0.8286977720483923;0.8387313600153552;0.8363475308186314;0.8357493307342538;0.775442534425922;0.8363475308186314;0.8363475308186314;1.5068793296813965
