acc;avg_acc;f1_macro;f1_micro;f1_weighted;precision_macro;precision_micro;precision_weighted;recall_macro;recall_micro;recall_weighted;time
0.8344774980930587;0.7791282694742507;0.8012500216815795;0.8344774980930587;0.8256622449084198;0.8365566267472774;0.8344774980930587;0.831726998969132;0.7791282694742507;0.8344774980930587;0.8344774980930587;1.4948821067810059
