acc;avg_acc;f1_macro;f1_micro;f1_weighted;precision_macro;precision_micro;precision_weighted;recall_macro;recall_micro;recall_weighted;time
0.8393494254570507;0.7789380093098314;0.8011554281323479;0.8393494254570506;0.831633207005694;0.8391448485149512;0.8393494254570507;0.8382589229323156;0.7789380093098314;0.8393494254570507;0.8393494254570507;1.5388801097869873
