acc;avg_acc;f1_macro;f1_micro;f1_weighted;precision_macro;precision_micro;precision_weighted;recall_macro;recall_micro;recall_weighted;time
0.8439014788021948;0.788228294621745;0.8108865230928124;0.8439014788021948;0.8362600828262178;0.8472298078305978;0.8439014788021948;0.8430835433342162;0.788228294621745;0.8439014788021948;0.8439014788021948;1.2012627124786377
