expl_var_class_0,expl_var_class_1,expl_var_class_2,expl_var_class_3,expl_var_class_4,expl_var_class_5,expl_var_mean,mae_class_0,mae_class_1,mae_class_2,mae_class_3,mae_class_4,mae_class_5,mae_mean,mse_class_0,mse_class_1,mse_class_2,mse_class_3,mse_class_4,mse_class_5,mse_mean,r2_class_0,r2_class_1,r2_class_2,r2_class_3,r2_class_4,r2_class_5,r2_mean,time
0.8732682136617835,0.8769579703957106,0.9019805698457253,0.8999632596673642,0.7779133554161732,0.8806478586180029,0.8684552046007933,0.06233659993845146,0.09395338772409223,0.0725949874270611,0.029774428780120328,0.023720972791970333,0.03961242467513643,0.053665466889471984,0.012893985454922837,0.016672268178767307,0.012102428106815286,0.004004866390489015,0.0026813229562429623,0.005302033469626305,0.008942817426143952,0.8711431229362445,0.8766773505588326,0.9017730670938437,0.8983879086099946,0.7647348498187221,0.8799215866138328,0.8654396476052449,15.446395874023438
