expl_var_class_0,expl_var_class_1,expl_var_class_2,expl_var_class_3,expl_var_class_4,expl_var_class_5,expl_var_mean,mae_class_0,mae_class_1,mae_class_2,mae_class_3,mae_class_4,mae_class_5,mae_mean,mse_class_0,mse_class_1,mse_class_2,mse_class_3,mse_class_4,mse_class_5,mse_mean,r2_class_0,r2_class_1,r2_class_2,r2_class_3,r2_class_4,r2_class_5,r2_mean,time
0.8655153098262052,0.8832468656248241,0.893622406654317,0.9031809069503699,0.7652328675028216,0.892829478656525,0.8672713058691771,0.0642945896893881,0.09144428779898112,0.07537570826825261,0.029840608691231958,0.022918439862655998,0.03661275774252508,0.05341439867550582,0.013598159614301358,0.015806091506959736,0.013114653896791575,0.0038894038566732562,0.0027950089443427016,0.004732099691337603,0.008989236251734372,0.8641059129592572,0.883084349349044,0.893557539277414,0.9013174419312738,0.7547597921698409,0.8928292274697693,0.8649423771927666,19.031307458877563
