expl_var_class_0,expl_var_class_1,expl_var_class_2,expl_var_class_3,expl_var_class_4,expl_var_class_5,expl_var_mean,mae_class_0,mae_class_1,mae_class_2,mae_class_3,mae_class_4,mae_class_5,mae_mean,mse_class_0,mse_class_1,mse_class_2,mse_class_3,mse_class_4,mse_class_5,mse_mean,r2_class_0,r2_class_1,r2_class_2,r2_class_3,r2_class_4,r2_class_5,r2_mean,time
0.8825634060411347,0.8706166448836483,0.8885895029691128,0.902044395414638,0.7836190136762315,0.8917337183437828,0.8698611135547581,0.06058086640472131,0.09549100182158335,0.07614557908387225,0.030315612372587807,0.02369265479719643,0.036556588549180924,0.05379705050485701,0.011909454037087156,0.017519700954158068,0.013776377177310853,0.003943836056031465,0.0026099313774700927,0.004795012865475407,0.009092385411255507,0.8809821012968895,0.8704089979889307,0.8881867948528793,0.8999363797243346,0.7709989033384861,0.8914043941157679,0.8669862618862147,13.786088466644287
