expl_var_class_0,expl_var_class_1,expl_var_class_2,expl_var_class_3,expl_var_class_4,expl_var_class_5,expl_var_mean,mae_class_0,mae_class_1,mae_class_2,mae_class_3,mae_class_4,mae_class_5,mae_mean,mse_class_0,mse_class_1,mse_class_2,mse_class_3,mse_class_4,mse_class_5,mse_mean,r2_class_0,r2_class_1,r2_class_2,r2_class_3,r2_class_4,r2_class_5,r2_mean,time
0.868950730088619,0.8897709802860407,0.9039152453248588,0.9002198991763479,0.7781812373456684,0.880521826908779,0.8702599865217189,0.06361577448635818,0.08849096143546771,0.07077939966680907,0.030595454055139623,0.02256261970781612,0.03987094817233804,0.052652526253988134,0.013244344745642726,0.014935023765033188,0.011914989408612693,0.0040266024247763675,0.002639678510043765,0.005307692717171397,0.008678055261880022,0.8676417847184942,0.8895275267634958,0.9032943757328924,0.8978364185758432,0.7683888247591367,0.8797934181535493,0.8677470581172352,16.94952654838562
