expl_var_class_0,expl_var_class_1,expl_var_class_2,expl_var_class_3,expl_var_class_4,expl_var_class_5,expl_var_mean,mae_class_0,mae_class_1,mae_class_2,mae_class_3,mae_class_4,mae_class_5,mae_mean,mse_class_0,mse_class_1,mse_class_2,mse_class_3,mse_class_4,mse_class_5,mse_mean,r2_class_0,r2_class_1,r2_class_2,r2_class_3,r2_class_4,r2_class_5,r2_mean,time
0.881485551300875,0.8797626843655094,0.8918276839071052,0.9046154401963287,0.7752908850103144,0.8765653250485425,0.8682579283047792,0.05868182744077557,0.09315027299916329,0.07392109517290336,0.02851914861311779,0.0240937102801489,0.04165790822117913,0.053337327121214674,0.012090139088822817,0.016271433788362686,0.013402997837994389,0.0038102332925970712,0.0027083864304224374,0.0055248742110196696,0.008968010774869846,0.8791764135535494,0.8796422716170715,0.8912172534507643,0.9033261697658435,0.7623602413059963,0.8748747752691662,0.8650995208270652,15.496508359909058
