expl_var_class_0,expl_var_class_1,expl_var_class_2,expl_var_class_3,expl_var_class_4,expl_var_class_5,expl_var_mean,mae_class_0,mae_class_1,mae_class_2,mae_class_3,mae_class_4,mae_class_5,mae_mean,mse_class_0,mse_class_1,mse_class_2,mse_class_3,mse_class_4,mse_class_5,mse_mean,r2_class_0,r2_class_1,r2_class_2,r2_class_3,r2_class_4,r2_class_5,r2_mean,time
0.8585492094939691,0.8852646688339576,0.9040842213121397,0.9075014776474702,0.7507987320607898,0.8932583820456652,0.866576115232332,0.06871252685770465,0.09039501749373774,0.07055026943507574,0.030460246458923618,0.026341932467325392,0.03622088504425817,0.053780146292837554,0.014213490126339993,0.015568728091485582,0.01191406862669136,0.0037313226832002794,0.003043530874265842,0.004715644424185326,0.00886446413769473,0.857956567714489,0.8848400963753518,0.9033018490748704,0.9053283019899571,0.7329539335989531,0.8932019000269703,0.862930441463432,11.375582933425903
