expl_var_class_0,expl_var_class_1,expl_var_class_2,expl_var_class_3,expl_var_class_4,expl_var_class_5,expl_var_mean,mae_class_0,mae_class_1,mae_class_2,mae_class_3,mae_class_4,mae_class_5,mae_mean,mse_class_0,mse_class_1,mse_class_2,mse_class_3,mse_class_4,mse_class_5,mse_mean,r2_class_0,r2_class_1,r2_class_2,r2_class_3,r2_class_4,r2_class_5,r2_mean,time
0.8779066014141743,0.8801007210582459,0.8978228068991291,0.9032305036452168,0.7972842462223366,0.8774250647519763,0.8722949906651799,0.06188966933248123,0.09189799816947244,0.07286093578924753,0.02810829138857224,0.020905867906297202,0.04076202272137332,0.05273746421790732,0.01232349918441261,0.016213400322840972,0.012654468943873018,0.0038583164493160055,0.0023941767813296807,0.005433125787774473,0.008812831244924461,0.8768443143547311,0.8800715377881558,0.8972925382458687,0.902106196453763,0.7899296842595575,0.8769526582469103,0.8705328215581645,19.406272172927856
