expl_var_class_0,expl_var_class_1,expl_var_class_2,expl_var_class_3,expl_var_class_4,expl_var_class_5,expl_var_mean,mae_class_0,mae_class_1,mae_class_2,mae_class_3,mae_class_4,mae_class_5,mae_mean,mse_class_0,mse_class_1,mse_class_2,mse_class_3,mse_class_4,mse_class_5,mse_mean,r2_class_0,r2_class_1,r2_class_2,r2_class_3,r2_class_4,r2_class_5,r2_mean,time
0.8726153999565265,0.8839076931367579,0.8948470656857357,0.9070873015730491,0.7941048604713595,0.8912661225975764,0.8739714072368342,0.061353804843202346,0.0913087706789558,0.07509664119758531,0.02926242391320746,0.021636226232358707,0.03699592479221667,0.05260896527625438,0.012953152586542584,0.01569817016384481,0.012975797342701469,0.0037293322972750892,0.002446995765377965,0.004807166222229648,0.008768435729661926,0.8705518323820559,0.8838826298122344,0.8946845406776129,0.9053788023704472,0.7852952308880942,0.8911291495695527,0.8718203642833329,15.629238605499268
