expl_var_class_0,expl_var_class_1,expl_var_class_2,expl_var_class_3,expl_var_class_4,expl_var_class_5,expl_var_mean,mae_class_0,mae_class_1,mae_class_2,mae_class_3,mae_class_4,mae_class_5,mae_mean,mse_class_0,mse_class_1,mse_class_2,mse_class_3,mse_class_4,mse_class_5,mse_mean,r2_class_0,r2_class_1,r2_class_2,r2_class_3,r2_class_4,r2_class_5,r2_mean,time
0.871431317611486,0.8846914475703829,0.8973555919468861,0.9042292134031578,0.774563621438415,0.8908910868238467,0.8705270464656957,0.06310622685229507,0.09053591209207212,0.07483951462989791,0.02965858666694018,0.022991547140415545,0.03681543559910644,0.05299120383012121,0.012996392422929109,0.015622812569042651,0.012651372130076789,0.0038394749153150497,0.0026933793689774585,0.0048177437771838,0.00877019586392081,0.8701197122822626,0.8844400403665076,0.8973176729145733,0.902584246777584,0.7636769937532957,0.890889593176015,0.8681713765450398,14.86611270904541
