expl_var_class_0,expl_var_class_1,expl_var_class_2,expl_var_class_3,expl_var_class_4,expl_var_class_5,expl_var_mean,mae_class_0,mae_class_1,mae_class_2,mae_class_3,mae_class_4,mae_class_5,mae_mean,mse_class_0,mse_class_1,mse_class_2,mse_class_3,mse_class_4,mse_class_5,mse_mean,r2_class_0,r2_class_1,r2_class_2,r2_class_3,r2_class_4,r2_class_5,r2_mean,time
0.8682483028882111,0.8767401236893784,0.8863155019769637,0.8958444733116673,0.659551163909708,0.879395663484785,0.8443492048767856,0.06289507909613788,0.0927537861940014,0.07720160405679252,0.03183778007418732,0.031021504562655136,0.039054603971056354,0.05579405965913844,0.013508879558077579,0.01673626573457065,0.014059327903743736,0.004181238541504532,0.0042090900960256175,0.0053731816384313845,0.00967799724539225,0.8649981389718653,0.8762039687696962,0.8858902819733342,0.8939129670313688,0.630685214079722,0.878310250270072,0.8383334701826763,5.219558238983154
