expl_var_class_0,expl_var_class_1,expl_var_class_2,expl_var_class_3,expl_var_class_4,expl_var_class_5,expl_var_mean,mae_class_0,mae_class_1,mae_class_2,mae_class_3,mae_class_4,mae_class_5,mae_mean,mse_class_0,mse_class_1,mse_class_2,mse_class_3,mse_class_4,mse_class_5,mse_mean,r2_class_0,r2_class_1,r2_class_2,r2_class_3,r2_class_4,r2_class_5,r2_mean,time
0.866849280801929,0.8876998842873765,0.9002604725480625,0.9101951645185692,0.7838911973515366,0.8977306640895162,0.874437777266165,0.06542288683843257,0.08958428362757129,0.07274199523501658,0.0280030854836851,0.023991590188413077,0.03657672239014803,0.05272009396054444,0.013409135333076078,0.015219048870167366,0.012316112278176245,0.0035904180149302386,0.002627406258209182,0.0045160297873660105,0.008613025090320853,0.8659949393315192,0.8874266291473238,0.9000387423304055,0.9089033570938018,0.7694656190200456,0.8977226954944513,0.8715919970695912,18.910932302474976
