expl_var_class_0,expl_var_class_1,expl_var_class_2,expl_var_class_3,expl_var_class_4,expl_var_class_5,expl_var_mean,mae_class_0,mae_class_1,mae_class_2,mae_class_3,mae_class_4,mae_class_5,mae_mean,mse_class_0,mse_class_1,mse_class_2,mse_class_3,mse_class_4,mse_class_5,mse_mean,r2_class_0,r2_class_1,r2_class_2,r2_class_3,r2_class_4,r2_class_5,r2_mean,time
0.8755691207671376,0.8710667372595045,0.8899258458209792,0.8982357422740035,0.7397172539237096,0.8868444034205112,0.8602265172443077,0.06119226362142191,0.09520037503851093,0.07745707754766394,0.03140471580268459,0.0252789283979595,0.0377917131324953,0.0547208455901227,0.01260998696076613,0.017526537443161204,0.013569193201166828,0.004122472927233788,0.0031460915961752382,0.004997533859087455,0.009328635997931774,0.8739812802442218,0.8703584293483773,0.8898683620842078,0.8954039773137716,0.7239550311778424,0.8868177765982367,0.8567308094611096,24.19684648513794
