expl_var_class_0,expl_var_class_1,expl_var_class_2,expl_var_class_3,expl_var_class_4,expl_var_class_5,expl_var_mean,mae_class_0,mae_class_1,mae_class_2,mae_class_3,mae_class_4,mae_class_5,mae_mean,mse_class_0,mse_class_1,mse_class_2,mse_class_3,mse_class_4,mse_class_5,mse_mean,r2_class_0,r2_class_1,r2_class_2,r2_class_3,r2_class_4,r2_class_5,r2_mean,time
0.8797128170375985,0.8794000223091775,0.8912464209191719,0.9061598736654273,0.7611701752993625,0.8930147038836969,0.868450668852406,0.0587666319209069,0.09181633742722822,0.07620131847174168,0.028469573682188446,0.0237501455105305,0.037751765889603786,0.052792628817033255,0.01225092468817901,0.016346965487430913,0.013419916340458476,0.0037592233824217222,0.002864744890957915,0.004759611930823247,0.008900231120045215,0.877569592273791,0.8790835732356629,0.8910799378152783,0.9046204011206879,0.7486410074425993,0.8922061408587432,0.8655334421244604,6.151221752166748
