expl_var_class_0,expl_var_class_1,expl_var_class_2,expl_var_class_3,expl_var_class_4,expl_var_class_5,expl_var_mean,mae_class_0,mae_class_1,mae_class_2,mae_class_3,mae_class_4,mae_class_5,mae_mean,mse_class_0,mse_class_1,mse_class_2,mse_class_3,mse_class_4,mse_class_5,mse_mean,r2_class_0,r2_class_1,r2_class_2,r2_class_3,r2_class_4,r2_class_5,r2_mean,time
0.8929252202124184,0.8834372378966069,0.8888427604044997,0.8969552615966141,0.8094758200994333,0.8942448698450361,0.8776468616757681,0.056800441022337125,0.0905701569745822,0.0781286143285844,0.02958188450890854,0.020355079712660776,0.036672539860149955,0.05201811940120383,0.010896228029348313,0.015830408302641222,0.013696540752506644,0.004127995141978066,0.0022476838839621776,0.004686252076534971,0.008580851364495231,0.8911078408964449,0.8829044811009324,0.8888347711989065,0.8952638668245421,0.8027832919980105,0.8938675666040993,0.8757936364371558,20.464406728744507
