expl_var_class_0,expl_var_class_1,expl_var_class_2,expl_var_class_3,expl_var_class_4,expl_var_class_5,expl_var_mean,mae_class_0,mae_class_1,mae_class_2,mae_class_3,mae_class_4,mae_class_5,mae_mean,mse_class_0,mse_class_1,mse_class_2,mse_class_3,mse_class_4,mse_class_5,mse_mean,r2_class_0,r2_class_1,r2_class_2,r2_class_3,r2_class_4,r2_class_5,r2_mean,time
0.8637984612455221,0.8813734912041926,0.8919959493215408,0.9127696424143888,0.7661309955550292,0.8910816434805441,0.867858363870203,0.06702405055922235,0.09218201576945351,0.07602239872162933,0.028547686659763767,0.024181300173563878,0.03785791806064724,0.05430256165738002,0.013697922274786247,0.016083211026837234,0.01334652119412969,0.0034957742463699363,0.0028174407062390434,0.004811306971846463,0.009042029403368103,0.8631089283634086,0.881034531469634,0.8916756348151237,0.9113046734731154,0.7527915802395748,0.8910353714659128,0.8651584533044616,23.867568254470825
