expl_var_class_0,expl_var_class_1,expl_var_class_2,expl_var_class_3,expl_var_class_4,expl_var_class_5,expl_var_mean,mae_class_0,mae_class_1,mae_class_2,mae_class_3,mae_class_4,mae_class_5,mae_mean,mse_class_0,mse_class_1,mse_class_2,mse_class_3,mse_class_4,mse_class_5,mse_mean,r2_class_0,r2_class_1,r2_class_2,r2_class_3,r2_class_4,r2_class_5,r2_mean,time
0.8810262359506016,0.8759531471595164,0.8878252680615335,0.9178063207889954,0.795465045884729,0.8716048609556224,0.8716134798001663,0.06292411668279325,0.09312237406554237,0.07692217717335487,0.02678330338818763,0.022857029826236087,0.0418244457436693,0.05407224114663059,0.011983831216754398,0.016861156231188612,0.013848507304078581,0.003270519197764946,0.002453582624391381,0.005718708905630017,0.00902271757996799,0.8802388081444165,0.8752801696340414,0.887601365130844,0.9170198795132638,0.7847172854483603,0.8704848817082635,0.8692237315965317,5.4140448570251465
