expl_var_class_0,expl_var_class_1,expl_var_class_2,expl_var_class_3,expl_var_class_4,expl_var_class_5,expl_var_mean,mae_class_0,mae_class_1,mae_class_2,mae_class_3,mae_class_4,mae_class_5,mae_mean,mse_class_0,mse_class_1,mse_class_2,mse_class_3,mse_class_4,mse_class_5,mse_mean,r2_class_0,r2_class_1,r2_class_2,r2_class_3,r2_class_4,r2_class_5,r2_mean,time
0.8730257354655124,0.8711778114191677,0.8890417407438177,0.9214407906714336,0.766614806847389,0.8723325297059601,0.8656055691422134,0.06327741056040516,0.09536686991252899,0.07652364626211544,0.027202437763680004,0.025418483554462752,0.040818369276039025,0.0547678695548719,0.012829418312076455,0.017460281531772003,0.0137214589380108,0.003138204365733941,0.0028547195373865185,0.005657080450073101,0.009276860522508803,0.8717883788516634,0.8708485159068493,0.8886325277388292,0.9203769919593912,0.749520653927594,0.8718806192503044,0.8621746146057719,9.659834146499634
