expl_var_class_0,expl_var_class_1,expl_var_class_2,expl_var_class_3,expl_var_class_4,expl_var_class_5,expl_var_mean,mae_class_0,mae_class_1,mae_class_2,mae_class_3,mae_class_4,mae_class_5,mae_mean,mse_class_0,mse_class_1,mse_class_2,mse_class_3,mse_class_4,mse_class_5,mse_mean,r2_class_0,r2_class_1,r2_class_2,r2_class_3,r2_class_4,r2_class_5,r2_mean,time
0.863509819113195,0.8880087032235487,0.8943099403563401,0.8990059208994775,0.7891123341766946,0.8900144454621325,0.8706601938718981,0.06294872880420489,0.09114277317704826,0.07476006548757455,0.03068720318405021,0.02212393253675637,0.03781426140871809,0.053246160766392055,0.013866283251848568,0.015165446704225842,0.013052233938398695,0.0040865635380513635,0.0025174812603605745,0.004872192253013149,0.0089267001576497,0.8614264020568995,0.8878231175584275,0.8940641583633484,0.8963150759072301,0.7791106791450542,0.8896564650514308,0.8680659830137317,9.201701641082764
