expl_var_class_0,expl_var_class_1,expl_var_class_2,expl_var_class_3,expl_var_class_4,expl_var_class_5,expl_var_mean,mae_class_0,mae_class_1,mae_class_2,mae_class_3,mae_class_4,mae_class_5,mae_mean,mse_class_0,mse_class_1,mse_class_2,mse_class_3,mse_class_4,mse_class_5,mse_mean,r2_class_0,r2_class_1,r2_class_2,r2_class_3,r2_class_4,r2_class_5,r2_mean,time
0.8708120486940971,0.8821034361282725,0.8898742473878334,0.8877814533000983,0.7800453602688141,0.8996610475976743,0.8683795988961317,0.06319466424647141,0.09089137039758904,0.07593270573727226,0.031346098420110574,0.023816027882043986,0.035033401167743256,0.053369044641871755,0.013038682605291736,0.015992844688200013,0.01358995337716757,0.004516959486158783,0.0026570380149118556,0.004430804192440184,0.009037713727361691,0.8696970826113392,0.881702959795135,0.889699866275173,0.8853950031385506,0.7668656637723728,0.8996528519669088,0.86550223792658,11.697525024414062
