expl_var_class_0,expl_var_class_1,expl_var_class_2,expl_var_class_3,expl_var_class_4,expl_var_class_5,expl_var_mean,mae_class_0,mae_class_1,mae_class_2,mae_class_3,mae_class_4,mae_class_5,mae_mean,mse_class_0,mse_class_1,mse_class_2,mse_class_3,mse_class_4,mse_class_5,mse_mean,r2_class_0,r2_class_1,r2_class_2,r2_class_3,r2_class_4,r2_class_5,r2_mean,time
0.8669948688996465,0.866009714745584,0.8839610210744435,0.8882311365355692,0.7853948109176865,0.89655408150491,0.86452427227964,0.0629384696210858,0.09546302578202193,0.07820166938145509,0.030872909614436873,0.02363471230411157,0.036920711671213816,0.05467191639572084,0.013519790974805079,0.01815808653165594,0.014326223413696371,0.0044963725164980295,0.002594899261229988,0.004590355343172858,0.009614288006843044,0.8648890950235251,0.8656869409815746,0.8837240780415538,0.8859173389267256,0.7723178541483975,0.8960393989127795,0.8614291176724259,11.648811340332031
