expl_var_class_0,expl_var_class_1,expl_var_class_2,expl_var_class_3,expl_var_class_4,expl_var_class_5,expl_var_mean,mae_class_0,mae_class_1,mae_class_2,mae_class_3,mae_class_4,mae_class_5,mae_mean,mse_class_0,mse_class_1,mse_class_2,mse_class_3,mse_class_4,mse_class_5,mse_mean,r2_class_0,r2_class_1,r2_class_2,r2_class_3,r2_class_4,r2_class_5,r2_mean,time
0.8777422916191737,0.8773326750695465,0.8943025022205028,0.9096677860030852,0.7960357433887911,0.8929122902898893,0.874665548098498,0.06141050712932146,0.09233556887866382,0.07581063695856897,0.0283010499148216,0.021728409571384468,0.03709961628289622,0.05278096478927608,0.012397900048879841,0.016618928541805862,0.013036729934614858,0.0036153595120185216,0.0024263473370863963,0.0047531173362003205,0.008808063785100967,0.8761007845066784,0.877071897076426,0.894189993503703,0.9082705375601572,0.787106969221111,0.8923532279381392,0.8725155683010358,5.875104665756226
