expl_var_class_0,expl_var_class_1,expl_var_class_2,expl_var_class_3,expl_var_class_4,expl_var_class_5,expl_var_mean,mae_class_0,mae_class_1,mae_class_2,mae_class_3,mae_class_4,mae_class_5,mae_mean,mse_class_0,mse_class_1,mse_class_2,mse_class_3,mse_class_4,mse_class_5,mse_mean,r2_class_0,r2_class_1,r2_class_2,r2_class_3,r2_class_4,r2_class_5,r2_mean,time
0.8781508417047382,0.8755766166746092,0.8939459392761966,0.918598972295364,0.7365868290544448,0.877680396352301,0.8634232658929424,0.06636400792491051,0.09398331775363274,0.07402713648381096,0.027483684906747196,0.028356797016562997,0.04090616180707466,0.05518685098212319,0.012206915056330526,0.016962760418140203,0.01313278708759149,0.0032434770690746035,0.0032723140045952575,0.005403004446961144,0.009036876347115537,0.8780094053742903,0.8745286163723716,0.8934103648674231,0.917705996597816,0.7128800005464009,0.8776348347806211,0.8590282030898204,14.550167083740234
