expl_var_class_0,expl_var_class_1,expl_var_class_2,expl_var_class_3,expl_var_class_4,expl_var_class_5,expl_var_mean,mae_class_0,mae_class_1,mae_class_2,mae_class_3,mae_class_4,mae_class_5,mae_mean,mse_class_0,mse_class_1,mse_class_2,mse_class_3,mse_class_4,mse_class_5,mse_mean,r2_class_0,r2_class_1,r2_class_2,r2_class_3,r2_class_4,r2_class_5,r2_mean,time
0.8691678094296513,0.8878054349376318,0.8931707824162894,0.896536563632107,0.7653951143654069,0.8980758815052696,0.8683585977143927,0.06278484833607695,0.08899877650359943,0.07597436250256899,0.03125409781695526,0.02358174574893168,0.035293789071679245,0.052981269996635265,0.013231848241137652,0.01520335527658358,0.013168389222295369,0.004174394754154755,0.002824939453705887,0.004503870575420142,0.008851132920549563,0.8677666693439939,0.8875427126651303,0.8931214072742848,0.8940866086657792,0.7521336237092543,0.897998072646793,0.8654415157175394,17.48414444923401
