expl_var_class_0,expl_var_class_1,expl_var_class_2,expl_var_class_3,expl_var_class_4,expl_var_class_5,expl_var_mean,mae_class_0,mae_class_1,mae_class_2,mae_class_3,mae_class_4,mae_class_5,mae_mean,mse_class_0,mse_class_1,mse_class_2,mse_class_3,mse_class_4,mse_class_5,mse_mean,r2_class_0,r2_class_1,r2_class_2,r2_class_3,r2_class_4,r2_class_5,r2_mean,time
0.8728486981531948,0.8839490575491734,0.8941095138970542,0.9087847597168655,0.7465879062081873,0.885758669917834,0.8653397675737183,0.06394888186937756,0.09039608861307934,0.0726596003305982,0.028481320586239672,0.024220509098364235,0.0381298359959639,0.0529727060822705,0.012810354656010253,0.015715960329983836,0.013160311960376085,0.0036511456565388248,0.003054441923578148,0.005067168728401564,0.008909897209148119,0.8719788927307659,0.8837510382136146,0.8931869647523056,0.9073625659493867,0.7319965742293486,0.8852407128789124,0.8622527914590558,15.290528535842896
