expl_var_class_0,expl_var_class_1,expl_var_class_2,expl_var_class_3,expl_var_class_4,expl_var_class_5,expl_var_mean,mae_class_0,mae_class_1,mae_class_2,mae_class_3,mae_class_4,mae_class_5,mae_mean,mse_class_0,mse_class_1,mse_class_2,mse_class_3,mse_class_4,mse_class_5,mse_mean,r2_class_0,r2_class_1,r2_class_2,r2_class_3,r2_class_4,r2_class_5,r2_mean,time
0.881098579181295,0.8865256969818477,0.8873045818144507,0.9004088384644576,0.7882696298472107,0.8892501661102572,0.87214291539992,0.06091943805902242,0.08966219654232839,0.07679361391402052,0.030900837138394928,0.021170943458375224,0.03770461980415241,0.05285860815271565,0.01198527223554338,0.015400962528793674,0.013903533950361913,0.004020574771309362,0.002491084612704882,0.004898007637532592,0.008783239289374302,0.8802244072300066,0.88608103692731,0.8871547523813347,0.8979893531347617,0.7814267788377598,0.8890718081585978,0.8703246894449617,27.41767144203186
