expl_var_class_0,expl_var_class_1,expl_var_class_2,expl_var_class_3,expl_var_class_4,expl_var_class_5,expl_var_mean,mae_class_0,mae_class_1,mae_class_2,mae_class_3,mae_class_4,mae_class_5,mae_mean,mse_class_0,mse_class_1,mse_class_2,mse_class_3,mse_class_4,mse_class_5,mse_mean,r2_class_0,r2_class_1,r2_class_2,r2_class_3,r2_class_4,r2_class_5,r2_mean,time
0.8238846508926904,0.8803346907959064,0.8919046341264694,0.8923964418643202,0.282511487333466,0.8933217607858428,0.7773922776331159,0.07349792525053131,0.09082016168116454,0.07543693353463053,0.03003363985623028,0.03911718455804512,0.03663337006721044,0.05758986915796871,0.017905019647843332,0.01623240165437011,0.013349869030875323,0.004271667172278281,0.008692861011771448,0.0047127810695225284,0.010860766597776838,0.8210650288344006,0.8799309873530285,0.8916484627689448,0.8916185977819284,0.23726933129122452,0.8932667481813322,0.7691331927018098,5.757282018661499
