expl_var_class_0,expl_var_class_1,expl_var_class_2,expl_var_class_3,expl_var_class_4,expl_var_class_5,expl_var_mean,mae_class_0,mae_class_1,mae_class_2,mae_class_3,mae_class_4,mae_class_5,mae_mean,mse_class_0,mse_class_1,mse_class_2,mse_class_3,mse_class_4,mse_class_5,mse_mean,r2_class_0,r2_class_1,r2_class_2,r2_class_3,r2_class_4,r2_class_5,r2_mean,time
0.8709743299357471,0.883338629894485,0.8885358530862263,0.9142604696886364,0.8034961646976562,0.8907738094067921,0.8752298761182571,0.06466374693812757,0.09154092824634735,0.07624824292024085,0.027360665457026978,0.020853157618250753,0.03749413875211174,0.05302681332201754,0.013006216339799067,0.01577237718352157,0.01378656126565086,0.0034155772886605043,0.002329438896319598,0.004828453641355083,0.008856437435884447,0.8700215363340407,0.8833337299159789,0.888104137740335,0.9133394431261864,0.7956099281122623,0.8906470402942507,0.8735093025871757,16.99493956565857
