expl_var_class_0,expl_var_class_1,expl_var_class_2,expl_var_class_3,expl_var_class_4,expl_var_class_5,expl_var_mean,mae_class_0,mae_class_1,mae_class_2,mae_class_3,mae_class_4,mae_class_5,mae_mean,mse_class_0,mse_class_1,mse_class_2,mse_class_3,mse_class_4,mse_class_5,mse_mean,r2_class_0,r2_class_1,r2_class_2,r2_class_3,r2_class_4,r2_class_5,r2_mean,time
0.8853650929991923,0.8844660186567037,0.9054989761182318,0.9030787094535108,0.7906191863567323,0.8857968129451035,0.8758041327549124,0.06115637169707903,0.0901358888396615,0.0687192571370314,0.02885183548261357,0.02309698771246619,0.03930821110865242,0.05187809199625068,0.01153933819576463,0.01568940557649469,0.011718606036265001,0.003874940777363739,0.002504923993152502,0.005091863903526295,0.008403179747094477,0.8846808778800783,0.883947460351288,0.9048882820274993,0.9016844014233731,0.780212481279219,0.8846814260573073,0.8733491548364608,6.3337037563323975
