expl_var_class_0,expl_var_class_1,expl_var_class_2,expl_var_class_3,expl_var_class_4,expl_var_class_5,expl_var_mean,mae_class_0,mae_class_1,mae_class_2,mae_class_3,mae_class_4,mae_class_5,mae_mean,mse_class_0,mse_class_1,mse_class_2,mse_class_3,mse_class_4,mse_class_5,mse_mean,r2_class_0,r2_class_1,r2_class_2,r2_class_3,r2_class_4,r2_class_5,r2_mean,time
0.8700579443204423,0.8739126372454941,0.8834851799217737,0.9075114188767059,0.7985719074577069,0.8716854091293402,0.8675374161585773,0.061378057320955685,0.09454441383571034,0.07869283212497644,0.03028576105542912,0.02248772992589399,0.04100268430554254,0.054731913094751346,0.013189284343905166,0.01711546020764891,0.014375911222607885,0.0037446665186259415,0.0024189701355185455,0.005695117899862415,0.00942323505469481,0.8681920344021612,0.8733991154304839,0.8833207968958922,0.9049897401273228,0.787754261047982,0.8710191617272385,0.8647791849385134,19.558321237564087
