expl_var_class_0,expl_var_class_1,expl_var_class_2,expl_var_class_3,expl_var_class_4,expl_var_class_5,expl_var_mean,mae_class_0,mae_class_1,mae_class_2,mae_class_3,mae_class_4,mae_class_5,mae_mean,mse_class_0,mse_class_1,mse_class_2,mse_class_3,mse_class_4,mse_class_5,mse_mean,r2_class_0,r2_class_1,r2_class_2,r2_class_3,r2_class_4,r2_class_5,r2_mean,time
0.8943705727216129,0.8791448110949575,0.8883142846844994,0.8965882782764069,0.8054622145623491,0.8927932946888089,0.876112242671439,0.05826968122808056,0.09064919283877436,0.0771278853409951,0.029838297418862215,0.020683437143671265,0.03696129574199445,0.052254964952063,0.010677622259730755,0.016407849630989766,0.013764228906690863,0.004152126889276192,0.0023024472066774933,0.004740536186596185,0.008674135179993542,0.893292491784994,0.8786332209613277,0.8882853938573587,0.894651592388201,0.79797823809242,0.892638160972171,0.8742465163427454,14.894178628921509
