expl_var_class_0,expl_var_class_1,expl_var_class_2,expl_var_class_3,expl_var_class_4,expl_var_class_5,expl_var_mean,mae_class_0,mae_class_1,mae_class_2,mae_class_3,mae_class_4,mae_class_5,mae_mean,mse_class_0,mse_class_1,mse_class_2,mse_class_3,mse_class_4,mse_class_5,mse_mean,r2_class_0,r2_class_1,r2_class_2,r2_class_3,r2_class_4,r2_class_5,r2_mean,time
0.879005962212808,0.8756239657146445,0.8836955569600214,0.9080148372299107,0.799328029459367,0.8879697609543231,0.8722730187551792,0.06107492155987879,0.09297439789244162,0.07726708716576906,0.028857217123777715,0.021801615395067194,0.03855286262452384,0.05342135029357637,0.012263386064520699,0.01683931219789449,0.014368736478769652,0.00368720973635194,0.0023942082195627405,0.004976866289585864,0.009088286497780897,0.8774450587038627,0.8754417471729478,0.8833790292667352,0.9064475425212469,0.7899269258001167,0.8872858477578242,0.8699876918704555,18.659789323806763
