expl_var_class_0,expl_var_class_1,expl_var_class_2,expl_var_class_3,expl_var_class_4,expl_var_class_5,expl_var_mean,mae_class_0,mae_class_1,mae_class_2,mae_class_3,mae_class_4,mae_class_5,mae_mean,mse_class_0,mse_class_1,mse_class_2,mse_class_3,mse_class_4,mse_class_5,mse_mean,r2_class_0,r2_class_1,r2_class_2,r2_class_3,r2_class_4,r2_class_5,r2_mean,time
0.868806848488825,0.8660379689171425,0.8737412127785722,0.6740722643740742,0.34704588952442716,0.8511335853135096,0.7468062948994251,0.06822750395221365,0.09648614010343681,0.0799019208903306,0.059196292933299116,0.03546623547752255,0.04510784566894308,0.06406432317095764,0.01317759494069839,0.0186420393965024,0.015598265129074347,0.01312529449874484,0.007623102742603669,0.00661430349866983,0.012463433367715578,0.8683088532086682,0.8621072031284183,0.8733998063228976,0.6669829916687072,0.3311322653579466,0.8502018000593976,0.742022153291006,4.8674938678741455
