expl_var_class_0,expl_var_class_1,expl_var_class_2,expl_var_class_3,expl_var_class_4,expl_var_class_5,expl_var_mean,mae_class_0,mae_class_1,mae_class_2,mae_class_3,mae_class_4,mae_class_5,mae_mean,mse_class_0,mse_class_1,mse_class_2,mse_class_3,mse_class_4,mse_class_5,mse_mean,r2_class_0,r2_class_1,r2_class_2,r2_class_3,r2_class_4,r2_class_5,r2_mean,time
0.8830364834389164,0.8837844705021582,0.8886179483504119,0.898405463994987,0.7857440093782044,0.8869241984215254,0.8710854290143671,0.059246957492747505,0.0913807657123473,0.0744492234716366,0.03049063262693607,0.023115847029146725,0.03965209972898448,0.053055921010299774,0.011905404137960283,0.015715015138120902,0.013832094186089884,0.00408048016365148,0.0025688314612607984,0.005035299658474273,0.008856187457592937,0.8810225742255845,0.8837580296777343,0.8877345789144936,0.8964694242263023,0.7746051000246794,0.8859624713089344,0.8682586963962882,16.673053979873657
