expl_var_class_0,expl_var_class_1,expl_var_class_2,expl_var_class_3,expl_var_class_4,expl_var_class_5,expl_var_mean,mae_class_0,mae_class_1,mae_class_2,mae_class_3,mae_class_4,mae_class_5,mae_mean,mse_class_0,mse_class_1,mse_class_2,mse_class_3,mse_class_4,mse_class_5,mse_mean,r2_class_0,r2_class_1,r2_class_2,r2_class_3,r2_class_4,r2_class_5,r2_mean,time
0.890358991068557,0.8888087344227135,0.9044466690428328,0.9007880731596577,0.7901002170631536,0.8890663359539176,0.8772615034518054,0.05969039269364624,0.08879568121013239,0.07217360626413824,0.03067132396732887,0.02417572089311781,0.03719545639648154,0.05211703023747418,0.011051920228051518,0.015151386150091548,0.01179906318027456,0.004011106398104315,0.0025578345553868985,0.004902646751591351,0.008245659543916697,0.8895519208453311,0.8879271216909101,0.9042352677384082,0.8982295861686803,0.775569992637085,0.888966743288886,0.8740801053948836,21.652003526687622
