expl_var_class_0,expl_var_class_1,expl_var_class_2,expl_var_class_3,expl_var_class_4,expl_var_class_5,expl_var_mean,mae_class_0,mae_class_1,mae_class_2,mae_class_3,mae_class_4,mae_class_5,mae_mean,mse_class_0,mse_class_1,mse_class_2,mse_class_3,mse_class_4,mse_class_5,mse_mean,r2_class_0,r2_class_1,r2_class_2,r2_class_3,r2_class_4,r2_class_5,r2_mean,time
0.878337645948965,0.8810486609587544,0.8980555671883946,0.8997501070771542,0.8012441283347463,0.8932350171049005,0.8752785211021524,0.06006072336891678,0.09210479127972797,0.0740444591563114,0.02919725302988021,0.021088980424617192,0.03780035015701315,0.05238275956941112,0.012347622537387859,0.01612403608370972,0.012580692907349703,0.0040188835063968194,0.0023520464794069816,0.0047585840217573075,0.008696977589334734,0.8766032360675278,0.880732553710932,0.8978913266646635,0.8980322641705121,0.793626289245521,0.8922294205476494,0.8731858484011344,6.192902565002441
