expl_var_class_0,expl_var_class_1,expl_var_class_2,expl_var_class_3,expl_var_class_4,expl_var_class_5,expl_var_mean,mae_class_0,mae_class_1,mae_class_2,mae_class_3,mae_class_4,mae_class_5,mae_mean,mse_class_0,mse_class_1,mse_class_2,mse_class_3,mse_class_4,mse_class_5,mse_mean,r2_class_0,r2_class_1,r2_class_2,r2_class_3,r2_class_4,r2_class_5,r2_mean,time
0.8683696802842882,0.8859850457583849,0.8965469710202105,0.9070474916947199,0.7788175334376541,0.8850702237162642,0.8703061576519202,0.06320441663875012,0.08981517320618271,0.07252583934936394,0.03051779950442252,0.02360461568299351,0.03958882092580827,0.05320944421792018,0.01331162855885552,0.01546820945802845,0.012812916978085658,0.003744496173397258,0.0026567459284809153,0.0051197110587644255,0.008852284692602037,0.8669693795821729,0.885583619935747,0.8960065265225723,0.9049940621528929,0.7668912920757001,0.8840507544032203,0.867415939112051,5.498790264129639
