expl_var_class_0,expl_var_class_1,expl_var_class_2,expl_var_class_3,expl_var_class_4,expl_var_class_5,expl_var_mean,mae_class_0,mae_class_1,mae_class_2,mae_class_3,mae_class_4,mae_class_5,mae_mean,mse_class_0,mse_class_1,mse_class_2,mse_class_3,mse_class_4,mse_class_5,mse_mean,r2_class_0,r2_class_1,r2_class_2,r2_class_3,r2_class_4,r2_class_5,r2_mean,time
0.8609207237173601,0.8949670438416468,0.911771703560866,0.888981119557704,0.7713917872728642,0.8854375785700015,0.8689116594200738,0.06808965175283793,0.0858982153284583,0.06927783506351065,0.03276962364639039,0.022655169901899523,0.03813708554001342,0.05280459687218505,0.013954907911984466,0.014302544762027155,0.010907155399535611,0.004522664217669077,0.0027179914685283,0.005058613394316122,0.008577312859010122,0.860540725787458,0.8942058935897892,0.9114742585395837,0.8852502618056173,0.7615174742207368,0.8854344707925229,0.8664038474559513,14.748467922210693
