expl_var_class_0,expl_var_class_1,expl_var_class_2,expl_var_class_3,expl_var_class_4,expl_var_class_5,expl_var_mean,mae_class_0,mae_class_1,mae_class_2,mae_class_3,mae_class_4,mae_class_5,mae_mean,mse_class_0,mse_class_1,mse_class_2,mse_class_3,mse_class_4,mse_class_5,mse_mean,r2_class_0,r2_class_1,r2_class_2,r2_class_3,r2_class_4,r2_class_5,r2_mean,time
0.8928330034569045,0.8752886661325615,0.8859102807551071,0.9046213004678154,0.8114556620739104,0.891318960191439,0.8769046455129562,0.05808559894003042,0.09459362105710055,0.07823912054632773,0.028211410772227934,0.020242460819147122,0.03677725208010898,0.05269157736915711,0.010859907516924422,0.0168939699248699,0.014057732568213988,0.0038085563713115026,0.0022244378754135755,0.004806151559763329,0.00877512596941612,0.8914708122849779,0.8750374509109896,0.8859032301945226,0.9033687168728649,0.8048229477133239,0.891152129254569,0.8752925478718746,19.534931421279907
