expl_var_class_0,expl_var_class_1,expl_var_class_2,expl_var_class_3,expl_var_class_4,expl_var_class_5,expl_var_mean,mae_class_0,mae_class_1,mae_class_2,mae_class_3,mae_class_4,mae_class_5,mae_mean,mse_class_0,mse_class_1,mse_class_2,mse_class_3,mse_class_4,mse_class_5,mse_mean,r2_class_0,r2_class_1,r2_class_2,r2_class_3,r2_class_4,r2_class_5,r2_mean,time
0.8578978937943094,0.8605687711238451,0.8730883372817017,0.6329510111949235,0.36455147364571905,0.846600858806533,0.7392763909745054,0.06884488066678696,0.09727734290778355,0.08102351277308485,0.0640630158089513,0.035210127520426085,0.04529425420995224,0.0652855223144975,0.014372639731397444,0.019534769884433045,0.015644360101454587,0.014947897120300306,0.007442167587615253,0.006800844457766649,0.013123779813827877,0.8563660958495,0.8555037891341111,0.873025685715087,0.6207396351889563,0.3470079122330504,0.8459770922132098,0.7331033683889858,4.154556512832642
