expl_var_class_0,expl_var_class_1,expl_var_class_2,expl_var_class_3,expl_var_class_4,expl_var_class_5,expl_var_mean,mae_class_0,mae_class_1,mae_class_2,mae_class_3,mae_class_4,mae_class_5,mae_mean,mse_class_0,mse_class_1,mse_class_2,mse_class_3,mse_class_4,mse_class_5,mse_mean,r2_class_0,r2_class_1,r2_class_2,r2_class_3,r2_class_4,r2_class_5,r2_mean,time
0.8843547425405067,0.8705721387570633,0.8886529109890038,0.9106125344281367,0.8066918529286369,0.8853393461453337,0.8743705876314469,0.060790452875610836,0.09457158753301197,0.07588530067350205,0.027476985294999517,0.021098534996172175,0.03990716353644011,0.053288337484956115,0.011672068387047265,0.01753260217476427,0.013777642087739905,0.003558903649991427,0.002293047624211303,0.00512856743777689,0.008993805226921843,0.8833544301343019,0.8703135692992574,0.8881765284608174,0.9097029444502902,0.7988029780497611,0.883850178539968,0.8723667714890659,14.617098569869995
