expl_var_class_0,expl_var_class_1,expl_var_class_2,expl_var_class_3,expl_var_class_4,expl_var_class_5,expl_var_mean,mae_class_0,mae_class_1,mae_class_2,mae_class_3,mae_class_4,mae_class_5,mae_mean,mse_class_0,mse_class_1,mse_class_2,mse_class_3,mse_class_4,mse_class_5,mse_mean,r2_class_0,r2_class_1,r2_class_2,r2_class_3,r2_class_4,r2_class_5,r2_mean,time
0.8768820038255726,0.884487502104713,0.9046136195518579,0.899061877806761,0.7725578630881823,0.8931320139456719,0.8717891467204598,0.062268850845819707,0.09082097905395967,0.07379768668483673,0.030146273950438996,0.024485194342420014,0.03729989220880198,0.05313647951437952,0.012445251681051943,0.015690787568069832,0.011757012801213393,0.004047556893653757,0.002760074353429873,0.004719200377687495,0.008569980612517713,0.8756275729099305,0.8839372379351942,0.9045765612149127,0.8973047585405285,0.7578250297080836,0.8931213661606601,0.8687320877448849,18.133731842041016
