expl_var_class_0,expl_var_class_1,expl_var_class_2,expl_var_class_3,expl_var_class_4,expl_var_class_5,expl_var_mean,mae_class_0,mae_class_1,mae_class_2,mae_class_3,mae_class_4,mae_class_5,mae_mean,mse_class_0,mse_class_1,mse_class_2,mse_class_3,mse_class_4,mse_class_5,mse_mean,r2_class_0,r2_class_1,r2_class_2,r2_class_3,r2_class_4,r2_class_5,r2_mean,time
0.8888484123081049,0.8913745698677255,0.8963315826547358,0.8998236360186951,0.784042592807406,0.8827499477074681,0.8738617902273559,0.06035986700908786,0.08713375185737228,0.07356690935254992,0.02977458644740779,0.021606099679029284,0.03838642005566832,0.05180460573351924,0.011208194269130249,0.014763985167151517,0.012789020075698208,0.004019171665421356,0.002554920182678128,0.005193620317534785,0.008421485279602374,0.8879901861148293,0.8907926775409006,0.8962004809428555,0.8980249529550355,0.7758257060830975,0.8823768859566076,0.8718684815988875,5.771708965301514
