expl_var_class_0,expl_var_class_1,expl_var_class_2,expl_var_class_3,expl_var_class_4,expl_var_class_5,expl_var_mean,mae_class_0,mae_class_1,mae_class_2,mae_class_3,mae_class_4,mae_class_5,mae_mean,mse_class_0,mse_class_1,mse_class_2,mse_class_3,mse_class_4,mse_class_5,mse_mean,r2_class_0,r2_class_1,r2_class_2,r2_class_3,r2_class_4,r2_class_5,r2_mean,time
0.8851804491479915,0.8690820767667883,0.891734937588757,0.8917503100461805,0.7589519529950693,0.8907700451934505,0.8645782952897062,0.05985953426700084,0.09519725281307838,0.07657792952059049,0.03194977169035255,0.024667494927882432,0.036489842249183106,0.05412363757801464,0.011616976138092334,0.01776778474956599,0.013365668720180472,0.004377830234861347,0.0029164262473068267,0.004824388521628915,0.009144845768605981,0.8839049980851942,0.8685739536743191,0.8915202277562997,0.8889250120875213,0.744106372017691,0.8907391055612354,0.86129494486371,18.512326955795288
