expl_var_class_0,expl_var_class_1,expl_var_class_2,expl_var_class_3,expl_var_class_4,expl_var_class_5,expl_var_mean,mae_class_0,mae_class_1,mae_class_2,mae_class_3,mae_class_4,mae_class_5,mae_mean,mse_class_0,mse_class_1,mse_class_2,mse_class_3,mse_class_4,mse_class_5,mse_mean,r2_class_0,r2_class_1,r2_class_2,r2_class_3,r2_class_4,r2_class_5,r2_mean,time
0.8270413523257776,0.8679108428407006,0.8716849577290237,0.8979726683358931,0.21531425441769658,0.8956089821770246,0.7625888429710194,0.06822166433918231,0.09550665279412036,0.08323395307281183,0.02974377781843249,0.04215019819414801,0.035175961054320554,0.059005367878835924,0.017961298050308057,0.017941410554110332,0.01580968105576177,0.004059745040360236,0.00959607195243424,0.004620557066651647,0.011664793953271047,0.8205026069817396,0.8672896656579452,0.8716838913128903,0.8969955189913753,0.15801962468439745,0.8953554019033989,0.7516411182552911,4.557231903076172
