expl_var_class_0,expl_var_class_1,expl_var_class_2,expl_var_class_3,expl_var_class_4,expl_var_class_5,expl_var_mean,mae_class_0,mae_class_1,mae_class_2,mae_class_3,mae_class_4,mae_class_5,mae_mean,mse_class_0,mse_class_1,mse_class_2,mse_class_3,mse_class_4,mse_class_5,mse_mean,r2_class_0,r2_class_1,r2_class_2,r2_class_3,r2_class_4,r2_class_5,r2_mean,time
0.8765896992476992,0.8712371669501426,0.8857302614984953,0.9145279800118568,0.7941022962965357,0.8755977061901173,0.869630851699141,0.06286317619694477,0.0951329947782102,0.07792805341002282,0.027652926528218942,0.022807567465737383,0.04052389390477987,0.054484768713985665,0.012466698469241068,0.01748402955148726,0.014098565968912393,0.003415224601001199,0.0024790339819742405,0.005525184581926388,0.009244789525757092,0.8754132430459207,0.8706728548222948,0.8855718140790677,0.9133483915721956,0.7824841275775014,0.8748677461083256,0.8670596962008843,21.458271026611328
