expl_var_class_0,expl_var_class_1,expl_var_class_2,expl_var_class_3,expl_var_class_4,expl_var_class_5,expl_var_mean,mae_class_0,mae_class_1,mae_class_2,mae_class_3,mae_class_4,mae_class_5,mae_mean,mse_class_0,mse_class_1,mse_class_2,mse_class_3,mse_class_4,mse_class_5,mse_mean,r2_class_0,r2_class_1,r2_class_2,r2_class_3,r2_class_4,r2_class_5,r2_mean,time
0.8621794138685525,0.8705578088711928,0.8862479751102879,0.9072220519800488,0.7843683686019968,0.8930619305536917,0.8672729248309617,0.06599177686514181,0.09621048534288465,0.0754397068849967,0.029796447027733267,0.022780422525151833,0.03654324270281744,0.054460346891454285,0.013908282754958735,0.017500040628765454,0.014114678314439856,0.0037355006446571893,0.0025815643681660733,0.004723976066278558,0.009427340462877645,0.861006677307874,0.8705544229179383,0.8854410414548374,0.9052222981036872,0.7734878868787065,0.8930132082035052,0.8647875891444247,21.269590616226196
