expl_var_class_0,expl_var_class_1,expl_var_class_2,expl_var_class_3,expl_var_class_4,expl_var_class_5,expl_var_mean,mae_class_0,mae_class_1,mae_class_2,mae_class_3,mae_class_4,mae_class_5,mae_mean,mse_class_0,mse_class_1,mse_class_2,mse_class_3,mse_class_4,mse_class_5,mse_mean,r2_class_0,r2_class_1,r2_class_2,r2_class_3,r2_class_4,r2_class_5,r2_mean,time
0.8526105514529021,0.8714368594765476,0.9016535424688745,0.9001622279052152,0.7699421351993947,0.891977460279871,0.8646304627971341,0.07250674570260503,0.09453898775517712,0.06974526629973955,0.030343516545701037,0.022844573392883993,0.03709420678534292,0.054512216080241614,0.0147590034566836,0.017437098310496987,0.012241021867562525,0.004015443819982935,0.0027535466443589472,0.0047717951765402005,0.009329651545937534,0.8525049449877169,0.8710199992491012,0.9006481986031591,0.8981195364278515,0.7583977852022831,0.891930219398804,0.8621034473114859,13.061521530151367
