expl_var_class_0,expl_var_class_1,expl_var_class_2,expl_var_class_3,expl_var_class_4,expl_var_class_5,expl_var_mean,mae_class_0,mae_class_1,mae_class_2,mae_class_3,mae_class_4,mae_class_5,mae_mean,mse_class_0,mse_class_1,mse_class_2,mse_class_3,mse_class_4,mse_class_5,mse_mean,r2_class_0,r2_class_1,r2_class_2,r2_class_3,r2_class_4,r2_class_5,r2_mean,time
0.888792652687094,0.8700899496253767,0.8811047602333515,0.897892383246272,0.7876850645044491,0.8861620747915586,0.8686211475146836,0.05941219054915693,0.09450788776914801,0.07953582488431209,0.029600240993048605,0.02167563706382088,0.03719397139235962,0.053654292108641026,0.011238574417021929,0.017637916072976427,0.014650607426886408,0.004101324851587598,0.0025189583896932377,0.005029525510287982,0.00919615111140893,0.8876865801432123,0.8695345757747266,0.8810912801915501,0.8959405495700613,0.7789810725814447,0.8860932419947172,0.8665545500426187,16.141475439071655
