expl_var_class_0,expl_var_class_1,expl_var_class_2,expl_var_class_3,expl_var_class_4,expl_var_class_5,expl_var_mean,mae_class_0,mae_class_1,mae_class_2,mae_class_3,mae_class_4,mae_class_5,mae_mean,mse_class_0,mse_class_1,mse_class_2,mse_class_3,mse_class_4,mse_class_5,mse_mean,r2_class_0,r2_class_1,r2_class_2,r2_class_3,r2_class_4,r2_class_5,r2_mean,time
0.8804208773002117,0.8802512447695532,0.8801109073681395,0.8989626574821519,0.7873137353385989,0.8877588726956462,0.8691363824923836,0.060760096961054964,0.0920663922781635,0.07938180610512155,0.03239535637828797,0.024564986313596868,0.03831606332519624,0.05458078356023686,0.012125917198213047,0.016242902933195448,0.014816423438302948,0.004115548273005531,0.002598902376684537,0.0049597182281849745,0.00914323540793108,0.8788188627047921,0.8798533107277863,0.8797454677575142,0.8955796707151688,0.7719666120287509,0.8876742104525267,0.8656063557310899,15.718533515930176
