expl_var_class_0,expl_var_class_1,expl_var_class_2,expl_var_class_3,expl_var_class_4,expl_var_class_5,expl_var_mean,mae_class_0,mae_class_1,mae_class_2,mae_class_3,mae_class_4,mae_class_5,mae_mean,mse_class_0,mse_class_1,mse_class_2,mse_class_3,mse_class_4,mse_class_5,mse_mean,r2_class_0,r2_class_1,r2_class_2,r2_class_3,r2_class_4,r2_class_5,r2_mean,time
0.847603688924971,0.8694129058527312,0.8836212099665087,0.9091347080513165,0.5008092497664407,0.8851783607111718,0.8159600205455234,0.06637429792149366,0.09524959029500443,0.07914228210242129,0.028276052671732846,0.03514472728076859,0.03791479859554699,0.05701695814449464,0.015650159878554743,0.017692706564319816,0.014375041422092357,0.003608139098039494,0.0061519398098208965,0.005100524108279919,0.010429751813517872,0.8435991156846612,0.8691292974716067,0.8833278564575046,0.9084537350238361,0.460215323971385,0.8844852930731659,0.8082017702803599,5.157073974609375
