expl_var_class_0,expl_var_class_1,expl_var_class_2,expl_var_class_3,expl_var_class_4,expl_var_class_5,expl_var_mean,mae_class_0,mae_class_1,mae_class_2,mae_class_3,mae_class_4,mae_class_5,mae_mean,mse_class_0,mse_class_1,mse_class_2,mse_class_3,mse_class_4,mse_class_5,mse_mean,r2_class_0,r2_class_1,r2_class_2,r2_class_3,r2_class_4,r2_class_5,r2_mean,time
0.8695186981531873,0.8785378029516924,0.903607141977316,0.9103302764742061,0.782223864432686,0.8900553939008539,0.8723788629816568,0.06580784122472601,0.09308131073999296,0.0720748772694804,0.02905814774525562,0.022176613072162534,0.03846187832622551,0.0534434447296405,0.01309829581256814,0.01650403690685766,0.01190708697419529,0.0036048898367823574,0.0025797678904814865,0.0048625673652400335,0.008759440797687494,0.869101334171243,0.8779217359027042,0.9033585142585223,0.9085361757845551,0.7736455137663134,0.8898744458053126,0.870406286614775,11.72337031364441
