expl_var_class_0,expl_var_class_1,expl_var_class_2,expl_var_class_3,expl_var_class_4,expl_var_class_5,expl_var_mean,mae_class_0,mae_class_1,mae_class_2,mae_class_3,mae_class_4,mae_class_5,mae_mean,mse_class_0,mse_class_1,mse_class_2,mse_class_3,mse_class_4,mse_class_5,mse_mean,r2_class_0,r2_class_1,r2_class_2,r2_class_3,r2_class_4,r2_class_5,r2_mean,time
0.881776494738215,0.8754146936743344,0.8945908793556618,0.89183798887318,0.77807915324846,0.8852364080422649,0.867822602988686,0.06117261681299225,0.09167279661638375,0.07497934821699953,0.03106428340966691,0.023921273612042857,0.038908661627364005,0.053619830049241556,0.011960073168365958,0.016915456207814573,0.013023767105041769,0.004353474436840951,0.0026808296906524927,0.005084441871374223,0.009003007080014993,0.8804762357366196,0.8748785196059645,0.8942952037127215,0.8895429711735479,0.7647781300222316,0.8848495173849134,0.8648034296059998,18.842846393585205
