expl_var_class_0,expl_var_class_1,expl_var_class_2,expl_var_class_3,expl_var_class_4,expl_var_class_5,expl_var_mean,mae_class_0,mae_class_1,mae_class_2,mae_class_3,mae_class_4,mae_class_5,mae_mean,mse_class_0,mse_class_1,mse_class_2,mse_class_3,mse_class_4,mse_class_5,mse_mean,r2_class_0,r2_class_1,r2_class_2,r2_class_3,r2_class_4,r2_class_5,r2_mean,time
0.8839067760766273,0.8697450133027674,0.8892825264174633,0.9015332356828756,0.7693144167985166,0.8857311667307213,0.8665855225014955,0.05938765127120802,0.0948570661778546,0.07786545474339437,0.03017816634464096,0.024971405186843088,0.03822272300243876,0.05424707778772997,0.011765604036254474,0.017735245464453545,0.013648504050594564,0.00395677547861876,0.0028063727334756436,0.005061996926762326,0.009162416448359885,0.8824196755781479,0.8688146426320519,0.8892246514654205,0.8996080786869776,0.7537627084165521,0.8853578418519272,0.8631979331051797,23.990798473358154
