expl_var_class_0,expl_var_class_1,expl_var_class_2,expl_var_class_3,expl_var_class_4,expl_var_class_5,expl_var_mean,mae_class_0,mae_class_1,mae_class_2,mae_class_3,mae_class_4,mae_class_5,mae_mean,mse_class_0,mse_class_1,mse_class_2,mse_class_3,mse_class_4,mse_class_5,mse_mean,r2_class_0,r2_class_1,r2_class_2,r2_class_3,r2_class_4,r2_class_5,r2_mean,time
0.8687188362589339,0.8781682432490683,0.8942103606536121,0.9146372609712786,0.8187830377253242,0.877723411235054,0.8753735250155451,0.0650131878690766,0.09333277978991576,0.0747989312376979,0.02842328542465216,0.020044839770830238,0.04012510657796788,0.053623021778356754,0.013194504297981264,0.016520841673416747,0.013066465382947607,0.003420474546281046,0.002144980181055775,0.005414768583195514,0.008960339110812992,0.868139868453703,0.8777974331795783,0.8939486516950563,0.9132151891460585,0.8117947398850283,0.8773684051509376,0.8737107145850603,11.335852861404419
