expl_var_class_0,expl_var_class_1,expl_var_class_2,expl_var_class_3,expl_var_class_4,expl_var_class_5,expl_var_mean,mae_class_0,mae_class_1,mae_class_2,mae_class_3,mae_class_4,mae_class_5,mae_mean,mse_class_0,mse_class_1,mse_class_2,mse_class_3,mse_class_4,mse_class_5,mse_mean,r2_class_0,r2_class_1,r2_class_2,r2_class_3,r2_class_4,r2_class_5,r2_mean,time
0.8692150341134619,0.8631273383555,0.8805865067833011,0.9111865593917439,0.7881410629493951,0.8925108579532153,0.8674612265911028,0.06492411612864926,0.09807616976536804,0.0762719274913561,0.02798250528578068,0.021858604774805827,0.03740416816180062,0.05441958193462676,0.013143383397368053,0.01850440495631834,0.01483271274417805,0.0035451229084260505,0.0025136784616368473,0.004751693055002474,0.009548499253821636,0.8686507484782489,0.8631252675954633,0.8796132588700777,0.9100525915632847,0.7794443450359025,0.8923854845105341,0.8655452826755852,22.173487186431885
