expl_var_class_0,expl_var_class_1,expl_var_class_2,expl_var_class_3,expl_var_class_4,expl_var_class_5,expl_var_mean,mae_class_0,mae_class_1,mae_class_2,mae_class_3,mae_class_4,mae_class_5,mae_mean,mse_class_0,mse_class_1,mse_class_2,mse_class_3,mse_class_4,mse_class_5,mse_mean,r2_class_0,r2_class_1,r2_class_2,r2_class_3,r2_class_4,r2_class_5,r2_mean,time
0.8850348498824633,0.8884004332116985,0.8981239390363845,0.9116744930115792,0.799630210794466,0.8929650991149143,0.8793048375085842,0.05981577996643471,0.08964589274779507,0.07371538223066426,0.029148724671841268,0.022025945862876713,0.03681443454495079,0.05186102667076047,0.011663401447914092,0.015112054159305867,0.012591131976790865,0.003545932649978363,0.0024070608687965438,0.004748104891884801,0.008344614332445087,0.8834410437507285,0.8882180554294679,0.8978066000490994,0.9100320466749929,0.788799206199918,0.8924667478478195,0.8767939499920043,17.847453117370605
