expl_var_class_0,expl_var_class_1,expl_var_class_2,expl_var_class_3,expl_var_class_4,expl_var_class_5,expl_var_mean,mae_class_0,mae_class_1,mae_class_2,mae_class_3,mae_class_4,mae_class_5,mae_mean,mse_class_0,mse_class_1,mse_class_2,mse_class_3,mse_class_4,mse_class_5,mse_mean,r2_class_0,r2_class_1,r2_class_2,r2_class_3,r2_class_4,r2_class_5,r2_mean,time
0.8671919856014482,0.8872693821432904,0.889158718056132,0.8885730068978871,0.7661518009680697,0.8959398145580955,0.8657141180374873,0.06077246484257185,0.08989450390092482,0.07609660569424635,0.03280445128817318,0.023944751201220707,0.03617988010917284,0.05328210950605162,0.013583607432124207,0.015279650158635224,0.013684117870403363,0.004538796129710564,0.002820708768495586,0.004611315733893196,0.00908636601554369,0.8642513411324444,0.8869783691161588,0.8889355990324693,0.8848409604305332,0.7525048332978097,0.8955646960509303,0.8621792998433908,21.733844757080078
