expl_var_class_0,expl_var_class_1,expl_var_class_2,expl_var_class_3,expl_var_class_4,expl_var_class_5,expl_var_mean,mae_class_0,mae_class_1,mae_class_2,mae_class_3,mae_class_4,mae_class_5,mae_mean,mse_class_0,mse_class_1,mse_class_2,mse_class_3,mse_class_4,mse_class_5,mse_mean,r2_class_0,r2_class_1,r2_class_2,r2_class_3,r2_class_4,r2_class_5,r2_mean,time
0.8617967896768415,0.8888084667003091,0.8975695410500827,0.8978307443689149,0.7836543747582612,0.8899525532575179,0.8699354116353212,0.06357973777909587,0.08877258671269159,0.07497597268974347,0.030854646943117837,0.022745899200254202,0.03706855376627651,0.052999566181863245,0.014010217295555927,0.015075252050997839,0.012622385339203178,0.004110151093531212,0.0025932846656544243,0.0048601563611514196,0.008878574467682332,0.8599879878877407,0.88849027594877,0.8975529383949526,0.8957166087901305,0.7724595223013078,0.88992904929797,0.8673560637701452,16.848376035690308
