expl_var_class_0,expl_var_class_1,expl_var_class_2,expl_var_class_3,expl_var_class_4,expl_var_class_5,expl_var_mean,mae_class_0,mae_class_1,mae_class_2,mae_class_3,mae_class_4,mae_class_5,mae_mean,mse_class_0,mse_class_1,mse_class_2,mse_class_3,mse_class_4,mse_class_5,mse_mean,r2_class_0,r2_class_1,r2_class_2,r2_class_3,r2_class_4,r2_class_5,r2_mean,time
0.8663315748018741,0.8519081321063026,0.875436507677858,0.896960338098573,0.818128388974367,0.8816348227240642,0.8650666273971731,0.06701474873910893,0.10179612790722312,0.08152742789782297,0.030091865653724625,0.0213244037208966,0.03856080394569129,0.05671922964407792,0.013432222691534726,0.0201824756173226,0.015347455114996068,0.004131556933761749,0.0021716324096255008,0.005228798632776932,0.010082356900002929,0.8657642143224804,0.8507127921214851,0.8754354555502775,0.8951734964908162,0.8094562149630218,0.881580181012349,0.8630203924100717,4.2990357875823975
