expl_var_class_0,expl_var_class_1,expl_var_class_2,expl_var_class_3,expl_var_class_4,expl_var_class_5,expl_var_mean,mae_class_0,mae_class_1,mae_class_2,mae_class_3,mae_class_4,mae_class_5,mae_mean,mse_class_0,mse_class_1,mse_class_2,mse_class_3,mse_class_4,mse_class_5,mse_mean,r2_class_0,r2_class_1,r2_class_2,r2_class_3,r2_class_4,r2_class_5,r2_mean,time
0.8518870358802709,0.8711482414434074,0.8937764509778149,0.9101581432126323,0.8116444252662843,0.8865988999445005,0.8708688661208184,0.06796015876410477,0.0967845136696561,0.07419671813081025,0.028192940629594643,0.020466345290254255,0.03861371943620109,0.05436906598677018,0.014886071513636348,0.017462851710367037,0.013109485972494471,0.0035981311590529753,0.0022175929244408555,0.005018284671007485,0.009382069658499862,0.851235082147346,0.8708295046223331,0.8935994836995345,0.9087076580044726,0.8054235387069716,0.8863478201963946,0.8693571812295087,19.60764169692993
