expl_var_class_0,expl_var_class_1,expl_var_class_2,expl_var_class_3,expl_var_class_4,expl_var_class_5,expl_var_mean,mae_class_0,mae_class_1,mae_class_2,mae_class_3,mae_class_4,mae_class_5,mae_mean,mse_class_0,mse_class_1,mse_class_2,mse_class_3,mse_class_4,mse_class_5,mse_mean,r2_class_0,r2_class_1,r2_class_2,r2_class_3,r2_class_4,r2_class_5,r2_mean,time
0.8829427682902532,0.8624570625920001,0.8993139927268402,0.9005416475532927,0.800264178666609,0.8765259379242631,0.8703409312922098,0.06203631998998483,0.09662766008312242,0.07441123003713132,0.029424997576810122,0.020561156376408516,0.04214343805620247,0.05420080035327662,0.011780207146234626,0.01883024853163658,0.012419427445317937,0.003986847029059814,0.002359456767286796,0.005551598340070017,0.009154630876600962,0.8822737384546698,0.8607150440685407,0.8992002054763587,0.89884509864377,0.7929760943531557,0.8742695374799526,0.8680466197460747,13.817896366119385
