expl_var_class_0,expl_var_class_1,expl_var_class_2,expl_var_class_3,expl_var_class_4,expl_var_class_5,expl_var_mean,mae_class_0,mae_class_1,mae_class_2,mae_class_3,mae_class_4,mae_class_5,mae_mean,mse_class_0,mse_class_1,mse_class_2,mse_class_3,mse_class_4,mse_class_5,mse_mean,r2_class_0,r2_class_1,r2_class_2,r2_class_3,r2_class_4,r2_class_5,r2_mean,time
0.8755749400109296,0.8829529392464476,0.8938205050197526,0.8856662842713248,0.7812512910978273,0.8891137217265734,0.8680632802288093,0.06007446408219882,0.0909368102669779,0.07408393471940385,0.03289719660297782,0.02268119767978843,0.03891060279855456,0.05326403435831689,0.012657330363044266,0.015880310794388425,0.013140269545022063,0.004641557395503492,0.0026229972492039714,0.004938172793320913,0.008980106356747187,0.8735081508934511,0.882535358709786,0.8933496350008608,0.8822336856520533,0.7698524751290221,0.8881621631689727,0.8649402447590244,12.276198863983154
