expl_var_class_0,expl_var_class_1,expl_var_class_2,expl_var_class_3,expl_var_class_4,expl_var_class_5,expl_var_mean,mae_class_0,mae_class_1,mae_class_2,mae_class_3,mae_class_4,mae_class_5,mae_mean,mse_class_0,mse_class_1,mse_class_2,mse_class_3,mse_class_4,mse_class_5,mse_mean,r2_class_0,r2_class_1,r2_class_2,r2_class_3,r2_class_4,r2_class_5,r2_mean,time
0.8841631777669589,0.8821242514948917,0.8981978015242471,0.9035608996865901,0.7963558267849208,0.8850588797187577,0.8749101394960611,0.06083425987129434,0.09191192167861807,0.07229668661887728,0.031064976500629466,0.024034813042693986,0.038335851277310616,0.05307975149823729,0.011669436666530975,0.015964439838092346,0.012608554267898699,0.003897855066911164,0.0024679842654420597,0.005075302348200803,0.00861392874217934,0.8833807304033863,0.8819130668624336,0.8976651955140246,0.9011030165139641,0.7834536539127573,0.8850565057881472,0.8720953614991188,20.878489017486572
