expl_var_class_0,expl_var_class_1,expl_var_class_2,expl_var_class_3,expl_var_class_4,expl_var_class_5,expl_var_mean,mae_class_0,mae_class_1,mae_class_2,mae_class_3,mae_class_4,mae_class_5,mae_mean,mse_class_0,mse_class_1,mse_class_2,mse_class_3,mse_class_4,mse_class_5,mse_mean,r2_class_0,r2_class_1,r2_class_2,r2_class_3,r2_class_4,r2_class_5,r2_mean,time
0.8236923573257517,0.8706025182149655,0.8903830202567942,0.9021293667697807,0.3374017731705301,0.881833480335924,0.7843404193456244,0.07173912985198627,0.09473188059942068,0.07619313041185068,0.028859464769398782,0.038796548338009676,0.038569560582521166,0.05814828575886453,0.018109792785298912,0.017536122394318863,0.013521735149538609,0.003874183612450864,0.008063017958829126,0.005247160237834921,0.011058668689711884,0.8190186152494529,0.8702875306824698,0.8902535458516303,0.9017036123290121,0.29253314055974255,0.8811643344479663,0.7758267965200455,5.676528215408325
