expl_var_class_0,expl_var_class_1,expl_var_class_2,expl_var_class_3,expl_var_class_4,expl_var_class_5,expl_var_mean,mae_class_0,mae_class_1,mae_class_2,mae_class_3,mae_class_4,mae_class_5,mae_mean,mse_class_0,mse_class_1,mse_class_2,mse_class_3,mse_class_4,mse_class_5,mse_mean,r2_class_0,r2_class_1,r2_class_2,r2_class_3,r2_class_4,r2_class_5,r2_mean,time
0.8596478326408714,0.8793581177274525,0.8950706498457786,0.9007999079046616,0.7679089360708621,0.891491423157914,0.8657128112245901,0.06702910102273492,0.0917599188727974,0.07524084982556044,0.03016043364501742,0.024251517716623632,0.0377969820624083,0.05437313385752368,0.01411293532482,0.01641159191165142,0.012953740638993195,0.003991703162888862,0.0028013183567274,0.004794699399792988,0.009177664799145646,0.8589614686229731,0.8786055397867449,0.8948635594940159,0.89872188806286,0.7542061905051158,0.8914114933658974,0.8627950233062678,13.516880989074707
