expl_var_class_0,expl_var_class_1,expl_var_class_2,expl_var_class_3,expl_var_class_4,expl_var_class_5,expl_var_mean,mae_class_0,mae_class_1,mae_class_2,mae_class_3,mae_class_4,mae_class_5,mae_mean,mse_class_0,mse_class_1,mse_class_2,mse_class_3,mse_class_4,mse_class_5,mse_mean,r2_class_0,r2_class_1,r2_class_2,r2_class_3,r2_class_4,r2_class_5,r2_mean,time
0.8683806984195507,0.8599940071319812,0.8698521824833296,0.6720305061906537,0.33769236874307085,0.8308886564838095,0.739806403242066,0.06706962283581462,0.0973627814136873,0.08039288247560974,0.0594685082867381,0.036192984670804146,0.05045894230052538,0.0651576203305299,0.013285653304870429,0.019650321165666725,0.01606220411342803,0.013199484922083315,0.007781514092388195,0.007588080499426422,0.012927876349643853,0.8672289649618182,0.8546490709880699,0.8696343385104511,0.6651006207375731,0.31723290649455327,0.8281480733312195,0.7336656625039476,4.060230493545532
