expl_var_class_0,expl_var_class_1,expl_var_class_2,expl_var_class_3,expl_var_class_4,expl_var_class_5,expl_var_mean,mae_class_0,mae_class_1,mae_class_2,mae_class_3,mae_class_4,mae_class_5,mae_mean,mse_class_0,mse_class_1,mse_class_2,mse_class_3,mse_class_4,mse_class_5,mse_mean,r2_class_0,r2_class_1,r2_class_2,r2_class_3,r2_class_4,r2_class_5,r2_mean,time
0.8394484735690733,0.8838832193251488,0.8990281891583115,0.905702863930033,0.7350523459240308,0.8966066364432395,0.8599536213916394,0.06748660231742411,0.0919007525495255,0.07335913286599373,0.029876579327880067,0.027426619365751314,0.035979464711684485,0.05433819185637653,0.016313046972569075,0.015709563856039874,0.012496961504801502,0.003792843790534392,0.0032703711456039987,0.004569543684112465,0.009358721825610218,0.8369745106640356,0.883798352118681,0.8985709158171584,0.9037673789100525,0.7130504712505341,0.896510733357238,0.8554453936862833,12.298323392868042
