expl_var_class_0,expl_var_class_1,expl_var_class_2,expl_var_class_3,expl_var_class_4,expl_var_class_5,expl_var_mean,mae_class_0,mae_class_1,mae_class_2,mae_class_3,mae_class_4,mae_class_5,mae_mean,mse_class_0,mse_class_1,mse_class_2,mse_class_3,mse_class_4,mse_class_5,mse_mean,r2_class_0,r2_class_1,r2_class_2,r2_class_3,r2_class_4,r2_class_5,r2_mean,time
0.8885335112943991,0.8745718496548733,0.8853103898019022,0.9216467861203511,0.7814398339198951,0.8773558726892985,0.8714763739134531,0.0604095942702787,0.09390893009555708,0.07661279111244731,0.026312718472115287,0.02208578866479792,0.04100901673427906,0.0533898065582459,0.011248500542153534,0.017000578638293993,0.01416431880763315,0.0031125363045586747,0.0025969711486032664,0.005462858251385153,0.008930960615437961,0.8875873827701213,0.8742488798028475,0.8850381443377224,0.9210282459897727,0.772136062211362,0.8762792888544149,0.8693863339943734,14.171486139297485
