expl_var_class_0,expl_var_class_1,expl_var_class_2,expl_var_class_3,expl_var_class_4,expl_var_class_5,expl_var_mean,mae_class_0,mae_class_1,mae_class_2,mae_class_3,mae_class_4,mae_class_5,mae_mean,mse_class_0,mse_class_1,mse_class_2,mse_class_3,mse_class_4,mse_class_5,mse_mean,r2_class_0,r2_class_1,r2_class_2,r2_class_3,r2_class_4,r2_class_5,r2_mean,time
0.8713219015776897,0.8779072127240978,0.888983523690827,0.9172968956298618,0.7710507550883983,0.8919682059744234,0.8697547491142164,0.06236597211739569,0.09401589439407196,0.07599651024718845,0.028798679650859173,0.023064291898688125,0.03744819488892296,0.053614923866187734,0.012996413292548822,0.016511348867531053,0.013755102416600197,0.0033243445954657717,0.002736768522677451,0.004777491959372122,0.00901691160903257,0.8701195037203691,0.8778676502586165,0.888359467185611,0.9156542131721174,0.7598699343546134,0.8918012008537908,0.867278661590853,15.163189172744751
