expl_var_class_0,expl_var_class_1,expl_var_class_2,expl_var_class_3,expl_var_class_4,expl_var_class_5,expl_var_mean,mae_class_0,mae_class_1,mae_class_2,mae_class_3,mae_class_4,mae_class_5,mae_mean,mse_class_0,mse_class_1,mse_class_2,mse_class_3,mse_class_4,mse_class_5,mse_mean,r2_class_0,r2_class_1,r2_class_2,r2_class_3,r2_class_4,r2_class_5,r2_mean,time
0.8757829034672802,0.871830640371376,0.8857305378717493,0.9074343594078575,0.8044708980023332,0.8878118916570173,0.872176871796269,0.061989005971558,0.09417506715587182,0.07691265449662456,0.02861132059258596,0.022000617270539535,0.03942743727934444,0.053852683794420715,0.012606471682863081,0.017348639962541743,0.014136151930929527,0.003707559459013432,0.002345268078180929,0.005001892000518994,0.00919099718567462,0.8740164104011606,0.8716743144099456,0.8852667551490179,0.9059312262007446,0.794221041018605,0.8867190750884463,0.8696381370446532,14.67568063735962
