expl_var_class_0,expl_var_class_1,expl_var_class_2,expl_var_class_3,expl_var_class_4,expl_var_class_5,expl_var_mean,mae_class_0,mae_class_1,mae_class_2,mae_class_3,mae_class_4,mae_class_5,mae_mean,mse_class_0,mse_class_1,mse_class_2,mse_class_3,mse_class_4,mse_class_5,mse_mean,r2_class_0,r2_class_1,r2_class_2,r2_class_3,r2_class_4,r2_class_5,r2_mean,time
0.8623790102214199,0.8779068938967731,0.8910500963816396,0.8938360704673021,0.7646573500994672,0.8849318232613991,0.8624602073880002,0.06186851825838999,0.09374588977770093,0.07639015330361434,0.03204982746078256,0.02448058071313969,0.03916824117541473,0.05461720178150704,0.014014082409991451,0.016568711667999877,0.013455220868057225,0.0043176629392359936,0.0028515454160296977,0.0051016914669174615,0.009384819128038619,0.8599493616168025,0.8774433449117177,0.8907933956905807,0.8904515860467155,0.7497991582890203,0.8844588551840331,0.8588159502898117,21.765512943267822
