expl_var_class_0,expl_var_class_1,expl_var_class_2,expl_var_class_3,expl_var_class_4,expl_var_class_5,expl_var_mean,mae_class_0,mae_class_1,mae_class_2,mae_class_3,mae_class_4,mae_class_5,mae_mean,mse_class_0,mse_class_1,mse_class_2,mse_class_3,mse_class_4,mse_class_5,mse_mean,r2_class_0,r2_class_1,r2_class_2,r2_class_3,r2_class_4,r2_class_5,r2_mean,time
0.8740461916269833,0.8723065400757294,0.8966292061414242,0.8824735701780783,0.7518889717383508,0.8948923822662811,0.8620394770044745,0.06396382805551856,0.09363935138335353,0.07201919721495233,0.03177962349084496,0.024269095916055403,0.036193660824425676,0.05364412614752507,0.012657716017606442,0.017313581206887425,0.01284222670464705,0.004723679504989963,0.0029829960681968066,0.004648458647838597,0.009194776358361047,0.8735042968296568,0.8719336395711679,0.8957686399993858,0.8801500707494198,0.7382653900976441,0.8947234976313705,0.8590575891464408,14.974390029907227
