expl_var_class_0,expl_var_class_1,expl_var_class_2,expl_var_class_3,expl_var_class_4,expl_var_class_5,expl_var_mean,mae_class_0,mae_class_1,mae_class_2,mae_class_3,mae_class_4,mae_class_5,mae_mean,mse_class_0,mse_class_1,mse_class_2,mse_class_3,mse_class_4,mse_class_5,mse_mean,r2_class_0,r2_class_1,r2_class_2,r2_class_3,r2_class_4,r2_class_5,r2_mean,time
0.8690263313175384,0.891730427173281,0.8937491516904581,0.9019539399769859,0.7895094185785492,0.8856701012472767,0.8719398949973481,0.06349787474924322,0.08897283923102337,0.07477954971902448,0.02983847851353835,0.0219808461985508,0.03880679219343786,0.052979396767469676,0.013275351636576402,0.014675623593203705,0.013131989246560222,0.003941164655825418,0.0025025104331071377,0.005092777607699575,0.008769902862162077,0.8673319153497767,0.8914462768767075,0.8934168403842992,0.9000041589048139,0.780424252325009,0.884660732836855,0.8695473627795769,22.362420797348022
