expl_var_class_0,expl_var_class_1,expl_var_class_2,expl_var_class_3,expl_var_class_4,expl_var_class_5,expl_var_mean,mae_class_0,mae_class_1,mae_class_2,mae_class_3,mae_class_4,mae_class_5,mae_mean,mse_class_0,mse_class_1,mse_class_2,mse_class_3,mse_class_4,mse_class_5,mse_mean,r2_class_0,r2_class_1,r2_class_2,r2_class_3,r2_class_4,r2_class_5,r2_mean,time
0.8727101658292036,0.87149933778149,0.8961433132081988,0.9092132740339367,0.7766616263834258,0.8918708124622708,0.8696830882830877,0.06390627659157794,0.09596807410799493,0.07352745614066236,0.028442898724105437,0.023489007003866982,0.037096455461265346,0.0537383613382455,0.012842854166570775,0.017392466797070686,0.012833572600863284,0.0036239579249138796,0.002666340175847102,0.0047842381804731465,0.009023904974289813,0.8716541067713299,0.8713501328833064,0.8958388792988247,0.908052377294185,0.766049471793579,0.8916484150347642,0.8674322305126648,5.387564420700073
