expl_var_class_0,expl_var_class_1,expl_var_class_2,expl_var_class_3,expl_var_class_4,expl_var_class_5,expl_var_mean,mae_class_0,mae_class_1,mae_class_2,mae_class_3,mae_class_4,mae_class_5,mae_mean,mse_class_0,mse_class_1,mse_class_2,mse_class_3,mse_class_4,mse_class_5,mse_mean,r2_class_0,r2_class_1,r2_class_2,r2_class_3,r2_class_4,r2_class_5,r2_mean,time
0.8794860321697391,0.8799213158548816,0.8897609294985116,0.8954661679206998,0.7804044435109371,0.8906441056361052,0.8692804990984789,0.06126452406503622,0.09163040339965317,0.0776480551019379,0.03056194102880744,0.02163523600867047,0.037522075626564504,0.053377039205111616,0.012209261935327273,0.016273454912643284,0.013585530280672917,0.004196994331558963,0.0025985443870679345,0.004831664586936453,0.008949241739034471,0.8779859516873426,0.8796273216175596,0.8897357654516673,0.8935132086816934,0.7719980228219631,0.8905743200345448,0.8672390983824618,18.8537278175354
