expl_var_class_0,expl_var_class_1,expl_var_class_2,expl_var_class_3,expl_var_class_4,expl_var_class_5,expl_var_mean,mae_class_0,mae_class_1,mae_class_2,mae_class_3,mae_class_4,mae_class_5,mae_mean,mse_class_0,mse_class_1,mse_class_2,mse_class_3,mse_class_4,mse_class_5,mse_mean,r2_class_0,r2_class_1,r2_class_2,r2_class_3,r2_class_4,r2_class_5,r2_mean,time
0.876594236093213,0.8765530317224148,0.89275854628789,0.8916804567794977,0.7599731476897096,0.8942149116883125,0.865295721710173,0.061871344850736094,0.09348454166039658,0.07550167142168639,0.03180445203251151,0.024918296608915893,0.037455081069687916,0.05417256460732239,0.01250527325249288,0.016748162794386977,0.01324314904891333,0.00437332789255524,0.002899518063932761,0.004678111417305102,0.009074590411597715,0.875027743456161,0.8761159677298029,0.8925146341202974,0.8890392462150227,0.7455899330678548,0.8940519331211799,0.8620565762850531,13.846502542495728
