expl_var_class_0,expl_var_class_1,expl_var_class_2,expl_var_class_3,expl_var_class_4,expl_var_class_5,expl_var_mean,mae_class_0,mae_class_1,mae_class_2,mae_class_3,mae_class_4,mae_class_5,mae_mean,mse_class_0,mse_class_1,mse_class_2,mse_class_3,mse_class_4,mse_class_5,mse_mean,r2_class_0,r2_class_1,r2_class_2,r2_class_3,r2_class_4,r2_class_5,r2_mean,time
0.8550096128321614,0.8687844190931305,0.8858130065351162,0.899056042125901,0.767290540300027,0.8906859182177692,0.8611065898506841,0.06686347744838954,0.0971428003875664,0.07763437117096701,0.03126621611565461,0.02353051466928794,0.03689908205623404,0.05555607697468326,0.01463291947267676,0.017764034267906386,0.01410093052236729,0.004077813323107947,0.0027847596144246764,0.004826837230046276,0.009697882405088221,0.8537649734314962,0.8686016955106418,0.8855526226547091,0.8965370877183169,0.755659090830156,0.8906836481554521,0.8584665197167953,11.299026012420654
