expl_var_class_0,expl_var_class_1,expl_var_class_2,expl_var_class_3,expl_var_class_4,expl_var_class_5,expl_var_mean,mae_class_0,mae_class_1,mae_class_2,mae_class_3,mae_class_4,mae_class_5,mae_mean,mse_class_0,mse_class_1,mse_class_2,mse_class_3,mse_class_4,mse_class_5,mse_mean,r2_class_0,r2_class_1,r2_class_2,r2_class_3,r2_class_4,r2_class_5,r2_mean,time
0.8686313094850797,0.8738325857599849,0.8925555161585693,0.9001875098920634,0.7864155416620753,0.8817375042288031,0.8672266611977627,0.06599306820170384,0.09304307520703925,0.07422902816451554,0.03094378266377874,0.022801350016785158,0.03967727245648315,0.05444792945171762,0.013181571287314028,0.017123288770127042,0.013307973041716749,0.004019076910810339,0.002552496646967668,0.005227741157380865,0.009235357969052782,0.8682691153317484,0.8733412085484827,0.8919885031707382,0.8980273570837267,0.7760383524155967,0.8816041303081206,0.864878111143069,6.149632930755615
