expl_var_class_0,expl_var_class_1,expl_var_class_2,expl_var_class_3,expl_var_class_4,expl_var_class_5,expl_var_mean,mae_class_0,mae_class_1,mae_class_2,mae_class_3,mae_class_4,mae_class_5,mae_mean,mse_class_0,mse_class_1,mse_class_2,mse_class_3,mse_class_4,mse_class_5,mse_mean,r2_class_0,r2_class_1,r2_class_2,r2_class_3,r2_class_4,r2_class_5,r2_mean,time
0.8939088088596868,0.8888314703722259,0.9002852112983817,0.9055597979674103,0.7973880251712843,0.8953329259395278,0.8802177066014193,0.05864921632598369,0.08897835726702055,0.07152063359155654,0.029585015203179573,0.021459183533041482,0.03739732091543993,0.05126495447270363,0.01073663473988752,0.01505512546612006,0.012363665760968309,0.0037936495664289884,0.0024170663414024443,0.004658417947090924,0.008170759970316374,0.8927027467501969,0.8886391497399492,0.8996527840150621,0.9037469346390437,0.7879213041143892,0.8944979432550151,0.877860143752276,16.939153909683228
