expl_var_class_0,expl_var_class_1,expl_var_class_2,expl_var_class_3,expl_var_class_4,expl_var_class_5,expl_var_mean,mae_class_0,mae_class_1,mae_class_2,mae_class_3,mae_class_4,mae_class_5,mae_mean,mse_class_0,mse_class_1,mse_class_2,mse_class_3,mse_class_4,mse_class_5,mse_mean,r2_class_0,r2_class_1,r2_class_2,r2_class_3,r2_class_4,r2_class_5,r2_mean,time
0.8519144456332637,0.8662326370103056,0.8861823720583231,0.9041245210724376,0.589211733147205,0.8833989910213733,0.8301774499904847,0.06609645810435917,0.0965155969431544,0.07974729100915524,0.027681686803209926,0.033304408325018,0.03832000157853177,0.05694424046057142,0.015233855035054658,0.01816173742555289,0.014023902105779062,0.0037882314378606527,0.005085013608653063,0.005176390789616421,0.010244855067086125,0.8477594850465993,0.8656599357832793,0.8861778083646592,0.903884404237669,0.5538297661875526,0.8827670936736433,0.8233464155489005,4.670246362686157
