expl_var_class_0,expl_var_class_1,expl_var_class_2,expl_var_class_3,expl_var_class_4,expl_var_class_5,expl_var_mean,mae_class_0,mae_class_1,mae_class_2,mae_class_3,mae_class_4,mae_class_5,mae_mean,mse_class_0,mse_class_1,mse_class_2,mse_class_3,mse_class_4,mse_class_5,mse_mean,r2_class_0,r2_class_1,r2_class_2,r2_class_3,r2_class_4,r2_class_5,r2_mean,time
0.8803942937677073,0.8854283791240565,0.891731764165259,0.8890248777359859,0.7697874492697593,0.8913338214819782,0.867950097590791,0.06093868741953929,0.08992582685082741,0.07712758236164603,0.031026688609327207,0.0232398361677654,0.03696571165937633,0.05320405551141363,0.012125170763704635,0.015562724048456758,0.013343233730980255,0.004474611966332891,0.0027465035085359776,0.00480169997881234,0.008842323999470476,0.8788263222462988,0.8848845075187988,0.8917023168511053,0.8864694509815317,0.7590157653688572,0.8912529469466333,0.8653585516522041,5.788311004638672
