expl_var_class_0,expl_var_class_1,expl_var_class_2,expl_var_class_3,expl_var_class_4,expl_var_class_5,expl_var_mean,mae_class_0,mae_class_1,mae_class_2,mae_class_3,mae_class_4,mae_class_5,mae_mean,mse_class_0,mse_class_1,mse_class_2,mse_class_3,mse_class_4,mse_class_5,mse_mean,r2_class_0,r2_class_1,r2_class_2,r2_class_3,r2_class_4,r2_class_5,r2_mean,time
0.8221229283083609,0.8644913657643248,0.8859466926901349,0.92673361577143,0.2443472210952563,0.8967202852750256,0.7733936848174222,0.07203789467954219,0.0966100857384764,0.08010240858352327,0.024191061788481193,0.04002381430008169,0.036413036856926956,0.058229716991171944,0.018119532053516713,0.018422793148186994,0.01405446536151634,0.002900421915921494,0.009251872470240282,0.004560692101711611,0.01121829617518224,0.8189212852430077,0.8637289397711101,0.8859297478230718,0.9264100451665249,0.18822044129327964,0.8967112005886766,0.7633202766476117,10.158056259155273
