expl_var_class_0,expl_var_class_1,expl_var_class_2,expl_var_class_3,expl_var_class_4,expl_var_class_5,expl_var_mean,mae_class_0,mae_class_1,mae_class_2,mae_class_3,mae_class_4,mae_class_5,mae_mean,mse_class_0,mse_class_1,mse_class_2,mse_class_3,mse_class_4,mse_class_5,mse_mean,r2_class_0,r2_class_1,r2_class_2,r2_class_3,r2_class_4,r2_class_5,r2_mean,time
0.8716970196422098,0.882977069306248,0.8980915833981948,0.9146630826082544,0.803992388197494,0.8886923410273135,0.8766855806966191,0.061348009053248984,0.09219556852777233,0.07394626342478965,0.02796791232497921,0.020985887202131015,0.03767760178361359,0.05235354038608913,0.013039463702943309,0.015821553627094614,0.012582525987422044,0.0034172630506520887,0.0023198957869108067,0.004928377916641021,0.008684846678610648,0.8696892766614709,0.8829699780109295,0.8978764488375294,0.9132966717114003,0.7964472614379731,0.8883839937661903,0.8747772717375822,19.513272523880005
