expl_var_class_0,expl_var_class_1,expl_var_class_2,expl_var_class_3,expl_var_class_4,expl_var_class_5,expl_var_mean,mae_class_0,mae_class_1,mae_class_2,mae_class_3,mae_class_4,mae_class_5,mae_mean,mse_class_0,mse_class_1,mse_class_2,mse_class_3,mse_class_4,mse_class_5,mse_mean,r2_class_0,r2_class_1,r2_class_2,r2_class_3,r2_class_4,r2_class_5,r2_mean,time
0.8686597938717332,0.8647673768850346,0.8829685526222426,0.9162323542632875,0.7846522758774733,0.8783414833142521,0.8659369728056706,0.0659357771867974,0.09776362932638924,0.07835696202584536,0.027777175627084223,0.022081265781260045,0.04046843689527862,0.055397207807109154,0.013223771815091273,0.01833874327562826,0.014443314059438538,0.003342676034207564,0.0025732384811763937,0.005388648513514198,0.009551732029842705,0.867847381629719,0.8643506459995605,0.8827737352754789,0.91518910506435,0.7742184184427833,0.8779599624360502,0.8637232081413236,23.16643476486206
