expl_var_class_0,expl_var_class_1,expl_var_class_2,expl_var_class_3,expl_var_class_4,expl_var_class_5,expl_var_mean,mae_class_0,mae_class_1,mae_class_2,mae_class_3,mae_class_4,mae_class_5,mae_mean,mse_class_0,mse_class_1,mse_class_2,mse_class_3,mse_class_4,mse_class_5,mse_mean,r2_class_0,r2_class_1,r2_class_2,r2_class_3,r2_class_4,r2_class_5,r2_mean,time
0.8624015185478052,0.8710073487170702,0.8902965611819835,0.90541991983991,0.7823615120445708,0.8905452202630689,0.8670053467657347,0.06590352152371251,0.09628659785986517,0.07356437180456694,0.028930652921180265,0.022827161127207958,0.03707811103448276,0.054098402711835934,0.013836235597097995,0.01743888617799255,0.013655465586068357,0.0037768926011679466,0.0026099892779250936,0.004836528825417343,0.009358999677611548,0.8617266852368197,0.8710067746203922,0.8891681495575493,0.9041720949613874,0.7709938230257212,0.890464156633566,0.864588614005906,14.933977603912354
