expl_var_class_0,expl_var_class_1,expl_var_class_2,expl_var_class_3,expl_var_class_4,expl_var_class_5,expl_var_mean,mae_class_0,mae_class_1,mae_class_2,mae_class_3,mae_class_4,mae_class_5,mae_mean,mse_class_0,mse_class_1,mse_class_2,mse_class_3,mse_class_4,mse_class_5,mse_mean,r2_class_0,r2_class_1,r2_class_2,r2_class_3,r2_class_4,r2_class_5,r2_mean,time
0.8843925202524042,0.8835611880754115,0.8851740814651322,0.8998556906992906,0.8022010196385726,0.8900257819431564,0.8742017136789945,0.061397893096566784,0.09038645518127786,0.07763007283088265,0.031680048321960176,0.02066987433748814,0.03795571190329825,0.053286675945245644,0.011662923933806375,0.015776290385945343,0.014197617648932043,0.00406875079629212,0.0023382789758175726,0.004862129060749547,0.008817665133590499,0.8834458158188288,0.883304784454838,0.8847678809640217,0.8967670235546836,0.7948342801710611,0.8898843723567196,0.8721673595533588,24.70084238052368
