expl_var_class_0,expl_var_class_1,expl_var_class_2,expl_var_class_3,expl_var_class_4,expl_var_class_5,expl_var_mean,mae_class_0,mae_class_1,mae_class_2,mae_class_3,mae_class_4,mae_class_5,mae_mean,mse_class_0,mse_class_1,mse_class_2,mse_class_3,mse_class_4,mse_class_5,mse_mean,r2_class_0,r2_class_1,r2_class_2,r2_class_3,r2_class_4,r2_class_5,r2_mean,time
0.8770889812202305,0.8645959655719199,0.8798640155504471,0.9073611531558814,0.7920317002910185,0.8925191408428463,0.8689101594387241,0.0619108881527263,0.09818984806012919,0.07678800741013249,0.028933036601655773,0.022994502633067855,0.037363419262324164,0.05436328368667262,0.012403831471877241,0.01830734597690861,0.014936233401753552,0.0037075938443551283,0.002501557667822182,0.004748139374449229,0.009434116956194323,0.8760415084475685,0.8645828878290396,0.8787730541940968,0.9059303537705204,0.7805078500383433,0.8924659668999719,0.8663836035299234,16.724976062774658
