expl_var_class_0,expl_var_class_1,expl_var_class_2,expl_var_class_3,expl_var_class_4,expl_var_class_5,expl_var_mean,mae_class_0,mae_class_1,mae_class_2,mae_class_3,mae_class_4,mae_class_5,mae_mean,mse_class_0,mse_class_1,mse_class_2,mse_class_3,mse_class_4,mse_class_5,mse_mean,r2_class_0,r2_class_1,r2_class_2,r2_class_3,r2_class_4,r2_class_5,r2_mean,time
0.8849330995039865,0.883236141290962,0.8978907327151158,0.9075449311302781,0.8065419459897862,0.8794218072436464,0.8765947763122958,0.06013994415483429,0.09032341325062479,0.07343723612604544,0.02879299588888158,0.02160397474620026,0.04107631820857707,0.0525623137291939,0.011652643990285103,0.01585721485776372,0.01260452100878587,0.0037032380951475792,0.0023081647228249415,0.005376587811356339,0.008583728414360592,0.8835485490988665,0.8827061964185695,0.8976979306535166,0.9060408685151822,0.7974765707002242,0.8782331085766273,0.8742838706604977,18.420594215393066
