expl_var_class_0,expl_var_class_1,expl_var_class_2,expl_var_class_3,expl_var_class_4,expl_var_class_5,expl_var_mean,mae_class_0,mae_class_1,mae_class_2,mae_class_3,mae_class_4,mae_class_5,mae_mean,mse_class_0,mse_class_1,mse_class_2,mse_class_3,mse_class_4,mse_class_5,mse_mean,r2_class_0,r2_class_1,r2_class_2,r2_class_3,r2_class_4,r2_class_5,r2_mean,time
0.8600589548090298,0.878088910094893,0.8898661909416473,0.905452419468744,0.7574343174132459,0.8917138000338771,0.8637690987935729,0.06482699695816778,0.09340172830410454,0.07475410123891885,0.029443886572753746,0.024447214826244578,0.0377628609365533,0.05410613147279047,0.014162928824768717,0.016505360393361243,0.013634391604124302,0.0038018342416817293,0.0029351389670112444,0.004796139422669958,0.009305965575602865,0.8584618553498389,0.8779119462411914,0.8893391923096495,0.9035392717887288,0.7424644769966867,0.8913788802820124,0.8605159371613512,15.623656272888184
