expl_var_class_0,expl_var_class_1,expl_var_class_2,expl_var_class_3,expl_var_class_4,expl_var_class_5,expl_var_mean,mae_class_0,mae_class_1,mae_class_2,mae_class_3,mae_class_4,mae_class_5,mae_mean,mse_class_0,mse_class_1,mse_class_2,mse_class_3,mse_class_4,mse_class_5,mse_mean,r2_class_0,r2_class_1,r2_class_2,r2_class_3,r2_class_4,r2_class_5,r2_mean,time
0.8826482919983085,0.8742447270561189,0.8914138864065438,0.9049876640622205,0.7862996954608654,0.8899741490651831,0.8715947356748734,0.06187815028735363,0.09452661701692011,0.0761837124142762,0.029702136838636747,0.023566838796844642,0.03868341827169266,0.05409014560428733,0.01181790575657562,0.017064292259081362,0.013400867164962155,0.0038062897690737453,0.0025765463566436797,0.0048607215274129685,0.008921103805624922,0.881896994955527,0.8737775982449492,0.8912345466315323,0.9034262254564908,0.7739281782026883,0.8899162496299983,0.8690299655201977,11.917003631591797
