expl_var_class_0,expl_var_class_1,expl_var_class_2,expl_var_class_3,expl_var_class_4,expl_var_class_5,expl_var_mean,mae_class_0,mae_class_1,mae_class_2,mae_class_3,mae_class_4,mae_class_5,mae_mean,mse_class_0,mse_class_1,mse_class_2,mse_class_3,mse_class_4,mse_class_5,mse_mean,r2_class_0,r2_class_1,r2_class_2,r2_class_3,r2_class_4,r2_class_5,r2_mean,time
0.8673266796273463,0.8868908773158013,0.9012275864149037,0.8964929295638692,0.787698263635355,0.8941113156877081,0.8722912753741641,0.06600749497432702,0.09050465275976761,0.07066340699870328,0.030980216978317515,0.021946851998055857,0.03789301897044231,0.05299927377993561,0.013327470803087162,0.01531146863166126,0.012297011921745928,0.0041710715530232844,0.0025317330378728177,0.004683244106891205,0.008720333342380275,0.8668110590904594,0.8867430119138473,0.9001937665464558,0.8941709254404611,0.777860196964621,0.8939356899428912,0.8699524416497892,17.199742555618286
