expl_var_class_0,expl_var_class_1,expl_var_class_2,expl_var_class_3,expl_var_class_4,expl_var_class_5,expl_var_mean,mae_class_0,mae_class_1,mae_class_2,mae_class_3,mae_class_4,mae_class_5,mae_mean,mse_class_0,mse_class_1,mse_class_2,mse_class_3,mse_class_4,mse_class_5,mse_mean,r2_class_0,r2_class_1,r2_class_2,r2_class_3,r2_class_4,r2_class_5,r2_mean,time
0.8620428799031737,0.8624285955086249,0.8767537563112728,0.6203176181857135,0.36914895782233104,0.8546382395236258,0.7408883412091235,0.06686369727006608,0.09612314132155411,0.08040965955238671,0.0663986875784357,0.037414018316001385,0.043990960074779005,0.06520002735220383,0.013967650208828859,0.019539098643540382,0.015185546910998457,0.015522555510421032,0.007490418105493938,0.006428632091622204,0.013022316911817476,0.8604133848203283,0.8554717698529799,0.8767495510483596,0.6061593133600798,0.3427743060914914,0.8544068146254462,0.7326625232997808,4.991722822189331
