expl_var_class_0,expl_var_class_1,expl_var_class_2,expl_var_class_3,expl_var_class_4,expl_var_class_5,expl_var_mean,mae_class_0,mae_class_1,mae_class_2,mae_class_3,mae_class_4,mae_class_5,mae_mean,mse_class_0,mse_class_1,mse_class_2,mse_class_3,mse_class_4,mse_class_5,mse_mean,r2_class_0,r2_class_1,r2_class_2,r2_class_3,r2_class_4,r2_class_5,r2_mean,time
0.8726776271690095,0.8779069050844104,0.89546512209973,0.9116270629350245,0.8013108166221083,0.8921630599851051,0.8751917656492313,0.06309806322818529,0.09258670764976969,0.07459211617901493,0.028150071370166018,0.021401335857546375,0.03793687892062562,0.05296086220088466,0.012865252934642123,0.016546777509102755,0.012889962585243263,0.00352794133051105,0.002368251404054379,0.0047765983923076455,0.008829130692643536,0.8714302632348346,0.8776055890982587,0.8953812012888102,0.9104885252237608,0.7922044336566709,0.8918214380167531,0.8731552417531815,19.990358591079712
