expl_var_class_0,expl_var_class_1,expl_var_class_2,expl_var_class_3,expl_var_class_4,expl_var_class_5,expl_var_mean,mae_class_0,mae_class_1,mae_class_2,mae_class_3,mae_class_4,mae_class_5,mae_mean,mse_class_0,mse_class_1,mse_class_2,mse_class_3,mse_class_4,mse_class_5,mse_mean,r2_class_0,r2_class_1,r2_class_2,r2_class_3,r2_class_4,r2_class_5,r2_mean,time
0.860880090632733,0.8855614153287824,0.9073715144949279,0.9075660660967697,0.7807162427276908,0.8855708317869866,0.871277693511315,0.0670484745684107,0.09116919057594129,0.07074357493461735,0.029046658985121064,0.021402113816965045,0.03783672431896181,0.05287445620000287,0.013978365267225824,0.015493211277292411,0.011441872016350404,0.0037058076798715486,0.0025896807034285663,0.005052651551177617,0.008710264749224395,0.860306303191656,0.8853986846552307,0.907134338254158,0.9059756726129103,0.77277574184224,0.885569492321344,0.8695267054795899,23.537957429885864
