expl_var_class_0,expl_var_class_1,expl_var_class_2,expl_var_class_3,expl_var_class_4,expl_var_class_5,expl_var_mean,mae_class_0,mae_class_1,mae_class_2,mae_class_3,mae_class_4,mae_class_5,mae_mean,mse_class_0,mse_class_1,mse_class_2,mse_class_3,mse_class_4,mse_class_5,mse_mean,r2_class_0,r2_class_1,r2_class_2,r2_class_3,r2_class_4,r2_class_5,r2_mean,time
0.8719609411485248,0.87441091245271,0.8895632968589614,0.9031502091037881,0.7879787204725871,0.8746183504335083,0.8669470717450132,0.06509702893082041,0.09362117396532142,0.07655363470949428,0.029446529133477586,0.021280285957083263,0.040014303595731895,0.054335492715321475,0.012867146725992006,0.017067239009788616,0.013630198956576117,0.003888972485939015,0.0025043686865446617,0.005550742656953047,0.009251444753632243,0.8714113375085719,0.8737558015043638,0.8893732210934423,0.9013283867364675,0.7802612050975066,0.8742889166618525,0.8650698114337008,23.687801837921143
