expl_var_class_0,expl_var_class_1,expl_var_class_2,expl_var_class_3,expl_var_class_4,expl_var_class_5,expl_var_mean,mae_class_0,mae_class_1,mae_class_2,mae_class_3,mae_class_4,mae_class_5,mae_mean,mse_class_0,mse_class_1,mse_class_2,mse_class_3,mse_class_4,mse_class_5,mse_mean,r2_class_0,r2_class_1,r2_class_2,r2_class_3,r2_class_4,r2_class_5,r2_mean,time
0.871796680489162,0.8769064558805207,0.8840243339555232,0.911955612920441,0.7984506676606775,0.8674815576333887,0.8684358847566189,0.06298055376261873,0.0930203741208223,0.07668595281525561,0.027711115862822943,0.021578690887947904,0.040745867021495054,0.05378709241182709,0.01296026163904109,0.01667652285144069,0.014336856168992555,0.003517498389402505,0.0024085475528365457,0.005898510582757321,0.009299699530745116,0.870480787606409,0.8766458792856404,0.8836377794135539,0.9107534851457252,0.7886687612853549,0.8664128025263228,0.8660999158771677,26.59943675994873
