expl_var_class_0,expl_var_class_1,expl_var_class_2,expl_var_class_3,expl_var_class_4,expl_var_class_5,expl_var_mean,mae_class_0,mae_class_1,mae_class_2,mae_class_3,mae_class_4,mae_class_5,mae_mean,mse_class_0,mse_class_1,mse_class_2,mse_class_3,mse_class_4,mse_class_5,mse_mean,r2_class_0,r2_class_1,r2_class_2,r2_class_3,r2_class_4,r2_class_5,r2_mean,time
0.8898009057238319,0.8787965806672291,0.8858139567883818,0.9102449412069046,0.7790657714732834,0.885568766015218,0.8715484869791413,0.05831443473252878,0.09244753222440466,0.07849347839267448,0.029175304659949795,0.024496214722708125,0.03823906606448091,0.0535276717994578,0.01117299936216563,0.016437281001686704,0.014092225792722747,0.003604398887437616,0.002680096498333077,0.005062915453566799,0.008841652832652095,0.88834190869245,0.8784155208516538,0.8856232728488036,0.9085486322274977,0.7648424619225488,0.8853370394103799,0.8685181393255555,14.727853059768677
