expl_var_class_0,expl_var_class_1,expl_var_class_2,expl_var_class_3,expl_var_class_4,expl_var_class_5,expl_var_mean,mae_class_0,mae_class_1,mae_class_2,mae_class_3,mae_class_4,mae_class_5,mae_mean,mse_class_0,mse_class_1,mse_class_2,mse_class_3,mse_class_4,mse_class_5,mse_mean,r2_class_0,r2_class_1,r2_class_2,r2_class_3,r2_class_4,r2_class_5,r2_mean,time
0.8629149131533171,0.8635007798227361,0.8794510654642913,0.9075330833718288,0.802055948759499,0.8899849919721802,0.8675734637573087,0.0665494130319803,0.09819691905190822,0.07831331025876236,0.029069604606408447,0.022228842359065828,0.03758104321432202,0.0553231887537412,0.013776884709425176,0.01845882950855976,0.014930473281004978,0.0037025704477590678,0.002374541665180248,0.004857776235879942,0.009683512641301528,0.8623198121690019,0.8634623833919939,0.8788198050600641,0.906057808168305,0.7916525123653504,0.8899829534590615,0.8653825457689628,16.671026945114136
