expl_var_class_0,expl_var_class_1,expl_var_class_2,expl_var_class_3,expl_var_class_4,expl_var_class_5,expl_var_mean,mae_class_0,mae_class_1,mae_class_2,mae_class_3,mae_class_4,mae_class_5,mae_mean,mse_class_0,mse_class_1,mse_class_2,mse_class_3,mse_class_4,mse_class_5,mse_mean,r2_class_0,r2_class_1,r2_class_2,r2_class_3,r2_class_4,r2_class_5,r2_mean,time
0.8705034684457701,0.8654934557744691,0.8667594950905615,0.6401006045392044,0.36038812118839203,0.8462497636432069,0.7415824847802673,0.06671579391012811,0.09386059061981708,0.08327655252604822,0.06342634486300586,0.03501103838600094,0.04561635484892786,0.06465111252565468,0.013044952635078422,0.019227655495802312,0.01641651522877299,0.014627821366094513,0.007500600970166735,0.0068216625822074915,0.012939868046353746,0.8696344226633942,0.8577754752467229,0.8667586433319525,0.6288606468824606,0.34188083923739854,0.8455056113433035,0.7350692731175387,4.230417490005493
