expl_var_class_0,expl_var_class_1,expl_var_class_2,expl_var_class_3,expl_var_class_4,expl_var_class_5,expl_var_mean,mae_class_0,mae_class_1,mae_class_2,mae_class_3,mae_class_4,mae_class_5,mae_mean,mse_class_0,mse_class_1,mse_class_2,mse_class_3,mse_class_4,mse_class_5,mse_mean,r2_class_0,r2_class_1,r2_class_2,r2_class_3,r2_class_4,r2_class_5,r2_mean,time
0.8771637688304167,0.88893613011897,0.8995658856749018,0.9122548349089796,0.7851789581561108,0.8767763045342013,0.8733126470372633,0.06254252862723345,0.0885955781901125,0.07218008566682566,0.029023263082286734,0.022346153848187472,0.04109320472230211,0.05263013568949133,0.012396562688846195,0.015043881704001855,0.01246656527570339,0.003521540480821602,0.0025531457640117963,0.005490436293217738,0.00857868870110043,0.8761141495006167,0.8887223184197734,0.8988176207204942,0.9106509285751341,0.7759813974641179,0.8756547119771612,0.8709901877762162,18.1982638835907
