expl_var_class_0,expl_var_class_1,expl_var_class_2,expl_var_class_3,expl_var_class_4,expl_var_class_5,expl_var_mean,mae_class_0,mae_class_1,mae_class_2,mae_class_3,mae_class_4,mae_class_5,mae_mean,mse_class_0,mse_class_1,mse_class_2,mse_class_3,mse_class_4,mse_class_5,mse_mean,r2_class_0,r2_class_1,r2_class_2,r2_class_3,r2_class_4,r2_class_5,r2_mean,time
0.8699743828564479,0.8787034880244005,0.8948868065354743,0.90513985281379,0.7093841607711672,0.8909973103384267,0.8581810002232845,0.06233258525921177,0.09037861230653299,0.07472810606968937,0.02789697008066146,0.02551146193040869,0.03779397002883893,0.05310695094589054,0.013164172432850969,0.01643956796606179,0.012974075309622529,0.003773706204033729,0.0034996328279931475,0.004829075530707382,0.009113371711878258,0.8684429919084232,0.8783986044667391,0.8946985172140745,0.9042529407238269,0.6929345489918921,0.8906329559835511,0.8548934265480844,5.112567186355591
