expl_var_class_0,expl_var_class_1,expl_var_class_2,expl_var_class_3,expl_var_class_4,expl_var_class_5,expl_var_mean,mae_class_0,mae_class_1,mae_class_2,mae_class_3,mae_class_4,mae_class_5,mae_mean,mse_class_0,mse_class_1,mse_class_2,mse_class_3,mse_class_4,mse_class_5,mse_mean,r2_class_0,r2_class_1,r2_class_2,r2_class_3,r2_class_4,r2_class_5,r2_mean,time
0.8820256903172874,0.8812487860673427,0.8843337978801153,0.8997415138715464,0.8076290840812432,0.8806755738161961,0.8726090743389552,0.06305351378443351,0.09120493345692507,0.07750573230563941,0.03035917012709098,0.02098202803555628,0.03979680780923319,0.05381703091981307,0.011851373207582092,0.01613233474980289,0.01427391212678561,0.004035338917808623,0.002291770040633289,0.005270430316152672,0.00897585989312753,0.8815625358206803,0.8806711695322189,0.8841486521207607,0.8976147549192154,0.798915076031711,0.8806373226703578,0.8705915851824907,19.02977204322815
