expl_var_class_0,expl_var_class_1,expl_var_class_2,expl_var_class_3,expl_var_class_4,expl_var_class_5,expl_var_mean,mae_class_0,mae_class_1,mae_class_2,mae_class_3,mae_class_4,mae_class_5,mae_mean,mse_class_0,mse_class_1,mse_class_2,mse_class_3,mse_class_4,mse_class_5,mse_mean,r2_class_0,r2_class_1,r2_class_2,r2_class_3,r2_class_4,r2_class_5,r2_mean,time
0.8939003282868552,0.8839283534367212,0.8913704431859584,0.9193980218960798,0.8071466211314187,0.8856842341303095,0.880238000344557,0.05848770591978337,0.09130506800208628,0.07496250167501052,0.027216680489308694,0.020832068354190807,0.03990059062075532,0.0521174358435225,0.0107193918957695,0.015730717990013632,0.013420013090951621,0.003210786788436774,0.0022844547728490196,0.005099591764148469,0.008410826050361503,0.8928750642274046,0.8836418776773929,0.8910791525592854,0.9185354194698561,0.7995569336527317,0.8845064084442167,0.8783658093384812,6.401546239852905
