expl_var_class_0,expl_var_class_1,expl_var_class_2,expl_var_class_3,expl_var_class_4,expl_var_class_5,expl_var_mean,mae_class_0,mae_class_1,mae_class_2,mae_class_3,mae_class_4,mae_class_5,mae_mean,mse_class_0,mse_class_1,mse_class_2,mse_class_3,mse_class_4,mse_class_5,mse_mean,r2_class_0,r2_class_1,r2_class_2,r2_class_3,r2_class_4,r2_class_5,r2_mean,time
0.8750812903660214,0.8842363856489562,0.8886771043445473,0.8880991347811183,0.7868509718305057,0.8832564922563968,0.8677002298712576,0.06191764541893715,0.0907072479146992,0.07697360879717687,0.032133547413187906,0.022155919339085662,0.03807006214808205,0.05365967183852815,0.012618781249970503,0.01570890854048348,0.013727395376124,0.004530199316377728,0.0025470323012966884,0.0051548004599985325,0.009047852874041822,0.8738933939466272,0.8838031994045912,0.8885843458282985,0.8850590801121568,0.7765178060755641,0.8832560631491949,0.8651856480860721,8.4151930809021
