expl_var_class_0,expl_var_class_1,expl_var_class_2,expl_var_class_3,expl_var_class_4,expl_var_class_5,expl_var_mean,mae_class_0,mae_class_1,mae_class_2,mae_class_3,mae_class_4,mae_class_5,mae_mean,mse_class_0,mse_class_1,mse_class_2,mse_class_3,mse_class_4,mse_class_5,mse_mean,r2_class_0,r2_class_1,r2_class_2,r2_class_3,r2_class_4,r2_class_5,r2_mean,time
0.8574252987000519,0.8822547879419704,0.885711416872893,0.8816442148761265,0.7641179654574336,0.8988743202369278,0.8616713340142339,0.06172102568062342,0.09144428400931542,0.07821437854423846,0.03260734875396983,0.023099459048318078,0.03554819588648366,0.05377244865382481,0.014594653444836032,0.015967129408286453,0.014082678975895175,0.004799819819517306,0.0028165665109403403,0.00447610617010903,0.009456159054930722,0.8541473874540984,0.8818931724534284,0.8857007576747998,0.8782182268765281,0.7528682840501912,0.8986268702123814,0.858575783120238,18.73383116722107
