expl_var_class_0,expl_var_class_1,expl_var_class_2,expl_var_class_3,expl_var_class_4,expl_var_class_5,expl_var_mean,mae_class_0,mae_class_1,mae_class_2,mae_class_3,mae_class_4,mae_class_5,mae_mean,mse_class_0,mse_class_1,mse_class_2,mse_class_3,mse_class_4,mse_class_5,mse_mean,r2_class_0,r2_class_1,r2_class_2,r2_class_3,r2_class_4,r2_class_5,r2_mean,time
0.8787407862549043,0.8790938887450662,0.8817064276730251,0.90197079093379,0.7904115217860196,0.8909252727041057,0.8704747813494852,0.06264161717929041,0.09190681652313322,0.08043847320929719,0.029741535543727528,0.020908604808412886,0.03772116381454886,0.05389303517973502,0.012230690340855326,0.01644901897447125,0.014575008218291134,0.003941655799755836,0.0024750472589704087,0.004818282838966029,0.009081617238551663,0.8777718055316445,0.878328696558322,0.8817048660211793,0.8999916975248133,0.7828339313876107,0.890877384712244,0.8685847302893023,16.75209927558899
