expl_var_class_0,expl_var_class_1,expl_var_class_2,expl_var_class_3,expl_var_class_4,expl_var_class_5,expl_var_mean,mae_class_0,mae_class_1,mae_class_2,mae_class_3,mae_class_4,mae_class_5,mae_mean,mse_class_0,mse_class_1,mse_class_2,mse_class_3,mse_class_4,mse_class_5,mse_mean,r2_class_0,r2_class_1,r2_class_2,r2_class_3,r2_class_4,r2_class_5,r2_mean,time
0.8841044059861347,0.8810390332447524,0.8848093412338334,0.8915169859679571,0.8082399713659063,0.893165779756634,0.873812586259203,0.06171328531730445,0.09203256458915429,0.0777509498344077,0.032617632864159314,0.020414705151980867,0.03718444106265634,0.053618929803277156,0.011678893176867438,0.016133912516787443,0.01421366641780218,0.004416327331192151,0.0022728537077654877,0.0047173956755592415,0.008905508137662324,0.8832862261561046,0.8806594989902957,0.8846376243469924,0.8879482577868272,0.8005748365177279,0.8931622383598713,0.8717114470263033,16.252646684646606
