expl_var_class_0,expl_var_class_1,expl_var_class_2,expl_var_class_3,expl_var_class_4,expl_var_class_5,expl_var_mean,mae_class_0,mae_class_1,mae_class_2,mae_class_3,mae_class_4,mae_class_5,mae_mean,mse_class_0,mse_class_1,mse_class_2,mse_class_3,mse_class_4,mse_class_5,mse_mean,r2_class_0,r2_class_1,r2_class_2,r2_class_3,r2_class_4,r2_class_5,r2_mean,time
0.8827416036136189,0.8801781840623839,0.8904100361239734,0.9002322589969195,0.7914789415658301,0.8932796167218091,0.8730534401807558,0.05879029761260402,0.09171392500715485,0.07660532520272982,0.029949594966642335,0.021328513218354748,0.03750557644278539,0.052648872075045205,0.01189992692064372,0.016246805433704773,0.01351620013558317,0.004011222224306872,0.002477097142041932,0.0047334480042974586,0.008814116643429655,0.8810773111508649,0.8798244444273469,0.8902984696834132,0.8982266474082993,0.7826540701562164,0.8927986913967899,0.8708132723704883,22.28196907043457
