expl_var_class_0,expl_var_class_1,expl_var_class_2,expl_var_class_3,expl_var_class_4,expl_var_class_5,expl_var_mean,mae_class_0,mae_class_1,mae_class_2,mae_class_3,mae_class_4,mae_class_5,mae_mean,mse_class_0,mse_class_1,mse_class_2,mse_class_3,mse_class_4,mse_class_5,mse_mean,r2_class_0,r2_class_1,r2_class_2,r2_class_3,r2_class_4,r2_class_5,r2_mean,time
0.8831284341116906,0.8784275871736342,0.8857512205722013,0.908831641455511,0.7843854390540441,0.8944289540182601,0.8724922127308902,0.06353853954172752,0.09172620051085109,0.07501462920375414,0.030226017872642712,0.0234826927290052,0.037151469467931776,0.053523258220985415,0.011723828154060539,0.016492047851874518,0.014170625775211913,0.0036772842704299686,0.0025885984679563305,0.004665421525094677,0.008886301007437992,0.882837165557093,0.878010417419158,0.8849869550990233,0.9066993729824946,0.7728706995534378,0.8943393289159063,0.8699573232545187,20.332547426223755
