expl_var_class_0,expl_var_class_1,expl_var_class_2,expl_var_class_3,expl_var_class_4,expl_var_class_5,expl_var_mean,mae_class_0,mae_class_1,mae_class_2,mae_class_3,mae_class_4,mae_class_5,mae_mean,mse_class_0,mse_class_1,mse_class_2,mse_class_3,mse_class_4,mse_class_5,mse_mean,r2_class_0,r2_class_1,r2_class_2,r2_class_3,r2_class_4,r2_class_5,r2_mean,time
0.869622277020183,0.8813901057942163,0.8985648573020173,0.9108178620676008,0.8051584410246052,0.867095261447352,0.872108134109329,0.0636667522844943,0.09067399348225588,0.07233230549481305,0.02784678337231872,0.02125404586657401,0.04183855046637519,0.05293540516113853,0.013163274411255147,0.016046811721703868,0.012559940625799269,0.0035610686464608602,0.002311008432561291,0.005902352510499127,0.008924076058046593,0.8684519663452859,0.8813037725050307,0.8980597583999743,0.9096480138239817,0.797227057378214,0.8663257920254983,0.8701693934129975,18.934356927871704
