expl_var_class_0,expl_var_class_1,expl_var_class_2,expl_var_class_3,expl_var_class_4,expl_var_class_5,expl_var_mean,mae_class_0,mae_class_1,mae_class_2,mae_class_3,mae_class_4,mae_class_5,mae_mean,mse_class_0,mse_class_1,mse_class_2,mse_class_3,mse_class_4,mse_class_5,mse_mean,r2_class_0,r2_class_1,r2_class_2,r2_class_3,r2_class_4,r2_class_5,r2_mean,time
0.890529664366279,0.8865308301443483,0.887989048775965,0.9010016056668043,0.7962509779314757,0.8860534822635165,0.8747259348580648,0.059409724727584184,0.0906187222544315,0.07465123213316521,0.030396313057990457,0.02111555532557519,0.03991552776906595,0.05268451254463541,0.01105893652217852,0.015369114771090792,0.013886700672932578,0.0039748240475242875,0.0024029211803383247,0.0050854824747096385,0.008629663278129023,0.8894818030564653,0.8863166107446555,0.8872913763049017,0.8991501475965814,0.7891624315340983,0.8848259502010778,0.8727047199062966,17.84346652030945
