expl_var_class_0,expl_var_class_1,expl_var_class_2,expl_var_class_3,expl_var_class_4,expl_var_class_5,expl_var_mean,mae_class_0,mae_class_1,mae_class_2,mae_class_3,mae_class_4,mae_class_5,mae_mean,mse_class_0,mse_class_1,mse_class_2,mse_class_3,mse_class_4,mse_class_5,mse_mean,r2_class_0,r2_class_1,r2_class_2,r2_class_3,r2_class_4,r2_class_5,r2_mean,time
0.8846022265891326,0.8643335817225563,0.8718352577327506,0.9063483627074377,0.7828334336490096,0.8854639917041109,0.8659028090174997,0.060251181228501295,0.09697472979035188,0.08171207509449696,0.02814129964934767,0.02136855787563369,0.03869386612224922,0.054523618293430116,0.011659690694802884,0.018379786664810247,0.015797470798575065,0.0037345287490571314,0.0025636652657763776,0.005068634409503825,0.009533962763754256,0.8834781274017949,0.8640470532645051,0.8717829934189189,0.9052469571896355,0.7750583933341176,0.8852075186974161,0.8641368405510647,18.8626549243927
