expl_var_class_0,expl_var_class_1,expl_var_class_2,expl_var_class_3,expl_var_class_4,expl_var_class_5,expl_var_mean,mae_class_0,mae_class_1,mae_class_2,mae_class_3,mae_class_4,mae_class_5,mae_mean,mse_class_0,mse_class_1,mse_class_2,mse_class_3,mse_class_4,mse_class_5,mse_mean,r2_class_0,r2_class_1,r2_class_2,r2_class_3,r2_class_4,r2_class_5,r2_mean,time
0.8652023121762411,0.8908474945449911,0.9073704799452768,0.8933173004565184,0.7665033065705606,0.8944271524533407,0.8696113410244882,0.06642476576423,0.08897088417768634,0.06994617209647448,0.030425326263390316,0.024082718069200128,0.03675240085303912,0.05276704453733674,0.013558867376407824,0.014842479372068408,0.011435634705652632,0.004286871151378183,0.0028135475395194313,0.004662610416916326,0.008600001760323802,0.8644985824783525,0.8902120658801276,0.907184962136739,0.8912328400654014,0.7531331752163521,0.8944029938119971,0.8667774365981616,6.424219608306885
