expl_var_class_0,expl_var_class_1,expl_var_class_2,expl_var_class_3,expl_var_class_4,expl_var_class_5,expl_var_mean,mae_class_0,mae_class_1,mae_class_2,mae_class_3,mae_class_4,mae_class_5,mae_mean,mse_class_0,mse_class_1,mse_class_2,mse_class_3,mse_class_4,mse_class_5,mse_mean,r2_class_0,r2_class_1,r2_class_2,r2_class_3,r2_class_4,r2_class_5,r2_mean,time
0.8759188746568624,0.8657284983002697,0.8892269069554994,0.8911514056756638,0.7618092209764717,0.8895497274593858,0.8622307723373588,0.06127238481878397,0.09566221335841624,0.07638755131590849,0.03255568948178404,0.02632692660246798,0.03806353280784819,0.055044716397534825,0.012589954056095894,0.018296731281420328,0.013683053704444533,0.004403730543632739,0.002930095822522429,0.0049100773993059335,0.009468940467903642,0.8741814803718974,0.8646614033829276,0.8889442361222596,0.8882678654350991,0.7429069735422016,0.8887984568393361,0.8579600692822869,21.402150630950928
