expl_var_class_0,expl_var_class_1,expl_var_class_2,expl_var_class_3,expl_var_class_4,expl_var_class_5,expl_var_mean,mae_class_0,mae_class_1,mae_class_2,mae_class_3,mae_class_4,mae_class_5,mae_mean,mse_class_0,mse_class_1,mse_class_2,mse_class_3,mse_class_4,mse_class_5,mse_mean,r2_class_0,r2_class_1,r2_class_2,r2_class_3,r2_class_4,r2_class_5,r2_mean,time
0.8934895011380085,0.8929791605762868,0.8965050099062865,0.9116784437480269,0.8078186867365721,0.8867263082519826,0.8815328517261939,0.05858348104856067,0.08736635869688743,0.07363805083603189,0.02844849143210346,0.020903097512216116,0.038950544329621764,0.05131500397590355,0.010733769274002214,0.01455448842722026,0.012768036172560655,0.003534027947286464,0.0022703792459435996,0.005035529292407175,0.008149371726570062,0.892731382968735,0.8923422983087883,0.8963707925883708,0.9103340946386336,0.8007919512188082,0.885957270648003,0.8797546317285564,5.1365344524383545
