expl_var_class_0,expl_var_class_1,expl_var_class_2,expl_var_class_3,expl_var_class_4,expl_var_class_5,expl_var_mean,mae_class_0,mae_class_1,mae_class_2,mae_class_3,mae_class_4,mae_class_5,mae_mean,mse_class_0,mse_class_1,mse_class_2,mse_class_3,mse_class_4,mse_class_5,mse_mean,r2_class_0,r2_class_1,r2_class_2,r2_class_3,r2_class_4,r2_class_5,r2_mean,time
0.8733141943749796,0.8807244103233147,0.9053849399268186,0.9049953983043373,0.7767202379211826,0.8853668494254708,0.8710843383793505,0.060620340261910675,0.09120395356041537,0.06928255149135544,0.030404926984531,0.02412772419786818,0.04114945203259025,0.052798158088111814,0.012884495623135638,0.016170742743202005,0.01175146492456329,0.0038242525197758957,0.0026985217346836873,0.005152418934207858,0.008746982746594729,0.8712379601835978,0.8803870704849321,0.9046215894441797,0.9029704717588649,0.7632257913208002,0.8833099990287062,0.8676254803701803,15.153204202651978
