expl_var_class_0,expl_var_class_1,expl_var_class_2,expl_var_class_3,expl_var_class_4,expl_var_class_5,expl_var_mean,mae_class_0,mae_class_1,mae_class_2,mae_class_3,mae_class_4,mae_class_5,mae_mean,mse_class_0,mse_class_1,mse_class_2,mse_class_3,mse_class_4,mse_class_5,mse_mean,r2_class_0,r2_class_1,r2_class_2,r2_class_3,r2_class_4,r2_class_5,r2_mean,time
0.8773582565348098,0.8846083216477996,0.8962003909828201,0.9095929496634296,0.7890924710159594,0.8913200387821295,0.874695404771158,0.06334555033592953,0.0901973206730549,0.07424405571702386,0.029548074894200183,0.02194306901124573,0.03789254385581133,0.05286176908121092,0.012350624224560333,0.015704314090753572,0.012817215710017767,0.0036378779844559376,0.0025129648711405563,0.004826729902431216,0.008641621130559897,0.8765732385127516,0.8838371839655004,0.8959716367261322,0.9076991953838718,0.7795069570293168,0.8906860788699699,0.8723790484145905,11.177036762237549
