expl_var_class_0,expl_var_class_1,expl_var_class_2,expl_var_class_3,expl_var_class_4,expl_var_class_5,expl_var_mean,mae_class_0,mae_class_1,mae_class_2,mae_class_3,mae_class_4,mae_class_5,mae_mean,mse_class_0,mse_class_1,mse_class_2,mse_class_3,mse_class_4,mse_class_5,mse_mean,r2_class_0,r2_class_1,r2_class_2,r2_class_3,r2_class_4,r2_class_5,r2_mean,time
0.8741609597876903,0.886238737949437,0.887219206805273,0.8877339102434685,0.7906465364042263,0.8919529040066556,0.8696587091994585,0.06008655779480968,0.09084915983606406,0.07626851318640113,0.0321455881856426,0.021789159217632196,0.03853114777524886,0.05327835433263309,0.012867562830654431,0.015388053694736881,0.013957966882965998,0.004547688327675674,0.002488750100360409,0.004808923556572003,0.0090098242321609,0.8714071791397324,0.88617652193271,0.8867129583899475,0.8846153462041924,0.781631614065103,0.8910893501377256,0.8669388283115684,14.508349180221558
