expl_var_class_0,expl_var_class_1,expl_var_class_2,expl_var_class_3,expl_var_class_4,expl_var_class_5,expl_var_mean,mae_class_0,mae_class_1,mae_class_2,mae_class_3,mae_class_4,mae_class_5,mae_mean,mse_class_0,mse_class_1,mse_class_2,mse_class_3,mse_class_4,mse_class_5,mse_mean,r2_class_0,r2_class_1,r2_class_2,r2_class_3,r2_class_4,r2_class_5,r2_mean,time
0.8682230421547003,0.884298209575882,0.8899947280508804,0.8985089519247027,0.6341208145718735,0.8807094633708837,0.8426425349414871,0.060252122594121625,0.09073318798118628,0.07864232095487908,0.031039421341096933,0.03279707093668185,0.03885177871457212,0.05538598375375631,0.013634394149634238,0.01573209801529509,0.013554175841811211,0.004051826270294228,0.004556261936282771,0.005288030349157147,0.009469464427079114,0.8637438007883405,0.8836316698057235,0.8899902474725641,0.8971964352540388,0.6002235962628011,0.880238723896731,0.8358374122466999,7.038752794265747
