expl_var_class_0,expl_var_class_1,expl_var_class_2,expl_var_class_3,expl_var_class_4,expl_var_class_5,expl_var_mean,mae_class_0,mae_class_1,mae_class_2,mae_class_3,mae_class_4,mae_class_5,mae_mean,mse_class_0,mse_class_1,mse_class_2,mse_class_3,mse_class_4,mse_class_5,mse_mean,r2_class_0,r2_class_1,r2_class_2,r2_class_3,r2_class_4,r2_class_5,r2_mean,time
0.8798440399099129,0.8898191351142196,0.8898650561771414,0.9135402066174814,0.7766018401398216,0.8984896538686258,0.8746933219712004,0.06093721513781699,0.09004552306926818,0.077412380605076,0.028930425279781343,0.025134347715881952,0.03619690381516387,0.05310946593716473,0.012186768261434121,0.01495920642717169,0.013577921646168627,0.0034759697265961897,0.002731579932825702,0.004485260398083804,0.008569451065380023,0.8782107436713025,0.8893486506841596,0.8897975194091678,0.9118071568213649,0.7603251925949006,0.898419548780466,0.8713181353268936,20.358870267868042
