expl_var_class_0,expl_var_class_1,expl_var_class_2,expl_var_class_3,expl_var_class_4,expl_var_class_5,expl_var_mean,mae_class_0,mae_class_1,mae_class_2,mae_class_3,mae_class_4,mae_class_5,mae_mean,mse_class_0,mse_class_1,mse_class_2,mse_class_3,mse_class_4,mse_class_5,mse_mean,r2_class_0,r2_class_1,r2_class_2,r2_class_3,r2_class_4,r2_class_5,r2_mean,time
0.8640164359178824,0.8809970646018883,0.8993056136511594,0.9132987504717204,0.7982423517573191,0.8891126614192442,0.8741621463032022,0.0663941336626563,0.09242748343395478,0.07137278285564816,0.027047183909375692,0.02127118561083855,0.038534586255427564,0.05284122595465018,0.013651240629596635,0.01610387213770867,0.012472369295019317,0.0034560679876467905,0.0023836936550802276,0.00490707147543699,0.008829052530081438,0.8635754444019414,0.8808817038575932,0.8987705135606004,0.9123121068296222,0.7908494967221721,0.8888665338462072,0.8725426332030227,22.928293704986572
