expl_var_class_0,expl_var_class_1,expl_var_class_2,expl_var_class_3,expl_var_class_4,expl_var_class_5,expl_var_mean,mae_class_0,mae_class_1,mae_class_2,mae_class_3,mae_class_4,mae_class_5,mae_mean,mse_class_0,mse_class_1,mse_class_2,mse_class_3,mse_class_4,mse_class_5,mse_mean,r2_class_0,r2_class_1,r2_class_2,r2_class_3,r2_class_4,r2_class_5,r2_mean,time
0.8818386541399321,0.8766606203494415,0.889686976382504,0.9089449596781496,0.7660484985553632,0.887413610101403,0.8684322198677988,0.0600261207162221,0.09407466131363008,0.07692481400542464,0.0293328917753047,0.024658007164421875,0.03727110308959394,0.05371459967743288,0.01197087201433601,0.01672904888388393,0.013616009014418614,0.0036584225798132457,0.0028496173317053984,0.004977865446875193,0.008966972545172066,0.88036831677142,0.8762573508972966,0.8894883909158899,0.9071779347230979,0.7499683326315076,0.8872632192280887,0.8650872575278834,21.181437730789185
