expl_var_class_0,expl_var_class_1,expl_var_class_2,expl_var_class_3,expl_var_class_4,expl_var_class_5,expl_var_mean,mae_class_0,mae_class_1,mae_class_2,mae_class_3,mae_class_4,mae_class_5,mae_mean,mse_class_0,mse_class_1,mse_class_2,mse_class_3,mse_class_4,mse_class_5,mse_mean,r2_class_0,r2_class_1,r2_class_2,r2_class_3,r2_class_4,r2_class_5,r2_mean,time
0.8714314048319439,0.8738262180307463,0.8874729669187631,0.907475366710523,0.7928255479454488,0.8920810058284555,0.8708520850443134,0.06181283498951124,0.09512147255612349,0.07596991598981191,0.029307604623625076,0.023399270869276293,0.03751624849702144,0.05385455792089491,0.013012139374931965,0.017058279286248798,0.013921762513407649,0.003712232509603686,0.0024971121360924725,0.004765622797126329,0.00916119143623515,0.8699623440995967,0.8738220754410198,0.8870068039016192,0.9058126608361735,0.780897910731178,0.8920700090721588,0.8682619673469576,17.784655332565308
