expl_var_class_0,expl_var_class_1,expl_var_class_2,expl_var_class_3,expl_var_class_4,expl_var_class_5,expl_var_mean,mae_class_0,mae_class_1,mae_class_2,mae_class_3,mae_class_4,mae_class_5,mae_mean,mse_class_0,mse_class_1,mse_class_2,mse_class_3,mse_class_4,mse_class_5,mse_mean,r2_class_0,r2_class_1,r2_class_2,r2_class_3,r2_class_4,r2_class_5,r2_mean,time
0.8489933754284857,0.8568846783745718,0.8843728935365106,0.9091788216954104,0.7721583269803354,0.8771260020616304,0.8581190163461575,0.06873311620185678,0.10016573773084218,0.07923991691112567,0.027980129046633623,0.023407645651877612,0.03946823716115988,0.056499130450582614,0.015206158323872475,0.019395329053826415,0.014253663132245954,0.003616589487366102,0.002733639559638992,0.005427999426219231,0.010105563163861526,0.8480362739200125,0.8565352152416029,0.8843129990278862,0.9082393304348152,0.7601444764262578,0.8770687581103916,0.8557228421934943,4.215166330337524
