expl_var_class_0,expl_var_class_1,expl_var_class_2,expl_var_class_3,expl_var_class_4,expl_var_class_5,expl_var_mean,mae_class_0,mae_class_1,mae_class_2,mae_class_3,mae_class_4,mae_class_5,mae_mean,mse_class_0,mse_class_1,mse_class_2,mse_class_3,mse_class_4,mse_class_5,mse_mean,r2_class_0,r2_class_1,r2_class_2,r2_class_3,r2_class_4,r2_class_5,r2_mean,time
0.8460697753641204,0.8804129658207241,0.8970105875728692,0.8996413044355014,0.7303035726545987,0.8946168471650321,0.858009175502141,0.06452715180581536,0.09279755872215883,0.07332778998773228,0.030319845138813473,0.025877361532061906,0.038169215662935234,0.05416982047491951,0.015789609137924827,0.016197332257382076,0.012726303664670612,0.004055393512779302,0.003281023008539976,0.004700040149743178,0.009458283621839996,0.8422055204976571,0.8801903912268444,0.8967095061272029,0.8971059266242717,0.7121158534613907,0.8935552996288003,0.8536470829276944,5.143646240234375
