expl_var_class_0,expl_var_class_1,expl_var_class_2,expl_var_class_3,expl_var_class_4,expl_var_class_5,expl_var_mean,mae_class_0,mae_class_1,mae_class_2,mae_class_3,mae_class_4,mae_class_5,mae_mean,mse_class_0,mse_class_1,mse_class_2,mse_class_3,mse_class_4,mse_class_5,mse_mean,r2_class_0,r2_class_1,r2_class_2,r2_class_3,r2_class_4,r2_class_5,r2_mean,time
0.8905022883051249,0.8828008003872501,0.8849070061508414,0.9054367364984691,0.7941241923041282,0.8933082413552186,0.8751798775001721,0.05881463074426782,0.09061515016897384,0.07911587222016507,0.02897234667584874,0.022170549464761716,0.03742207384784555,0.05285177052031046,0.011087831749059937,0.01592608979673786,0.01418160223554198,0.003776054189390953,0.002466744924528416,0.00472370882049435,0.008693671952625584,0.8891930367389442,0.8821967372458094,0.88489786685798,0.9041933672750678,0.7835623963995568,0.8930192606831691,0.8728437775334212,20.57284164428711
