expl_var_class_0,expl_var_class_1,expl_var_class_2,expl_var_class_3,expl_var_class_4,expl_var_class_5,expl_var_mean,mae_class_0,mae_class_1,mae_class_2,mae_class_3,mae_class_4,mae_class_5,mae_mean,mse_class_0,mse_class_1,mse_class_2,mse_class_3,mse_class_4,mse_class_5,mse_mean,r2_class_0,r2_class_1,r2_class_2,r2_class_3,r2_class_4,r2_class_5,r2_mean,time
0.8742908152697529,0.8789658601259351,0.8852969022834964,0.9010442123178635,0.7455656281967389,0.9006056980197586,0.8642948527022577,0.061195336865564894,0.09204743891224969,0.07833253464401448,0.030093519929154492,0.025108719574571416,0.034363291301742836,0.053523473537882955,0.012744807797785553,0.0164043576153881,0.014145329656523015,0.003981955745827195,0.003074628489810644,0.004389142611172935,0.009123370319417907,0.8726339394951432,0.878659050957059,0.8851922659780724,0.8989692010408007,0.7302253606852005,0.9005963874248399,0.8610460342635192,19.842095851898193
