expl_var_class_0,expl_var_class_1,expl_var_class_2,expl_var_class_3,expl_var_class_4,expl_var_class_5,expl_var_mean,mae_class_0,mae_class_1,mae_class_2,mae_class_3,mae_class_4,mae_class_5,mae_mean,mse_class_0,mse_class_1,mse_class_2,mse_class_3,mse_class_4,mse_class_5,mse_mean,r2_class_0,r2_class_1,r2_class_2,r2_class_3,r2_class_4,r2_class_5,r2_mean,time
0.9819641721784308,0.9890337851358666,0.9932654044662617,0.991914207821427,0.9487202580620663,0.9707036686158699,0.9792669160466537,0.018900014998789492,0.020235863395988988,0.013549706187568684,0.007660218052148142,0.010218460945236768,0.016248281239241078,0.014468757469828857,0.0017833061262646766,0.0014530106731503933,0.000785246747859003,0.0003212711716216801,0.0007258996060786116,0.0012922659958148927,0.0010601667201315427,0.9819637067032996,0.9890328130211216,0.9932646292895589,0.99191135741004,0.9486917462594946,0.9706925935328553,0.9792594743693951,30.316344738006592
