expl_var_class_0,expl_var_class_1,expl_var_class_2,expl_var_class_3,expl_var_class_4,expl_var_class_5,expl_var_mean,mae_class_0,mae_class_1,mae_class_2,mae_class_3,mae_class_4,mae_class_5,mae_mean,mse_class_0,mse_class_1,mse_class_2,mse_class_3,mse_class_4,mse_class_5,mse_mean,r2_class_0,r2_class_1,r2_class_2,r2_class_3,r2_class_4,r2_class_5,r2_mean,time
0.971904642697732,0.9356896804791803,0.9601551897564945,0.9912551783450455,0.9294862451000541,0.9524326295776977,0.9568205943260341,0.02331521679021223,0.04831461552761926,0.034637275535989574,0.008326434791912274,0.011598756047667134,0.02112354312457306,0.02455264030299559,0.002708618365518875,0.008439849567159294,0.004772288855464325,0.00035252811309630945,0.0009555843979184217,0.002139543222096855,0.0032280687535423467,0.9718942822992915,0.9356569534851513,0.9601409749786384,0.991249796786448,0.9294861728765588,0.9524310680926072,0.9568098747531159,7.054885625839233
