expl_var_class_0,expl_var_class_1,expl_var_class_2,expl_var_class_3,expl_var_class_4,expl_var_class_5,expl_var_mean,mae_class_0,mae_class_1,mae_class_2,mae_class_3,mae_class_4,mae_class_5,mae_mean,mse_class_0,mse_class_1,mse_class_2,mse_class_3,mse_class_4,mse_class_5,mse_mean,r2_class_0,r2_class_1,r2_class_2,r2_class_3,r2_class_4,r2_class_5,r2_mean,time
0.9829086754023107,0.9894124886704054,0.9931815575546417,0.9924535605217804,0.942606556365178,0.9729117710237056,0.9789124349230036,0.01805854699313901,0.019742088830250543,0.013903145930667899,0.007465144329473189,0.010124676597923692,0.015394148855532478,0.014114625256164469,0.001670594434635471,0.0013874629630007572,0.000823993236755764,0.0002995801068651603,0.0007478003595654861,0.0012003777835090906,0.0010216348140552882,0.9829081701435154,0.989412486768386,0.9931807024897433,0.9924504918558796,0.9426011020326651,0.9729007422722755,0.9789089492604108,80.94402241706848
