expl_var_class_0,expl_var_class_1,expl_var_class_2,expl_var_class_3,expl_var_class_4,expl_var_class_5,expl_var_mean,mae_class_0,mae_class_1,mae_class_2,mae_class_3,mae_class_4,mae_class_5,mae_mean,mse_class_0,mse_class_1,mse_class_2,mse_class_3,mse_class_4,mse_class_5,mse_mean,r2_class_0,r2_class_1,r2_class_2,r2_class_3,r2_class_4,r2_class_5,r2_mean,time
0.9827590603057516,0.9875906839757826,0.9922296791436799,0.9909551315511235,0.9399939798586354,0.9722282709642545,0.9776261342998712,0.01830897420687511,0.021317937849124585,0.014796092215251124,0.007925957252482746,0.010365783122304836,0.015519757833603015,0.01470575041327357,0.0016908798405129652,0.0016259734799941613,0.000929944385892331,0.0003524719460098961,0.00078516375449935,0.0012234400114842414,0.0011013122363988245,0.9827590232813049,0.9875885390005424,0.9922293181782194,0.9909466884832815,0.9399886713504189,0.9722235839467843,0.9776226373734254,35.0510835647583
