expl_var_class_0,expl_var_class_1,expl_var_class_2,expl_var_class_3,expl_var_class_4,expl_var_class_5,expl_var_mean,mae_class_0,mae_class_1,mae_class_2,mae_class_3,mae_class_4,mae_class_5,mae_mean,mse_class_0,mse_class_1,mse_class_2,mse_class_3,mse_class_4,mse_class_5,mse_mean,r2_class_0,r2_class_1,r2_class_2,r2_class_3,r2_class_4,r2_class_5,r2_mean,time
0.9826313802637163,0.9892112885194788,0.9931886586727788,0.992074967052315,0.9403667917899106,0.973105744153013,0.9784298050752023,0.01812874189478474,0.01924452091033105,0.01372488698167274,0.007458607574848341,0.010287273137636454,0.015012421977814215,0.013976075412847925,0.0017034302060192044,0.001413507904772207,0.0008151929874767767,0.0003088892210619898,0.0007802754907034493,0.0011848712926073174,0.0010343611837734907,0.9826310540700578,0.989210341713219,0.993188189073317,0.9920661193774775,0.940362289214846,0.973099230298145,0.9784262039578437,112.3765811920166
