expl_var_class_0,expl_var_class_1,expl_var_class_2,expl_var_class_3,expl_var_class_4,expl_var_class_5,expl_var_mean,mae_class_0,mae_class_1,mae_class_2,mae_class_3,mae_class_4,mae_class_5,mae_mean,mse_class_0,mse_class_1,mse_class_2,mse_class_3,mse_class_4,mse_class_5,mse_mean,r2_class_0,r2_class_1,r2_class_2,r2_class_3,r2_class_4,r2_class_5,r2_mean,time
0.9826119637039511,0.9892937501318384,0.9933432255256353,0.9919854525377604,0.9401559006846051,0.9728994519903019,0.9783816240956821,0.018176892178361943,0.01929831903490762,0.013558631505548658,0.007499287587317292,0.010191035531510195,0.015133576512480965,0.01397629039168778,0.0017053167163904735,0.0014029765582481506,0.0007968926457054508,0.0003123149828510503,0.0007830443469042329,0.0011939741492961685,0.0010324198998992544,0.9826118183558389,0.9892907301071647,0.9933411080384639,0.9919781280096267,0.9401506610818655,0.9728925632508939,0.9783775014739756,136.5762095451355
