expl_var_class_0,expl_var_class_1,expl_var_class_2,expl_var_class_3,expl_var_class_4,expl_var_class_5,expl_var_mean,mae_class_0,mae_class_1,mae_class_2,mae_class_3,mae_class_4,mae_class_5,mae_mean,mse_class_0,mse_class_1,mse_class_2,mse_class_3,mse_class_4,mse_class_5,mse_mean,r2_class_0,r2_class_1,r2_class_2,r2_class_3,r2_class_4,r2_class_5,r2_mean,time
0.9823067325058621,0.9894483731418136,0.9931905314024155,0.9916794135664585,0.9427299239719005,0.9727243765362049,0.9786798918541092,0.018194523815877977,0.01950809171972861,0.013870901092930774,0.007665089556796306,0.010249128825286736,0.015352166306121066,0.014139983552790244,0.0017053528834433743,0.001384201315644487,0.000815399612099547,0.00033541385572749766,0.0007762169842673682,0.0012269339715592893,0.0010405864371235936,0.9823045699858248,0.989447237307998,0.9931896340465917,0.9916745947650001,0.9427219297864878,0.9727213089480047,0.9786765458066512,296.7884385585785
