expl_var_class_0,expl_var_class_1,expl_var_class_2,expl_var_class_3,expl_var_class_4,expl_var_class_5,expl_var_mean,mae_class_0,mae_class_1,mae_class_2,mae_class_3,mae_class_4,mae_class_5,mae_mean,mse_class_0,mse_class_1,mse_class_2,mse_class_3,mse_class_4,mse_class_5,mse_mean,r2_class_0,r2_class_1,r2_class_2,r2_class_3,r2_class_4,r2_class_5,r2_mean,time
0.9823543996795228,0.98956899352071,0.9931556667411299,0.9918773714199717,0.942659993944587,0.9715765512737919,0.9785321627632855,0.018145038447497,0.01941417149858159,0.013888044708751098,0.0076059271653205526,0.010265864993333717,0.015500041228074203,0.014136514673593026,0.0017007092804008925,0.0013682854424678505,0.0008194903993541556,0.0003273863974478719,0.0007771666472719287,0.0012785749049834638,0.0010452688453210272,0.9823527538857377,0.989568575462189,0.9931554670469659,0.9918738466505252,0.9426518529067534,0.9715731647925988,0.978529276790795,141.22021508216858
