expl_var_class_0,expl_var_class_1,expl_var_class_2,expl_var_class_3,expl_var_class_4,expl_var_class_5,expl_var_mean,mae_class_0,mae_class_1,mae_class_2,mae_class_3,mae_class_4,mae_class_5,mae_mean,mse_class_0,mse_class_1,mse_class_2,mse_class_3,mse_class_4,mse_class_5,mse_mean,r2_class_0,r2_class_1,r2_class_2,r2_class_3,r2_class_4,r2_class_5,r2_mean,time
0.9833411549756329,0.9892249188455803,0.9933193039282183,0.9915621587028253,0.9466926874517794,0.9741067848049175,0.9797078347848256,0.017854551847099054,0.01977613746930383,0.013756338605679555,0.007750775473158911,0.010200055859413738,0.014875600729146714,0.014035576663966967,0.0016247689267884428,0.0014147485986713685,0.000807499730466219,0.00033189953022781925,0.0007261620549726595,0.0011056928097445459,0.0010017952751451757,0.9833375805814337,0.9892225924160095,0.9933187872003701,0.9915531255680415,0.946670436210974,0.9741052844116148,0.9797013010647406,79.51374316215515
