expl_var_class_0,expl_var_class_1,expl_var_class_2,expl_var_class_3,expl_var_class_4,expl_var_class_5,expl_var_mean,mae_class_0,mae_class_1,mae_class_2,mae_class_3,mae_class_4,mae_class_5,mae_mean,mse_class_0,mse_class_1,mse_class_2,mse_class_3,mse_class_4,mse_class_5,mse_mean,r2_class_0,r2_class_1,r2_class_2,r2_class_3,r2_class_4,r2_class_5,r2_mean,time
0.9829687264607682,0.9880707787054912,0.9926946342915672,0.991245407850055,0.9479819891779726,0.9728853843419001,0.9793078201379591,0.01789067185936272,0.02126412089304325,0.014757510909004182,0.007915667606504816,0.01018215081082081,0.015544857248623431,0.014592496554559872,0.0016501418834625437,0.0015602287941967714,0.000875917678745884,0.00034802105939034676,0.0007277553412628744,0.0011938768178226256,0.0010593235958135077,0.9829687260663517,0.988068637771333,0.9926938462758097,0.9912426265044403,0.9479591892701437,0.9728752099891707,0.9793013726462082,35.070876598358154
