expl_var_class_0,expl_var_class_1,expl_var_class_2,expl_var_class_3,expl_var_class_4,expl_var_class_5,expl_var_mean,mae_class_0,mae_class_1,mae_class_2,mae_class_3,mae_class_4,mae_class_5,mae_mean,mse_class_0,mse_class_1,mse_class_2,mse_class_3,mse_class_4,mse_class_5,mse_mean,r2_class_0,r2_class_1,r2_class_2,r2_class_3,r2_class_4,r2_class_5,r2_mean,time
0.9832342025738996,0.9898918336560183,0.9934900111765975,0.9915548055713368,0.9483879539638912,0.9734571956239838,0.9800026670942877,0.017912723361403586,0.01923834339646967,0.013786257224832602,0.0076372294892233395,0.010050041264060353,0.015122788943669635,0.0139578972799432,0.0016244738255301733,0.0013221206498005983,0.0007805817820183318,0.00033573720261859255,0.0007220774020513538,0.0011684794949489011,0.0009922450594946587,0.9832336485741505,0.9898894954115416,0.9934890565265291,0.9915517294130535,0.9483652111061767,0.9734522352228488,0.9799968960423834,180.69480156898499
