expl_var_class_0,expl_var_class_1,expl_var_class_2,expl_var_class_3,expl_var_class_4,expl_var_class_5,expl_var_mean,mae_class_0,mae_class_1,mae_class_2,mae_class_3,mae_class_4,mae_class_5,mae_mean,mse_class_0,mse_class_1,mse_class_2,mse_class_3,mse_class_4,mse_class_5,mse_mean,r2_class_0,r2_class_1,r2_class_2,r2_class_3,r2_class_4,r2_class_5,r2_mean,time
0.9760948520094661,0.9593036071403497,0.9758977669868109,0.9919692257408991,0.9420663131267791,0.9615417589636219,0.9678122539946544,0.02132112358858515,0.038058760081733284,0.026427644128371168,0.007803393978995345,0.010759852206168,0.01824100413442658,0.020435296353046587,0.0023043455827193356,0.0053383842321550554,0.0028857412830243915,0.00032370797986451316,0.0007851054822178459,0.0017298290041370807,0.0022278522606863703,0.9760891799091167,0.9593016555294718,0.9758977636331584,0.9919651497272529,0.9420660358547406,0.9615403338154649,0.9678100197448675,19.392314434051514
