expl_var_class_0,expl_var_class_1,expl_var_class_2,expl_var_class_3,expl_var_class_4,expl_var_class_5,expl_var_mean,mae_class_0,mae_class_1,mae_class_2,mae_class_3,mae_class_4,mae_class_5,mae_mean,mse_class_0,mse_class_1,mse_class_2,mse_class_3,mse_class_4,mse_class_5,mse_mean,r2_class_0,r2_class_1,r2_class_2,r2_class_3,r2_class_4,r2_class_5,r2_mean,time
0.973301790173888,0.9354712559803011,0.9607032366179776,0.9904501398578701,0.9193569310299688,0.9525168270685906,0.9553000301214327,0.023376209643322887,0.04812910427733955,0.03443814996294643,0.008659732396653397,0.01210764472627255,0.02119533962687596,0.02465103010556846,0.0026792419326465747,0.008404354007145067,0.004693185836202326,0.00037415703951371903,0.0010594757992957594,0.0021230347101854653,0.0032222415541648185,0.9732935464863192,0.9354277680318875,0.9606776727007784,0.9904417394991487,0.9193466651177068,0.9525167148664359,0.9552840177837126,7.063993453979492
