expl_var_class_0,expl_var_class_1,expl_var_class_2,expl_var_class_3,expl_var_class_4,expl_var_class_5,expl_var_mean,mae_class_0,mae_class_1,mae_class_2,mae_class_3,mae_class_4,mae_class_5,mae_mean,mse_class_0,mse_class_1,mse_class_2,mse_class_3,mse_class_4,mse_class_5,mse_mean,r2_class_0,r2_class_1,r2_class_2,r2_class_3,r2_class_4,r2_class_5,r2_mean,time
0.9828173567308128,0.9900617900261852,0.9931433068899486,0.9923540210589962,0.947190632286379,0.9728286599617911,0.9797326278256854,0.018389928552783503,0.01915696843820716,0.013638097975016503,0.007347972620088916,0.010266373504845012,0.015457694281732734,0.01404283922877897,0.001698918511045073,0.0013168676837192106,0.0007994592081171747,0.0003037358896304932,0.0007474920102428354,0.001198671295645911,0.0010108574330667827,0.982817199974193,0.9900604074142982,0.9931427234188155,0.9923528431120558,0.9471655454702279,0.9728152354114673,0.9797256591335096,122.76616835594177
