expl_var_class_0,expl_var_class_1,expl_var_class_2,expl_var_class_3,expl_var_class_4,expl_var_class_5,expl_var_mean,mae_class_0,mae_class_1,mae_class_2,mae_class_3,mae_class_4,mae_class_5,mae_mean,mse_class_0,mse_class_1,mse_class_2,mse_class_3,mse_class_4,mse_class_5,mse_mean,r2_class_0,r2_class_1,r2_class_2,r2_class_3,r2_class_4,r2_class_5,r2_mean,time
0.9811165231508927,0.9900333932731736,0.9937807171014519,0.9915569346747324,0.9418813573980362,0.9703965886968977,0.978127585715864,0.018699997875131047,0.01945013260589884,0.013485169092381783,0.007828212243734149,0.010278928935067088,0.015971881560110136,0.014285720385387174,0.0018103978629159265,0.001307550227999357,0.0007478561483978459,0.00033861652875456376,0.0007705335000973274,0.001281918260286606,0.001042812088075271,0.9811156536888345,0.9900328758091098,0.9937804981722115,0.9915536804596049,0.9418651152545922,0.970387281021387,0.9781225174009567,46.12734365463257
