expl_var_class_0,expl_var_class_1,expl_var_class_2,expl_var_class_3,expl_var_class_4,expl_var_class_5,expl_var_mean,mae_class_0,mae_class_1,mae_class_2,mae_class_3,mae_class_4,mae_class_5,mae_mean,mse_class_0,mse_class_1,mse_class_2,mse_class_3,mse_class_4,mse_class_5,mse_mean,r2_class_0,r2_class_1,r2_class_2,r2_class_3,r2_class_4,r2_class_5,r2_mean,time
0.9811197017614066,0.9900210325400821,0.9937109442401224,0.9925384212191435,0.9435175051589975,0.9709063952933081,0.9786356667021767,0.01860551960183273,0.01929913941798653,0.013583742423237153,0.007410491125067522,0.010197753623009967,0.01555637155986715,0.014108836291833508,0.0018100686881046284,0.0013091077624099755,0.0007562263995204863,0.00029926216319681913,0.0007490057258337682,0.0012597780760864252,0.0010305748025253505,0.981119087326965,0.9900210031188148,0.9937108874693139,0.9925353205113554,0.9434893336376723,0.9708987263086303,0.978629059728792,129.2019166946411
