expl_var_class_0,expl_var_class_1,expl_var_class_2,expl_var_class_3,expl_var_class_4,expl_var_class_5,expl_var_mean,mae_class_0,mae_class_1,mae_class_2,mae_class_3,mae_class_4,mae_class_5,mae_mean,mse_class_0,mse_class_1,mse_class_2,mse_class_3,mse_class_4,mse_class_5,mse_mean,r2_class_0,r2_class_1,r2_class_2,r2_class_3,r2_class_4,r2_class_5,r2_mean,time
0.9821465833950569,0.988985660054843,0.9927187251451121,0.991553819831208,0.9482220291474484,0.9715850666358837,0.979201980701592,0.018539107555491593,0.020012929710343318,0.014349115364259016,0.007691523752920016,0.010092664202163652,0.015414031099696676,0.014349895280812376,0.001751229771836653,0.001443606340172807,0.0008663222144292591,0.0003355959638692392,0.0007111372985544372,0.001262863442887015,0.0010617925052915683,0.9821450284833038,0.9889811423463205,0.9927185657224488,0.9915520773273102,0.9482151920367484,0.9715826394563988,0.9791991075620884,105.8676552772522
