expl_var_class_0,expl_var_class_1,expl_var_class_2,expl_var_class_3,expl_var_class_4,expl_var_class_5,expl_var_mean,mae_class_0,mae_class_1,mae_class_2,mae_class_3,mae_class_4,mae_class_5,mae_mean,mse_class_0,mse_class_1,mse_class_2,mse_class_3,mse_class_4,mse_class_5,mse_mean,r2_class_0,r2_class_1,r2_class_2,r2_class_3,r2_class_4,r2_class_5,r2_mean,time
0.9818410055889248,0.9896249360908447,0.9931592330089131,0.9923806146677799,0.943723156460097,0.9722975154061496,0.9788377435371182,0.018314366452105862,0.01944163298779553,0.013981543584529842,0.007374407813157122,0.010017908708752162,0.015434744087491278,0.014094100605638633,0.0017749055249520734,0.0013597859018143125,0.0008266900622707012,0.00030242382636228477,0.0007334203317274117,0.001227635460697486,0.0010374768513040447,0.9818409647399341,0.9896236861007919,0.9931583837925754,0.9923788292754507,0.9437048695557573,0.9722853836499025,0.9788320195190686,107.57350492477417
