expl_var_class_0,expl_var_class_1,expl_var_class_2,expl_var_class_3,expl_var_class_4,expl_var_class_5,expl_var_mean,mae_class_0,mae_class_1,mae_class_2,mae_class_3,mae_class_4,mae_class_5,mae_mean,mse_class_0,mse_class_1,mse_class_2,mse_class_3,mse_class_4,mse_class_5,mse_mean,r2_class_0,r2_class_1,r2_class_2,r2_class_3,r2_class_4,r2_class_5,r2_mean,time
0.9703494835374995,0.9325882553384709,0.9589101644265945,0.9911562457230318,0.9262413416080244,0.9508745958613395,0.9550200144158268,0.023921822308499194,0.04923788576342161,0.03517459383564099,0.008446196549240925,0.011781205676302512,0.021151991632469478,0.024952282627595784,0.0028429500992969594,0.008844972109388954,0.0049414834074637095,0.0003546801445445412,0.0009776921414889183,0.00212675015252755,0.003348088009118439,0.9703450521456015,0.9325770180055497,0.9589044428523474,0.9911529958490948,0.9262354979312776,0.9508713959730629,0.9550144004594889,6.772783279418945
