expl_var_class_0,expl_var_class_1,expl_var_class_2,expl_var_class_3,expl_var_class_4,expl_var_class_5,expl_var_mean,mae_class_0,mae_class_1,mae_class_2,mae_class_3,mae_class_4,mae_class_5,mae_mean,mse_class_0,mse_class_1,mse_class_2,mse_class_3,mse_class_4,mse_class_5,mse_mean,r2_class_0,r2_class_1,r2_class_2,r2_class_3,r2_class_4,r2_class_5,r2_mean,time
0.9833959046131363,0.9892475191811951,0.9929941871887389,0.9913153913384779,0.9452086412320242,0.9748094857624577,0.9794951882193383,0.017787194525628294,0.019714180393661674,0.014079758713635154,0.007848468157884385,0.01019235312069783,0.014638529512058341,0.01404341407059428,0.0016193408401017195,0.0014117916343626552,0.0008468746226336849,0.00034139678261646187,0.0007464231343394502,0.001075713896778185,0.001006923485138693,0.9833932469937606,0.9892451182623657,0.9929930012915855,0.9913114195965977,0.945182456334958,0.9748073740137821,0.9794887694155082,90.82808685302734
