expl_var_class_0,expl_var_class_1,expl_var_class_2,expl_var_class_3,expl_var_class_4,expl_var_class_5,expl_var_mean,mae_class_0,mae_class_1,mae_class_2,mae_class_3,mae_class_4,mae_class_5,mae_mean,mse_class_0,mse_class_1,mse_class_2,mse_class_3,mse_class_4,mse_class_5,mse_mean,r2_class_0,r2_class_1,r2_class_2,r2_class_3,r2_class_4,r2_class_5,r2_mean,time
0.9836042015218358,0.9895715443790098,0.9930362555249181,0.9926916307298684,0.94510646518425,0.9739816178918366,0.9796652858719531,0.01777598453116372,0.01923778516455605,0.013957688092974948,0.007391326492318493,0.010134620601563053,0.014891836078340891,0.013898206826819528,0.001613738283153062,0.0013669445857250803,0.0008410160120625596,0.00029007566934376834,0.0007690757710168523,0.001153528550863055,0.0010057298120273962,0.983601988855472,0.9895715355123639,0.9930362555247937,0.9926882776376568,0.9450996580701441,0.9739809453215834,0.9796631101536691,112.2340202331543
