expl_var_class_0,expl_var_class_1,expl_var_class_2,expl_var_class_3,expl_var_class_4,expl_var_class_5,expl_var_mean,mae_class_0,mae_class_1,mae_class_2,mae_class_3,mae_class_4,mae_class_5,mae_mean,mse_class_0,mse_class_1,mse_class_2,mse_class_3,mse_class_4,mse_class_5,mse_mean,r2_class_0,r2_class_1,r2_class_2,r2_class_3,r2_class_4,r2_class_5,r2_mean,time
0.9826149949166668,0.9891175850687671,0.9927724990765502,0.9916573272589762,0.9446337315470128,0.9714508406467339,0.9787078297524511,0.01859000487909694,0.019856200172515465,0.014264221486622772,0.007808063099643061,0.010374020998930287,0.015547453341267193,0.01440666066301262,0.001705152757096544,0.0014261348766816011,0.0008599188016887581,0.00033149243353007806,0.0007604435931851865,0.0012687796839055984,0.0010586536910146278,0.9826148148008902,0.989114499733202,0.9927723863774491,0.9916553750743706,0.9446247222301118,0.9714495102926441,0.978705218084778,150.26859092712402
