expl_var_class_0,expl_var_class_1,expl_var_class_2,expl_var_class_3,expl_var_class_4,expl_var_class_5,expl_var_mean,mae_class_0,mae_class_1,mae_class_2,mae_class_3,mae_class_4,mae_class_5,mae_mean,mse_class_0,mse_class_1,mse_class_2,mse_class_3,mse_class_4,mse_class_5,mse_mean,r2_class_0,r2_class_1,r2_class_2,r2_class_3,r2_class_4,r2_class_5,r2_mean,time
0.982337374905194,0.989440380516973,0.9933384248141864,0.9917373805913411,0.9434194028351078,0.9723851343256963,0.9787763496647498,0.018201967862360627,0.01932940805319575,0.013633240052610398,0.007655177367536295,0.010237278008527358,0.015503142741258408,0.014093369014248139,0.0017022404885480543,0.0013851048864544765,0.0007975988075119637,0.0003329549039827839,0.0007668267691437067,0.001242173676451619,0.0010378165886821007,0.982336865451814,0.9894403487375094,0.9933383096060445,0.9917356291241314,0.9434148460870513,0.9723824812595406,0.9787747467110152,180.37696719169617
