expl_var_class_0,expl_var_class_1,expl_var_class_2,expl_var_class_3,expl_var_class_4,expl_var_class_5,expl_var_mean,mae_class_0,mae_class_1,mae_class_2,mae_class_3,mae_class_4,mae_class_5,mae_mean,mse_class_0,mse_class_1,mse_class_2,mse_class_3,mse_class_4,mse_class_5,mse_mean,r2_class_0,r2_class_1,r2_class_2,r2_class_3,r2_class_4,r2_class_5,r2_mean,time
0.9820513619863153,0.9897546109465133,0.9933588171767044,0.9923983560497357,0.9461868245171512,0.9718575157036771,0.9792679143966828,0.01829714479246196,0.018987386852097207,0.013553287210192843,0.007436695254270435,0.009914233433699043,0.015270884937797479,0.013909938746753161,0.001743706160638992,0.0013466408312388098,0.0008017176594074967,0.0003138520120630315,0.0006865420015130419,0.0012421495768671633,0.001022434706954756,0.9820513503939187,0.9897545781237556,0.9933585129444774,0.9923969683408326,0.9461689704245874,0.9718486874628536,0.9792631779484041,112.60040187835693
