expl_var_class_0,expl_var_class_1,expl_var_class_2,expl_var_class_3,expl_var_class_4,expl_var_class_5,expl_var_mean,mae_class_0,mae_class_1,mae_class_2,mae_class_3,mae_class_4,mae_class_5,mae_mean,mse_class_0,mse_class_1,mse_class_2,mse_class_3,mse_class_4,mse_class_5,mse_mean,r2_class_0,r2_class_1,r2_class_2,r2_class_3,r2_class_4,r2_class_5,r2_mean,time
0.9720065216177254,0.9326339726448984,0.9592148557543189,0.9902896286421533,0.9257357553292369,0.9534001244698435,0.9555468097430294,0.023416271953227884,0.04937691837149371,0.03524601851520126,0.008756832605163554,0.011963181402129706,0.020563247393816483,0.02488707837350543,0.002730828612207814,0.008843353377244255,0.004929703804611257,0.000381820986582433,0.0010116305845795878,0.0019897951130978648,0.0033145220797205347,0.9719946566267927,0.932632254348704,0.9592118747349471,0.9902826197827563,0.925705539938605,0.9534000962304059,0.9555378402770351,6.811858654022217
