expl_var_class_0,expl_var_class_1,expl_var_class_2,expl_var_class_3,expl_var_class_4,expl_var_class_5,expl_var_mean,mae_class_0,mae_class_1,mae_class_2,mae_class_3,mae_class_4,mae_class_5,mae_mean,mse_class_0,mse_class_1,mse_class_2,mse_class_3,mse_class_4,mse_class_5,mse_mean,r2_class_0,r2_class_1,r2_class_2,r2_class_3,r2_class_4,r2_class_5,r2_mean,time
0.9831419032954908,0.9890042674916382,0.992818647206557,0.9923550318786937,0.9424473262082143,0.972843939729451,0.9787685193016742,0.018059842538566784,0.019574125824649336,0.014169013333717229,0.007564312474881117,0.010246760068837518,0.015027170362696404,0.01410687076722473,0.001659331551991852,0.0014413843061920329,0.0008673405571169288,0.0003034561178559069,0.0008063824853406514,0.0012039582687115092,0.001046975547868147,0.9831386925834935,0.9890036324755722,0.992818284163303,0.9923510065910168,0.9424365246704948,0.9728434497779019,0.9787652650436304,324.1859691143036
