expl_var_class_0,expl_var_class_1,expl_var_class_2,expl_var_class_3,expl_var_class_4,expl_var_class_5,expl_var_mean,mae_class_0,mae_class_1,mae_class_2,mae_class_3,mae_class_4,mae_class_5,mae_mean,mse_class_0,mse_class_1,mse_class_2,mse_class_3,mse_class_4,mse_class_5,mse_mean,r2_class_0,r2_class_1,r2_class_2,r2_class_3,r2_class_4,r2_class_5,r2_mean,time
0.98276810050394,0.9895454009159876,0.9934398198777499,0.9916032814423966,0.9414568948304959,0.9724380146383985,0.9785419187014948,0.018236756651014232,0.019460271753402095,0.013562641463432737,0.007668378745993418,0.010295029195489955,0.015591786429866548,0.014135810706533164,0.0016844149028270956,0.0013701573917248929,0.0007929748965662221,0.00033330112528108746,0.0007629304969947292,0.00122127929357275,0.0010275096844944629,0.9827667731138289,0.989544542880693,0.9934374076186102,0.9916007121230964,0.9414397583619594,0.9724288779843029,0.9785363453470818,40.413145542144775
