expl_var_class_0,expl_var_class_1,expl_var_class_2,expl_var_class_3,expl_var_class_4,expl_var_class_5,expl_var_mean,mae_class_0,mae_class_1,mae_class_2,mae_class_3,mae_class_4,mae_class_5,mae_mean,mse_class_0,mse_class_1,mse_class_2,mse_class_3,mse_class_4,mse_class_5,mse_mean,r2_class_0,r2_class_1,r2_class_2,r2_class_3,r2_class_4,r2_class_5,r2_mean,time
0.9830972928426495,0.9881463256852772,0.9921749187340557,0.9914667776829935,0.9471527221788548,0.9725561569051302,0.97909903233816,0.018302409049859678,0.021173298178092208,0.014675359951085761,0.007834728613523734,0.010304598353385975,0.015717202549951046,0.014667932782649731,0.0016712297221505045,0.0015704785351483151,0.0009123121587024114,0.00033902440725364595,0.000747945870613818,0.0012106794879758985,0.0010752783636407655,0.983097243377946,0.9881461767215085,0.9921747392023497,0.9914643842903621,0.9471334655753194,0.9725429006331087,0.9790931516334324,34.23313784599304
