expl_var_class_0,expl_var_class_1,expl_var_class_2,expl_var_class_3,expl_var_class_4,expl_var_class_5,expl_var_mean,mae_class_0,mae_class_1,mae_class_2,mae_class_3,mae_class_4,mae_class_5,mae_mean,mse_class_0,mse_class_1,mse_class_2,mse_class_3,mse_class_4,mse_class_5,mse_mean,r2_class_0,r2_class_1,r2_class_2,r2_class_3,r2_class_4,r2_class_5,r2_mean,time
0.983185595997462,0.9898227770392414,0.993405357176127,0.992819189951951,0.9470840940197528,0.9738084499077068,0.9800209106820401,0.017910138979355335,0.018943587394165927,0.01346696839177855,0.007346461237358034,0.010067294725564883,0.014955074038098204,0.01378158746105349,0.0016549671656626507,0.0013340167765542768,0.0007964659752853827,0.0002850137735291059,0.0007414536408778467,0.001161210594174571,0.0009955213210139722,0.9831830413210877,0.9898227428342841,0.9934051368160267,0.9928158690930438,0.9470714590897722,0.9738076687218714,0.9800176529793477,102.19959378242493
