expl_var_class_0,expl_var_class_1,expl_var_class_2,expl_var_class_3,expl_var_class_4,expl_var_class_5,expl_var_mean,mae_class_0,mae_class_1,mae_class_2,mae_class_3,mae_class_4,mae_class_5,mae_mean,mse_class_0,mse_class_1,mse_class_2,mse_class_3,mse_class_4,mse_class_5,mse_mean,r2_class_0,r2_class_1,r2_class_2,r2_class_3,r2_class_4,r2_class_5,r2_mean,time
0.9829090617626732,0.9892854421485965,0.9927739313556637,0.9920323025619077,0.947793008211678,0.9731495799611132,0.979657221000272,0.01819588461690383,0.019847770779525747,0.014071396357429322,0.007378163263477306,0.010188387499051472,0.015436578390114112,0.014186363484416965,0.001689842631423418,0.0014196316513106553,0.0008425159970759334,0.00031663972440548743,0.0007388287277353414,0.0011847483112769573,0.001032034507204632,0.9829089930905687,0.9892847547173892,0.9927734083773598,0.9920279633321243,0.9477778862035717,0.9731309959154643,0.9796506669394129,105.29827928543091
