expl_var_class_0,expl_var_class_1,expl_var_class_2,expl_var_class_3,expl_var_class_4,expl_var_class_5,expl_var_mean,mae_class_0,mae_class_1,mae_class_2,mae_class_3,mae_class_4,mae_class_5,mae_mean,mse_class_0,mse_class_1,mse_class_2,mse_class_3,mse_class_4,mse_class_5,mse_mean,r2_class_0,r2_class_1,r2_class_2,r2_class_3,r2_class_4,r2_class_5,r2_mean,time
0.9731571464506141,0.9361539116658455,0.9609681406188292,0.9910221369476433,0.9264573732060121,0.9507542312683623,0.9564188233595511,0.023002126754074106,0.04769144255793558,0.03430952989715142,0.008450705573088104,0.01206722257273779,0.02138121309215403,0.02448370674119017,0.0026382646887615556,0.008360143766183086,0.0046894612140870266,0.0003564556877014648,0.0010560312124578792,0.002167315270077385,0.0032112786398780665,0.9731569086519165,0.9361402813289523,0.960957081294288,0.9910218255045035,0.9264181815015786,0.9507216350205707,0.9564026522169683,6.859920024871826
