expl_var_class_0,expl_var_class_1,expl_var_class_2,expl_var_class_3,expl_var_class_4,expl_var_class_5,expl_var_mean,mae_class_0,mae_class_1,mae_class_2,mae_class_3,mae_class_4,mae_class_5,mae_mean,mse_class_0,mse_class_1,mse_class_2,mse_class_3,mse_class_4,mse_class_5,mse_mean,r2_class_0,r2_class_1,r2_class_2,r2_class_3,r2_class_4,r2_class_5,r2_mean,time
0.983146897900471,0.9890904117273386,0.9933811933895048,0.9926063833044333,0.9427849987286079,0.9722018762298871,0.9788686268800405,0.018237557170184257,0.0196887591120257,0.013748179416696803,0.007435331608954959,0.010193953849331005,0.015504953851337154,0.014134789168088314,0.0016650892421394181,0.0014468640467519259,0.0007969144235800787,0.0002931181005478899,0.0007660516489279025,0.0012185845339323107,0.001031103665979921,0.9831420900825498,0.9890870991984533,0.993378663814636,0.9926062476419907,0.9427468089807903,0.9722018730051767,0.9788604637872661,52.56558918952942
