expl_var_class_0,expl_var_class_1,expl_var_class_2,expl_var_class_3,expl_var_class_4,expl_var_class_5,expl_var_mean,mae_class_0,mae_class_1,mae_class_2,mae_class_3,mae_class_4,mae_class_5,mae_mean,mse_class_0,mse_class_1,mse_class_2,mse_class_3,mse_class_4,mse_class_5,mse_mean,r2_class_0,r2_class_1,r2_class_2,r2_class_3,r2_class_4,r2_class_5,r2_mean,time
0.9813785659562151,0.9901002188461049,0.9935336253387836,0.9924220053963081,0.9402144934410323,0.9702606373168595,0.9779849243825506,0.018643142926294147,0.01896875477316035,0.013285165612126237,0.007454894348562004,0.010490335269593769,0.015760579909384634,0.01410047880652019,0.0018286726459317052,0.0013074057464902496,0.0007608685413742105,0.0002992038783555767,0.0008032027369362949,0.0013201938645949745,0.001053257902280502,0.9813784587321904,0.9900989018510187,0.9935335194503665,0.9924158705920754,0.9401830415099118,0.9702490908623731,0.977976480499656,117.2894697189331
