expl_var_class_0,expl_var_class_1,expl_var_class_2,expl_var_class_3,expl_var_class_4,expl_var_class_5,expl_var_mean,mae_class_0,mae_class_1,mae_class_2,mae_class_3,mae_class_4,mae_class_5,mae_mean,mse_class_0,mse_class_1,mse_class_2,mse_class_3,mse_class_4,mse_class_5,mse_mean,r2_class_0,r2_class_1,r2_class_2,r2_class_3,r2_class_4,r2_class_5,r2_mean,time
0.9824319176123566,0.9898875292055341,0.9935272241041346,0.9922039002014988,0.945057531568902,0.9720480550229373,0.9791926929525606,0.01836017158384288,0.019181910473447993,0.013736180435231466,0.007638476122360245,0.010492299106115993,0.01552420114387474,0.014155539810812218,0.001726728489063449,0.00132393249354138,0.0007774525921578126,0.0003095819495096142,0.000788785186699253,0.0012299931107876533,0.0010260789702931938,0.9824313569587189,0.9898870212114054,0.9935271842611727,0.9922024507975276,0.9450392680090761,0.9720335798522688,0.979186810181695,188.82559442520142
