expl_var_class_0,expl_var_class_1,expl_var_class_2,expl_var_class_3,expl_var_class_4,expl_var_class_5,expl_var_mean,mae_class_0,mae_class_1,mae_class_2,mae_class_3,mae_class_4,mae_class_5,mae_mean,mse_class_0,mse_class_1,mse_class_2,mse_class_3,mse_class_4,mse_class_5,mse_mean,r2_class_0,r2_class_1,r2_class_2,r2_class_3,r2_class_4,r2_class_5,r2_mean,time
0.9829565932741633,0.9897468186370523,0.9932555340839633,0.9913639692505853,0.9370145228527444,0.9734040051117531,0.9779569072017104,0.018322846784463644,0.019349486960759495,0.01377747136634296,0.007854819572034571,0.01059140753292275,0.015222327106553106,0.014186393220512754,0.0017100478983041465,0.0013344958756871229,0.0008049748195451335,0.00033829032071165243,0.0008274718493141785,0.0011891722943036759,0.0010340755096443183,0.9829543893943482,0.9897468172839817,0.9932554378994293,0.9913579949892672,0.937008127780957,0.9734032576799353,0.9779543375046531,297.12082529067993
