expl_var_class_0,expl_var_class_1,expl_var_class_2,expl_var_class_3,expl_var_class_4,expl_var_class_5,expl_var_mean,mae_class_0,mae_class_1,mae_class_2,mae_class_3,mae_class_4,mae_class_5,mae_mean,mse_class_0,mse_class_1,mse_class_2,mse_class_3,mse_class_4,mse_class_5,mse_mean,r2_class_0,r2_class_1,r2_class_2,r2_class_3,r2_class_4,r2_class_5,r2_mean,time
0.9835780003929223,0.9895731302208484,0.9930607106523643,0.9924324427517315,0.9402693457454266,0.9735538194421608,0.9787445748675757,0.01787221421166687,0.019542274069122956,0.013962373213891464,0.0073518300866079675,0.01015639280236954,0.015286732173345858,0.01402863609283411,0.0016170927295716005,0.0013694821448166229,0.0008173042462100716,0.0002880631727291187,0.000775022123063328,0.0012023544862897776,0.0010115531504467533,0.983577355575669,0.9895692442213299,0.9930570989334997,0.9924323431258307,0.9402343209884347,0.9735349758017272,0.9787342231077486,129.14851140975952
