expl_var_class_0,expl_var_class_1,expl_var_class_2,expl_var_class_3,expl_var_class_4,expl_var_class_5,expl_var_mean,mae_class_0,mae_class_1,mae_class_2,mae_class_3,mae_class_4,mae_class_5,mae_mean,mse_class_0,mse_class_1,mse_class_2,mse_class_3,mse_class_4,mse_class_5,mse_mean,r2_class_0,r2_class_1,r2_class_2,r2_class_3,r2_class_4,r2_class_5,r2_mean,time
0.9823761465602585,0.9894613892638496,0.9936900238278117,0.9914936232141799,0.945651464019151,0.9714569369099927,0.9790215972992073,0.018381548085090276,0.01938957694435179,0.013150844213162548,0.007788074023972595,0.010335260666425778,0.015829895748295856,0.014145866613549806,0.0016985526411955737,0.0013823494719323844,0.0007555037693747828,0.00034299973181181246,0.0007365931630380029,0.001284004577902402,0.0010333338925424933,0.9823751320448237,0.9894613552451909,0.9936898950253688,0.9914863035200621,0.9456458235694168,0.9714524456883092,0.9790184925155286,40.45855498313904
