expl_var_class_0,expl_var_class_1,expl_var_class_2,expl_var_class_3,expl_var_class_4,expl_var_class_5,expl_var_mean,mae_class_0,mae_class_1,mae_class_2,mae_class_3,mae_class_4,mae_class_5,mae_mean,mse_class_0,mse_class_1,mse_class_2,mse_class_3,mse_class_4,mse_class_5,mse_mean,r2_class_0,r2_class_1,r2_class_2,r2_class_3,r2_class_4,r2_class_5,r2_mean,time
0.9828889904298215,0.989385775407873,0.9928467883999939,0.9907358168625681,0.942772989972132,0.9741612058264766,0.9787985944831442,0.018104381233905956,0.019452816808945367,0.014049662479664807,0.007968033746739753,0.010495602229478432,0.014771733581441668,0.01414037168002933,0.0016686072943395468,0.0013934275410037496,0.0008645467203295194,0.00036427469817453895,0.0007794716169923394,0.001103464935314407,0.00102896546769235,0.9828880069499355,0.9893850140143214,0.9928467832299973,0.9907291744820855,0.942755365643977,0.97415746000164,0.9787936340536595,176.278258562088
