expl_var_class_0,expl_var_class_1,expl_var_class_2,expl_var_class_3,expl_var_class_4,expl_var_class_5,expl_var_mean,mae_class_0,mae_class_1,mae_class_2,mae_class_3,mae_class_4,mae_class_5,mae_mean,mse_class_0,mse_class_1,mse_class_2,mse_class_3,mse_class_4,mse_class_5,mse_mean,r2_class_0,r2_class_1,r2_class_2,r2_class_3,r2_class_4,r2_class_5,r2_mean,time
0.9822410323806252,0.98961950155991,0.9930310395399887,0.9924524925353885,0.940701426656221,0.9708593801254312,0.9781508121329275,0.01822918101252413,0.01967489557626952,0.01398168103821337,0.007472237121529205,0.010431040407874457,0.01561755956948724,0.014234432454316319,0.001743985776950714,0.0013709724556043433,0.0008199920737317323,0.0002980563379550691,0.0007968890799619133,0.0012940622409201928,0.0010539929941873274,0.9822408328859678,0.9896175055992155,0.9930310395195693,0.9924449580990492,0.9406532388085389,0.970837973739666,0.9781375914420011,73.57188105583191
