expl_var_class_0,expl_var_class_1,expl_var_class_2,expl_var_class_3,expl_var_class_4,expl_var_class_5,expl_var_mean,mae_class_0,mae_class_1,mae_class_2,mae_class_3,mae_class_4,mae_class_5,mae_mean,mse_class_0,mse_class_1,mse_class_2,mse_class_3,mse_class_4,mse_class_5,mse_mean,r2_class_0,r2_class_1,r2_class_2,r2_class_3,r2_class_4,r2_class_5,r2_mean,time
0.9829863148959315,0.9894569070323895,0.9935191996357867,0.9925506427784634,0.9460566575994582,0.9719810958005092,0.979425136290423,0.0182201736643705,0.01922597833691691,0.013420965630215869,0.007410814093766902,0.010023991056521847,0.015461664370921906,0.013960597858785657,0.0016808410871770694,0.0013980304060548952,0.000780139017714149,0.00029541776695157817,0.0007219419608301868,0.0012282655563227568,0.0010174392991751057,0.9829826132341275,0.9894554245279142,0.9935180459096234,0.9925482397473464,0.9460434801673749,0.9719810312971493,0.9794214724805893,80.72161555290222
