expl_var_class_0,expl_var_class_1,expl_var_class_2,expl_var_class_3,expl_var_class_4,expl_var_class_5,expl_var_mean,mae_class_0,mae_class_1,mae_class_2,mae_class_3,mae_class_4,mae_class_5,mae_mean,mse_class_0,mse_class_1,mse_class_2,mse_class_3,mse_class_4,mse_class_5,mse_mean,r2_class_0,r2_class_1,r2_class_2,r2_class_3,r2_class_4,r2_class_5,r2_mean,time
0.9832549658967336,0.9896619661746769,0.9935008659097166,0.9925164158418767,0.9465222194755358,0.9721644432947951,0.9796034794322224,0.018068598441090992,0.01915049299885973,0.013494195316154306,0.007393381042161994,0.009978942236818687,0.015332661641785305,0.0139030452794785,0.001654162196842046,0.001370864709907122,0.000782306321441091,0.0002967517837422093,0.000715618120923018,0.0012202299186234353,0.0010066555085798204,0.9832527190750537,0.9896603204529537,0.9935000383969379,0.992514589864337,0.9465161115032473,0.9721643387912378,0.9796013530139613,85.37327408790588
