expl_var_class_0,expl_var_class_1,expl_var_class_2,expl_var_class_3,expl_var_class_4,expl_var_class_5,expl_var_mean,mae_class_0,mae_class_1,mae_class_2,mae_class_3,mae_class_4,mae_class_5,mae_mean,mse_class_0,mse_class_1,mse_class_2,mse_class_3,mse_class_4,mse_class_5,mse_mean,r2_class_0,r2_class_1,r2_class_2,r2_class_3,r2_class_4,r2_class_5,r2_mean,time
0.9825106534135221,0.9893305946967964,0.9930354280276953,0.9917034882557101,0.9347858693856738,0.9722298568710876,0.9772659817750808,0.01805794879571662,0.01968203518665847,0.013979767616679427,0.007806790126960249,0.010378181433647464,0.015326087639597724,0.014205135133209992,0.001689577570570899,0.0014128102892036263,0.0008480274713271398,0.000333317513454376,0.0007961050122579264,0.0012183614561002956,0.0010496998854857104,0.9825092305293168,0.9893298461217513,0.9930354189349953,0.9916907413523245,0.934775509739022,0.9722270352838757,0.9772612969935476,64.35641431808472
