expl_var_class_0,expl_var_class_1,expl_var_class_2,expl_var_class_3,expl_var_class_4,expl_var_class_5,expl_var_mean,mae_class_0,mae_class_1,mae_class_2,mae_class_3,mae_class_4,mae_class_5,mae_mean,mse_class_0,mse_class_1,mse_class_2,mse_class_3,mse_class_4,mse_class_5,mse_mean,r2_class_0,r2_class_1,r2_class_2,r2_class_3,r2_class_4,r2_class_5,r2_mean,time
0.9836612297887853,0.9897362231361346,0.9934003293209129,0.9927456181850768,0.9417159354006203,0.9738221689548234,0.9791802507977256,0.01777720270239124,0.019449994011195387,0.013615717683543504,0.007189181574311089,0.010075717051614919,0.015280793963244069,0.013898101164383366,0.0016088389038002608,0.0013480271300944037,0.0007772509286488961,0.00027619989353730304,0.0007559875500831157,0.0011897291783205103,0.0009926722640807484,0.9836611786263231,0.9897326578296359,0.9933973470387822,0.9927440012439983,0.9417021683504702,0.9738128714512443,0.979175037423409,83.38540029525757
