expl_var_class_0,expl_var_class_1,expl_var_class_2,expl_var_class_3,expl_var_class_4,expl_var_class_5,expl_var_mean,mae_class_0,mae_class_1,mae_class_2,mae_class_3,mae_class_4,mae_class_5,mae_mean,mse_class_0,mse_class_1,mse_class_2,mse_class_3,mse_class_4,mse_class_5,mse_mean,r2_class_0,r2_class_1,r2_class_2,r2_class_3,r2_class_4,r2_class_5,r2_mean,time
0.9822340170771119,0.9890162775835063,0.992799022656593,0.9914930998242344,0.9450295150406676,0.9712058665531681,0.9786296331225469,0.018709320558309837,0.019947920191704934,0.014203936660178025,0.00787276529348803,0.010393927656175424,0.01561538232246712,0.014457208780387226,0.0017426373721513098,0.0014390894584526653,0.0008567515200548191,0.0003379862895813844,0.0007549071881592627,0.0012797667942607458,0.0010685231037766978,0.9822326338073504,0.9890156191114383,0.992799007365197,0.9914919059040728,0.9450278816082756,0.9712022747914083,0.9786282204312905,157.86760663986206
