expl_var_class_0,expl_var_class_1,expl_var_class_2,expl_var_class_3,expl_var_class_4,expl_var_class_5,expl_var_mean,mae_class_0,mae_class_1,mae_class_2,mae_class_3,mae_class_4,mae_class_5,mae_mean,mse_class_0,mse_class_1,mse_class_2,mse_class_3,mse_class_4,mse_class_5,mse_mean,r2_class_0,r2_class_1,r2_class_2,r2_class_3,r2_class_4,r2_class_5,r2_mean,time
0.9826519414776842,0.9884264378144976,0.9924409203057456,0.9913295015296304,0.950420739063161,0.9717016626252679,0.9794952004693313,0.01838022770141476,0.020344956715569063,0.014532581788697261,0.007775525004387255,0.009902578688167869,0.015625158128072067,0.014426838004384712,0.0017015893623544141,0.0015164715130177098,0.0008993556707510512,0.0003445609438245924,0.0006808752106494926,0.0012577043325983307,0.0010667595055325984,0.9826511460194697,0.9884249720489576,0.9924409196720979,0.9913264028092026,0.9504188683365433,0.9716987314202478,0.9794935067177531,73.79792642593384
