expl_var_class_0,expl_var_class_1,expl_var_class_2,expl_var_class_3,expl_var_class_4,expl_var_class_5,expl_var_mean,mae_class_0,mae_class_1,mae_class_2,mae_class_3,mae_class_4,mae_class_5,mae_mean,mse_class_0,mse_class_1,mse_class_2,mse_class_3,mse_class_4,mse_class_5,mse_mean,r2_class_0,r2_class_1,r2_class_2,r2_class_3,r2_class_4,r2_class_5,r2_mean,time
0.9832887198721656,0.9897207470378504,0.9932266790822237,0.9922317006942306,0.9428449654170409,0.9736950904682343,0.9791679837619576,0.017907365304694913,0.01934519369152727,0.013815294707656597,0.007462231278053248,0.010110913303037032,0.015049810615235547,0.013948468150034102,0.001638933939608955,0.0013471586604584514,0.0008106606830353079,0.0003027409999005498,0.0007478776705824143,0.0011587371294624644,0.001001018180508024,0.9832886872152282,0.989716802038849,0.9932260613334956,0.9922240376517637,0.9428385067168283,0.9736925682484328,0.979164443867433,281.9093794822693
