expl_var_class_0,expl_var_class_1,expl_var_class_2,expl_var_class_3,expl_var_class_4,expl_var_class_5,expl_var_mean,mae_class_0,mae_class_1,mae_class_2,mae_class_3,mae_class_4,mae_class_5,mae_mean,mse_class_0,mse_class_1,mse_class_2,mse_class_3,mse_class_4,mse_class_5,mse_mean,r2_class_0,r2_class_1,r2_class_2,r2_class_3,r2_class_4,r2_class_5,r2_mean,time
0.9698950604963503,0.9318162112478567,0.9582715004790578,0.9913588308536495,0.9202533235104168,0.951130887342361,0.9537876356549487,0.023627300362913106,0.04941065035663556,0.03531642809203702,0.008300436649109596,0.011604221541537691,0.021136941770231052,0.02489932979541067,0.002873655235383445,0.009061492347207975,0.005017115616271426,0.000347558230347635,0.0009543380047886696,0.002160914288663445,0.003402512287110432,0.9698946830047461,0.9318154074667381,0.9582710167505806,0.9913513854280224,0.9202417529780166,0.9511071978091635,0.9537802405728777,6.931970119476318
