expl_var_class_0,expl_var_class_1,expl_var_class_2,expl_var_class_3,expl_var_class_4,expl_var_class_5,expl_var_mean,mae_class_0,mae_class_1,mae_class_2,mae_class_3,mae_class_4,mae_class_5,mae_mean,mse_class_0,mse_class_1,mse_class_2,mse_class_3,mse_class_4,mse_class_5,mse_mean,r2_class_0,r2_class_1,r2_class_2,r2_class_3,r2_class_4,r2_class_5,r2_mean,time
0.9832828615621843,0.9897733888971888,0.9932198775072032,0.9923904252758988,0.943426374842064,0.9737195490872793,0.9793020795286363,0.017880528846155687,0.019341804367784435,0.013877716633718324,0.007500351410594676,0.01017219270136504,0.015108016999022703,0.013980101826440145,0.0016341092418951132,0.001340390183319301,0.0008194337026886292,0.00030215372725376236,0.0007372099578173153,0.0011642778306390847,0.0009995957739355342,0.9832814496742444,0.9897716918001718,0.9932184368034792,0.9923856358536339,0.9434139892980972,0.973715720640105,0.9792978206782886,97.04252672195435
