expl_var_class_0,expl_var_class_1,expl_var_class_2,expl_var_class_3,expl_var_class_4,expl_var_class_5,expl_var_mean,mae_class_0,mae_class_1,mae_class_2,mae_class_3,mae_class_4,mae_class_5,mae_mean,mse_class_0,mse_class_1,mse_class_2,mse_class_3,mse_class_4,mse_class_5,mse_mean,r2_class_0,r2_class_1,r2_class_2,r2_class_3,r2_class_4,r2_class_5,r2_mean,time
0.9833734985749614,0.9896542213825308,0.9932441032576484,0.9915680145431136,0.9480613755786418,0.9736485286811608,0.9799249570030094,0.01786487147216428,0.019424613743992347,0.014046979115448497,0.007656248050653499,0.010099555289054455,0.01505618984970925,0.01402474292017039,0.001610961260322941,0.001353319496376771,0.0008100262001252487,0.0003352047064636494,0.0007268534397213396,0.0011600818732440134,0.0009994078293756607,0.9833731130662025,0.9896509119800593,0.9932434564544806,0.9915651287967631,0.9480236830426504,0.9736430285458575,0.9799165536476688,304.2629759311676
