expl_var_class_0,expl_var_class_1,expl_var_class_2,expl_var_class_3,expl_var_class_4,expl_var_class_5,expl_var_mean,mae_class_0,mae_class_1,mae_class_2,mae_class_3,mae_class_4,mae_class_5,mae_mean,mse_class_0,mse_class_1,mse_class_2,mse_class_3,mse_class_4,mse_class_5,mse_mean,r2_class_0,r2_class_1,r2_class_2,r2_class_3,r2_class_4,r2_class_5,r2_mean,time
0.9802893633885655,0.9625334774916859,0.9785014504012487,0.991849920279141,0.9334739224624921,0.962926865948708,0.9682624999953068,0.01957594204106131,0.0360055366287833,0.025252137130609614,0.007997562594180304,0.011271367652400163,0.017755874604634327,0.019643070108611504,0.0019372999924275429,0.00490494970765351,0.002582201497764953,0.0003236432504521683,0.0009552541931270108,0.001631486905726971,0.002055805924525359,0.9802888918284446,0.9625330954602233,0.9785014357606469,0.9918482838762196,0.9334400917043622,0.9629047936359056,0.9682527653776337,23.543205976486206
