expl_var_class_0,expl_var_class_1,expl_var_class_2,expl_var_class_3,expl_var_class_4,expl_var_class_5,expl_var_mean,mae_class_0,mae_class_1,mae_class_2,mae_class_3,mae_class_4,mae_class_5,mae_mean,mse_class_0,mse_class_1,mse_class_2,mse_class_3,mse_class_4,mse_class_5,mse_mean,r2_class_0,r2_class_1,r2_class_2,r2_class_3,r2_class_4,r2_class_5,r2_mean,time
0.9826742783503889,0.98933071389584,0.9934375432968312,0.9918417076679238,0.9452268958668619,0.9732237864010542,0.9792891542464833,0.018084015033505464,0.019759480079421812,0.013746382917958412,0.007582975729838267,0.01021065054270772,0.015283890685157654,0.014111232498098222,0.001678693897386374,0.0013956174233254214,0.0007868889910643602,0.0003242351937744217,0.0007666631935537196,0.0011788264422413221,0.0010218208568909366,0.9826740379699113,0.9893274517992042,0.9934364472003572,0.9918411584136263,0.9451769408108476,0.973217153371547,0.9792788649275822,80.46299934387207
