expl_var_class_0,expl_var_class_1,expl_var_class_2,expl_var_class_3,expl_var_class_4,expl_var_class_5,expl_var_mean,mae_class_0,mae_class_1,mae_class_2,mae_class_3,mae_class_4,mae_class_5,mae_mean,mse_class_0,mse_class_1,mse_class_2,mse_class_3,mse_class_4,mse_class_5,mse_mean,r2_class_0,r2_class_1,r2_class_2,r2_class_3,r2_class_4,r2_class_5,r2_mean,time
0.9820695300832356,0.9893841712420416,0.9931709281296704,0.9923163679534145,0.9359023950645305,0.9719765396309012,0.9774699886839658,0.018141311425797786,0.01954507390348533,0.013736461477767,0.007554109912489639,0.010332250704733228,0.015385837136105087,0.014115840760063012,0.0017323829650606078,0.0014056179379080083,0.0008315310523169974,0.0003084253620297624,0.0007824763040002877,0.0012294200543561068,0.001048308945945295,0.9820661024361401,0.9893841658670541,0.9931708988001683,0.992311276776163,0.935892103071978,0.9719749507668954,0.9774665829530665,52.21601223945618
