expl_var_class_0,expl_var_class_1,expl_var_class_2,expl_var_class_3,expl_var_class_4,expl_var_class_5,expl_var_mean,mae_class_0,mae_class_1,mae_class_2,mae_class_3,mae_class_4,mae_class_5,mae_mean,mse_class_0,mse_class_1,mse_class_2,mse_class_3,mse_class_4,mse_class_5,mse_mean,r2_class_0,r2_class_1,r2_class_2,r2_class_3,r2_class_4,r2_class_5,r2_mean,time
0.983664769217833,0.9890469075100012,0.9932997256910828,0.9916566077886333,0.9439015684450487,0.9738088474096193,0.9792297376770364,0.017909884383068463,0.019544664623500626,0.01345546275410147,0.007563874401703876,0.010062519375479601,0.015186773536229119,0.013953863179013858,0.0016020555895404273,0.0014351007559232488,0.0008018554217891994,0.0003253035254284078,0.000734061084101454,0.0011539664990970735,0.001008723812646635,0.9836647155761569,0.9890455180963361,0.9932996387264442,0.9916445147293865,0.943894530644796,0.9738008784333387,0.9792249660344098,40.37171483039856
