expl_var_class_0,expl_var_class_1,expl_var_class_2,expl_var_class_3,expl_var_class_4,expl_var_class_5,expl_var_mean,mae_class_0,mae_class_1,mae_class_2,mae_class_3,mae_class_4,mae_class_5,mae_mean,mse_class_0,mse_class_1,mse_class_2,mse_class_3,mse_class_4,mse_class_5,mse_mean,r2_class_0,r2_class_1,r2_class_2,r2_class_3,r2_class_4,r2_class_5,r2_mean,time
0.9735861524604263,0.9350017047597525,0.9581362666471253,0.991525695336462,0.9309789896383359,0.9537692952797506,0.9571663506869754,0.02318653461526553,0.04858487926133797,0.034851888756313835,0.008284334298190366,0.011713706033843297,0.020782231730746212,0.024567262449282867,0.002611712376584979,0.008611658291630773,0.004881001897890332,0.0003366036922321158,0.0009768535297174116,0.0020393704742835113,0.0032428667103898538,0.9735852360192487,0.9350000186318329,0.9581337238131918,0.9915253306196653,0.9309537457379176,0.9537489498133619,0.9571578341058697,6.886973857879639
