expl_var_class_0,expl_var_class_1,expl_var_class_2,expl_var_class_3,expl_var_class_4,expl_var_class_5,expl_var_mean,mae_class_0,mae_class_1,mae_class_2,mae_class_3,mae_class_4,mae_class_5,mae_mean,mse_class_0,mse_class_1,mse_class_2,mse_class_3,mse_class_4,mse_class_5,mse_mean,r2_class_0,r2_class_1,r2_class_2,r2_class_3,r2_class_4,r2_class_5,r2_mean,time
0.9819706556537922,0.9902888238565865,0.9938754938328186,0.9928653546618756,0.9394415817422126,0.9701368362692956,0.9780964576694302,0.01826174672869513,0.018796165665533222,0.013280252248454544,0.007321600040435692,0.01059878668889287,0.015526189460667491,0.013964123472113158,0.0017619108599770178,0.0012724279128262744,0.0007340991599217138,0.00028155646072206355,0.0008079058318133447,0.001308603792564871,0.0010277506696375475,0.9819693620434464,0.9902886335774416,0.9938752573735167,0.9928616897317014,0.9394000890440237,0.9701237197135497,0.9780864585806134,123.09684991836548
