expl_var_class_0,expl_var_class_1,expl_var_class_2,expl_var_class_3,expl_var_class_4,expl_var_class_5,expl_var_mean,mae_class_0,mae_class_1,mae_class_2,mae_class_3,mae_class_4,mae_class_5,mae_mean,mse_class_0,mse_class_1,mse_class_2,mse_class_3,mse_class_4,mse_class_5,mse_mean,r2_class_0,r2_class_1,r2_class_2,r2_class_3,r2_class_4,r2_class_5,r2_mean,time
0.9817582571588819,0.9900104494821449,0.993616001164815,0.9926112530590869,0.9423493190771324,0.9715954318233684,0.9786567852942382,0.01818348288300372,0.01918537590475596,0.013647116070594316,0.007370635074527789,0.010189378505376653,0.0154232299935375,0.013999869738632655,0.0017490436249708876,0.001310518636308963,0.0007676365560332673,0.00029636517289085396,0.0007643230147522216,0.0012298434636619376,0.0010196217447696885,0.9817556426662549,0.9900102483844514,0.9936159955714019,0.9926075819154859,0.9423336813191502,0.9715902253635402,0.9786522292033807,83.91583037376404
