expl_var_class_0,expl_var_class_1,expl_var_class_2,expl_var_class_3,expl_var_class_4,expl_var_class_5,expl_var_mean,mae_class_0,mae_class_1,mae_class_2,mae_class_3,mae_class_4,mae_class_5,mae_mean,mse_class_0,mse_class_1,mse_class_2,mse_class_3,mse_class_4,mse_class_5,mse_mean,r2_class_0,r2_class_1,r2_class_2,r2_class_3,r2_class_4,r2_class_5,r2_mean,time
0.9839609225258509,0.9897211275736554,0.9932289323900025,0.9920826724447945,0.9394439453632213,0.974359090396485,0.9787994484490016,0.017712025223947225,0.019429668056312428,0.013737412030392967,0.007468891453845979,0.010307256241391076,0.015108981843383907,0.013960705808212265,0.0015794139084545737,0.0013499535788378037,0.0007974765165394322,0.00030137550623492995,0.0007854950603298741,0.0011655677883566965,0.0009965470597922185,0.9839600088831865,0.9897179848991136,0.9932255331073278,0.9920826171570023,0.9394267024852279,0.9743446877977108,0.9787929223882615,182.47567009925842
