expl_var_class_0,expl_var_class_1,expl_var_class_2,expl_var_class_3,expl_var_class_4,expl_var_class_5,expl_var_mean,mae_class_0,mae_class_1,mae_class_2,mae_class_3,mae_class_4,mae_class_5,mae_mean,mse_class_0,mse_class_1,mse_class_2,mse_class_3,mse_class_4,mse_class_5,mse_mean,r2_class_0,r2_class_1,r2_class_2,r2_class_3,r2_class_4,r2_class_5,r2_mean,time
0.9808701261604623,0.9897321575163106,0.9936783525568793,0.9926938334521318,0.9423191175923706,0.9710482319935101,0.9783903032119441,0.018898999799724002,0.0190557602497674,0.013284248374471012,0.007377951595583198,0.010201935903569,0.015394778577548552,0.014035612416777192,0.0018585558595452902,0.0013495972890480408,0.0007631371466003199,0.0003016605400317969,0.0007357641206741779,0.0012778804010084546,0.0010477658928180133,0.980869157516721,0.9897320850010073,0.9936781167019818,0.9926923054559781,0.9423095163103626,0.9710389060835867,0.978386681178273,124.26068758964539
