expl_var_class_0,expl_var_class_1,expl_var_class_2,expl_var_class_3,expl_var_class_4,expl_var_class_5,expl_var_mean,mae_class_0,mae_class_1,mae_class_2,mae_class_3,mae_class_4,mae_class_5,mae_mean,mse_class_0,mse_class_1,mse_class_2,mse_class_3,mse_class_4,mse_class_5,mse_mean,r2_class_0,r2_class_1,r2_class_2,r2_class_3,r2_class_4,r2_class_5,r2_mean,time
0.9822963346537407,0.9900368109317509,0.9934263800323435,0.9920741576449854,0.9325831709255046,0.9723928215995467,0.9771349459646453,0.018091141241193525,0.01883030694016688,0.01350840810175332,0.007627590603163668,0.010557545367596486,0.01525190624093673,0.013977816415801767,0.0017102905466505143,0.001319326679592487,0.000800429819586852,0.0003182457216062628,0.0008230253058286166,0.001211181103139436,0.0010304165294006947,0.9822948065833729,0.9900358747423437,0.9934263233753082,0.9920664654343027,0.9325699433893715,0.9723907138773118,0.9771306879003351,188.50098752975464
