expl_var_class_0,expl_var_class_1,expl_var_class_2,expl_var_class_3,expl_var_class_4,expl_var_class_5,expl_var_mean,mae_class_0,mae_class_1,mae_class_2,mae_class_3,mae_class_4,mae_class_5,mae_mean,mse_class_0,mse_class_1,mse_class_2,mse_class_3,mse_class_4,mse_class_5,mse_mean,r2_class_0,r2_class_1,r2_class_2,r2_class_3,r2_class_4,r2_class_5,r2_mean,time
0.9704346066965828,0.931923383541175,0.9572865846615054,0.9906415067457669,0.9247050784514032,0.9506082474273471,0.95426656792063,0.023818586874898892,0.04909291540360118,0.035226767930176484,0.008507483271823808,0.011905068615333072,0.021224110794219393,0.024962488815008805,0.0029034208223522504,0.00898928161558267,0.005025841114161304,0.0003695913326612771,0.0010113118495733168,0.0021931145554674536,0.003415426881633045,0.970434199482596,0.9319233835374754,0.9572863089442828,0.9906317106905302,0.9246845209253074,0.9505775980195632,0.9542562869332926,6.772227048873901
