expl_var_class_0,expl_var_class_1,expl_var_class_2,expl_var_class_3,expl_var_class_4,expl_var_class_5,expl_var_mean,mae_class_0,mae_class_1,mae_class_2,mae_class_3,mae_class_4,mae_class_5,mae_mean,mse_class_0,mse_class_1,mse_class_2,mse_class_3,mse_class_4,mse_class_5,mse_mean,r2_class_0,r2_class_1,r2_class_2,r2_class_3,r2_class_4,r2_class_5,r2_mean,time
0.9828654245587484,0.9901356695341986,0.9934814059196322,0.9915264157755367,0.9399928941368583,0.9713069583988099,0.9782181280539639,0.01808081599087215,0.01921079724827589,0.013744903593932973,0.007700885351307219,0.01060789990043144,0.01529497630172255,0.014106713064423702,0.0016746945577218104,0.0012924705141209936,0.0007813061869018937,0.00033444858503736035,0.0008006039793540144,0.0012572096250613532,0.0010234555746995709,0.9828618961696585,0.9901356653477508,0.9934813992870344,0.9915207139531889,0.939947791005595,0.9712970821645436,0.9782074246546285,179.20288681983948
