expl_var_class_0,expl_var_class_1,expl_var_class_2,expl_var_class_3,expl_var_class_4,expl_var_class_5,expl_var_mean,mae_class_0,mae_class_1,mae_class_2,mae_class_3,mae_class_4,mae_class_5,mae_mean,mse_class_0,mse_class_1,mse_class_2,mse_class_3,mse_class_4,mse_class_5,mse_mean,r2_class_0,r2_class_1,r2_class_2,r2_class_3,r2_class_4,r2_class_5,r2_mean,time
0.9824279009549258,0.9897402655293491,0.9934616032720041,0.9920219364397265,0.9433922835875261,0.971677290310496,0.9787868800156713,0.018294870474266478,0.01927336696813924,0.013769373100390824,0.007621503697828816,0.010650377579132205,0.015573194689013548,0.01419711441812852,0.0017271882479880474,0.0013431768883114489,0.0007853334373075959,0.000316762811520286,0.000812762560425643,0.0012465309238512596,0.0010386258115673802,0.9824266791298173,0.9897400211513129,0.9934615709247001,0.9920215839061178,0.9433685799263842,0.9716575586986501,0.9787793322894971,178.3552062511444
