expl_var_class_0,expl_var_class_1,expl_var_class_2,expl_var_class_3,expl_var_class_4,expl_var_class_5,expl_var_mean,mae_class_0,mae_class_1,mae_class_2,mae_class_3,mae_class_4,mae_class_5,mae_mean,mse_class_0,mse_class_1,mse_class_2,mse_class_3,mse_class_4,mse_class_5,mse_mean,r2_class_0,r2_class_1,r2_class_2,r2_class_3,r2_class_4,r2_class_5,r2_mean,time
0.9831788260838528,0.989456619049695,0.9933819623494646,0.9924206432626352,0.943238153453265,0.9724422257388969,0.9790197383229683,0.01814628984132315,0.019695277478477023,0.013776012480305177,0.007481815583925631,0.01012023520855083,0.015522633723783597,0.014123710719394235,0.001687830446718255,0.0013722964536722357,0.0007898772354750491,0.00029693838711156346,0.0007456565491588745,0.001232188489301658,0.0010207979269062726,0.983175851043907,0.9894563883363068,0.993381934518773,0.9924143764329446,0.943236374623695,0.9724411677797321,0.9790176821225597,57.82058095932007
