expl_var_class_0,expl_var_class_1,expl_var_class_2,expl_var_class_3,expl_var_class_4,expl_var_class_5,expl_var_mean,mae_class_0,mae_class_1,mae_class_2,mae_class_3,mae_class_4,mae_class_5,mae_mean,mse_class_0,mse_class_1,mse_class_2,mse_class_3,mse_class_4,mse_class_5,mse_mean,r2_class_0,r2_class_1,r2_class_2,r2_class_3,r2_class_4,r2_class_5,r2_mean,time
0.9831862451604094,0.9889779028328425,0.9927920939146518,0.9910878944849915,0.9457222280802418,0.973485128221995,0.9792085821158554,0.017952439900026325,0.020072297311009447,0.014351042828127773,0.00796472637867067,0.010243513240348853,0.015023470551172565,0.014267915034892604,0.0016396010416590255,0.0014471632543006671,0.0008712841326847461,0.00035032765854395276,0.0007393251657834574,0.0011323554743845588,0.0010300094545594013,0.9831854734634533,0.9889756609429975,0.9927910382136639,0.9910841279596523,0.9457037333202909,0.973480859515661,0.979203482235953,68.72390818595886
