expl_var_class_0,expl_var_class_1,expl_var_class_2,expl_var_class_3,expl_var_class_4,expl_var_class_5,expl_var_mean,mae_class_0,mae_class_1,mae_class_2,mae_class_3,mae_class_4,mae_class_5,mae_mean,mse_class_0,mse_class_1,mse_class_2,mse_class_3,mse_class_4,mse_class_5,mse_mean,r2_class_0,r2_class_1,r2_class_2,r2_class_3,r2_class_4,r2_class_5,r2_mean,time
0.9817167781086283,0.9888860590015196,0.9933937271812121,0.9920246274159211,0.9426169603902528,0.9709717394012024,0.9782683152497894,0.01892179488860623,0.019964959517945396,0.01340040139019254,0.007668395487417125,0.010595359845755738,0.016077539998254724,0.014438075188028624,0.0018067997071656691,0.001455807326533256,0.0007835365716733554,0.00031755923286504417,0.0007779001021501125,0.0012566573192378994,0.0010663767099375562,0.981716530264056,0.9888859268645529,0.9933934118889953,0.9920223186311005,0.9425938565860623,0.9709447209936165,0.9782594608713971,30.779422521591187
