expl_var_class_0,expl_var_class_1,expl_var_class_2,expl_var_class_3,expl_var_class_4,expl_var_class_5,expl_var_mean,mae_class_0,mae_class_1,mae_class_2,mae_class_3,mae_class_4,mae_class_5,mae_mean,mse_class_0,mse_class_1,mse_class_2,mse_class_3,mse_class_4,mse_class_5,mse_mean,r2_class_0,r2_class_1,r2_class_2,r2_class_3,r2_class_4,r2_class_5,r2_mean,time
0.981955804133206,0.9896808773592746,0.9931359863729226,0.9926845720124832,0.9467131659848714,0.9712997552914809,0.9792450268590397,0.018275518642751495,0.019216237948359447,0.013864279426976605,0.007378074074773515,0.00987637596340358,0.015318449904030829,0.01398815599338258,0.0017531459727893799,0.0013563360372852197,0.0008286598789566641,0.0003020127850545462,0.0006797410347169312,0.0012667056925196392,0.00103110023355373,0.9819541827148341,0.9896808157115233,0.9931353216497826,0.9926837723577127,0.9467022270118551,0.9712921627903784,0.9792414137060144,141.16657423973083
