expl_var_class_0,expl_var_class_1,expl_var_class_2,expl_var_class_3,expl_var_class_4,expl_var_class_5,expl_var_mean,mae_class_0,mae_class_1,mae_class_2,mae_class_3,mae_class_4,mae_class_5,mae_mean,mse_class_0,mse_class_1,mse_class_2,mse_class_3,mse_class_4,mse_class_5,mse_mean,r2_class_0,r2_class_1,r2_class_2,r2_class_3,r2_class_4,r2_class_5,r2_mean,time
0.9817088868256704,0.9901010928639207,0.9934694036597697,0.9913084248521058,0.9318419446000203,0.9706259599492046,0.9765092854584486,0.018352021867906212,0.0191466961338181,0.013585314595686333,0.007962055562759491,0.010513731712212567,0.01585051229896338,0.014235055361891014,0.0017670366760341115,0.0013107095885090201,0.0007952021234223919,0.00034922060667267273,0.0008321545943361081,0.0012889508835477927,0.0010572124120870163,0.9817073618370113,0.990100954738254,0.9934692567883775,0.9912942937925204,0.931821985293168,0.9706179252221492,0.9765019629452468,46.73932099342346
