expl_var_class_0,expl_var_class_1,expl_var_class_2,expl_var_class_3,expl_var_class_4,expl_var_class_5,expl_var_mean,mae_class_0,mae_class_1,mae_class_2,mae_class_3,mae_class_4,mae_class_5,mae_mean,mse_class_0,mse_class_1,mse_class_2,mse_class_3,mse_class_4,mse_class_5,mse_mean,r2_class_0,r2_class_1,r2_class_2,r2_class_3,r2_class_4,r2_class_5,r2_mean,time
0.9826430636387884,0.9900891339721556,0.9936246485179449,0.9911989730568542,0.936639797474861,0.9724283780678545,0.9777706657880764,0.018048531595528685,0.01899214188184268,0.01323437490734859,0.007813253286571916,0.010207804578107115,0.015350110947334634,0.013941036199455603,0.0016767022699404885,0.0013126527363478073,0.000776282804505879,0.0003535103468247672,0.0007735584513719076,0.0012096409480914217,0.0010170579261803785,0.9826425176415008,0.9900862792460053,0.9936246351631871,0.9911873550358807,0.9366227383310864,0.9724258222366511,0.9777648912757186,40.45907545089722
