expl_var_class_0,expl_var_class_1,expl_var_class_2,expl_var_class_3,expl_var_class_4,expl_var_class_5,expl_var_mean,mae_class_0,mae_class_1,mae_class_2,mae_class_3,mae_class_4,mae_class_5,mae_mean,mse_class_0,mse_class_1,mse_class_2,mse_class_3,mse_class_4,mse_class_5,mse_mean,r2_class_0,r2_class_1,r2_class_2,r2_class_3,r2_class_4,r2_class_5,r2_mean,time
0.9827627854813974,0.9900817530774234,0.9937636681424454,0.9929933434691169,0.947161555112684,0.9726038948349967,0.9798945000196774,0.01822372978532517,0.018813497830124832,0.013182405632865811,0.007202767487933821,0.010101460046617607,0.01527152180434403,0.013799230431201877,0.0017026430606019243,0.001315451826753883,0.0007509160416401213,0.0002777782030834252,0.0007070989481042816,0.0012009617231030078,0.0009924749672144404,0.9827618829004507,0.9900782693945537,0.9937608513391621,0.9929931886150575,0.9471528176958381,0.9726038813351674,0.9798918152133718,102.2534692287445
