expl_var_class_0,expl_var_class_1,expl_var_class_2,expl_var_class_3,expl_var_class_4,expl_var_class_5,expl_var_mean,mae_class_0,mae_class_1,mae_class_2,mae_class_3,mae_class_4,mae_class_5,mae_mean,mse_class_0,mse_class_1,mse_class_2,mse_class_3,mse_class_4,mse_class_5,mse_mean,r2_class_0,r2_class_1,r2_class_2,r2_class_3,r2_class_4,r2_class_5,r2_mean,time
0.9829725712837362,0.9893724402102001,0.9927820297875504,0.9909505000234521,0.9448943666693567,0.9736206838073332,0.979098765296938,0.017963718018573084,0.019480841824249917,0.014109756028171322,0.007903483289189613,0.010206972882441925,0.014836837877705778,0.014083601653388607,0.001660721972878224,0.0013954375965541115,0.0008724725223563644,0.00035587153794593016,0.0007508710089797464,0.001126530754839444,0.0010269842322589702,0.9829688729311052,0.9893697016203363,0.9927812055363447,0.9909430357045885,0.9448558030586942,0.9736172712338829,0.9790893150141585,128.04553818702698
