expl_var_class_0,expl_var_class_1,expl_var_class_2,expl_var_class_3,expl_var_class_4,expl_var_class_5,expl_var_mean,mae_class_0,mae_class_1,mae_class_2,mae_class_3,mae_class_4,mae_class_5,mae_mean,mse_class_0,mse_class_1,mse_class_2,mse_class_3,mse_class_4,mse_class_5,mse_mean,r2_class_0,r2_class_1,r2_class_2,r2_class_3,r2_class_4,r2_class_5,r2_mean,time
0.9834140539082711,0.9894464315868984,0.992938371629853,0.9925195962431566,0.9430349712368677,0.973052256481436,0.9790676135144137,0.017908388522583134,0.019391001552397754,0.014165395306098758,0.007478111907576504,0.010083579700644175,0.015112969020228352,0.01402324100158811,0.0016327656879786246,0.0013833826993454661,0.0008528377432921627,0.000296909752801301,0.000798381756270284,0.0011947076781671886,0.001026497552975838,0.9834086417683773,0.9894461286115106,0.9929383697362275,0.9925160159620892,0.9430076553421456,0.9730521066169548,0.9790614863395509,140.7181658744812
