expl_var_class_0,expl_var_class_1,expl_var_class_2,expl_var_class_3,expl_var_class_4,expl_var_class_5,expl_var_mean,mae_class_0,mae_class_1,mae_class_2,mae_class_3,mae_class_4,mae_class_5,mae_mean,mse_class_0,mse_class_1,mse_class_2,mse_class_3,mse_class_4,mse_class_5,mse_mean,r2_class_0,r2_class_1,r2_class_2,r2_class_3,r2_class_4,r2_class_5,r2_mean,time
0.9824540101218723,0.9887574235072589,0.992697056539954,0.9916677925625105,0.9469321400815598,0.9711026647972586,0.9789351812684023,0.01854179975779619,0.02027786550388742,0.014352525641987033,0.0076149540571962245,0.010099708429598715,0.015775111128934205,0.014443660753233297,0.0017209454735710268,0.0014729972554508798,0.0008688859217470829,0.0003311910971447962,0.0007288335324616995,0.0012842409976118836,0.0010678490463312282,0.9824537973791002,0.9887568053489354,0.9926970177740865,0.9916629605841961,0.9469265575122717,0.9711015948243931,0.9789331222371639,57.04639792442322
