expl_var_class_0,expl_var_class_1,expl_var_class_2,expl_var_class_3,expl_var_class_4,expl_var_class_5,expl_var_mean,mae_class_0,mae_class_1,mae_class_2,mae_class_3,mae_class_4,mae_class_5,mae_mean,mse_class_0,mse_class_1,mse_class_2,mse_class_3,mse_class_4,mse_class_5,mse_mean,r2_class_0,r2_class_1,r2_class_2,r2_class_3,r2_class_4,r2_class_5,r2_mean,time
0.9830752436209018,0.9898513214616419,0.9935935502705284,0.9914963523606244,0.9481995723480949,0.9734909800791947,0.9799511700234976,0.018001557998990544,0.019248461266754217,0.013663940925778424,0.007677076079198316,0.01011510790944877,0.015118400755530066,0.013970757489283387,0.0016398513362532305,0.0013275813476943705,0.0007682803844080115,0.0003379830358377919,0.0007247000443978377,0.0011669216274801534,0.0009942196293452326,0.9830749357991058,0.9898477364305291,0.993591664230591,0.9914952167401028,0.9481776694610289,0.973487629852616,0.979945808752329,287.1198663711548
