expl_var_class_0,expl_var_class_1,expl_var_class_2,expl_var_class_3,expl_var_class_4,expl_var_class_5,expl_var_mean,mae_class_0,mae_class_1,mae_class_2,mae_class_3,mae_class_4,mae_class_5,mae_mean,mse_class_0,mse_class_1,mse_class_2,mse_class_3,mse_class_4,mse_class_5,mse_mean,r2_class_0,r2_class_1,r2_class_2,r2_class_3,r2_class_4,r2_class_5,r2_mean,time
0.9830155957670541,0.9894553526580571,0.9930831136675536,0.9922235744608974,0.9411473598615512,0.9744752876991936,0.9789000473523845,0.018381237272644187,0.01944455414419679,0.013811535849487227,0.007541707392605752,0.010604837587686329,0.015105154918579248,0.014148171194199921,0.0016784355530726112,0.0013814169400916054,0.0008205198390236542,0.0003095844964017212,0.0007978037341821033,0.0011046475480901163,0.0010154013518103018,0.9830154800686374,0.9894538455584748,0.9930815780535168,0.9922226589138609,0.9411250423363552,0.9744593516290182,0.9788929927599771,182.099374294281
