expl_var_class_0,expl_var_class_1,expl_var_class_2,expl_var_class_3,expl_var_class_4,expl_var_class_5,expl_var_mean,mae_class_0,mae_class_1,mae_class_2,mae_class_3,mae_class_4,mae_class_5,mae_mean,mse_class_0,mse_class_1,mse_class_2,mse_class_3,mse_class_4,mse_class_5,mse_mean,r2_class_0,r2_class_1,r2_class_2,r2_class_3,r2_class_4,r2_class_5,r2_mean,time
0.9811162624141249,0.989223732907963,0.9931766186265817,0.9927124544170185,0.9442225423026672,0.9707182796802282,0.9785283150580972,0.0185836737644975,0.02003449580747784,0.014057514182328795,0.007330958416320364,0.010132106559306436,0.01570580851137606,0.014307426206884499,0.0018109781981828826,0.0014137454038504083,0.0008205107648434571,0.0002922697642807961,0.0007394927937750997,0.0012677532732621737,0.001057458366365803,0.9811096001840318,0.9892233768824029,0.9931762703126842,0.9927097362016227,0.9442070613013647,0.9707144967207689,0.9785234236004792,51.81672692298889
