expl_var_class_0,expl_var_class_1,expl_var_class_2,expl_var_class_3,expl_var_class_4,expl_var_class_5,expl_var_mean,mae_class_0,mae_class_1,mae_class_2,mae_class_3,mae_class_4,mae_class_5,mae_mean,mse_class_0,mse_class_1,mse_class_2,mse_class_3,mse_class_4,mse_class_5,mse_mean,r2_class_0,r2_class_1,r2_class_2,r2_class_3,r2_class_4,r2_class_5,r2_mean,time
0.9830265200709221,0.9898497302682419,0.9930118095733865,0.9924394838595001,0.946631682500111,0.973261885113302,0.9797035185642439,0.018125205884346532,0.01941490869945593,0.013908094271711665,0.007416774782022521,0.01028490378511335,0.015248163264522772,0.01406634178119546,0.001678243258127157,0.00134487372008095,0.0008147804604340056,0.0003003707256129679,0.0007553662955314949,0.0011798282415911821,0.0010122437835629594,0.9830263087301822,0.9898490205036636,0.9930113070017677,0.9924375678287398,0.9466089728750199,0.973242578579246,0.9796959592531032,111.54630446434021
