expl_var_class_0,expl_var_class_1,expl_var_class_2,expl_var_class_3,expl_var_class_4,expl_var_class_5,expl_var_mean,mae_class_0,mae_class_1,mae_class_2,mae_class_3,mae_class_4,mae_class_5,mae_mean,mse_class_0,mse_class_1,mse_class_2,mse_class_3,mse_class_4,mse_class_5,mse_mean,r2_class_0,r2_class_1,r2_class_2,r2_class_3,r2_class_4,r2_class_5,r2_mean,time
0.9822405368231455,0.9901636375228964,0.9936857345408551,0.9925596410921277,0.9434556916023887,0.973236786772179,0.9792236713922654,0.018354997680432063,0.018855792331035917,0.013415344154816173,0.007386374259963311,0.010124361820098914,0.01520288261585246,0.013889958810366471,0.0017358742102980597,0.0012891465479686786,0.0007630839700139346,0.0002953505490716985,0.000736707934898801,0.0011856228897941753,0.0010009643503408915,0.9822402936107302,0.9901627239803298,0.993684782368699,0.9925570779751715,0.9434525230616994,0.9732338429619241,0.9792218739930921,102.03751039505005
