expl_var_class_0,expl_var_class_1,expl_var_class_2,expl_var_class_3,expl_var_class_4,expl_var_class_5,expl_var_mean,mae_class_0,mae_class_1,mae_class_2,mae_class_3,mae_class_4,mae_class_5,mae_mean,mse_class_0,mse_class_1,mse_class_2,mse_class_3,mse_class_4,mse_class_5,mse_mean,r2_class_0,r2_class_1,r2_class_2,r2_class_3,r2_class_4,r2_class_5,r2_mean,time
0.9824837928749758,0.9890815438841034,0.9928421231132396,0.9924043698182133,0.9384246050192071,0.9720125399250646,0.9778748291058007,0.018035982973429034,0.0199561177283393,0.014230709107947982,0.007551389155756923,0.010074231961415705,0.015440893202010584,0.014214887354816588,0.0016722157158186018,0.001451032666041418,0.000860668613027605,0.00030535718067734046,0.0007373248016750185,0.001238896733701041,0.0010442492851568373,0.9824813416761713,0.9890814815821181,0.9928415390668193,0.9924015133814482,0.9383785059671247,0.9719687480186067,0.9778588549487147,69.46958088874817
