expl_var_class_0,expl_var_class_1,expl_var_class_2,expl_var_class_3,expl_var_class_4,expl_var_class_5,expl_var_mean,mae_class_0,mae_class_1,mae_class_2,mae_class_3,mae_class_4,mae_class_5,mae_mean,mse_class_0,mse_class_1,mse_class_2,mse_class_3,mse_class_4,mse_class_5,mse_mean,r2_class_0,r2_class_1,r2_class_2,r2_class_3,r2_class_4,r2_class_5,r2_mean,time
0.9821810712055541,0.9891799482876791,0.9932948728789893,0.9927364574389277,0.9456241694720695,0.9708880334878042,0.978984092128504,0.018442256005756753,0.019786897600426342,0.01398462021610408,0.007484314781628661,0.010388257098456262,0.01577389283908866,0.014310039756910127,0.0017513334815882516,0.0014166121276750338,0.0008053565730279698,0.00028850836626149486,0.0007806550849115755,0.0012807107068211392,0.0010538627233809108,0.9821810128348804,0.9891790793951113,0.9932948648524086,0.9927332385340538,0.9456057547445602,0.970880411117326,0.97897906024639,52.43208622932434
