expl_var_class_0,expl_var_class_1,expl_var_class_2,expl_var_class_3,expl_var_class_4,expl_var_class_5,expl_var_mean,mae_class_0,mae_class_1,mae_class_2,mae_class_3,mae_class_4,mae_class_5,mae_mean,mse_class_0,mse_class_1,mse_class_2,mse_class_3,mse_class_4,mse_class_5,mse_mean,r2_class_0,r2_class_1,r2_class_2,r2_class_3,r2_class_4,r2_class_5,r2_mean,time
0.9793056356085814,0.9632493786545187,0.9787040486354346,0.9911328497797819,0.9280795957666772,0.9638643787249344,0.9673893145283213,0.019893463224850378,0.035809721429127736,0.025141486548047706,0.008203002880884838,0.011120560211498398,0.017663948135075328,0.01963869707158073,0.002000049105979943,0.004866069946818681,0.002593056484393704,0.00035622397074222794,0.0008778511376688157,0.0015852234740636204,0.002046412353277832,0.9792951809659022,0.9632493367923136,0.9787040482740101,0.9911197072163317,0.9280780900787526,0.9638642905256872,0.9673851089754995,23.439350843429565
