expl_var_class_0,expl_var_class_1,expl_var_class_2,expl_var_class_3,expl_var_class_4,expl_var_class_5,expl_var_mean,mae_class_0,mae_class_1,mae_class_2,mae_class_3,mae_class_4,mae_class_5,mae_mean,mse_class_0,mse_class_1,mse_class_2,mse_class_3,mse_class_4,mse_class_5,mse_mean,r2_class_0,r2_class_1,r2_class_2,r2_class_3,r2_class_4,r2_class_5,r2_mean,time
0.9813283979841202,0.9903085904962106,0.9939177522233928,0.9928356674370427,0.943356862825175,0.9711731294604004,0.9788200667377236,0.01845140982741189,0.01883898850056423,0.013236763067839068,0.007210448844018211,0.010248970978722433,0.0153969846704177,0.013897260981495588,0.0017905246927494292,0.0012713854661145026,0.0007313672032264027,0.00028735397240231135,0.0007510570779344841,0.0012480439564584128,0.0010132887281475904,0.9813229516731131,0.990308550628571,0.9939176275183456,0.9928323538102566,0.9433345640943205,0.971169788199057,0.9788143059872773,100.65862131118774
