expl_var_class_0,expl_var_class_1,expl_var_class_2,expl_var_class_3,expl_var_class_4,expl_var_class_5,expl_var_mean,mae_class_0,mae_class_1,mae_class_2,mae_class_3,mae_class_4,mae_class_5,mae_mean,mse_class_0,mse_class_1,mse_class_2,mse_class_3,mse_class_4,mse_class_5,mse_mean,r2_class_0,r2_class_1,r2_class_2,r2_class_3,r2_class_4,r2_class_5,r2_mean,time
0.9820964428683631,0.989850553719793,0.9933417865735287,0.9924397269274076,0.9346786039128311,0.9722205604875059,0.9774379457482382,0.018152073428019246,0.018967710204920465,0.013575872916348564,0.007450176498142845,0.010480359198557918,0.015133317731368388,0.01395991832955957,0.001729525470592856,0.001343979700098377,0.0008107233100047219,0.00030354040448820203,0.0007973408525322755,0.001218666347018504,0.001033962680789156,0.9820956836627555,0.989849684477188,0.9933417861982933,0.9924330536827379,0.934674257956032,0.9722200851914616,0.9774357585280781,112.23709487915039
