expl_var_class_0,expl_var_class_1,expl_var_class_2,expl_var_class_3,expl_var_class_4,expl_var_class_5,expl_var_mean,mae_class_0,mae_class_1,mae_class_2,mae_class_3,mae_class_4,mae_class_5,mae_mean,mse_class_0,mse_class_1,mse_class_2,mse_class_3,mse_class_4,mse_class_5,mse_mean,r2_class_0,r2_class_1,r2_class_2,r2_class_3,r2_class_4,r2_class_5,r2_mean,time
0.9825759789095174,0.9899421937279667,0.9934391280808688,0.9922831628453752,0.9425172025152289,0.9735293193230744,0.9790478309003386,0.01797316569909399,0.019028306199222723,0.013640807472951783,0.007404426376332961,0.010198148383919626,0.015121518456939698,0.013894395431410132,0.0017030648497754369,0.0013180564113574513,0.0007928254973416963,0.00030636958156934685,0.0007489464242693278,0.0011730570707431717,0.0010070533058427384,0.9825759657500158,0.9899421173268083,0.9934386440338069,0.9922793950660764,0.9425131335660037,0.9735175239611072,0.9790444632839698,112.44894886016846
