expl_var_class_0,expl_var_class_1,expl_var_class_2,expl_var_class_3,expl_var_class_4,expl_var_class_5,expl_var_mean,mae_class_0,mae_class_1,mae_class_2,mae_class_3,mae_class_4,mae_class_5,mae_mean,mse_class_0,mse_class_1,mse_class_2,mse_class_3,mse_class_4,mse_class_5,mse_mean,r2_class_0,r2_class_1,r2_class_2,r2_class_3,r2_class_4,r2_class_5,r2_mean,time
0.9813308186565867,0.9900405629638714,0.9935936832201924,0.9925703392253544,0.9386828711535175,0.9715404719877963,0.9779597912012198,0.01848242129839192,0.01898061754071111,0.013324618338124887,0.0073118301250888265,0.010149701649516788,0.015418703814389851,0.013944648794370565,0.0017823377323841693,0.0013236070124148566,0.0007703156238272264,0.00029867757930842633,0.0007341000502568516,0.0012589433829128542,0.0010279968968507308,0.9813276687595172,0.9900403155068069,0.9935930342806528,0.9925677281123623,0.9386480127025834,0.971515172946405,0.9779486553847212,124.03432583808899
