expl_var_class_0,expl_var_class_1,expl_var_class_2,expl_var_class_3,expl_var_class_4,expl_var_class_5,expl_var_mean,mae_class_0,mae_class_1,mae_class_2,mae_class_3,mae_class_4,mae_class_5,mae_mean,mse_class_0,mse_class_1,mse_class_2,mse_class_3,mse_class_4,mse_class_5,mse_mean,r2_class_0,r2_class_1,r2_class_2,r2_class_3,r2_class_4,r2_class_5,r2_mean,time
0.9830392562958349,0.9890428760938593,0.9928640669570291,0.9916278720130828,0.9454201134719374,0.9718197158882218,0.9789689834533276,0.018409677291385762,0.01985046698425385,0.01417792847964614,0.007820338625885798,0.010232215568691676,0.015505568549951627,0.014332699249969142,0.0016635701360187243,0.0014356471591297712,0.0008490128206534176,0.0003327033835739056,0.0007495597724912752,0.0012524544157956087,0.0010471579479437837,0.9830387777364652,0.9890418937302071,0.9928640510985176,0.9916248919534988,0.9454172788372345,0.9718168667415662,0.9789672933495815,181.4693636894226
