expl_var_class_0,expl_var_class_1,expl_var_class_2,expl_var_class_3,expl_var_class_4,expl_var_class_5,expl_var_mean,mae_class_0,mae_class_1,mae_class_2,mae_class_3,mae_class_4,mae_class_5,mae_mean,mse_class_0,mse_class_1,mse_class_2,mse_class_3,mse_class_4,mse_class_5,mse_mean,r2_class_0,r2_class_1,r2_class_2,r2_class_3,r2_class_4,r2_class_5,r2_mean,time
0.9825245476383048,0.9898903225228769,0.9932694778966267,0.9922646036926515,0.9398903007138044,0.9735338782413216,0.9785621884509309,0.018131010149301807,0.01922214176260737,0.013913848454701888,0.007590929630987828,0.01038448898604394,0.015164593226939633,0.014067835368430412,0.0017081199564043278,0.0013250166159085252,0.000813473990292606,0.00030697568749557454,0.0007834090710107631,0.0011726325535854104,0.0010182713124495344,0.9825242470200739,0.9898890050926482,0.9932677588732379,0.9922641210157593,0.9398678848459505,0.9735271076938504,0.9785566874235867,296.42925119400024
