expl_var_class_0,expl_var_class_1,expl_var_class_2,expl_var_class_3,expl_var_class_4,expl_var_class_5,expl_var_mean,mae_class_0,mae_class_1,mae_class_2,mae_class_3,mae_class_4,mae_class_5,mae_mean,mse_class_0,mse_class_1,mse_class_2,mse_class_3,mse_class_4,mse_class_5,mse_mean,r2_class_0,r2_class_1,r2_class_2,r2_class_3,r2_class_4,r2_class_5,r2_mean,time
0.979066442434481,0.9626233220957375,0.9785408629962176,0.9920579904971667,0.934557917771148,0.962371922601234,0.9682030763993308,0.019805088301992995,0.03620942453306168,0.02507812602388474,0.007877529194402507,0.01103974486891149,0.017763624630638818,0.019628922925482035,0.0020068848408285344,0.004903362948536898,0.002580348337489066,0.00031856251328693123,0.0008675575453806116,0.0016292005630909405,0.0020509861247688306,0.9790660886663926,0.9626229062451733,0.9785406842803588,0.9920539000541139,0.934544886232279,0.9623649495219581,0.9681989025000459,23.05128788948059
