expl_var_class_0,expl_var_class_1,expl_var_class_2,expl_var_class_3,expl_var_class_4,expl_var_class_5,expl_var_mean,mae_class_0,mae_class_1,mae_class_2,mae_class_3,mae_class_4,mae_class_5,mae_mean,mse_class_0,mse_class_1,mse_class_2,mse_class_3,mse_class_4,mse_class_5,mse_mean,r2_class_0,r2_class_1,r2_class_2,r2_class_3,r2_class_4,r2_class_5,r2_mean,time
0.9821476450224039,0.9896175086371134,0.9931239453530084,0.9921799485307088,0.9403792049358424,0.97272176129986,0.9783616689631561,0.018273404205772916,0.019306900348544483,0.013821583116609425,0.007563881393920624,0.010331606508165525,0.015257083471418896,0.014092409840738646,0.00174498344578087,0.0013608021250244777,0.0008310417502692113,0.00031040991460943446,0.000777029567596216,0.0012086517490200017,0.001038819758716702,0.9821470971413976,0.9896159314601487,0.993122369595116,0.99217757746707,0.9403575562681288,0.9727139524741879,0.9783557474010082,177.72996735572815
