expl_var_class_0,expl_var_class_1,expl_var_class_2,expl_var_class_3,expl_var_class_4,expl_var_class_5,expl_var_mean,mae_class_0,mae_class_1,mae_class_2,mae_class_3,mae_class_4,mae_class_5,mae_mean,mse_class_0,mse_class_1,mse_class_2,mse_class_3,mse_class_4,mse_class_5,mse_mean,r2_class_0,r2_class_1,r2_class_2,r2_class_3,r2_class_4,r2_class_5,r2_mean,time
0.9829139487746928,0.9897632860359099,0.9936762231529493,0.9928786600234559,0.9429459240533741,0.9731638654644058,0.9792236512507979,0.01813705253670492,0.01890141203351004,0.01319979155371325,0.007268292792923974,0.01008459557575266,0.015072665114598417,0.013777301601200545,0.0016756893468809035,0.0013413884691986014,0.0007568399828770461,0.00027757846848617624,0.0007465724765174087,0.001182262638703533,0.0009967218971106116,0.9829139124347391,0.9897608473474978,0.9936757909546428,0.9928703422386176,0.9429382647985504,0.9731584559696044,0.9792196022906086,101.72744226455688
