expl_var_class_0,expl_var_class_1,expl_var_class_2,expl_var_class_3,expl_var_class_4,expl_var_class_5,expl_var_mean,mae_class_0,mae_class_1,mae_class_2,mae_class_3,mae_class_4,mae_class_5,mae_mean,mse_class_0,mse_class_1,mse_class_2,mse_class_3,mse_class_4,mse_class_5,mse_mean,r2_class_0,r2_class_1,r2_class_2,r2_class_3,r2_class_4,r2_class_5,r2_mean,time
0.9829837209230514,0.9895304011614332,0.9932422288176055,0.9925789830740679,0.9417978168543275,0.9715410722410057,0.9786123705119153,0.018158556945877976,0.019187171075528447,0.013556352075323564,0.007432361788833382,0.010271415592830107,0.015382915512813048,0.013998128831867754,0.0016808981234725344,0.0013884146709857313,0.0008135812349747908,0.000294202287038418,0.0007789195843024625,0.0012475521451537298,0.0010339280076546113,0.9829820357799547,0.9895279507360119,0.993240184000346,0.9925788995989804,0.9417850848424068,0.9715410691683913,0.9786092040210153,172.0708727836609
