expl_var_class_0,expl_var_class_1,expl_var_class_2,expl_var_class_3,expl_var_class_4,expl_var_class_5,expl_var_mean,mae_class_0,mae_class_1,mae_class_2,mae_class_3,mae_class_4,mae_class_5,mae_mean,mse_class_0,mse_class_1,mse_class_2,mse_class_3,mse_class_4,mse_class_5,mse_mean,r2_class_0,r2_class_1,r2_class_2,r2_class_3,r2_class_4,r2_class_5,r2_mean,time
0.9820816034120268,0.9892572625122463,0.9933267342343269,0.9918254380153162,0.9424510068675529,0.9700606330558198,0.9781671130162147,0.018697615215447844,0.019802256716464545,0.013556110798177888,0.00776142032004998,0.010335225723324857,0.016077237557860696,0.014371644388554301,0.0017563246088485483,0.00139016564079203,0.0007942184984890036,0.0003350852700622886,0.0007549325410728331,0.0013296951163822713,0.0010600702792744959,0.9820770795207163,0.9892554791193865,0.9933258883049224,0.991817463949563,0.9424478912296829,0.9700605642275834,0.9781640610586423,40.319586515426636
