expl_var_class_0,expl_var_class_1,expl_var_class_2,expl_var_class_3,expl_var_class_4,expl_var_class_5,expl_var_mean,mae_class_0,mae_class_1,mae_class_2,mae_class_3,mae_class_4,mae_class_5,mae_mean,mse_class_0,mse_class_1,mse_class_2,mse_class_3,mse_class_4,mse_class_5,mse_mean,r2_class_0,r2_class_1,r2_class_2,r2_class_3,r2_class_4,r2_class_5,r2_mean,time
0.9824540605313898,0.9896060498717806,0.9931844169109464,0.9909663245476658,0.9481811982986755,0.9704282508598336,0.9791367168367153,0.018639553539794237,0.01950368493038684,0.013752953459167104,0.008102820722903447,0.010108397740235286,0.015969664054677805,0.014346179074527454,0.0017209203188380002,0.0013617530348166635,0.0008108984477651698,0.00035890732100223374,0.0007117668216711574,0.0013143768563913124,0.0010464371334140896,0.9824540538486103,0.9896059178790287,0.9931844022295326,0.9909652629324514,0.9481693503493921,0.9704234680094554,0.9791337425414118,46.21680307388306
