expl_var_class_0,expl_var_class_1,expl_var_class_2,expl_var_class_3,expl_var_class_4,expl_var_class_5,expl_var_mean,mae_class_0,mae_class_1,mae_class_2,mae_class_3,mae_class_4,mae_class_5,mae_mean,mse_class_0,mse_class_1,mse_class_2,mse_class_3,mse_class_4,mse_class_5,mse_mean,r2_class_0,r2_class_1,r2_class_2,r2_class_3,r2_class_4,r2_class_5,r2_mean,time
0.9830705487795325,0.9900416041763295,0.9932202761317149,0.9924285435478509,0.9482910160475096,0.9728745165227866,0.9799877508676206,0.018238025739376995,0.019186450558945953,0.013755467084022047,0.007339114901875095,0.01007381755991977,0.015458863953892408,0.014008623299672047,0.0016739224569965714,0.001319602297320401,0.0007906165637694064,0.0003007802359620971,0.0007319393795156743,0.0011970939113090323,0.0010023258074788636,0.983070009155656,0.9900397668097705,0.9932185702630147,0.9924272575888441,0.9482648411813694,0.9728510090401672,0.9799785756731371,116.93973231315613
