expl_var_class_0,expl_var_class_1,expl_var_class_2,expl_var_class_3,expl_var_class_4,expl_var_class_5,expl_var_mean,mae_class_0,mae_class_1,mae_class_2,mae_class_3,mae_class_4,mae_class_5,mae_mean,mse_class_0,mse_class_1,mse_class_2,mse_class_3,mse_class_4,mse_class_5,mse_mean,r2_class_0,r2_class_1,r2_class_2,r2_class_3,r2_class_4,r2_class_5,r2_mean,time
0.9820977094537162,0.9893831136033436,0.9931171157611024,0.9919037414972259,0.94623642519324,0.972021525159879,0.9791266051114179,0.01817041517598426,0.019509908491003786,0.01395415466603296,0.007608293896377325,0.010197851042042213,0.015381722975994902,0.014137057707905907,0.0017252901824731783,0.0013926146708723866,0.0008240822099263317,0.000326290775956502,0.0007286457321848478,0.0012586442392503124,0.0010425946351105932,0.9820976925218825,0.9893830962468965,0.9931171154094115,0.9919010413914223,0.9462322749247085,0.9720162876383247,0.9791245846887743,129.04045009613037
