expl_var_class_0,expl_var_class_1,expl_var_class_2,expl_var_class_3,expl_var_class_4,expl_var_class_5,expl_var_mean,mae_class_0,mae_class_1,mae_class_2,mae_class_3,mae_class_4,mae_class_5,mae_mean,mse_class_0,mse_class_1,mse_class_2,mse_class_3,mse_class_4,mse_class_5,mse_mean,r2_class_0,r2_class_1,r2_class_2,r2_class_3,r2_class_4,r2_class_5,r2_mean,time
0.9711619474108485,0.9333373678005757,0.958605484298458,0.9906947818643855,0.9312470190541925,0.9494573217876481,0.9557506537026846,0.023491338853629952,0.04909414274629117,0.035273466488493894,0.008588062129357288,0.011653183431375343,0.02130129551883784,0.024900248194664243,0.0028284599129460523,0.008733645611123792,0.0049250773025182595,0.000369826608787669,0.0009443716185441027,0.0022465911524711495,0.003341328701065171,0.9711619388877774,0.933337229749811,0.9586047476414163,0.9906903928243944,0.931231137768106,0.9494464812221594,0.9557453213489439,6.773236036300659
