expl_var_class_0,expl_var_class_1,expl_var_class_2,expl_var_class_3,expl_var_class_4,expl_var_class_5,expl_var_mean,mae_class_0,mae_class_1,mae_class_2,mae_class_3,mae_class_4,mae_class_5,mae_mean,mse_class_0,mse_class_1,mse_class_2,mse_class_3,mse_class_4,mse_class_5,mse_mean,r2_class_0,r2_class_1,r2_class_2,r2_class_3,r2_class_4,r2_class_5,r2_mean,time
0.9822943885283735,0.9888779219394151,0.9930123801186282,0.9917518747792617,0.948821250337456,0.9709140631770249,0.9792786464800266,0.018596900514253726,0.02003881128884567,0.014052067420679954,0.0077431495771875265,0.010054893752924914,0.015705840881522246,0.01436527723923567,0.0017365899174173755,0.0014571509048704786,0.0008313947507888784,0.00032781641544191636,0.0007028362807972517,0.001292679238751562,0.0010580779180112438,0.9822942916969999,0.9888777584623408,0.9930121308957099,0.9917479110995188,0.9488196696971513,0.970911714800412,0.9792772461086887,79.3739755153656
