expl_var_class_0,expl_var_class_1,expl_var_class_2,expl_var_class_3,expl_var_class_4,expl_var_class_5,expl_var_mean,mae_class_0,mae_class_1,mae_class_2,mae_class_3,mae_class_4,mae_class_5,mae_mean,mse_class_0,mse_class_1,mse_class_2,mse_class_3,mse_class_4,mse_class_5,mse_mean,r2_class_0,r2_class_1,r2_class_2,r2_class_3,r2_class_4,r2_class_5,r2_mean,time
0.9820912102354185,0.9895944574754938,0.993330688576635,0.9920130607904013,0.9402226388878835,0.9722445702396105,0.9782494377009071,0.018227343321042807,0.01932397092343374,0.013594837014772336,0.007559334126327146,0.010056138203474991,0.015342794813466187,0.0140174030670862,0.0017097223821007964,0.0013829666781863797,0.0008018578738981891,0.00032118198389665645,0.0007154983920469829,0.0012279813091893416,0.001026534769886391,0.9820884100314988,0.9895936545740976,0.9933306871223391,0.9920077300905609,0.9402026355333588,0.972215720188803,0.9782398062567764,97.46328735351562
