expl_var_class_0,expl_var_class_1,expl_var_class_2,expl_var_class_3,expl_var_class_4,expl_var_class_5,expl_var_mean,mae_class_0,mae_class_1,mae_class_2,mae_class_3,mae_class_4,mae_class_5,mae_mean,mse_class_0,mse_class_1,mse_class_2,mse_class_3,mse_class_4,mse_class_5,mse_mean,r2_class_0,r2_class_1,r2_class_2,r2_class_3,r2_class_4,r2_class_5,r2_mean,time
0.9831451584644103,0.9897950857385076,0.9929294932089643,0.9920474131058087,0.9476592105104761,0.9728868268617911,0.9797438646483264,0.018032478164237066,0.019534915482500775,0.013901180341473389,0.007516342863642522,0.010172054248781273,0.01530597821703336,0.014077158219611398,0.0016664930410299455,0.0013522536232754591,0.0008244365015871336,0.0003160112736884986,0.0007408388859201282,0.001196131177796701,0.001016027417216311,0.9831451499985117,0.9897933176931366,0.9929284833327249,0.9920437858325044,0.947635803599669,0.9728728429524243,0.9797365639014951,181.64486408233643
