expl_var_class_0,expl_var_class_1,expl_var_class_2,expl_var_class_3,expl_var_class_4,expl_var_class_5,expl_var_mean,mae_class_0,mae_class_1,mae_class_2,mae_class_3,mae_class_4,mae_class_5,mae_mean,mse_class_0,mse_class_1,mse_class_2,mse_class_3,mse_class_4,mse_class_5,mse_mean,r2_class_0,r2_class_1,r2_class_2,r2_class_3,r2_class_4,r2_class_5,r2_mean,time
0.9823218031901537,0.9891268304939674,0.9930397417012843,0.9920225780380062,0.9460016671885016,0.973923062534619,0.9794059471910889,0.018230047829611795,0.01961118345112714,0.013997231450224409,0.007650429534239682,0.010277178530381912,0.014834489988954237,0.014100093464089863,0.001724011330382615,0.0014275821343355457,0.0008413019867876838,0.0003135606131724086,0.0007358035123578267,0.0011136205467521857,0.0010259800206313776,0.9823198244405275,0.9891248278769766,0.9930391090047367,0.9920198527414088,0.9459623646267864,0.973919621184665,0.9793975999791834,111.66713261604309
