expl_var_class_0,expl_var_class_1,expl_var_class_2,expl_var_class_3,expl_var_class_4,expl_var_class_5,expl_var_mean,mae_class_0,mae_class_1,mae_class_2,mae_class_3,mae_class_4,mae_class_5,mae_mean,mse_class_0,mse_class_1,mse_class_2,mse_class_3,mse_class_4,mse_class_5,mse_mean,r2_class_0,r2_class_1,r2_class_2,r2_class_3,r2_class_4,r2_class_5,r2_mean,time
0.9823952383181715,0.9885080305449211,0.9924561832249131,0.991293578308181,0.9488728968356975,0.9714020261613038,0.9791546588988647,0.018516835529317845,0.020147875272436076,0.014494276980922208,0.007853165845449516,0.010034918489986009,0.015687643907271013,0.014455786004230442,0.0017267277657283223,0.0015056507003270157,0.0008975414393472455,0.00034598784408845735,0.000702132531744959,0.0012710692623879244,0.0010748515906039873,0.9823948430011938,0.9885075658914879,0.9924561682788069,0.9912904835956585,0.9488709164952047,0.9713979894591038,0.979152994453576,68.33182191848755
