expl_var;mae;mse;r2;time
0.8685610469677348;0.05441811859289409;0.009409201409464081;0.8666256711352971;2.3700714111328125
