expl_var;mae;mse;r2;time
0.8602916465431396;0.055940724501531695;0.01015223149125767;0.8578345097030193;2.6017236709594727
