expl_var;mae;mse;r2;time
0.8689316781972756;0.054657694754396614;0.009488190893317738;0.8672093268304853;2.829519748687744
