expl_var;mae;mse;r2;time
0.8710294375751174;0.05384404750973642;0.009032967765906423;0.8692365347781706;2.59330677986145
