expl_var;mae;mse;r2;time
0.8658994098386219;0.054127302242670615;0.009333129408913206;0.8631124312839394;2.7117691040039062
