expl_var_class_0,expl_var_class_1,expl_var_class_2,expl_var_class_3,expl_var_class_4,expl_var_class_5,expl_var_mean,mae_class_0,mae_class_1,mae_class_2,mae_class_3,mae_class_4,mae_class_5,mae_mean,mse_class_0,mse_class_1,mse_class_2,mse_class_3,mse_class_4,mse_class_5,mse_mean,r2_class_0,r2_class_1,r2_class_2,r2_class_3,r2_class_4,r2_class_5,r2_mean,time
0.8609675987974086,0.8874007042424616,0.897561421880447,0.8935071070189258,0.7601671267013302,0.8910698487672838,0.8651123012346429,0.0665856475456404,0.0886697733734825,0.072475211712293,0.030149517651400292,0.023787416159422734,0.03694687887940343,0.05310240755360707,0.013951702192769137,0.015291258402477978,0.012662468594456647,0.004262697687522081,0.002869496403519384,0.004811297184708705,0.008974820077575656,0.8605727623496424,0.8868925044113269,0.8972276106847037,0.8918461729407234,0.7482240993212708,0.8910355931212419,0.8626331238048183,8.809620380401611
