expl_var_class_0,expl_var_class_1,expl_var_class_2,expl_var_class_3,expl_var_class_4,expl_var_class_5,expl_var_mean,mae_class_0,mae_class_1,mae_class_2,mae_class_3,mae_class_4,mae_class_5,mae_mean,mse_class_0,mse_class_1,mse_class_2,mse_class_3,mse_class_4,mse_class_5,mse_mean,r2_class_0,r2_class_1,r2_class_2,r2_class_3,r2_class_4,r2_class_5,r2_mean,time
0.8629644765092468,0.7913194524801481,0.7957925938265307,0.8930686445090117,0.7738751793554071,0.8694032595686667,0.831070601041502,0.060795951607372424,0.12020832540789576,0.10647593993303116,0.030052670664387028,0.02299515507329322,0.03994723442113006,0.06341254618451828,0.014038611862978438,0.028268401866313426,0.0251746977098741,0.004287610204306007,0.00270594755468835,0.005769932086910256,0.01337420021417843,0.859704224942883,0.790902223006398,0.7956746099992914,0.8912140886998571,0.7625742336057743,0.869324798813284,0.8282323631779146,5.14127254486084
