expl_var_class_0,expl_var_class_1,expl_var_class_2,expl_var_class_3,expl_var_class_4,expl_var_class_5,expl_var_mean,mae_class_0,mae_class_1,mae_class_2,mae_class_3,mae_class_4,mae_class_5,mae_mean,mse_class_0,mse_class_1,mse_class_2,mse_class_3,mse_class_4,mse_class_5,mse_mean,r2_class_0,r2_class_1,r2_class_2,r2_class_3,r2_class_4,r2_class_5,r2_mean,time
0.8665272853165221,0.8822357106245745,0.8927444238441723,0.8992443585411428,0.7765256088011034,0.8817492000789574,0.8665044312010788,0.061474355828948335,0.09180669862053369,0.07430771949602522,0.029922366734106056,0.0219358271130041,0.0397013479353278,0.053191385954657534,0.0135515682408723,0.01593124439367798,0.013243652558867572,0.004025269351225585,0.0026426110624302333,0.0052509910648380785,0.00910755611198529,0.8645715268611163,0.8821586093471552,0.8925105474826363,0.8978702415247919,0.7681315161883766,0.8810775753523983,0.8643866694594123,9.865613460540771
