expl_var_class_0,expl_var_class_1,expl_var_class_2,expl_var_class_3,expl_var_class_4,expl_var_class_5,expl_var_mean,mae_class_0,mae_class_1,mae_class_2,mae_class_3,mae_class_4,mae_class_5,mae_mean,mse_class_0,mse_class_1,mse_class_2,mse_class_3,mse_class_4,mse_class_5,mse_mean,r2_class_0,r2_class_1,r2_class_2,r2_class_3,r2_class_4,r2_class_5,r2_mean,time
0.8739973567137097,0.8590578992901245,0.8794526631588072,0.9102561532919389,0.7597642152879014,0.8852065680237429,0.8612891426277041,0.06401219163801432,0.10048386134596235,0.07720738302709519,0.029272351065087795,0.02429426689096194,0.03814939745957311,0.05556990857111579,0.012704664702475292,0.019065612787260277,0.014945241119198205,0.003604390627757244,0.0028906757561096294,0.0050737326025138045,0.00971405293255241,0.8730351121128289,0.8589740845736455,0.8786999448602288,0.9085488417933896,0.7463657765271869,0.8850920567843065,0.8584526361085977,7.201316833496094
