expl_var_class_0,expl_var_class_1,expl_var_class_2,expl_var_class_3,expl_var_class_4,expl_var_class_5,expl_var_mean,mae_class_0,mae_class_1,mae_class_2,mae_class_3,mae_class_4,mae_class_5,mae_mean,mse_class_0,mse_class_1,mse_class_2,mse_class_3,mse_class_4,mse_class_5,mse_mean,r2_class_0,r2_class_1,r2_class_2,r2_class_3,r2_class_4,r2_class_5,r2_mean,time
0.8541700230208118,0.8616856758191298,0.8807309183586121,0.8904054523372468,0.7439263927163309,0.8810507174051109,0.851994863276207,0.06675571899401585,0.0968365664198246,0.07972223479636728,0.03105222580064879,0.02404916463770344,0.03923157761709441,0.056274581377609066,0.014703350341254657,0.018761574461165255,0.014714078804740608,0.00440380320677042,0.0030651361713417333,0.005254477341894004,0.010150403387861114,0.8530611179939696,0.8612230174425066,0.8805761274702186,0.8882660218146966,0.731058237502578,0.8809986194914257,0.8491971902858992,6.159502029418945
