expl_var_class_0,expl_var_class_1,expl_var_class_2,expl_var_class_3,expl_var_class_4,expl_var_class_5,expl_var_mean,mae_class_0,mae_class_1,mae_class_2,mae_class_3,mae_class_4,mae_class_5,mae_mean,mse_class_0,mse_class_1,mse_class_2,mse_class_3,mse_class_4,mse_class_5,mse_mean,r2_class_0,r2_class_1,r2_class_2,r2_class_3,r2_class_4,r2_class_5,r2_mean,time
0.8749461045493443,0.8728940616348604,0.8737952958463496,0.8950619570083386,0.764071645176265,0.894011520447629,0.8624634307771312,0.05808434282017339,0.09604533859507981,0.0828740299877366,0.031132308603274463,0.02354585150889096,0.03631875165272533,0.0546667705279801,0.012844179552987993,0.01718476882004183,0.015563540419817556,0.004226005635869529,0.0028219448971598033,0.004683574004272772,0.00955400222169158,0.8716408614365014,0.872886448430545,0.873681642468194,0.8927771293677993,0.752396372660812,0.8939282185539635,0.8595517788196357,8.970243692398071
