expl_var_class_0,expl_var_class_1,expl_var_class_2,expl_var_class_3,expl_var_class_4,expl_var_class_5,expl_var_mean,mae_class_0,mae_class_1,mae_class_2,mae_class_3,mae_class_4,mae_class_5,mae_mean,mse_class_0,mse_class_1,mse_class_2,mse_class_3,mse_class_4,mse_class_5,mse_mean,r2_class_0,r2_class_1,r2_class_2,r2_class_3,r2_class_4,r2_class_5,r2_mean,time
0.8751353008742616,0.8762534025938991,0.885007195433866,0.9114016310019886,0.7204195480778678,0.889597515966965,0.8596357656581414,0.06096673069464963,0.09412481720461728,0.07854972003031871,0.029023567244320796,0.02532694540994203,0.03794499057675878,0.05432279519343453,0.012718081270158596,0.016733629304516048,0.014202556916089166,0.00354637994372566,0.003368118174247149,0.004878687417096785,0.009241242170972235,0.872901032776488,0.8762234701078413,0.8847277923917645,0.9100206978686416,0.704473932822009,0.8895093650751078,0.8563093818403088,10.045418500900269
