expl_var_class_0,expl_var_class_1,expl_var_class_2,expl_var_class_3,expl_var_class_4,expl_var_class_5,expl_var_mean,mae_class_0,mae_class_1,mae_class_2,mae_class_3,mae_class_4,mae_class_5,mae_mean,mse_class_0,mse_class_1,mse_class_2,mse_class_3,mse_class_4,mse_class_5,mse_mean,r2_class_0,r2_class_1,r2_class_2,r2_class_3,r2_class_4,r2_class_5,r2_mean,time
0.8618026983991862,0.874636298102283,0.8899891443340232,0.9054844077184002,0.7265527725285477,0.8859378987986802,0.8574005366468533,0.06368938592416434,0.09405373898659569,0.07614358690202144,0.030820954588406228,0.025717247979627773,0.038676877796327974,0.05485029869619057,0.014016387515728144,0.017000153114322784,0.013595774880748705,0.003805609666896808,0.0033142756668097057,0.0050550187167573,0.00946453659354391,0.8599263253936292,0.874252027349598,0.8896526172077437,0.9034434811144377,0.7091981923778798,0.8855158816663642,0.8536647541849423,8.616297483444214
