expl_var_class_0,expl_var_class_1,expl_var_class_2,expl_var_class_3,expl_var_class_4,expl_var_class_5,expl_var_mean,mae_class_0,mae_class_1,mae_class_2,mae_class_3,mae_class_4,mae_class_5,mae_mean,mse_class_0,mse_class_1,mse_class_2,mse_class_3,mse_class_4,mse_class_5,mse_mean,r2_class_0,r2_class_1,r2_class_2,r2_class_3,r2_class_4,r2_class_5,r2_mean,time
0.8721267389222079,0.8688605030886409,0.8718276592846662,0.8917729223989297,0.7191295648458919,0.8930695984340358,0.8527978311623953,0.05972682280156069,0.09532772021050437,0.08023337310579871,0.0313458325905514,0.024435638829692193,0.03666696554832246,0.05462272551440497,0.013060901504695827,0.01773106027880074,0.01582312620112344,0.00435424971657603,0.003342385427678331,0.004725436842261214,0.00983952666185593,0.8694750366039962,0.8688455999185813,0.8715747664844097,0.8895233006558295,0.7067317803789376,0.89298012511127,0.8498551015255041,9.095617055892944
