expl_var_class_0,expl_var_class_1,expl_var_class_2,expl_var_class_3,expl_var_class_4,expl_var_class_5,expl_var_mean,mae_class_0,mae_class_1,mae_class_2,mae_class_3,mae_class_4,mae_class_5,mae_mean,mse_class_0,mse_class_1,mse_class_2,mse_class_3,mse_class_4,mse_class_5,mse_mean,r2_class_0,r2_class_1,r2_class_2,r2_class_3,r2_class_4,r2_class_5,r2_mean,time
0.8459849850075217,0.8719571663241791,0.8854663892327272,0.9123651815273933,0.7316828566326572,0.8889118356314392,0.8560614023926529,0.06890996536222826,0.0949179160516293,0.07674286973548819,0.028660681915330607,0.02513991375698843,0.03883492588074866,0.05553437878373557,0.015542651437350355,0.01731445875168967,0.01417655865949749,0.0035030551200107224,0.0032278384820467387,0.004907307524327799,0.009778644995820462,0.844673508240789,0.8719271484837612,0.8849388020324224,0.9111199420175183,0.7167823803277718,0.888861187901778,0.8530504948340069,6.166902303695679
