expl_var_class_0,expl_var_class_1,expl_var_class_2,expl_var_class_3,expl_var_class_4,expl_var_class_5,expl_var_mean,mae_class_0,mae_class_1,mae_class_2,mae_class_3,mae_class_4,mae_class_5,mae_mean,mse_class_0,mse_class_1,mse_class_2,mse_class_3,mse_class_4,mse_class_5,mse_mean,r2_class_0,r2_class_1,r2_class_2,r2_class_3,r2_class_4,r2_class_5,r2_mean,time
0.8552272260006005,0.8695461404393845,0.8950303152628809,0.9171694286299559,0.8057325829130026,0.8835294219515323,0.8710391858662261,0.06836971097168369,0.09714911013072226,0.07443954903943226,0.028463727632458788,0.021397270597186602,0.03769640205401986,0.054585961737583906,0.014528700610903951,0.01766148517767074,0.01297894277798352,0.003320129919433699,0.0023145559469068483,0.005143356141862179,0.009324528429126821,0.8548064913629482,0.8693602381018501,0.8946590113823605,0.9157611485862843,0.7969157906979603,0.8835152496616854,0.8691696549655149,5.72489595413208
