expl_var_class_0,expl_var_class_1,expl_var_class_2,expl_var_class_3,expl_var_class_4,expl_var_class_5,expl_var_mean,mae_class_0,mae_class_1,mae_class_2,mae_class_3,mae_class_4,mae_class_5,mae_mean,mse_class_0,mse_class_1,mse_class_2,mse_class_3,mse_class_4,mse_class_5,mse_mean,r2_class_0,r2_class_1,r2_class_2,r2_class_3,r2_class_4,r2_class_5,r2_mean,time
0.8728088254256635,0.8756217272327729,0.8943260346582468,0.8974190825043262,0.7366673656630007,0.8869478636003586,0.8606318165140614,0.06277809108235723,0.0932750878615549,0.07475690237283464,0.030058021595301,0.025756197421571543,0.037553090697508645,0.054029565171854664,0.012888571475630196,0.01688537005988438,0.013039419176227914,0.0041144595381392346,0.003183974716668356,0.0050042484307732775,0.009186007232887226,0.8711972278882453,0.8751010630196409,0.8941681668129626,0.895607294265107,0.7206310831948524,0.8866657075629845,0.857228423790632,5.213090658187866
