expl_var_class_0,expl_var_class_1,expl_var_class_2,expl_var_class_3,expl_var_class_4,expl_var_class_5,expl_var_mean,mae_class_0,mae_class_1,mae_class_2,mae_class_3,mae_class_4,mae_class_5,mae_mean,mse_class_0,mse_class_1,mse_class_2,mse_class_3,mse_class_4,mse_class_5,mse_mean,r2_class_0,r2_class_1,r2_class_2,r2_class_3,r2_class_4,r2_class_5,r2_mean,time
0.866297702265782,0.8593216407916583,0.8804216373834362,0.89557537031692,0.6806914338115612,0.8929568054102983,0.845877431663276,0.06105527882665419,0.09838525622510662,0.08018073634498907,0.03236631564697691,0.029935495740967422,0.03670604165016032,0.05643818740580909,0.01368912642339554,0.019042338233809443,0.014758509937736936,0.0042149192509193896,0.00395048386631218,0.004726472941049721,0.0100636417755372,0.8631968302728132,0.859146243488398,0.8802155110814034,0.8930584148467391,0.653375891205985,0.8929566599446791,0.840324925140003,6.808222532272339
