expl_var_class_0,expl_var_class_1,expl_var_class_2,expl_var_class_3,expl_var_class_4,expl_var_class_5,expl_var_mean,mae_class_0,mae_class_1,mae_class_2,mae_class_3,mae_class_4,mae_class_5,mae_mean,mse_class_0,mse_class_1,mse_class_2,mse_class_3,mse_class_4,mse_class_5,mse_mean,r2_class_0,r2_class_1,r2_class_2,r2_class_3,r2_class_4,r2_class_5,r2_mean,time
0.8661885176505313,0.8626853079061276,0.8820182191014558,0.9002183537171325,0.7505401022548203,0.87809692524606,0.8566245709793545,0.06348959876749481,0.09749061862622414,0.07807615115136335,0.029610869772920906,0.02389181826751791,0.04054806979793786,0.05551785439724316,0.013555543699960723,0.01860202936484881,0.014565676854774563,0.003974089865626834,0.002981959000906966,0.005421624916447848,0.009850153950427624,0.864531797853757,0.8624031522491281,0.8817806021635447,0.8991687753735875,0.7383563846535682,0.8772131255542879,0.8539089729746457,7.0723865032196045
