expl_var_class_0,expl_var_class_1,expl_var_class_2,expl_var_class_3,expl_var_class_4,expl_var_class_5,expl_var_mean,mae_class_0,mae_class_1,mae_class_2,mae_class_3,mae_class_4,mae_class_5,mae_mean,mse_class_0,mse_class_1,mse_class_2,mse_class_3,mse_class_4,mse_class_5,mse_mean,r2_class_0,r2_class_1,r2_class_2,r2_class_3,r2_class_4,r2_class_5,r2_mean,time
0.8656143828285072,0.8696943325344537,0.8897938283049153,0.9043616591727555,0.731131500384433,0.8707270281463273,0.8552204552285653,0.06405865548705282,0.09565831506789285,0.07638870113813695,0.03075296407149239,0.02723190862699633,0.04098727591242829,0.055846303383999936,0.013592724040632956,0.017675078221286385,0.013617838131287018,0.0038426426677786807,0.003302778363131911,0.005712058694299271,0.00962385335306937,0.864160233716048,0.8692596920852748,0.8894735452553064,0.9025038740706194,0.7102069909898256,0.8706354931349649,0.8510399715420065,5.754998207092285
