expl_var_class_0,expl_var_class_1,expl_var_class_2,expl_var_class_3,expl_var_class_4,expl_var_class_5,expl_var_mean,mae_class_0,mae_class_1,mae_class_2,mae_class_3,mae_class_4,mae_class_5,mae_mean,mse_class_0,mse_class_1,mse_class_2,mse_class_3,mse_class_4,mse_class_5,mse_mean,r2_class_0,r2_class_1,r2_class_2,r2_class_3,r2_class_4,r2_class_5,r2_mean,time
0.784056539210394,0.865763953220587,0.8845986569627657,0.8294119370747914,0.4738005258820399,0.8405247282841297,0.7796927234391179,0.08057357035132184,0.09831454279558302,0.07660537337105446,0.04029502114465339,0.03148602278978906,0.046909730407018416,0.062364043476570034,0.02193758931386067,0.018190138017265708,0.014261620218313117,0.006816585628201263,0.006173671140205562,0.007110382951842614,0.012414997878281491,0.780765283226526,0.8654498602147863,0.8842484169330909,0.8270485318897224,0.45830856943639564,0.8389667835338108,0.7757979075390553,4.880871772766113
