expl_var_class_0,expl_var_class_1,expl_var_class_2,expl_var_class_3,expl_var_class_4,expl_var_class_5,expl_var_mean,mae_class_0,mae_class_1,mae_class_2,mae_class_3,mae_class_4,mae_class_5,mae_mean,mse_class_0,mse_class_1,mse_class_2,mse_class_3,mse_class_4,mse_class_5,mse_mean,r2_class_0,r2_class_1,r2_class_2,r2_class_3,r2_class_4,r2_class_5,r2_mean,time
0.8661407324414445,0.8779991318030731,0.8900906533461802,0.8927000095794889,0.6737896654061146,0.8915399174040104,0.8487100183300519,0.06321660389810009,0.09110346057484639,0.07438862440466927,0.030981370612533806,0.026416388825860896,0.037794173223290595,0.05398343692321684,0.013572238097189666,0.016509087839591926,0.013622077952701747,0.004296634991295594,0.0039037798367269876,0.004808131856226275,0.009451991762288699,0.8643649613159848,0.8778843747950097,0.8894391335942775,0.8909851104042168,0.6574738050767659,0.891107280262448,0.845209110908117,5.465568780899048
