expl_var_class_0,expl_var_class_1,expl_var_class_2,expl_var_class_3,expl_var_class_4,expl_var_class_5,expl_var_mean,mae_class_0,mae_class_1,mae_class_2,mae_class_3,mae_class_4,mae_class_5,mae_mean,mse_class_0,mse_class_1,mse_class_2,mse_class_3,mse_class_4,mse_class_5,mse_mean,r2_class_0,r2_class_1,r2_class_2,r2_class_3,r2_class_4,r2_class_5,r2_mean,time
0.8781216101440628,0.8786185698745508,0.8865864204163081,0.8761365331773905,0.7840806060276286,0.8798976072153444,0.8639068911425475,0.06066601256386852,0.0917448006649476,0.07726356785748395,0.03430052450585367,0.02053028150275897,0.03927059510125762,0.05396263036602839,0.012377720676536356,0.016488408295835158,0.013992754188500295,0.00505499855055424,0.0025337353419540684,0.005328512813737708,0.009296021644519639,0.8763024483685138,0.8780373387527612,0.8864306141945063,0.8717437925232401,0.777684510418065,0.8793218926197043,0.8615867661461318,9.994219064712524
