expl_var_class_0,expl_var_class_1,expl_var_class_2,expl_var_class_3,expl_var_class_4,expl_var_class_5,expl_var_mean,mae_class_0,mae_class_1,mae_class_2,mae_class_3,mae_class_4,mae_class_5,mae_mean,mse_class_0,mse_class_1,mse_class_2,mse_class_3,mse_class_4,mse_class_5,mse_mean,r2_class_0,r2_class_1,r2_class_2,r2_class_3,r2_class_4,r2_class_5,r2_mean,time
0.8732937290282011,0.8709351698734082,0.897104308284503,0.8971906751263886,0.7746994701848764,0.8774081644114714,0.8651052528181414,0.06533515061178481,0.09495289318710842,0.07231871540009384,0.03002164129137042,0.02154132833783538,0.04092098771671234,0.05418178609081753,0.012700439836062168,0.017500728990945753,0.012765456078701587,0.004118998764436885,0.002653588928302746,0.0054274452729041155,0.009194442978558877,0.8730773335884083,0.8705493311903497,0.8963917334032345,0.8954921243112498,0.7671682941874038,0.8770813083613912,0.8632933541736728,11.094012022018433
