expl_var_class_0,expl_var_class_1,expl_var_class_2,expl_var_class_3,expl_var_class_4,expl_var_class_5,expl_var_mean,mae_class_0,mae_class_1,mae_class_2,mae_class_3,mae_class_4,mae_class_5,mae_mean,mse_class_0,mse_class_1,mse_class_2,mse_class_3,mse_class_4,mse_class_5,mse_mean,r2_class_0,r2_class_1,r2_class_2,r2_class_3,r2_class_4,r2_class_5,r2_mean,time
0.8668221630276967,0.8834571895409096,0.8934770861758128,0.9019739831007108,0.7439939932694166,0.8817106955298994,0.8619058517740744,0.06531407876153475,0.09262871666493369,0.07308166306541754,0.031352432558379044,0.022718405049451527,0.038473243010588416,0.053928089851717494,0.013413191613573731,0.015769072445269535,0.013226065876583166,0.003962525816516385,0.0030189615146070476,0.0052322739295858865,0.009103681866022624,0.8659544026301828,0.8833581746449491,0.8926532862657586,0.8994621802217092,0.7351097030397531,0.8815014738277838,0.8596732034383562,8.724258184432983
