expl_var_class_0,expl_var_class_1,expl_var_class_2,expl_var_class_3,expl_var_class_4,expl_var_class_5,expl_var_mean,mae_class_0,mae_class_1,mae_class_2,mae_class_3,mae_class_4,mae_class_5,mae_mean,mse_class_0,mse_class_1,mse_class_2,mse_class_3,mse_class_4,mse_class_5,mse_mean,r2_class_0,r2_class_1,r2_class_2,r2_class_3,r2_class_4,r2_class_5,r2_mean,time
0.8689400662153294,0.866033776418409,0.881425224101343,0.9072782551284722,0.7693127061085342,0.8794050362304059,0.862065844033749,0.0631312581555541,0.09815199847297382,0.07673105077305725,0.028238195949615904,0.02054097532801638,0.039647452343046743,0.05440682183704403,0.013246160246899319,0.018119956580171508,0.014723204797695608,0.003688892721321274,0.0026937219275389207,0.005352716523896983,0.009637442132920603,0.8676236413893391,0.8659689833881448,0.8805020581768684,0.9064048415655002,0.7636469369146666,0.878773736307483,0.860486699623667,12.21965765953064
