expl_var_class_0,expl_var_class_1,expl_var_class_2,expl_var_class_3,expl_var_class_4,expl_var_class_5,expl_var_mean,mae_class_0,mae_class_1,mae_class_2,mae_class_3,mae_class_4,mae_class_5,mae_mean,mse_class_0,mse_class_1,mse_class_2,mse_class_3,mse_class_4,mse_class_5,mse_mean,r2_class_0,r2_class_1,r2_class_2,r2_class_3,r2_class_4,r2_class_5,r2_mean,time
0.8681079166706119,0.8582150372774948,0.8747682902902671,0.9226753431236362,0.77097769557481,0.8847388543486859,0.8632471895475843,0.0626154809826231,0.10188664577275867,0.08196899059660223,0.026508156871202667,0.022628076476343285,0.038027619609974916,0.05560582838491748,0.013407222930660762,0.01916823123357629,0.015448926459224313,0.0030774581495054934,0.0027191545884762895,0.005098305710061204,0.009819883178584059,0.8660140510486672,0.8582150289643229,0.8746118837154824,0.9219182543819431,0.7614154195284418,0.8845355345022117,0.8611183620235116,6.597862482070923
