expl_var_class_0,expl_var_class_1,expl_var_class_2,expl_var_class_3,expl_var_class_4,expl_var_class_5,expl_var_mean,mae_class_0,mae_class_1,mae_class_2,mae_class_3,mae_class_4,mae_class_5,mae_mean,mse_class_0,mse_class_1,mse_class_2,mse_class_3,mse_class_4,mse_class_5,mse_mean,r2_class_0,r2_class_1,r2_class_2,r2_class_3,r2_class_4,r2_class_5,r2_mean,time
0.8872095269081646,0.8697248725478451,0.8802094128216892,0.9018533290339916,0.7963772313874575,0.8812261635434869,0.8694334227071058,0.058072230460457015,0.09568369985018124,0.07985142492343134,0.029892675844760505,0.021355457384402782,0.041463975873832014,0.054386577389510804,0.011466738622742532,0.017685252563016486,0.014770303380952855,0.0039265047748582,0.0024215990165692286,0.005302609399968293,0.009262167959684599,0.885406406405645,0.8691844337721872,0.8801197919624565,0.9003761116791049,0.7875235972654796,0.8799085431651102,0.8670864807083306,8.690680265426636
