expl_var_class_0,expl_var_class_1,expl_var_class_2,expl_var_class_3,expl_var_class_4,expl_var_class_5,expl_var_mean,mae_class_0,mae_class_1,mae_class_2,mae_class_3,mae_class_4,mae_class_5,mae_mean,mse_class_0,mse_class_1,mse_class_2,mse_class_3,mse_class_4,mse_class_5,mse_mean,r2_class_0,r2_class_1,r2_class_2,r2_class_3,r2_class_4,r2_class_5,r2_mean,time
0.8556941457807294,0.8660193665375598,0.8913156013256551,0.903705940567702,0.7840325593727562,0.8832936256507217,0.8640102065391874,0.07159050543367769,0.09756366113772476,0.0748747730697119,0.029538878556118413,0.02343553575966931,0.039061634199533596,0.05601083135940595,0.014447175828772271,0.01817104769241723,0.013467939468110727,0.003856022632663774,0.0025938977667105834,0.005153188948419045,0.009614878722848939,0.8556212145426443,0.8655910689221897,0.8906901677215244,0.902164395525735,0.7724057274715139,0.8832925600432124,0.8616275223711366,7.796773910522461
