expl_var_class_0,expl_var_class_1,expl_var_class_2,expl_var_class_3,expl_var_class_4,expl_var_class_5,expl_var_mean,mae_class_0,mae_class_1,mae_class_2,mae_class_3,mae_class_4,mae_class_5,mae_mean,mse_class_0,mse_class_1,mse_class_2,mse_class_3,mse_class_4,mse_class_5,mse_mean,r2_class_0,r2_class_1,r2_class_2,r2_class_3,r2_class_4,r2_class_5,r2_mean,time
0.8839760102331873,0.8681029465372967,0.8733014437759775,0.8984740319766563,0.7671543563306594,0.8873418750817499,0.8630584439892545,0.06088911670173758,0.09639425557765188,0.0798748259509514,0.0302165128173899,0.02156960350225201,0.03830167727900403,0.054540998638164466,0.01169775899145273,0.01783697969143473,0.015679718189864345,0.004060358850305037,0.0027396894596873303,0.004984042598391622,0.009499757963522633,0.8830976894186293,0.8680621274808054,0.8727387088747983,0.896979945310227,0.7596136449424412,0.8871233214779919,0.8612692395841489,10.497589826583862
