expl_var_class_0,expl_var_class_1,expl_var_class_2,expl_var_class_3,expl_var_class_4,expl_var_class_5,expl_var_mean,mae_class_0,mae_class_1,mae_class_2,mae_class_3,mae_class_4,mae_class_5,mae_mean,mse_class_0,mse_class_1,mse_class_2,mse_class_3,mse_class_4,mse_class_5,mse_mean,r2_class_0,r2_class_1,r2_class_2,r2_class_3,r2_class_4,r2_class_5,r2_mean,time
0.8785448109599499,0.833181342254637,0.8304333000202208,0.9035716841736912,0.7973284657908877,0.8721207221217823,0.8525300542201949,0.06000466952936015,0.10782579511291789,0.09475672892838549,0.02956479316656779,0.02040794250210176,0.04088751448303935,0.05890790728706207,0.012331518780346438,0.022588061040317905,0.02089404374461075,0.0038658385048650013,0.002396951769479067,0.0056572293597551455,0.01128894053322905,0.8767641700044091,0.832918982386668,0.8304176802434857,0.9019153456933731,0.7896862007201365,0.8718772468011374,0.8505966043082016,4.2666261196136475
