expl_var_class_0,expl_var_class_1,expl_var_class_2,expl_var_class_3,expl_var_class_4,expl_var_class_5,expl_var_mean,mae_class_0,mae_class_1,mae_class_2,mae_class_3,mae_class_4,mae_class_5,mae_mean,mse_class_0,mse_class_1,mse_class_2,mse_class_3,mse_class_4,mse_class_5,mse_mean,r2_class_0,r2_class_1,r2_class_2,r2_class_3,r2_class_4,r2_class_5,r2_mean,time
0.8537277536922987,0.8661075965700566,0.8893949936960356,0.909464145410634,0.7378515438602284,0.8830907416889134,0.8566061291530277,0.0699446210036283,0.09865719841749346,0.0739926306769512,0.028638980462434953,0.023016101414513778,0.03867733815905223,0.05548781168901232,0.014657946064102591,0.01811027100369771,0.013734397979904745,0.0036184784559347644,0.003101858685886167,0.005162138706070134,0.009730848482599351,0.853514868572455,0.866040626366731,0.8885275105977424,0.9081914032312292,0.7278361236280764,0.8830898693764918,0.8545334002954542,8.837689876556396
