expl_var_class_0,expl_var_class_1,expl_var_class_2,expl_var_class_3,expl_var_class_4,expl_var_class_5,expl_var_mean,mae_class_0,mae_class_1,mae_class_2,mae_class_3,mae_class_4,mae_class_5,mae_mean,mse_class_0,mse_class_1,mse_class_2,mse_class_3,mse_class_4,mse_class_5,mse_mean,r2_class_0,r2_class_1,r2_class_2,r2_class_3,r2_class_4,r2_class_5,r2_mean,time
0.8779955152080949,0.8766430410746205,0.8904604129658567,0.9132087612755044,0.8134266432923714,0.881114271821526,0.8754747742729957,0.06117534646933551,0.09443203746743091,0.07463759407178237,0.027042067551717498,0.019117708643723252,0.03911132985537444,0.05258601400989401,0.012328216307102407,0.016677360782124576,0.013543651296826793,0.0034505143959727143,0.0021830361927182226,0.0052668168470540195,0.008908265970299789,0.876797173484233,0.8766396812188342,0.8900756678332493,0.9124530134191826,0.8084556220520869,0.8807191591277608,0.8741900528558911,5.984083652496338
