expl_var_class_0,expl_var_class_1,expl_var_class_2,expl_var_class_3,expl_var_class_4,expl_var_class_5,expl_var_mean,mae_class_0,mae_class_1,mae_class_2,mae_class_3,mae_class_4,mae_class_5,mae_mean,mse_class_0,mse_class_1,mse_class_2,mse_class_3,mse_class_4,mse_class_5,mse_mean,r2_class_0,r2_class_1,r2_class_2,r2_class_3,r2_class_4,r2_class_5,r2_mean,time
0.8482999329116475,0.868252617780839,0.881494180276968,0.9156900774996439,0.7558197079735669,0.8814570494852996,0.8585022609879941,0.06921995126548713,0.0966135674471897,0.07746122649682445,0.028349466710948405,0.023388610398528097,0.03979258178906524,0.055804234018007166,0.01531415804802819,0.017817604624209196,0.01466290327539506,0.003378691941092033,0.002914924532566277,0.005243425529138307,0.009888617991738177,0.8469569716959557,0.8682054423913942,0.8809914834007059,0.9142753038872297,0.7442381357588481,0.8812489166931214,0.8559860423045426,6.738729953765869
