expl_var_class_0,expl_var_class_1,expl_var_class_2,expl_var_class_3,expl_var_class_4,expl_var_class_5,expl_var_mean,mae_class_0,mae_class_1,mae_class_2,mae_class_3,mae_class_4,mae_class_5,mae_mean,mse_class_0,mse_class_1,mse_class_2,mse_class_3,mse_class_4,mse_class_5,mse_mean,r2_class_0,r2_class_1,r2_class_2,r2_class_3,r2_class_4,r2_class_5,r2_mean,time
0.873544406549867,0.8796615051407073,0.8939230316350626,0.9037408253486227,0.7648135765089311,0.8797928498807076,0.8659126991773163,0.06276779687095912,0.0921961144479078,0.07478603252250607,0.028795569742509113,0.02152376032492346,0.0394430811136011,0.05325205917040112,0.01277547244853181,0.01628965062571831,0.013101398666386908,0.003855791255828444,0.0027617291805867314,0.005326640644224808,0.009018447136879501,0.8723274903258598,0.8795075239856727,0.8936651226991971,0.9021702660546977,0.7576798315480948,0.8793642927942763,0.8641190879012998,8.197603225708008
