expl_var_class_0,expl_var_class_1,expl_var_class_2,expl_var_class_3,expl_var_class_4,expl_var_class_5,expl_var_mean,mae_class_0,mae_class_1,mae_class_2,mae_class_3,mae_class_4,mae_class_5,mae_mean,mse_class_0,mse_class_1,mse_class_2,mse_class_3,mse_class_4,mse_class_5,mse_mean,r2_class_0,r2_class_1,r2_class_2,r2_class_3,r2_class_4,r2_class_5,r2_mean,time
0.8455736978754607,0.8628065344694082,0.8867868501704096,0.8993226579671079,0.7532965134415959,0.8743615521282733,0.8536913010087092,0.06790139658513428,0.09908392428039565,0.07792998503205172,0.028681309738281074,0.02375631882648408,0.040908297213412576,0.056376871945959896,0.015576400175956219,0.018580595421109534,0.013962600922715262,0.0040009770966092225,0.002941444077471745,0.005559478925765263,0.010103582769937875,0.8443362380401365,0.8625616964077008,0.8866753471347912,0.8984865883777129,0.741911252792215,0.8740910610081877,0.8513436972934573,6.577215671539307
