expl_var_class_0,expl_var_class_1,expl_var_class_2,expl_var_class_3,expl_var_class_4,expl_var_class_5,expl_var_mean,mae_class_0,mae_class_1,mae_class_2,mae_class_3,mae_class_4,mae_class_5,mae_mean,mse_class_0,mse_class_1,mse_class_2,mse_class_3,mse_class_4,mse_class_5,mse_mean,r2_class_0,r2_class_1,r2_class_2,r2_class_3,r2_class_4,r2_class_5,r2_mean,time
0.8720948909268396,0.869404051399126,0.8999184075512618,0.8937758444587821,0.6874370952802464,0.8761427819496548,0.8497955119276518,0.05950234539589553,0.09636998270111694,0.07152138503682107,0.03408891360962845,0.03236337686511426,0.041035091051576496,0.055813515776692114,0.013076582482122498,0.017700882594106165,0.01242428527925792,0.004343439052918215,0.003969572077725344,0.005469014517917655,0.009497296000674633,0.8693183277425217,0.8690688204180738,0.8991607778404925,0.8897975904913639,0.6517010497198619,0.8761398640993958,0.8425310717186183,8.316159009933472
