expl_var_class_0,expl_var_class_1,expl_var_class_2,expl_var_class_3,expl_var_class_4,expl_var_class_5,expl_var_mean,mae_class_0,mae_class_1,mae_class_2,mae_class_3,mae_class_4,mae_class_5,mae_mean,mse_class_0,mse_class_1,mse_class_2,mse_class_3,mse_class_4,mse_class_5,mse_mean,r2_class_0,r2_class_1,r2_class_2,r2_class_3,r2_class_4,r2_class_5,r2_mean,time
0.8549651887572617,0.8737122232109199,0.8847685313507033,0.8708615124801198,0.7328078374812326,0.8778915596589694,0.8491678088232012,0.06475453201276347,0.09376051042487922,0.07638398837875852,0.032343616973616325,0.023303637637803853,0.04004587073792078,0.05509869269429036,0.014690028674982494,0.01708606993129663,0.014263589798704422,0.005168151343273168,0.0031754023433427556,0.005414444115074126,0.009966281034445601,0.8531942489269242,0.8736165115705117,0.8842324312284668,0.8688728623114119,0.721383242010023,0.8773757535800704,0.8464458416045679,9.473211288452148
