expl_var_class_0,expl_var_class_1,expl_var_class_2,expl_var_class_3,expl_var_class_4,expl_var_class_5,expl_var_mean,mae_class_0,mae_class_1,mae_class_2,mae_class_3,mae_class_4,mae_class_5,mae_mean,mse_class_0,mse_class_1,mse_class_2,mse_class_3,mse_class_4,mse_class_5,mse_mean,r2_class_0,r2_class_1,r2_class_2,r2_class_3,r2_class_4,r2_class_5,r2_mean,time
0.8627177305781283,0.8676877628205594,0.8790440980113642,0.8993825462476591,0.7578852601991555,0.8812802143414226,0.8579996020330481,0.06482016510475291,0.09663028867651188,0.07964472961996104,0.030247358334449876,0.02277038286838525,0.0397017848370174,0.05563578490684639,0.013861573295843008,0.017940641308633702,0.01491676661081961,0.004040420307369356,0.002883928313218157,0.005247650712482266,0.009815163424727684,0.8614734713066754,0.8672953556690002,0.8789310525023775,0.897485829114934,0.7469578119481741,0.8811532263669258,0.8555494578180145,7.8410632610321045
