expl_var_class_0,expl_var_class_1,expl_var_class_2,expl_var_class_3,expl_var_class_4,expl_var_class_5,expl_var_mean,mae_class_0,mae_class_1,mae_class_2,mae_class_3,mae_class_4,mae_class_5,mae_mean,mse_class_0,mse_class_1,mse_class_2,mse_class_3,mse_class_4,mse_class_5,mse_mean,r2_class_0,r2_class_1,r2_class_2,r2_class_3,r2_class_4,r2_class_5,r2_mean,time
0.8741589075867727,0.8718794126772174,0.8750068057419326,0.8910430178265223,0.7802608610955223,0.8846432954440271,0.862832050061999,0.0599928059113954,0.09460517651009229,0.08227475334708349,0.03337537903210634,0.022606712598653406,0.039353185674961946,0.055368002179048824,0.012821520877619133,0.017493195544517743,0.015400440913913762,0.004434815335899295,0.0026327023021324013,0.0051153890084649645,0.00964967733042455,0.8718673023733738,0.8706050551364237,0.8750054069295105,0.8874791772630967,0.7690009325241269,0.8841486385349422,0.8596844187935789,7.6858971118927
