expl_var_class_0,expl_var_class_1,expl_var_class_2,expl_var_class_3,expl_var_class_4,expl_var_class_5,expl_var_mean,mae_class_0,mae_class_1,mae_class_2,mae_class_3,mae_class_4,mae_class_5,mae_mean,mse_class_0,mse_class_1,mse_class_2,mse_class_3,mse_class_4,mse_class_5,mse_mean,r2_class_0,r2_class_1,r2_class_2,r2_class_3,r2_class_4,r2_class_5,r2_mean,time
0.8594878302857127,0.8631810465980017,0.8815315556615518,0.8804224285026655,0.7606079150223053,0.8787254534212166,0.8539927049152422,0.06644905827345843,0.09621515533288902,0.07922355129253711,0.03388504463685891,0.02391481173013705,0.0394811342301342,0.05652812591600245,0.014183971497165533,0.018629945712161845,0.014626316911736685,0.004861456499274189,0.002874207094573247,0.005369811702998433,0.010090951569651656,0.8582515640431201,0.8621966585749352,0.8812884292909549,0.8766543714751827,0.7478107729684477,0.8783865712707448,0.8507647279372309,8.847380638122559
