expl_var_class_0,expl_var_class_1,expl_var_class_2,expl_var_class_3,expl_var_class_4,expl_var_class_5,expl_var_mean,mae_class_0,mae_class_1,mae_class_2,mae_class_3,mae_class_4,mae_class_5,mae_mean,mse_class_0,mse_class_1,mse_class_2,mse_class_3,mse_class_4,mse_class_5,mse_mean,r2_class_0,r2_class_1,r2_class_2,r2_class_3,r2_class_4,r2_class_5,r2_mean,time
0.8679480950178655,0.8554086779001858,0.8594464714381878,0.92182313362184,0.7374700255956719,0.88610239981208,0.8546998005643051,0.06119451788353112,0.10060705156248498,0.0844352184686639,0.026432796171932626,0.024479340342677444,0.03880523528375526,0.05599235995217422,0.013475233718411129,0.019549429897541735,0.017379175162950233,0.003110865481596789,0.003138602773863635,0.005055496747817022,0.010284800630363425,0.8653343808453158,0.8553953508797584,0.8589454068531815,0.9210706383691796,0.7246121168532991,0.8855050554029071,0.8518104915339403,8.191569566726685
