expl_var_class_0,expl_var_class_1,expl_var_class_2,expl_var_class_3,expl_var_class_4,expl_var_class_5,expl_var_mean,mae_class_0,mae_class_1,mae_class_2,mae_class_3,mae_class_4,mae_class_5,mae_mean,mse_class_0,mse_class_1,mse_class_2,mse_class_3,mse_class_4,mse_class_5,mse_mean,r2_class_0,r2_class_1,r2_class_2,r2_class_3,r2_class_4,r2_class_5,r2_mean,time
0.85149722691307,0.8760833491898447,0.8929464113743226,0.9094336295637075,0.7535792599098124,0.8716532049286605,0.8591988469799029,0.06539757921237528,0.09538547900325643,0.07556056540178485,0.02749828417749827,0.022938289187037254,0.041101304779721896,0.054646916960279006,0.015081355270792395,0.016767756174792467,0.01320907608319263,0.0036078448604641798,0.0029307304936717926,0.005701991076764014,0.009549792326612913,0.8492835012977804,0.8759710379843595,0.8927911805197655,0.9084612004652461,0.742851286105176,0.8708635006621029,0.8567036178390718,6.140946626663208
