expl_var_class_0,expl_var_class_1,expl_var_class_2,expl_var_class_3,expl_var_class_4,expl_var_class_5,expl_var_mean,mae_class_0,mae_class_1,mae_class_2,mae_class_3,mae_class_4,mae_class_5,mae_mean,mse_class_0,mse_class_1,mse_class_2,mse_class_3,mse_class_4,mse_class_5,mse_mean,r2_class_0,r2_class_1,r2_class_2,r2_class_3,r2_class_4,r2_class_5,r2_mean,time
0.8764151903475845,0.8677832830432054,0.8780203666866404,0.9142912158195375,0.7571612297264021,0.8803553461202873,0.8623377719572763,0.0625963548794611,0.09519060553088231,0.07948337977645163,0.02777818484257757,0.023710693838757305,0.03907788733506636,0.05463951770053271,0.012468084127322827,0.017910188330799173,0.015055721894926632,0.0034085776064535916,0.002900835398294657,0.00530008889631911,0.009507249375685999,0.8753993953823167,0.8675206124768717,0.8778032497797775,0.9135170401490981,0.7454743472650449,0.8799656265616715,0.8599467119357967,8.273659229278564
