expl_var_class_0,expl_var_class_1,expl_var_class_2,expl_var_class_3,expl_var_class_4,expl_var_class_5,expl_var_mean,mae_class_0,mae_class_1,mae_class_2,mae_class_3,mae_class_4,mae_class_5,mae_mean,mse_class_0,mse_class_1,mse_class_2,mse_class_3,mse_class_4,mse_class_5,mse_mean,r2_class_0,r2_class_1,r2_class_2,r2_class_3,r2_class_4,r2_class_5,r2_mean,time
0.8638012299567339,0.8683477839471865,0.8775326088282974,0.9025360422507582,0.7714443182860422,0.8854212159548044,0.8615138665373038,0.06502960952798827,0.09683346618972036,0.07995257068031937,0.029471438920839713,0.022597363160566247,0.03912035588816732,0.05550080072793354,0.013746278656826432,0.017827917265299534,0.015114842370214309,0.003919070122263794,0.0027140971904100484,0.005063578752100904,0.009730964059519169,0.8626256757339106,0.8681291610955104,0.8773234102873874,0.9005647448381711,0.7618591667140654,0.8853220172804682,0.8593040293249188,8.160161256790161
