expl_var_class_0,expl_var_class_1,expl_var_class_2,expl_var_class_3,expl_var_class_4,expl_var_class_5,expl_var_mean,mae_class_0,mae_class_1,mae_class_2,mae_class_3,mae_class_4,mae_class_5,mae_mean,mse_class_0,mse_class_1,mse_class_2,mse_class_3,mse_class_4,mse_class_5,mse_mean,r2_class_0,r2_class_1,r2_class_2,r2_class_3,r2_class_4,r2_class_5,r2_mean,time
0.8753397740726455,0.8606076014345714,0.8744216552341072,0.9107840673015228,0.7670758074911961,0.8858585644632737,0.8623479116662193,0.06401309432105094,0.09892167027870483,0.07888266765421889,0.028680801681808456,0.023334197401261858,0.03843457659876511,0.05537783465596834,0.012539683444717824,0.018860243191370252,0.015568667371618262,0.0035723500288110084,0.002782210658646996,0.005049289493579691,0.009728740698124006,0.8746838629760123,0.8604931773814302,0.8736400305911314,0.9093617808407564,0.7558827417941121,0.8856456349078411,0.8599512047485472,8.00107216835022
