expl_var_class_0,expl_var_class_1,expl_var_class_2,expl_var_class_3,expl_var_class_4,expl_var_class_5,expl_var_mean,mae_class_0,mae_class_1,mae_class_2,mae_class_3,mae_class_4,mae_class_5,mae_mean,mse_class_0,mse_class_1,mse_class_2,mse_class_3,mse_class_4,mse_class_5,mse_mean,r2_class_0,r2_class_1,r2_class_2,r2_class_3,r2_class_4,r2_class_5,r2_mean,time
0.8662137520144255,0.881316758171531,0.8961416779725873,0.9023791727220257,0.7699387116609422,0.8915455547060488,0.8679226045412601,0.0667018506856543,0.09109145030607106,0.07371738255895705,0.030541319423774388,0.02268247363978362,0.03684905539988038,0.053597255335686794,0.013422309593002559,0.01609286316919052,0.012848884911193285,0.0039328421915004255,0.0027337204440170595,0.0047888618046509,0.008969913685592459,0.865863281513408,0.8809631357989892,0.8957145999999808,0.900215317760847,0.7601373794537319,0.8915437009739158,0.8657395692501454,6.614364147186279
