expl_var_class_0,expl_var_class_1,expl_var_class_2,expl_var_class_3,expl_var_class_4,expl_var_class_5,expl_var_mean,mae_class_0,mae_class_1,mae_class_2,mae_class_3,mae_class_4,mae_class_5,mae_mean,mse_class_0,mse_class_1,mse_class_2,mse_class_3,mse_class_4,mse_class_5,mse_mean,r2_class_0,r2_class_1,r2_class_2,r2_class_3,r2_class_4,r2_class_5,r2_mean,time
0.8747558371729263,0.8723961859332151,0.8749234160113935,0.8971160105154086,0.767930477821599,0.8947199709174576,0.8636403163953333,0.06007258641414741,0.09618902322060158,0.08135305297142222,0.03031141880108532,0.022898397860090427,0.03703493660626526,0.05464323597893537,0.012787637790867641,0.017251703299333045,0.015445499831804925,0.004131299744994478,0.002759954019374591,0.0046590719949728115,0.009505861113557916,0.8722059151909035,0.8723913425915164,0.8746396952503783,0.8951800219241206,0.7578355880817111,0.8944831306303144,0.8611226156114907,10.565224409103394
