expl_var_class_0,expl_var_class_1,expl_var_class_2,expl_var_class_3,expl_var_class_4,expl_var_class_5,expl_var_mean,mae_class_0,mae_class_1,mae_class_2,mae_class_3,mae_class_4,mae_class_5,mae_mean,mse_class_0,mse_class_1,mse_class_2,mse_class_3,mse_class_4,mse_class_5,mse_mean,r2_class_0,r2_class_1,r2_class_2,r2_class_3,r2_class_4,r2_class_5,r2_mean,time
0.8728115574446409,0.8688105743647325,0.8762764472082523,0.9179122590596525,0.7086452006871495,0.8837210978373312,0.8546961894336266,0.06026951956707799,0.09626661768440248,0.08016100374251396,0.027752509537101688,0.02558800416767574,0.039347148513135775,0.0548974672019846,0.012975581241995196,0.017746063322034263,0.015286569734368975,0.0032874733975942817,0.003509211765723448,0.005154992099395193,0.009659981926851894,0.8703276901640841,0.8687346243139786,0.8759296195432414,0.9165897149248535,0.6920940720107627,0.8832517229738971,0.8511545739884697,8.326708793640137
