expl_var_class_0,expl_var_class_1,expl_var_class_2,expl_var_class_3,expl_var_class_4,expl_var_class_5,expl_var_mean,mae_class_0,mae_class_1,mae_class_2,mae_class_3,mae_class_4,mae_class_5,mae_mean,mse_class_0,mse_class_1,mse_class_2,mse_class_3,mse_class_4,mse_class_5,mse_mean,r2_class_0,r2_class_1,r2_class_2,r2_class_3,r2_class_4,r2_class_5,r2_mean,time
0.8645699891792376,0.8613106248592156,0.8870410891718594,0.9113794036933986,0.7595342534173103,0.8840364025331172,0.8613119604756898,0.06431690417561234,0.0982559969292888,0.07766945359113454,0.028606624572525875,0.023629040868023806,0.038730796948608745,0.05520146951419902,0.013638960116877452,0.01880629374665487,0.013924405677570542,0.00354201006938734,0.002881025739629671,0.005120726986055971,0.009652237056029309,0.863698170499568,0.8608922345695009,0.8869853511892711,0.9101315709983128,0.7472124901135244,0.8840277460729291,0.8588245939071845,7.442248344421387
