expl_var_class_0,expl_var_class_1,expl_var_class_2,expl_var_class_3,expl_var_class_4,expl_var_class_5,expl_var_mean,mae_class_0,mae_class_1,mae_class_2,mae_class_3,mae_class_4,mae_class_5,mae_mean,mse_class_0,mse_class_1,mse_class_2,mse_class_3,mse_class_4,mse_class_5,mse_mean,r2_class_0,r2_class_1,r2_class_2,r2_class_3,r2_class_4,r2_class_5,r2_mean,time
0.8740250294796498,0.8813195650696118,0.8895236428768059,0.8976814291862508,0.7623866516428,0.8753145757746782,0.863375149004966,0.06312132819165522,0.092693487098851,0.073736273513569,0.03064442760498047,0.02238611014358698,0.039202663002361755,0.05363071492583407,0.012716881266943755,0.016047990825065177,0.013717065602432143,0.004117043778140852,0.0028040981845450443,0.005518803621115449,0.009153647213040402,0.8729130250861794,0.8812950508272768,0.8886681853668117,0.8955417265268569,0.7539622823225995,0.8750122596528829,0.8612320882971013,8.810348510742188
