expl_var_class_0,expl_var_class_1,expl_var_class_2,expl_var_class_3,expl_var_class_4,expl_var_class_5,expl_var_mean,mae_class_0,mae_class_1,mae_class_2,mae_class_3,mae_class_4,mae_class_5,mae_mean,mse_class_0,mse_class_1,mse_class_2,mse_class_3,mse_class_4,mse_class_5,mse_mean,r2_class_0,r2_class_1,r2_class_2,r2_class_3,r2_class_4,r2_class_5,r2_mean,time
0.8727697065241907,0.870575428590202,0.88730457933163,0.8886061526494,0.7808977574327143,0.8714180260717519,0.861928608433315,0.06425519940356915,0.0958240120026684,0.0757145449611682,0.030749332108736975,0.020789156385932372,0.03984179076230852,0.05452900593739727,0.012788619019486677,0.01749730024499196,0.013968763381369941,0.004462785904025175,0.0025759449120698547,0.005677626728192759,0.009495173365022728,0.8721961092192761,0.8705746931885343,0.8866253307738207,0.8867695036691443,0.7739809502671863,0.8714152950512526,0.8602603136948691,7.258236885070801
