expl_var_class_0,expl_var_class_1,expl_var_class_2,expl_var_class_3,expl_var_class_4,expl_var_class_5,expl_var_mean,mae_class_0,mae_class_1,mae_class_2,mae_class_3,mae_class_4,mae_class_5,mae_mean,mse_class_0,mse_class_1,mse_class_2,mse_class_3,mse_class_4,mse_class_5,mse_mean,r2_class_0,r2_class_1,r2_class_2,r2_class_3,r2_class_4,r2_class_5,r2_mean,time
0.8502350943622458,0.8768678725990622,0.8986379215106508,0.8876205105098794,0.8059253911200838,0.888038091063454,0.8678874801942292,0.06661589581494409,0.09378148455898531,0.07255065025401992,0.03126111890070842,0.019729978622719316,0.037897441016729407,0.05363942819468442,0.015083595035508148,0.01665776606764683,0.012523377774839917,0.004516512735398093,0.0022668723726796134,0.0049492088688847915,0.009332888809159565,0.8492611180643233,0.8767846208322405,0.8983565134541125,0.8854063381681615,0.801099651961532,0.8879122223771403,0.8664700774762517,7.999346017837524
