expl_var_class_0,expl_var_class_1,expl_var_class_2,expl_var_class_3,expl_var_class_4,expl_var_class_5,expl_var_mean,mae_class_0,mae_class_1,mae_class_2,mae_class_3,mae_class_4,mae_class_5,mae_mean,mse_class_0,mse_class_1,mse_class_2,mse_class_3,mse_class_4,mse_class_5,mse_mean,r2_class_0,r2_class_1,r2_class_2,r2_class_3,r2_class_4,r2_class_5,r2_mean,time
0.8666721296410456,0.8350253805876878,0.8700678281244989,0.9146426746939409,0.7902705752391849,0.876321568125699,0.8588333594020096,0.06523645060133992,0.10623294921164131,0.08595373898334846,0.02867581572783555,0.021874290719902482,0.04029882986709305,0.058045345851860136,0.013425310109973625,0.022553180897351487,0.016012543049245244,0.0034256991799587314,0.0024949698781009076,0.005485601687456648,0.010566217467014442,0.8658332956531152,0.8331769863725313,0.8700374025878806,0.9130826289298183,0.7810858771404234,0.8757642042677068,0.8564967324919127,9.698320388793945
