expl_var_class_0,expl_var_class_1,expl_var_class_2,expl_var_class_3,expl_var_class_4,expl_var_class_5,expl_var_mean,mae_class_0,mae_class_1,mae_class_2,mae_class_3,mae_class_4,mae_class_5,mae_mean,mse_class_0,mse_class_1,mse_class_2,mse_class_3,mse_class_4,mse_class_5,mse_mean,r2_class_0,r2_class_1,r2_class_2,r2_class_3,r2_class_4,r2_class_5,r2_mean,time
0.8774169158698745,0.8695433545979554,0.8888134292310461,0.9022535902786636,0.764914899650607,0.8803586266534518,0.8638834693802665,0.06293516255970225,0.09700737130801508,0.07619097321920897,0.030497029263149067,0.02358998307547456,0.037990118015075104,0.05470177290677084,0.012337774966613733,0.0176633340267154,0.013758992968152549,0.003916282282932911,0.0028119946787287507,0.005286143992664368,0.009295753819301285,0.8767016484025698,0.8693465624003702,0.8883278903034408,0.9006354783301904,0.7532694266239939,0.880281445372563,0.8614270752388546,5.252959251403809
