expl_var_class_0,expl_var_class_1,expl_var_class_2,expl_var_class_3,expl_var_class_4,expl_var_class_5,expl_var_mean,mae_class_0,mae_class_1,mae_class_2,mae_class_3,mae_class_4,mae_class_5,mae_mean,mse_class_0,mse_class_1,mse_class_2,mse_class_3,mse_class_4,mse_class_5,mse_mean,r2_class_0,r2_class_1,r2_class_2,r2_class_3,r2_class_4,r2_class_5,r2_mean,time
0.8587934041790845,0.884356888939863,0.8782422173667376,0.893514069149888,0.7201671331540878,0.8768534209664045,0.8519878556260109,0.06579518480134451,0.09011654750392992,0.0773649539806948,0.0319940614849612,0.025902386277199076,0.03992185088291509,0.05518249748850745,0.014242545052594872,0.015741064070277564,0.015075466516848745,0.004315524192370821,0.003364113358987326,0.005467161303948588,0.009700979082504653,0.857666205430957,0.8835653490361908,0.8776429965119471,0.8905058506639922,0.704825324086294,0.8761818349761068,0.848397926784248,8.837855577468872
