expl_var_class_0,expl_var_class_1,expl_var_class_2,expl_var_class_3,expl_var_class_4,expl_var_class_5,expl_var_mean,mae_class_0,mae_class_1,mae_class_2,mae_class_3,mae_class_4,mae_class_5,mae_mean,mse_class_0,mse_class_1,mse_class_2,mse_class_3,mse_class_4,mse_class_5,mse_mean,r2_class_0,r2_class_1,r2_class_2,r2_class_3,r2_class_4,r2_class_5,r2_mean,time
0.8649374100970819,0.8808203539596845,0.8841680824235081,0.8960826801714539,0.775893817346353,0.8788481174409634,0.8634584102398408,0.061512461081510844,0.09138608598039892,0.07979339562671448,0.03052280416286468,0.02183336998080561,0.03910827543323948,0.054026065377589,0.013766127441264216,0.01618620752436734,0.014272243451261523,0.004183517228122755,0.00265573712731973,0.0053666734491831115,0.009405084370253112,0.8624273156236789,0.8802726794635134,0.8841621955913188,0.893855151840967,0.7669798064995731,0.8784576452353107,0.8610257990423936,5.29243540763855
