expl_var_class_0,expl_var_class_1,expl_var_class_2,expl_var_class_3,expl_var_class_4,expl_var_class_5,expl_var_mean,mae_class_0,mae_class_1,mae_class_2,mae_class_3,mae_class_4,mae_class_5,mae_mean,mse_class_0,mse_class_1,mse_class_2,mse_class_3,mse_class_4,mse_class_5,mse_mean,r2_class_0,r2_class_1,r2_class_2,r2_class_3,r2_class_4,r2_class_5,r2_mean,time
0.8869432799495388,0.8720327358171316,0.8763590940897618,0.9102185814281437,0.763295063833105,0.8922967814992574,0.8668575894361563,0.05584022475616252,0.09531229718862257,0.08215338414173722,0.02859341042962259,0.023188544407710628,0.036872383871133535,0.053660040799164845,0.011595210770733996,0.017311752809009255,0.015234449087236366,0.003579921667954295,0.002821371650566716,0.004768170386412936,0.009218479395318927,0.8841225116907233,0.8719471639979676,0.8763526463328851,0.9091696720377194,0.7524466705727065,0.8920123122505058,0.864341829480418,7.765483617782593
