expl_var_class_0,expl_var_class_1,expl_var_class_2,expl_var_class_3,expl_var_class_4,expl_var_class_5,expl_var_mean,mae_class_0,mae_class_1,mae_class_2,mae_class_3,mae_class_4,mae_class_5,mae_mean,mse_class_0,mse_class_1,mse_class_2,mse_class_3,mse_class_4,mse_class_5,mse_mean,r2_class_0,r2_class_1,r2_class_2,r2_class_3,r2_class_4,r2_class_5,r2_mean,time
0.8518684105372903,0.854012347162419,0.873513047111696,0.9116246559785339,0.7657442751177523,0.8796235233673037,0.8560643765458326,0.06827487952729655,0.1018182733070416,0.0811533825457585,0.027426358334853986,0.022376118621481072,0.04081446153423132,0.05697724564511051,0.014888425441288782,0.019746054016903557,0.01564835440512246,0.0035124935928052513,0.0027700285967543646,0.005329561743652271,0.010315819632754446,0.8512115580192021,0.8539409472507058,0.8729932667496589,0.9108804676214542,0.7569516225919342,0.879298136858709,0.8542126665152773,10.620629787445068
