expl_var_class_0,expl_var_class_1,expl_var_class_2,expl_var_class_3,expl_var_class_4,expl_var_class_5,expl_var_mean,mae_class_0,mae_class_1,mae_class_2,mae_class_3,mae_class_4,mae_class_5,mae_mean,mse_class_0,mse_class_1,mse_class_2,mse_class_3,mse_class_4,mse_class_5,mse_mean,r2_class_0,r2_class_1,r2_class_2,r2_class_3,r2_class_4,r2_class_5,r2_mean,time
0.8669066558058802,0.8786007411229125,0.8890653192927279,0.8906632264181967,0.7499488542411614,0.8893502089894502,0.8607558343117215,0.06536019772755478,0.09156285593934904,0.07522890536646361,0.030611479572976903,0.02378244896849336,0.03716517324110866,0.05395184346932439,0.013372140427164945,0.016462409123816177,0.013719477528462065,0.004382025383523879,0.002987185484455412,0.004887582688250374,0.009301803439278809,0.8663646503149572,0.8782296513248887,0.8886486094524395,0.8888185721248039,0.7378978015373188,0.8893079083976119,0.8582111988586699,5.805961608886719
