expl_var_class_0,expl_var_class_1,expl_var_class_2,expl_var_class_3,expl_var_class_4,expl_var_class_5,expl_var_mean,mae_class_0,mae_class_1,mae_class_2,mae_class_3,mae_class_4,mae_class_5,mae_mean,mse_class_0,mse_class_1,mse_class_2,mse_class_3,mse_class_4,mse_class_5,mse_mean,r2_class_0,r2_class_1,r2_class_2,r2_class_3,r2_class_4,r2_class_5,r2_mean,time
0.8728092060928567,0.8780118344645004,0.9003115656940255,0.912757941917272,0.7755539599489829,0.8800685029725948,0.8699188351817054,0.06478248097770394,0.09437845596552318,0.07274835480698223,0.027421304663028376,0.021343179795388655,0.03940942055764482,0.05334719946104519,0.012775729832586902,0.016513525130333915,0.012308344511931019,0.0034731940032264063,0.002639644628766188,0.0052986969427279125,0.008834855841595391,0.8723249181416689,0.8778515527191664,0.9001017878487978,0.9118775829053396,0.7683917975766553,0.8799971509908732,0.8684241316970837,11.028205394744873
