expl_var_class_0,expl_var_class_1,expl_var_class_2,expl_var_class_3,expl_var_class_4,expl_var_class_5,expl_var_mean,mae_class_0,mae_class_1,mae_class_2,mae_class_3,mae_class_4,mae_class_5,mae_mean,mse_class_0,mse_class_1,mse_class_2,mse_class_3,mse_class_4,mse_class_5,mse_mean,r2_class_0,r2_class_1,r2_class_2,r2_class_3,r2_class_4,r2_class_5,r2_mean,time
0.8683793256089124,0.8781495005290121,0.888059391258763,0.9024960019903263,0.7529179705773691,0.8801239261188712,0.8616876860138757,0.06117715344117244,0.09339618384304359,0.07753551299242419,0.029360501712098013,0.023895018680628682,0.039127423745529515,0.05408196573581608,0.01340814339096009,0.01649206451017257,0.0138101965191188,0.0038997525553622655,0.0029646439328300427,0.005311425708386303,0.009314371102805011,0.8660048523691708,0.8780102941998438,0.8879123069410835,0.901054873142599,0.7398756466589271,0.8797088748052588,0.8587611413528139,6.598698854446411
