expl_var_class_0,expl_var_class_1,expl_var_class_2,expl_var_class_3,expl_var_class_4,expl_var_class_5,expl_var_mean,mae_class_0,mae_class_1,mae_class_2,mae_class_3,mae_class_4,mae_class_5,mae_mean,mse_class_0,mse_class_1,mse_class_2,mse_class_3,mse_class_4,mse_class_5,mse_mean,r2_class_0,r2_class_1,r2_class_2,r2_class_3,r2_class_4,r2_class_5,r2_mean,time
0.8658463115313415,0.8495517078031631,0.8645940883757465,0.9016285812383242,0.7659405895778357,0.8826296684476368,0.8550318244956746,0.0658407201938432,0.10274497007916403,0.08463942373687186,0.029157342469214937,0.022825654279903924,0.03872965395261726,0.057322960785269196,0.013500639465752456,0.02035476142916722,0.016709986095373455,0.003939011022774925,0.0027853138785977533,0.005183222447015119,0.010412155723113489,0.8650804868671258,0.8494384158608598,0.8643767458425353,0.9000588012166939,0.7556104584773784,0.8826123729262295,0.8528628801984705,5.552560806274414
