expl_var_class_0,expl_var_class_1,expl_var_class_2,expl_var_class_3,expl_var_class_4,expl_var_class_5,expl_var_mean,mae_class_0,mae_class_1,mae_class_2,mae_class_3,mae_class_4,mae_class_5,mae_mean,mse_class_0,mse_class_1,mse_class_2,mse_class_3,mse_class_4,mse_class_5,mse_mean,r2_class_0,r2_class_1,r2_class_2,r2_class_3,r2_class_4,r2_class_5,r2_mean,time
0.8582824726947061,0.880831220562827,0.886298589353967,0.9077236393937073,0.7713428804856999,0.8831359223266546,0.8646024541362602,0.06750941999966095,0.09254967786553996,0.07726943614318352,0.02960071593657406,0.02280235289544749,0.03869434669220166,0.054737658255434606,0.014235473342916602,0.01613572057937194,0.014041312669561552,0.003706607148617122,0.002734024721367701,0.005162629399021504,0.009335961310142736,0.8577368770187161,0.8806461249810796,0.8860364990120708,0.9059553883678649,0.7601106814924034,0.883078756351386,0.8622607212039202,7.571587324142456
