expl_var_class_0,expl_var_class_1,expl_var_class_2,expl_var_class_3,expl_var_class_4,expl_var_class_5,expl_var_mean,mae_class_0,mae_class_1,mae_class_2,mae_class_3,mae_class_4,mae_class_5,mae_mean,mse_class_0,mse_class_1,mse_class_2,mse_class_3,mse_class_4,mse_class_5,mse_mean,r2_class_0,r2_class_1,r2_class_2,r2_class_3,r2_class_4,r2_class_5,r2_mean,time
0.849491299415643,0.8795349082840218,0.884470303867449,0.8934702619713336,0.8012903723702334,0.8628462017503845,0.8618505579431776,0.06618090053818293,0.09247471583605366,0.07896887380542424,0.03178532480003161,0.020844366271534777,0.04138194597476918,0.0552726878709994,0.015220650892834425,0.016347343644371428,0.014236376639785194,0.004305138262842207,0.0023536221358756277,0.006060780530525869,0.009753985351039125,0.8478914414953446,0.8790807760568202,0.8844533013804504,0.8907693640793056,0.793488037695156,0.8627377752033292,0.8597367826517344,5.41567325592041
