expl_var_class_0,expl_var_class_1,expl_var_class_2,expl_var_class_3,expl_var_class_4,expl_var_class_5,expl_var_mean,mae_class_0,mae_class_1,mae_class_2,mae_class_3,mae_class_4,mae_class_5,mae_mean,mse_class_0,mse_class_1,mse_class_2,mse_class_3,mse_class_4,mse_class_5,mse_mean,r2_class_0,r2_class_1,r2_class_2,r2_class_3,r2_class_4,r2_class_5,r2_mean,time
0.8832025620356473,0.8558120185006648,0.8634780786204638,0.8999617649642371,0.780744888282485,0.8904650629293186,0.8622773958888027,0.058679161061499785,0.10061360632466843,0.08345327897238936,0.029399424165331582,0.021743912894013902,0.038930682255131216,0.05547001094550571,0.01186422097541664,0.019512125893589256,0.016853597473661903,0.0039950101413031855,0.002589338289066886,0.004880894390194759,0.00994919786053877,0.8814341408223931,0.8556712838573746,0.8632111528643993,0.8986379828934743,0.7728057860284643,0.8894593823977994,0.8602032881439842,9.806796312332153
