expl_var_class_0,expl_var_class_1,expl_var_class_2,expl_var_class_3,expl_var_class_4,expl_var_class_5,expl_var_mean,mae_class_0,mae_class_1,mae_class_2,mae_class_3,mae_class_4,mae_class_5,mae_mean,mse_class_0,mse_class_1,mse_class_2,mse_class_3,mse_class_4,mse_class_5,mse_mean,r2_class_0,r2_class_1,r2_class_2,r2_class_3,r2_class_4,r2_class_5,r2_mean,time
0.858369286385749,0.8801327616682912,0.8792779557494209,0.9029409095612352,0.7297757888958969,0.8800610679740083,0.855092961705767,0.06465104857848751,0.09204087002041947,0.08174787436757389,0.030263855088586544,0.025101126492807,0.03919110859161481,0.05549931385658153,0.014306960540719345,0.01629792182812278,0.014875667609242605,0.003876245329102476,0.003276814062844708,0.005297330698054591,0.009655156678014415,0.8570224650868038,0.8794463429523756,0.8792646243141482,0.9016513021342647,0.7124851555772722,0.8800280931743976,0.8516496638732103,4.6053314208984375
