expl_var_class_0,expl_var_class_1,expl_var_class_2,expl_var_class_3,expl_var_class_4,expl_var_class_5,expl_var_mean,mae_class_0,mae_class_1,mae_class_2,mae_class_3,mae_class_4,mae_class_5,mae_mean,mse_class_0,mse_class_1,mse_class_2,mse_class_3,mse_class_4,mse_class_5,mse_mean,r2_class_0,r2_class_1,r2_class_2,r2_class_3,r2_class_4,r2_class_5,r2_mean,time
0.8708634525850882,0.8841350675441044,0.8815898130070655,0.8992545160598893,0.7867216021108892,0.8851228104007541,0.8679478769512986,0.0611824997185073,0.09099802324965141,0.07948754471890113,0.030847827693715173,0.022527592452156686,0.038057237174906285,0.053850120834639664,0.013133455091240169,0.01569430112900182,0.014609706836698376,0.004062632477631671,0.002548809927010729,0.005089348343988717,0.009189708967595248,0.8687499676472672,0.883911248571392,0.8814232416370357,0.8969222584849562,0.7763618333011522,0.8847383974815317,0.865351157853889,6.218956470489502
