expl_var_class_0,expl_var_class_1,expl_var_class_2,expl_var_class_3,expl_var_class_4,expl_var_class_5,expl_var_mean,mae_class_0,mae_class_1,mae_class_2,mae_class_3,mae_class_4,mae_class_5,mae_mean,mse_class_0,mse_class_1,mse_class_2,mse_class_3,mse_class_4,mse_class_5,mse_mean,r2_class_0,r2_class_1,r2_class_2,r2_class_3,r2_class_4,r2_class_5,r2_mean,time
0.8730891317362448,0.8803955730931049,0.8882678378141994,0.8730935834951565,0.7931812941595052,0.8845138211122577,0.865423540235078,0.0626154620571821,0.0904238365938511,0.07749547135959735,0.03393156528088964,0.020947289951126786,0.039113884124136265,0.0540879182277972,0.012815345708023273,0.016217594051783545,0.013777354991385297,0.005134045317099106,0.002436971564607097,0.005099598226559147,0.00924681830990958,0.8719290143298704,0.8800405173079974,0.8881788586208574,0.8697382056988415,0.7861747762238451,0.8845062620860269,0.863427939044573,7.702039957046509
