expl_var_class_0,expl_var_class_1,expl_var_class_2,expl_var_class_3,expl_var_class_4,expl_var_class_5,expl_var_mean,mae_class_0,mae_class_1,mae_class_2,mae_class_3,mae_class_4,mae_class_5,mae_mean,mse_class_0,mse_class_1,mse_class_2,mse_class_3,mse_class_4,mse_class_5,mse_mean,r2_class_0,r2_class_1,r2_class_2,r2_class_3,r2_class_4,r2_class_5,r2_mean,time
0.8604578844504163,0.8545647435652556,0.8917352898675677,0.9052973081080747,0.74138719743335,0.8893758891507207,0.8571363854292308,0.06630032585887385,0.10064510371025376,0.07521481618142747,0.02914427852015035,0.025231540779323245,0.03817474675510643,0.05578513530085586,0.014043878704127686,0.019744432502897962,0.013375055846213598,0.0037905662369044422,0.003137569977301749,0.0048916587074012965,0.009830526995807788,0.8596515904254287,0.8539529413837855,0.8914440390286411,0.9038251653541002,0.7247027366861966,0.8892155962846503,0.8537986781938004,7.692667007446289
