expl_var_class_0,expl_var_class_1,expl_var_class_2,expl_var_class_3,expl_var_class_4,expl_var_class_5,expl_var_mean,mae_class_0,mae_class_1,mae_class_2,mae_class_3,mae_class_4,mae_class_5,mae_mean,mse_class_0,mse_class_1,mse_class_2,mse_class_3,mse_class_4,mse_class_5,mse_mean,r2_class_0,r2_class_1,r2_class_2,r2_class_3,r2_class_4,r2_class_5,r2_mean,time
0.8661596976483369,0.8757357242888624,0.8867839042677155,0.9031806616768354,0.7652912487346821,0.8796628191763379,0.8628023426321284,0.06607188599570335,0.0949430389268924,0.07537480990511185,0.02975100689757147,0.022278130694441352,0.0380620466299138,0.05441348650827237,0.01346311073561664,0.016800505663475435,0.01406352201455124,0.0038829626567883583,0.002778845663397596,0.005316270452335947,0.009384202864360869,0.8654555326574578,0.8757287941775228,0.8858562413132903,0.9014808690540662,0.7561779938490227,0.8795991529089207,0.8607164306600468,7.934157371520996
