expl_var_class_0,expl_var_class_1,expl_var_class_2,expl_var_class_3,expl_var_class_4,expl_var_class_5,expl_var_mean,mae_class_0,mae_class_1,mae_class_2,mae_class_3,mae_class_4,mae_class_5,mae_mean,mse_class_0,mse_class_1,mse_class_2,mse_class_3,mse_class_4,mse_class_5,mse_mean,r2_class_0,r2_class_1,r2_class_2,r2_class_3,r2_class_4,r2_class_5,r2_mean,time
0.884653776175098,0.882223044537563,0.886892473984497,0.9119730669336273,0.744058328099884,0.8844904859890353,0.8657151959532841,0.061439232145318996,0.0915361400547025,0.07483442464688524,0.028741571675079534,0.025254331184562988,0.038411674181898406,0.05336956231474127,0.011658905173703906,0.015931283328516035,0.014027876069523212,0.0035210157300586717,0.0030882215827538547,0.005109859226564088,0.008889526851853293,0.8834859775576707,0.8821583213511048,0.8861455544841468,0.910664242632903,0.729032672931841,0.884273874907144,0.8626267739774685,5.768171072006226
