expl_var_class_0,expl_var_class_1,expl_var_class_2,expl_var_class_3,expl_var_class_4,expl_var_class_5,expl_var_mean,mae_class_0,mae_class_1,mae_class_2,mae_class_3,mae_class_4,mae_class_5,mae_mean,mse_class_0,mse_class_1,mse_class_2,mse_class_3,mse_class_4,mse_class_5,mse_mean,r2_class_0,r2_class_1,r2_class_2,r2_class_3,r2_class_4,r2_class_5,r2_mean,time
0.8501144816406887,0.8794642356022555,0.8888671855016514,0.9016529296936071,0.7483161790417497,0.8804609550524601,0.8581459944220687,0.06748082447891628,0.09281703951614478,0.07736681566456162,0.02979852391441028,0.02296117176081354,0.03963821025146809,0.05501043093105243,0.015135224008572134,0.016311344213049223,0.013713444328363439,0.003954417749337681,0.002993845947309809,0.005278263465679704,0.00956442328538533,0.8487451605849007,0.8793470592764414,0.8886975767122378,0.8996678993600844,0.7373133979353327,0.8804599205146734,0.8557051690639451,7.880671739578247
