expl_var_class_0,expl_var_class_1,expl_var_class_2,expl_var_class_3,expl_var_class_4,expl_var_class_5,expl_var_mean,mae_class_0,mae_class_1,mae_class_2,mae_class_3,mae_class_4,mae_class_5,mae_mean,mse_class_0,mse_class_1,mse_class_2,mse_class_3,mse_class_4,mse_class_5,mse_mean,r2_class_0,r2_class_1,r2_class_2,r2_class_3,r2_class_4,r2_class_5,r2_mean,time
0.8435524349945411,0.8450739656141788,0.8485761443803509,0.9040768237993868,0.5141443685165681,0.8863258447064534,0.8069582636685798,0.06237635241424568,0.1056174868202134,0.09304403763311331,0.03086928603145211,0.03536510836194761,0.038199494294224784,0.06091196092586615,0.01618680582968464,0.02099365272215763,0.01867333879361037,0.0038696887150739914,0.006061295287214597,0.005022490457278821,0.01180121196750334,0.8382361096852162,0.8447126181402586,0.8484415870414486,0.901817657562614,0.4681686729607072,0.8862525691676343,0.7979382024263132,4.739062786102295
