expl_var_class_0,expl_var_class_1,expl_var_class_2,expl_var_class_3,expl_var_class_4,expl_var_class_5,expl_var_mean,mae_class_0,mae_class_1,mae_class_2,mae_class_3,mae_class_4,mae_class_5,mae_mean,mse_class_0,mse_class_1,mse_class_2,mse_class_3,mse_class_4,mse_class_5,mse_mean,r2_class_0,r2_class_1,r2_class_2,r2_class_3,r2_class_4,r2_class_5,r2_mean,time
0.8739842572419397,0.866713234486566,0.872688154614078,0.9128173868921824,0.7617177243995731,0.872843313628902,0.8601273452105401,0.060394593547264216,0.09711599652573596,0.08125398574751333,0.029067536477703024,0.024287626455019282,0.04171424540171328,0.05563899735915818,0.012800785521451596,0.018082247082772004,0.015697671064797466,0.003495959428523766,0.002864947339518993,0.005641920477680497,0.009763921819124053,0.8720745224954916,0.8662479157492692,0.8725929979624124,0.9112999750027786,0.7486232441623442,0.8722239564703183,0.857177101973769,7.774576663970947
