expl_var_class_0,expl_var_class_1,expl_var_class_2,expl_var_class_3,expl_var_class_4,expl_var_class_5,expl_var_mean,mae_class_0,mae_class_1,mae_class_2,mae_class_3,mae_class_4,mae_class_5,mae_mean,mse_class_0,mse_class_1,mse_class_2,mse_class_3,mse_class_4,mse_class_5,mse_mean,r2_class_0,r2_class_1,r2_class_2,r2_class_3,r2_class_4,r2_class_5,r2_mean,time
0.8298510811556591,0.7170578955121918,0.783899307656424,0.89097938676869,0.6572310759171547,0.8106610668127713,0.7816133023038151,0.07190924064891518,0.14009898019361905,0.11286041938786566,0.031025465481150236,0.0304231826586446,0.04985454622780194,0.07269530576633278,0.017224569572147734,0.03894814692746702,0.02687964094761563,0.004318680867561434,0.004178871827500423,0.008371603134026255,0.016653585546053083,0.8278651506476647,0.7119055056926136,0.7818367798098161,0.8904257590113172,0.63333663115958,0.8104031542631155,0.7759621634306845,4.249574661254883
