expl_var_class_0,expl_var_class_1,expl_var_class_2,expl_var_class_3,expl_var_class_4,expl_var_class_5,expl_var_mean,mae_class_0,mae_class_1,mae_class_2,mae_class_3,mae_class_4,mae_class_5,mae_mean,mse_class_0,mse_class_1,mse_class_2,mse_class_3,mse_class_4,mse_class_5,mse_mean,r2_class_0,r2_class_1,r2_class_2,r2_class_3,r2_class_4,r2_class_5,r2_mean,time
0.8741196954639521,0.8526647116107018,0.874861924236044,0.9084071385926811,0.7321517930002179,0.8706283084414027,0.8521389285574998,0.06363784310593512,0.09969304346569807,0.08245607338836483,0.029744345236063736,0.02362154259038953,0.04106459732445999,0.05670290751848522,0.012640562298987686,0.020104391382838222,0.015418303932934679,0.003681727659375745,0.0031646970622620486,0.005713034579710607,0.010120452819351498,0.8736757236254268,0.8512903712830573,0.8748604253146326,0.9065866346287976,0.7223225468242085,0.8706133916577654,0.8498915155556479,4.911226987838745
