expl_var_class_0,expl_var_class_1,expl_var_class_2,expl_var_class_3,expl_var_class_4,expl_var_class_5,expl_var_mean,mae_class_0,mae_class_1,mae_class_2,mae_class_3,mae_class_4,mae_class_5,mae_mean,mse_class_0,mse_class_1,mse_class_2,mse_class_3,mse_class_4,mse_class_5,mse_mean,r2_class_0,r2_class_1,r2_class_2,r2_class_3,r2_class_4,r2_class_5,r2_mean,time
0.874967367182514,0.8665740981134322,0.8879648268312724,0.9038763727026964,0.7783895073103809,0.8803453464300781,0.865352919761729,0.06352309133148629,0.09602488237341865,0.07664121570661842,0.028560615819053916,0.020964250676463642,0.03944627009778268,0.05419338766747059,0.01256073736146652,0.018111513292042056,0.013820823021696238,0.0038422591577217595,0.0025987926176710844,0.005298161054384917,0.009372047750830429,0.8744734592981361,0.8660314373176854,0.8878260590620225,0.9025136045472828,0.7719762425250415,0.8800092875838139,0.8638050150556636,8.608324527740479
