expl_var_class_0,expl_var_class_1,expl_var_class_2,expl_var_class_3,expl_var_class_4,expl_var_class_5,expl_var_mean,mae_class_0,mae_class_1,mae_class_2,mae_class_3,mae_class_4,mae_class_5,mae_mean,mse_class_0,mse_class_1,mse_class_2,mse_class_3,mse_class_4,mse_class_5,mse_mean,r2_class_0,r2_class_1,r2_class_2,r2_class_3,r2_class_4,r2_class_5,r2_mean,time
0.8749192359816749,0.8653136332350214,0.8825966665928137,0.8838529992518276,0.7736276221036005,0.8882211335978896,0.8614218817938046,0.06337504640878265,0.09761150221428704,0.0781976365412433,0.03309064255723839,0.022718676830045317,0.036756665398274234,0.05529169499164515,0.012573105185937567,0.01825616687045813,0.014495418232185637,0.004688203139983088,0.0026922061886131246,0.004936897817495591,0.009606999572445525,0.8743498606448739,0.8649614531769472,0.8823508421968844,0.8810501825863152,0.76377993116856,0.888191038330755,0.8591138846840559,10.689658164978027
