expl_var_class_0,expl_var_class_1,expl_var_class_2,expl_var_class_3,expl_var_class_4,expl_var_class_5,expl_var_mean,mae_class_0,mae_class_1,mae_class_2,mae_class_3,mae_class_4,mae_class_5,mae_mean,mse_class_0,mse_class_1,mse_class_2,mse_class_3,mse_class_4,mse_class_5,mse_mean,r2_class_0,r2_class_1,r2_class_2,r2_class_3,r2_class_4,r2_class_5,r2_mean,time
0.8149062430263322,0.8817809344278847,0.8959595317226894,0.9163012546696122,0.45042058718682754,0.8908633457816298,0.808371982802496,0.07630004807695144,0.09236437157950236,0.07122515659276021,0.027290208870840736,0.03491234199715975,0.03702897309896398,0.056520183369363076,0.018699457952570032,0.015987789214517715,0.012938320577286251,0.0033385450569409993,0.0067174952763691355,0.004819862513682556,0.01041691176522778,0.8131257582865327,0.8817403544916452,0.8949887133353218,0.9152939168604531,0.4105922483685305,0.8908416088472455,0.8010971000316215,4.667166471481323
