expl_var_class_0,expl_var_class_1,expl_var_class_2,expl_var_class_3,expl_var_class_4,expl_var_class_5,expl_var_mean,mae_class_0,mae_class_1,mae_class_2,mae_class_3,mae_class_4,mae_class_5,mae_mean,mse_class_0,mse_class_1,mse_class_2,mse_class_3,mse_class_4,mse_class_5,mse_mean,r2_class_0,r2_class_1,r2_class_2,r2_class_3,r2_class_4,r2_class_5,r2_mean,time
0.8723834070158473,0.8724644549761986,0.8875975004089834,0.9025595210074968,0.7622979402287005,0.8766133238156254,0.8623193579088086,0.06279604886224048,0.09576202244206,0.07589472818953913,0.029788855075235866,0.02432075366099419,0.03876216097309904,0.054554094867194786,0.012869202951062102,0.017251410921578603,0.013916595788313524,0.003887392161204844,0.0028689404915372475,0.005451318686169763,0.00937414349997768,0.8713907884904271,0.8723935052726183,0.887048738590649,0.9013684829808006,0.7482728762564252,0.8765406324860928,0.8595025040128355,9.657072305679321
