expl_var_class_0,expl_var_class_1,expl_var_class_2,expl_var_class_3,expl_var_class_4,expl_var_class_5,expl_var_mean,mae_class_0,mae_class_1,mae_class_2,mae_class_3,mae_class_4,mae_class_5,mae_mean,mse_class_0,mse_class_1,mse_class_2,mse_class_3,mse_class_4,mse_class_5,mse_mean,r2_class_0,r2_class_1,r2_class_2,r2_class_3,r2_class_4,r2_class_5,r2_mean,time
0.8509528532121753,0.8408024117907729,0.8651487194367413,0.9056595723074333,0.7844371942247119,0.891767772760826,0.8564614206221101,0.06795903144244193,0.10579591842379493,0.08487672848537972,0.02837185779340681,0.023424476543070463,0.0366140930737554,0.05784035096030821,0.015075160731271867,0.021535139244489212,0.016638419652326222,0.003764044844439451,0.0025929311108513395,0.004786183799144856,0.010731979897087159,0.849345406828871,0.8407073111325619,0.8649576005385922,0.9044980702383537,0.7724905439742664,0.8916043514119124,0.8539338806874263,5.381486415863037
