expl_var_class_0,expl_var_class_1,expl_var_class_2,expl_var_class_3,expl_var_class_4,expl_var_class_5,expl_var_mean,mae_class_0,mae_class_1,mae_class_2,mae_class_3,mae_class_4,mae_class_5,mae_mean,mse_class_0,mse_class_1,mse_class_2,mse_class_3,mse_class_4,mse_class_5,mse_mean,r2_class_0,r2_class_1,r2_class_2,r2_class_3,r2_class_4,r2_class_5,r2_mean,time
0.888812619801344,0.8504178193865701,0.8523425569888142,0.9098023151769468,0.8028093148033234,0.8829249720366273,0.8645182663656042,0.056500835344225266,0.10375447181878308,0.0874594427841992,0.028774479886334685,0.021194135534677857,0.039222472386442504,0.05615097295911043,0.011340618651840674,0.02022642365964572,0.018218184395819337,0.003593409998558329,0.0023326872575352635,0.005174478814170224,0.010147633796261593,0.8866667944867856,0.8503877140361924,0.8521357565171246,0.9088274440210019,0.795324909782983,0.8828103953576723,0.8626921690336266,6.1424925327301025
