expl_var_class_0,expl_var_class_1,expl_var_class_2,expl_var_class_3,expl_var_class_4,expl_var_class_5,expl_var_mean,mae_class_0,mae_class_1,mae_class_2,mae_class_3,mae_class_4,mae_class_5,mae_mean,mse_class_0,mse_class_1,mse_class_2,mse_class_3,mse_class_4,mse_class_5,mse_mean,r2_class_0,r2_class_1,r2_class_2,r2_class_3,r2_class_4,r2_class_5,r2_mean,time
0.8361850806190174,0.8813959997850314,0.8975012146057292,0.9034909606516662,0.5065199420961286,0.8919463018894641,0.8195065832745062,0.07087460018553259,0.09166693226283366,0.07225095606212932,0.03027101274737035,0.03372741337634702,0.03825505314567151,0.05617432796331407,0.016646160781783007,0.016049201554019885,0.012680214483568758,0.003869302860642972,0.0059674210809782845,0.004771204635190054,0.009997250899363827,0.8336455162804,0.8812860952190267,0.8970835797312627,0.9018274475211008,0.47640540146702637,0.891943593752016,0.8136986056618055,4.393661737442017
