expl_var_class_0,expl_var_class_1,expl_var_class_2,expl_var_class_3,expl_var_class_4,expl_var_class_5,expl_var_mean,mae_class_0,mae_class_1,mae_class_2,mae_class_3,mae_class_4,mae_class_5,mae_mean,mse_class_0,mse_class_1,mse_class_2,mse_class_3,mse_class_4,mse_class_5,mse_mean,r2_class_0,r2_class_1,r2_class_2,r2_class_3,r2_class_4,r2_class_5,r2_mean,time
0.8775396165735757,0.8665007416249318,0.8805711512357737,0.9150066158219929,0.7868102268758442,0.8781528863419974,0.8674302064123526,0.06416204808264085,0.09734501116190353,0.07805432670995725,0.028741827521856837,0.020505754394860316,0.0409232656098727,0.05495537224684858,0.012315195075448171,0.018090694801985163,0.014772621547258898,0.003410422571245972,0.0024992324612385743,0.005414343382085297,0.009417084973210345,0.8769273020044144,0.8661854290435653,0.8801009770300976,0.9134702294161509,0.7807118687578419,0.8773780349420315,0.8657956401990169,12.188315153121948
