expl_var_class_0,expl_var_class_1,expl_var_class_2,expl_var_class_3,expl_var_class_4,expl_var_class_5,expl_var_mean,mae_class_0,mae_class_1,mae_class_2,mae_class_3,mae_class_4,mae_class_5,mae_mean,mse_class_0,mse_class_1,mse_class_2,mse_class_3,mse_class_4,mse_class_5,mse_mean,r2_class_0,r2_class_1,r2_class_2,r2_class_3,r2_class_4,r2_class_5,r2_mean,time
0.8721058554812162,0.867940474520397,0.8850370824198404,0.8886363338318581,0.7320715336795618,0.8899424666155482,0.855955624424737,0.06497300516999094,0.09565140932864212,0.07858516419199287,0.031943579080872246,0.022488974121424792,0.0371483270032197,0.055131743149357114,0.012815134493605931,0.01797481054458391,0.01418093122082142,0.004507566734114174,0.003151981536708059,0.004861935597342647,0.009582060021196022,0.8719311251148023,0.8670426101720122,0.884903313014516,0.8856333175006544,0.7234382348923423,0.8898887538414992,0.8538062257559712,9.578989505767822
