expl_var_class_0,expl_var_class_1,expl_var_class_2,expl_var_class_3,expl_var_class_4,expl_var_class_5,expl_var_mean,mae_class_0,mae_class_1,mae_class_2,mae_class_3,mae_class_4,mae_class_5,mae_mean,mse_class_0,mse_class_1,mse_class_2,mse_class_3,mse_class_4,mse_class_5,mse_mean,r2_class_0,r2_class_1,r2_class_2,r2_class_3,r2_class_4,r2_class_5,r2_mean,time
0.8710134591806145,0.8705780481947157,0.8877620285106285,0.905912642833328,0.7934630919933335,0.8808413261830642,0.8682617661492807,0.06431831498080733,0.09440384220866575,0.07849065064496914,0.02859774104284987,0.02171402941922443,0.03967427820352716,0.054533142750007264,0.012979816941535277,0.017647764070315035,0.013829372656768712,0.003748015393451351,0.0024584671693374848,0.005287483850208385,0.009325153346936042,0.8702853604269503,0.8694617313896397,0.8877566676619477,0.9049047719556951,0.7842887047741686,0.8802511007945872,0.8661580561671648,9.123351335525513
