expl_var_class_0,expl_var_class_1,expl_var_class_2,expl_var_class_3,expl_var_class_4,expl_var_class_5,expl_var_mean,mae_class_0,mae_class_1,mae_class_2,mae_class_3,mae_class_4,mae_class_5,mae_mean,mse_class_0,mse_class_1,mse_class_2,mse_class_3,mse_class_4,mse_class_5,mse_mean,r2_class_0,r2_class_1,r2_class_2,r2_class_3,r2_class_4,r2_class_5,r2_mean,time
0.8676568502268501,0.8756484645383906,0.8855171947971803,0.897543563168661,0.7699008950072725,0.8828913821554512,0.8631930583156343,0.06706345746072508,0.09307063402173182,0.07497059570195296,0.03143189091009971,0.021409059010053796,0.03931323339303866,0.054543145082933675,0.013269170104949183,0.016825540311917308,0.014242618470987756,0.00414410283462938,0.002704864284881471,0.005172447659313225,0.009393123944446387,0.8673936908856449,0.8755436160637488,0.884402640808098,0.8948551799475829,0.7626692820717597,0.8828563961711275,0.8612868009913269,11.562313079833984
