expl_var_class_0,expl_var_class_1,expl_var_class_2,expl_var_class_3,expl_var_class_4,expl_var_class_5,expl_var_mean,mae_class_0,mae_class_1,mae_class_2,mae_class_3,mae_class_4,mae_class_5,mae_mean,mse_class_0,mse_class_1,mse_class_2,mse_class_3,mse_class_4,mse_class_5,mse_mean,r2_class_0,r2_class_1,r2_class_2,r2_class_3,r2_class_4,r2_class_5,r2_mean,time
0.871376462137391,0.8822940116421433,0.8861754788063345,0.9012154996765157,0.6257905163181764,0.8951142408225785,0.8436610349005232,0.061922216919017004,0.0912640129013303,0.07715345839613884,0.03165587561810133,0.03048618608738466,0.036314180415777615,0.054799321722958295,0.013126175100864022,0.015961474997802344,0.01404611383487724,0.003984742373823904,0.004557232397225231,0.004632166051081461,0.009384650792612368,0.8688227207016431,0.8819349974093642,0.8859975313157398,0.89889849828294,0.6001384458937113,0.8950924860920706,0.8384807799492449,5.227643013000488
