expl_var_class_0,expl_var_class_1,expl_var_class_2,expl_var_class_3,expl_var_class_4,expl_var_class_5,expl_var_mean,mae_class_0,mae_class_1,mae_class_2,mae_class_3,mae_class_4,mae_class_5,mae_mean,mse_class_0,mse_class_1,mse_class_2,mse_class_3,mse_class_4,mse_class_5,mse_mean,r2_class_0,r2_class_1,r2_class_2,r2_class_3,r2_class_4,r2_class_5,r2_mean,time
0.8669922980458958,0.8736629943930632,0.8880092603919617,0.8872200026388574,0.7679124309888077,0.8855632017115957,0.8615600313616968,0.06547536721256722,0.09496206067143421,0.07561692418738614,0.03224481243446878,0.0217861286161877,0.03689522837882895,0.05449675358347883,0.013384213643905782,0.017085165922789584,0.01387194391390077,0.004550338726299264,0.0027374197628069565,0.005053027091613641,0.009447018176885999,0.8662439958430892,0.8736231984065804,0.8874111465829432,0.8845480998791214,0.7598127931189724,0.8855609872260859,0.859533370176132,8.424470901489258
