expl_var_class_0,expl_var_class_1,expl_var_class_2,expl_var_class_3,expl_var_class_4,expl_var_class_5,expl_var_mean,mae_class_0,mae_class_1,mae_class_2,mae_class_3,mae_class_4,mae_class_5,mae_mean,mse_class_0,mse_class_1,mse_class_2,mse_class_3,mse_class_4,mse_class_5,mse_mean,r2_class_0,r2_class_1,r2_class_2,r2_class_3,r2_class_4,r2_class_5,r2_mean,time
0.8508264504232214,0.8676340339177854,0.8821210946234965,0.8809203584738046,0.7995218097669572,0.8758908326498286,0.8594857633091822,0.06458183102954998,0.09910583701166517,0.08065847421092334,0.03031077594330247,0.019845661918055507,0.040160172981313955,0.055777125515801745,0.015203431480739299,0.017895696528488464,0.014526712223988731,0.004770307007257175,0.0023446184564170866,0.005487674241704352,0.010038073323099183,0.848063524803117,0.8676278064973236,0.8820968507824278,0.8789670305279244,0.7942780402552974,0.8757172658567844,0.8577917531204791,4.944172620773315
