expl_var_class_0,expl_var_class_1,expl_var_class_2,expl_var_class_3,expl_var_class_4,expl_var_class_5,expl_var_mean,mae_class_0,mae_class_1,mae_class_2,mae_class_3,mae_class_4,mae_class_5,mae_mean,mse_class_0,mse_class_1,mse_class_2,mse_class_3,mse_class_4,mse_class_5,mse_mean,r2_class_0,r2_class_1,r2_class_2,r2_class_3,r2_class_4,r2_class_5,r2_mean,time
0.8677066286817425,0.8765735760917257,0.87807440886691,0.8936317685791929,0.7567984166074866,0.8755826949947025,0.8580612489702933,0.0599427146657966,0.09226903637768376,0.07935341207757617,0.03132126744100441,0.0240122027643683,0.041137835425887094,0.05467274479205273,0.013519412991375485,0.0167145351548611,0.015050789607621384,0.004270286443767547,0.0029126849597659165,0.005538903515064804,0.009667768778742706,0.8648928724253602,0.8763647071068522,0.8778432817014655,0.8916536298399144,0.7444346407826059,0.874557044990717,0.8549576961411526,9.529343843460083
