expl_var_class_0,expl_var_class_1,expl_var_class_2,expl_var_class_3,expl_var_class_4,expl_var_class_5,expl_var_mean,mae_class_0,mae_class_1,mae_class_2,mae_class_3,mae_class_4,mae_class_5,mae_mean,mse_class_0,mse_class_1,mse_class_2,mse_class_3,mse_class_4,mse_class_5,mse_mean,r2_class_0,r2_class_1,r2_class_2,r2_class_3,r2_class_4,r2_class_5,r2_mean,time
0.8684680239296245,0.8749647037398299,0.8983342027765402,0.888259186591453,0.7299827849525506,0.8910983678844022,0.8585178783124001,0.06268848532236322,0.0944319657108789,0.07217464880928902,0.03337927554810958,0.026186115242815326,0.03828976204289348,0.05452504211272493,0.013347590480930047,0.016916761227062493,0.012620275993831837,0.004536462068266416,0.0032495475904123724,0.004813866526892431,0.009247417314565933,0.8666099917894743,0.8748688665443954,0.8975700584740341,0.8849001805996095,0.7148775756014142,0.8909774036483472,0.8549673461095457,4.620432138442993
