expl_var_class_0,expl_var_class_1,expl_var_class_2,expl_var_class_3,expl_var_class_4,expl_var_class_5,expl_var_mean,mae_class_0,mae_class_1,mae_class_2,mae_class_3,mae_class_4,mae_class_5,mae_mean,mse_class_0,mse_class_1,mse_class_2,mse_class_3,mse_class_4,mse_class_5,mse_mean,r2_class_0,r2_class_1,r2_class_2,r2_class_3,r2_class_4,r2_class_5,r2_mean,time
0.868934119323896,0.8720587160437209,0.868380168851933,0.8798117802352787,0.7806750471729977,0.886362572148882,0.8593704006294515,0.060193811719996104,0.09540921257572302,0.08034319753900292,0.03252372290536951,0.02231316236071797,0.039216606459379216,0.05499995226003146,0.013397581087302244,0.01729772805898901,0.016293331240503056,0.004853093197144572,0.0026166774065489984,0.005042607555884671,0.009916836424395425,0.866110407433484,0.8720509032919678,0.8677584414918019,0.8768665664743305,0.7704069919685108,0.8857969648610298,0.8564983792535207,5.016041994094849
