expl_var_class_0,expl_var_class_1,expl_var_class_2,expl_var_class_3,expl_var_class_4,expl_var_class_5,expl_var_mean,mae_class_0,mae_class_1,mae_class_2,mae_class_3,mae_class_4,mae_class_5,mae_mean,mse_class_0,mse_class_1,mse_class_2,mse_class_3,mse_class_4,mse_class_5,mse_mean,r2_class_0,r2_class_1,r2_class_2,r2_class_3,r2_class_4,r2_class_5,r2_mean,time
0.8546128073623879,0.8629828340156791,0.8779627239286615,0.9053750449752804,0.730452457209115,0.8765890171225001,0.851329147435604,0.06795627911779016,0.09786595400072289,0.08132998923767512,0.0299083190004695,0.024413534045838403,0.04004897329191425,0.05692050811573505,0.014652676229858963,0.018606789917031276,0.015041134576449056,0.00379607610809229,0.00322939385054804,0.005449973875519732,0.010129340759583225,0.8535675330015914,0.8623679390494813,0.8779216448275095,0.9036853680474993,0.7166459088881065,0.8765710892401073,0.8484599138423826,10.232818365097046
