expl_var_class_0,expl_var_class_1,expl_var_class_2,expl_var_class_3,expl_var_class_4,expl_var_class_5,expl_var_mean,mae_class_0,mae_class_1,mae_class_2,mae_class_3,mae_class_4,mae_class_5,mae_mean,mse_class_0,mse_class_1,mse_class_2,mse_class_3,mse_class_4,mse_class_5,mse_mean,r2_class_0,r2_class_1,r2_class_2,r2_class_3,r2_class_4,r2_class_5,r2_mean,time
0.8709071210555974,0.8858946590377542,0.8992579240926097,0.8952471575885323,0.7754048051564633,0.8837771731026525,0.8684148066722681,0.06710549357397518,0.08884981280431975,0.07408360070552229,0.030105468133543117,0.02283631997662224,0.037832184669503166,0.053468813310580954,0.012938093323780084,0.015540382291327391,0.012424468416019588,0.00419793609861498,0.0026910350687839226,0.005132962996601926,0.008820813032521316,0.8707023280978485,0.8850497666576767,0.8991592914476595,0.8934893140218387,0.7638826877879579,0.8837506296154507,0.8660056696047387,7.4505627155303955
