expl_var_class_0,expl_var_class_1,expl_var_class_2,expl_var_class_3,expl_var_class_4,expl_var_class_5,expl_var_mean,mae_class_0,mae_class_1,mae_class_2,mae_class_3,mae_class_4,mae_class_5,mae_mean,mse_class_0,mse_class_1,mse_class_2,mse_class_3,mse_class_4,mse_class_5,mse_mean,r2_class_0,r2_class_1,r2_class_2,r2_class_3,r2_class_4,r2_class_5,r2_mean,time
0.8684993425559591,0.8718177029003016,0.8852675119416556,0.8860046304085785,0.7900661548468152,0.8778822072149116,0.8632562583113702,0.06658228933243081,0.09546617187060842,0.07564256580033585,0.031108657723940464,0.020254188644584135,0.03959763920604316,0.0547752520963238,0.013164111490157766,0.017334635538026052,0.01425470423394205,0.0045737529933058164,0.0024613794664346336,0.005395000075401324,0.009530597299544604,0.8684436009431669,0.8717779033587709,0.8843045491345632,0.8839540294640509,0.784033173446867,0.8778161147070046,0.8617215618424039,7.944689512252808
