expl_var_class_0,expl_var_class_1,expl_var_class_2,expl_var_class_3,expl_var_class_4,expl_var_class_5,expl_var_mean,mae_class_0,mae_class_1,mae_class_2,mae_class_3,mae_class_4,mae_class_5,mae_mean,mse_class_0,mse_class_1,mse_class_2,mse_class_3,mse_class_4,mse_class_5,mse_mean,r2_class_0,r2_class_1,r2_class_2,r2_class_3,r2_class_4,r2_class_5,r2_mean,time
0.8335176287355793,0.8698049420776545,0.8754066354810566,0.917112977661532,0.29326092577950336,0.8821787107526012,0.7785469700813211,0.06705603166174469,0.09527884800653122,0.082272873080967,0.028696186603042968,0.041465723083299,0.03838781324021306,0.058859579279299655,0.017262809619867904,0.017668864369687756,0.015352063943757526,0.003324346755267265,0.008675129260072047,0.00520413206256971,0.011247891001870368,0.8274829962590766,0.8693056551560555,0.8753980489150525,0.9156541583732988,0.23882515403045246,0.8821388200007918,0.7681341387891214,6.2971601486206055
