expl_var_class_0,expl_var_class_1,expl_var_class_2,expl_var_class_3,expl_var_class_4,expl_var_class_5,expl_var_mean,mae_class_0,mae_class_1,mae_class_2,mae_class_3,mae_class_4,mae_class_5,mae_mean,mse_class_0,mse_class_1,mse_class_2,mse_class_3,mse_class_4,mse_class_5,mse_mean,r2_class_0,r2_class_1,r2_class_2,r2_class_3,r2_class_4,r2_class_5,r2_mean,time
0.8713335348024888,0.8785139789870064,0.89225542692973,0.9029217942411691,0.7626825113927526,0.8827387581508016,0.8650743340839915,0.064132630784993,0.09317060147488469,0.07367647086977856,0.028482197025844768,0.021895857234530223,0.0384288598718679,0.05329776954364986,0.012948259662304567,0.016429952664228357,0.01334350761559574,0.003869376321534173,0.0027987870546743324,0.0051866935693683485,0.00909609614795092,0.8706007301366891,0.8784697276327391,0.8917000939214987,0.9018255836599722,0.7544282924926001,0.8825337602831308,0.863259698021105,8.223492860794067
