expl_var_class_0,expl_var_class_1,expl_var_class_2,expl_var_class_3,expl_var_class_4,expl_var_class_5,expl_var_mean,mae_class_0,mae_class_1,mae_class_2,mae_class_3,mae_class_4,mae_class_5,mae_mean,mse_class_0,mse_class_1,mse_class_2,mse_class_3,mse_class_4,mse_class_5,mse_mean,r2_class_0,r2_class_1,r2_class_2,r2_class_3,r2_class_4,r2_class_5,r2_mean,time
0.8703598885384839,0.8789161266545007,0.8962703046442099,0.8966616906307803,0.7698768996389234,0.8856547550323681,0.8662899441898776,0.06514370680886698,0.09204854667847649,0.07480841947107582,0.030916038527261335,0.022891595539534817,0.03878731806302412,0.05409927084803992,0.013021216421522423,0.016536724839649228,0.012787374811637066,0.004149132066641448,0.0027491453189802304,0.0050555440408723215,0.009049856249883787,0.869871632047788,0.8776799474169753,0.8962138343989654,0.8947275774927181,0.7587839671330384,0.8855039843279927,0.8637968238029129,6.038465261459351
