expl_var_class_0,expl_var_class_1,expl_var_class_2,expl_var_class_3,expl_var_class_4,expl_var_class_5,expl_var_mean,mae_class_0,mae_class_1,mae_class_2,mae_class_3,mae_class_4,mae_class_5,mae_mean,mse_class_0,mse_class_1,mse_class_2,mse_class_3,mse_class_4,mse_class_5,mse_mean,r2_class_0,r2_class_1,r2_class_2,r2_class_3,r2_class_4,r2_class_5,r2_mean,time
0.8665529099240846,0.8821371503713913,0.888203016728109,0.8959301818684483,0.6704162090460231,0.8974460537738335,0.8501142536186483,0.062367642757125155,0.09241948784272977,0.07672263181882372,0.032966168342990286,0.027483225135586355,0.03624049206698955,0.05469994132737414,0.013672048708892428,0.01597225094518474,0.013785920752824253,0.004222641963719724,0.003967722867204433,0.004531804592866179,0.009358731638448626,0.863367497516541,0.8818552890957031,0.8881093363343602,0.8928624729794373,0.6518633035020502,0.8973654337708529,0.8459038888664908,5.023505449295044
