expl_var_class_0,expl_var_class_1,expl_var_class_2,expl_var_class_3,expl_var_class_4,expl_var_class_5,expl_var_mean,mae_class_0,mae_class_1,mae_class_2,mae_class_3,mae_class_4,mae_class_5,mae_mean,mse_class_0,mse_class_1,mse_class_2,mse_class_3,mse_class_4,mse_class_5,mse_mean,r2_class_0,r2_class_1,r2_class_2,r2_class_3,r2_class_4,r2_class_5,r2_mean,time
0.8720469479445353,0.8700614597798649,0.8891307599772434,0.910382496219597,0.7538357244418387,0.8713409528252811,0.8611330568647267,0.06399452886294874,0.09554591072524682,0.07606449421790945,0.027264924350955663,0.022909783059032632,0.040949259291675824,0.05445481675129485,0.012849221772145123,0.01762467717521098,0.013680555267537767,0.0035639982200775517,0.0029330476434034827,0.005684757009913397,0.009389376181381383,0.8715904716934441,0.8696325022194435,0.8889645141848306,0.9095736842276737,0.7426479743115149,0.8712538111751293,0.8589438263020059,5.139447450637817
