expl_var_class_0,expl_var_class_1,expl_var_class_2,expl_var_class_3,expl_var_class_4,expl_var_class_5,expl_var_mean,mae_class_0,mae_class_1,mae_class_2,mae_class_3,mae_class_4,mae_class_5,mae_mean,mse_class_0,mse_class_1,mse_class_2,mse_class_3,mse_class_4,mse_class_5,mse_mean,r2_class_0,r2_class_1,r2_class_2,r2_class_3,r2_class_4,r2_class_5,r2_mean,time
0.8660976646514815,0.8689858695132647,0.8778453673889666,0.9001326940461706,0.7774604648509603,0.8723031714060205,0.860470871976144,0.06119306996730296,0.09628741712026329,0.0812162335427932,0.030172233280632763,0.022019904784907778,0.04103236767913748,0.055320204395839574,0.013672932293699567,0.017807890288357723,0.015050826336788618,0.004016103301063322,0.0026504762058456267,0.005691046409446198,0.009814879139200176,0.8633586673546592,0.868277298099443,0.8778429835965387,0.8981028039715655,0.7674414112748632,0.8711113712751595,0.857689089262038,6.099613189697266
