expl_var_class_0,expl_var_class_1,expl_var_class_2,expl_var_class_3,expl_var_class_4,expl_var_class_5,expl_var_mean,mae_class_0,mae_class_1,mae_class_2,mae_class_3,mae_class_4,mae_class_5,mae_mean,mse_class_0,mse_class_1,mse_class_2,mse_class_3,mse_class_4,mse_class_5,mse_mean,r2_class_0,r2_class_1,r2_class_2,r2_class_3,r2_class_4,r2_class_5,r2_mean,time
0.8507324837523197,0.837909423015955,0.8747994279689555,0.9151615690900008,0.7618815089505172,0.879236841444361,0.8532868757036849,0.07023343215090663,0.10697584428668143,0.08074227985128478,0.02683056972171299,0.022808866741204324,0.03866798115111983,0.05770982898381832,0.0149947752511109,0.021922608030190256,0.015473537167162101,0.003376780553068054,0.0028362881588006408,0.005332868203908974,0.010656142894040153,0.8501487443206827,0.8378412537541629,0.8744121358354667,0.9143237999207142,0.751137863462521,0.8792232534193976,0.8511811751188242,4.99188232421875
