expl_var_class_0,expl_var_class_1,expl_var_class_2,expl_var_class_3,expl_var_class_4,expl_var_class_5,expl_var_mean,mae_class_0,mae_class_1,mae_class_2,mae_class_3,mae_class_4,mae_class_5,mae_mean,mse_class_0,mse_class_1,mse_class_2,mse_class_3,mse_class_4,mse_class_5,mse_mean,r2_class_0,r2_class_1,r2_class_2,r2_class_3,r2_class_4,r2_class_5,r2_mean,time
0.8672989084984927,0.8808132901637751,0.8827482142739197,0.8779594500549229,0.7795071906198934,0.8775036031181923,0.8609717761215329,0.06332028892585133,0.09198589793625342,0.07893951498480148,0.03440721855432916,0.02202648504986924,0.039010747237314396,0.054948358781403174,0.013440750300419683,0.01618339494664531,0.01445100535116421,0.004982741181987694,0.0026116305385706345,0.005408828328576571,0.009513058441227351,0.8656789931118951,0.8802934837435742,0.8827113104472022,0.8735771176887991,0.7708498152211556,0.8775029377512765,0.8584356096606505,7.833385944366455
