expl_var_class_0,expl_var_class_1,expl_var_class_2,expl_var_class_3,expl_var_class_4,expl_var_class_5,expl_var_mean,mae_class_0,mae_class_1,mae_class_2,mae_class_3,mae_class_4,mae_class_5,mae_mean,mse_class_0,mse_class_1,mse_class_2,mse_class_3,mse_class_4,mse_class_5,mse_mean,r2_class_0,r2_class_1,r2_class_2,r2_class_3,r2_class_4,r2_class_5,r2_mean,time
0.878653245522461,0.8574472772022717,0.8664806862651434,0.8935875650518667,0.7744315822881801,0.8826865158565236,0.8588811453644077,0.06406580828776542,0.09860360936361237,0.0828620273899393,0.0310139822118364,0.02241169834422257,0.03943065676798088,0.05639796372755949,0.01217963015920524,0.0193432675624959,0.016495371864245212,0.004282326317730749,0.00267428041717021,0.005182661205406112,0.01002625625437557,0.8782820787573077,0.8569203074783578,0.8661186192497294,0.8913481522898072,0.7653527776251248,0.882625083710181,0.8567745031850847,7.963800430297852
