expl_var_class_0,expl_var_class_1,expl_var_class_2,expl_var_class_3,expl_var_class_4,expl_var_class_5,expl_var_mean,mae_class_0,mae_class_1,mae_class_2,mae_class_3,mae_class_4,mae_class_5,mae_mean,mse_class_0,mse_class_1,mse_class_2,mse_class_3,mse_class_4,mse_class_5,mse_mean,r2_class_0,r2_class_1,r2_class_2,r2_class_3,r2_class_4,r2_class_5,r2_mean,time
0.8685417358899088,0.887134805818503,0.9014359258106402,0.9106304603502264,0.7273717185371291,0.8804439071826214,0.862593092264838,0.06492335362563496,0.09058408673035138,0.07248944351023771,0.02983670934668085,0.022940285172385787,0.03873743417471371,0.0532518854266674,0.013228550674067922,0.015309437909059085,0.012191913812957388,0.003592218151053282,0.0032258116316080075,0.005290713018776161,0.008806440866253642,0.867799623793648,0.8867580329109243,0.9010467742891518,0.9088576837608078,0.7169602206255071,0.880177967827699,0.8602667172012897,7.381382942199707
