expl_var_class_0,expl_var_class_1,expl_var_class_2,expl_var_class_3,expl_var_class_4,expl_var_class_5,expl_var_mean,mae_class_0,mae_class_1,mae_class_2,mae_class_3,mae_class_4,mae_class_5,mae_mean,mse_class_0,mse_class_1,mse_class_2,mse_class_3,mse_class_4,mse_class_5,mse_mean,r2_class_0,r2_class_1,r2_class_2,r2_class_3,r2_class_4,r2_class_5,r2_mean,time
0.8815172914987531,0.8772989993204008,0.8971865853533971,0.9007765661345494,0.7771861365237466,0.877559867338764,0.8685875743616019,0.05970797592605329,0.0927999198422459,0.07354492295461733,0.03153849587018403,0.02436238526951944,0.040934433484602115,0.053814688891203694,0.011982604635059702,0.016691045467630908,0.012710697771543529,0.004008358984439331,0.0027063340655626715,0.005433003630739938,0.008922007425829347,0.8802510660678642,0.8765384573388368,0.8968361682319975,0.8982992939744326,0.7625403202949281,0.876955424812413,0.8652367884534119,6.114810228347778
