expl_var_class_0,expl_var_class_1,expl_var_class_2,expl_var_class_3,expl_var_class_4,expl_var_class_5,expl_var_mean,mae_class_0,mae_class_1,mae_class_2,mae_class_3,mae_class_4,mae_class_5,mae_mean,mse_class_0,mse_class_1,mse_class_2,mse_class_3,mse_class_4,mse_class_5,mse_mean,r2_class_0,r2_class_1,r2_class_2,r2_class_3,r2_class_4,r2_class_5,r2_mean,time
0.8782347534965351,0.8692935710307245,0.8853447808664144,0.9112819183985702,0.6976202935461504,0.8886868371901951,0.8550770257547651,0.05838267685371276,0.09568420426726605,0.07818985064926458,0.02819886467457561,0.026408516849293708,0.03855878933604051,0.05423715043835887,0.01247427502698537,0.017695134945948408,0.014157097165722452,0.0035458888248312546,0.0036574034435018993,0.004950657633987764,0.009413409506829524,0.8753375262263821,0.8691113350412354,0.8850967573473743,0.9100331586134246,0.6790914095575182,0.8878794113026854,0.8510915996814364,9.534833669662476
