expl_var_class_0,expl_var_class_1,expl_var_class_2,expl_var_class_3,expl_var_class_4,expl_var_class_5,expl_var_mean,mae_class_0,mae_class_1,mae_class_2,mae_class_3,mae_class_4,mae_class_5,mae_mean,mse_class_0,mse_class_1,mse_class_2,mse_class_3,mse_class_4,mse_class_5,mse_mean,r2_class_0,r2_class_1,r2_class_2,r2_class_3,r2_class_4,r2_class_5,r2_mean,time
0.8544812656746581,0.8798554401767983,0.8972581991502274,0.9142225111893799,0.7450225994339295,0.8873136613209262,0.8630256128243198,0.0650423967128075,0.09296255655137767,0.0745022684585324,0.029039843422770214,0.02600442745574368,0.038607097891911045,0.05435976508219042,0.014818467662867145,0.01625735849833375,0.012668979279652187,0.003448569913162207,0.0031110693011926443,0.004975918411357949,0.009213393844427646,0.8519106855996732,0.8797463847490946,0.8971747680127844,0.9125023491387254,0.7270279640633006,0.8873073149391129,0.8592782444171152,5.410876274108887
