expl_var_class_0,expl_var_class_1,expl_var_class_2,expl_var_class_3,expl_var_class_4,expl_var_class_5,expl_var_mean,mae_class_0,mae_class_1,mae_class_2,mae_class_3,mae_class_4,mae_class_5,mae_mean,mse_class_0,mse_class_1,mse_class_2,mse_class_3,mse_class_4,mse_class_5,mse_mean,r2_class_0,r2_class_1,r2_class_2,r2_class_3,r2_class_4,r2_class_5,r2_mean,time
0.8568222600737443,0.8830904304538222,0.89840930432943,0.884697401927103,0.7288102854721927,0.8865680471128237,0.8563996215615193,0.06620779812233397,0.09127788918407649,0.07347010029225054,0.03311532639179735,0.029825459026895363,0.03812902206421011,0.055337599180260634,0.014508442938990519,0.01588400052649905,0.012565024940098707,0.004650028337106788,0.003405645673077371,0.005010154336490547,0.009337216125377164,0.8550089377165967,0.8825080662301588,0.8980184925816479,0.8820187596074798,0.7011811878627853,0.8865319528833506,0.8508778994803364,9.486956357955933
