expl_var_class_0,expl_var_class_1,expl_var_class_2,expl_var_class_3,expl_var_class_4,expl_var_class_5,expl_var_mean,mae_class_0,mae_class_1,mae_class_2,mae_class_3,mae_class_4,mae_class_5,mae_mean,mse_class_0,mse_class_1,mse_class_2,mse_class_3,mse_class_4,mse_class_5,mse_mean,r2_class_0,r2_class_1,r2_class_2,r2_class_3,r2_class_4,r2_class_5,r2_mean,time
0.8717141110840891,0.8610407574368978,0.8812942994538943,0.9018276345257769,0.7542233117227632,0.8842851043945396,0.8590642031029935,0.06425750078436065,0.09901672335247452,0.07925436233864536,0.030351939872195418,0.023207934190258326,0.03923110826282616,0.05588659480012675,0.012925079432111745,0.018872894213836814,0.014645038214467719,0.003949612293870365,0.002923819172829905,0.005118813246150764,0.009739209428877885,0.8708323832654064,0.8603995993756071,0.8811364815883082,0.8997898241217381,0.7434577005365417,0.8840710877177466,0.8566145127675581,8.844237327575684
