expl_var_class_0,expl_var_class_1,expl_var_class_2,expl_var_class_3,expl_var_class_4,expl_var_class_5,expl_var_mean,mae_class_0,mae_class_1,mae_class_2,mae_class_3,mae_class_4,mae_class_5,mae_mean,mse_class_0,mse_class_1,mse_class_2,mse_class_3,mse_class_4,mse_class_5,mse_mean,r2_class_0,r2_class_1,r2_class_2,r2_class_3,r2_class_4,r2_class_5,r2_mean,time
0.8697621716535673,0.8834837945355326,0.8934432479409328,0.9191331347491556,0.7518935794630723,0.8863419257778921,0.8673429756866922,0.06411601686048363,0.09139988779742995,0.07566811539258178,0.02826227324233012,0.02418647782369436,0.03776190898216778,0.05356578001644794,0.01312279098310058,0.015838240879307953,0.013142812946894318,0.0032452258021867745,0.002987718489651959,0.005023774798783696,0.008893427316654212,0.8688565401012491,0.8828465445264884,0.8933289919891565,0.9176616274699888,0.737851034493714,0.8862234818955462,0.864461370079357,4.972477197647095
