expl_var_class_0,expl_var_class_1,expl_var_class_2,expl_var_class_3,expl_var_class_4,expl_var_class_5,expl_var_mean,mae_class_0,mae_class_1,mae_class_2,mae_class_3,mae_class_4,mae_class_5,mae_mean,mse_class_0,mse_class_1,mse_class_2,mse_class_3,mse_class_4,mse_class_5,mse_mean,r2_class_0,r2_class_1,r2_class_2,r2_class_3,r2_class_4,r2_class_5,r2_mean,time
0.869580873655796,0.8676645146456226,0.8933038942722392,0.9039292842535948,0.7699709911472332,0.8728170548797103,0.8628777688090326,0.06487263325064205,0.09602391122538109,0.07458680758391202,0.028253405504550685,0.0214844887959498,0.0411577798631768,0.05439650437060207,0.013102357319286486,0.017974192196120144,0.013168762948106238,0.003834217387356775,0.0027060724466132164,0.005641053383526578,0.009404442613501573,0.8690607452413324,0.8670471840170351,0.89311837400362,0.9027176415926146,0.7625632753146845,0.8722435940849911,0.8611251357090463,7.404025316238403
