expl_var_class_0,expl_var_class_1,expl_var_class_2,expl_var_class_3,expl_var_class_4,expl_var_class_5,expl_var_mean,mae_class_0,mae_class_1,mae_class_2,mae_class_3,mae_class_4,mae_class_5,mae_mean,mse_class_0,mse_class_1,mse_class_2,mse_class_3,mse_class_4,mse_class_5,mse_mean,r2_class_0,r2_class_1,r2_class_2,r2_class_3,r2_class_4,r2_class_5,r2_mean,time
0.8612726090887841,0.8653241648786592,0.8730040367502545,0.9033043466819296,0.7631268755576683,0.883849269028639,0.8583135503309892,0.06506899191193312,0.09785723974193698,0.08250501937210336,0.029469640379842964,0.02437997541176384,0.038761614173281764,0.05634041349847701,0.014043570290961604,0.01822560246986519,0.015660809319160196,0.0038651709003151118,0.002856507029008091,0.005129340516423344,0.009963500087622255,0.8596546725723386,0.865187534164806,0.8728921789353179,0.9019322842595876,0.7493638154968418,0.8838326701523238,0.8554771925968692,6.988654375076294
