expl_var_class_0,expl_var_class_1,expl_var_class_2,expl_var_class_3,expl_var_class_4,expl_var_class_5,expl_var_mean,mae_class_0,mae_class_1,mae_class_2,mae_class_3,mae_class_4,mae_class_5,mae_mean,mse_class_0,mse_class_1,mse_class_2,mse_class_3,mse_class_4,mse_class_5,mse_mean,r2_class_0,r2_class_1,r2_class_2,r2_class_3,r2_class_4,r2_class_5,r2_mean,time
0.8784220541904715,0.885336945577411,0.8733145375406108,0.8911230165056094,0.7430212170177385,0.8799961312267487,0.8585356503430983,0.06008367227116696,0.09001860544863512,0.0795189720485344,0.032759850057785284,0.02282868188571365,0.03916134797728319,0.05406185494818644,0.012321590100887401,0.015541440102993314,0.0156699983585971,0.004416500984451542,0.0030355079735677197,0.00532479908270231,0.009384972767199897,0.8768633929043363,0.885041942159183,0.8728175979378293,0.8879438518293886,0.7336578804820537,0.8794059997708621,0.8559551108472755,10.394084692001343
