expl_var_class_0,expl_var_class_1,expl_var_class_2,expl_var_class_3,expl_var_class_4,expl_var_class_5,expl_var_mean,mae_class_0,mae_class_1,mae_class_2,mae_class_3,mae_class_4,mae_class_5,mae_mean,mse_class_0,mse_class_1,mse_class_2,mse_class_3,mse_class_4,mse_class_5,mse_mean,r2_class_0,r2_class_1,r2_class_2,r2_class_3,r2_class_4,r2_class_5,r2_mean,time
0.8493124381574657,0.8791508499587578,0.8971382577098668,0.8961218535505059,0.7736244175096147,0.876580856694275,0.8619881122634143,0.06884538341333822,0.09204390055294624,0.07332350423769728,0.029713911928559298,0.02192039338826459,0.04021009438314416,0.054342864650658296,0.015147503934606054,0.016374657003381154,0.012700641983520054,0.0041650877817349715,0.002674478154500716,0.005451633935928581,0.009419000465611923,0.8486224403503513,0.8788787426104949,0.8969177840207287,0.8943227466139336,0.7653354277185611,0.8765334928308877,0.8601017723574929,9.10185170173645
