expl_var_class_0,expl_var_class_1,expl_var_class_2,expl_var_class_3,expl_var_class_4,expl_var_class_5,expl_var_mean,mae_class_0,mae_class_1,mae_class_2,mae_class_3,mae_class_4,mae_class_5,mae_mean,mse_class_0,mse_class_1,mse_class_2,mse_class_3,mse_class_4,mse_class_5,mse_mean,r2_class_0,r2_class_1,r2_class_2,r2_class_3,r2_class_4,r2_class_5,r2_mean,time
0.8516694171325898,0.8767186615647532,0.8835018469432341,0.9056977262515035,0.7873482175552448,0.869686401627428,0.8624370451791256,0.06591818454309309,0.09472767547816811,0.08033298201839646,0.030186873772511898,0.021740972984877396,0.04168758423564391,0.05576571217211513,0.015034103598834232,0.0167306054488365,0.014354491190679598,0.00378788346157121,0.0025179100371309714,0.005775404859230121,0.009700066432713771,0.8497557139356692,0.8762458371841102,0.8834946482933553,0.9038932331460711,0.7790730573318941,0.8692008535721312,0.8602772239105385,4.7461347579956055
