expl_var_class_0,expl_var_class_1,expl_var_class_2,expl_var_class_3,expl_var_class_4,expl_var_class_5,expl_var_mean,mae_class_0,mae_class_1,mae_class_2,mae_class_3,mae_class_4,mae_class_5,mae_mean,mse_class_0,mse_class_1,mse_class_2,mse_class_3,mse_class_4,mse_class_5,mse_mean,r2_class_0,r2_class_1,r2_class_2,r2_class_3,r2_class_4,r2_class_5,r2_mean,time
0.8698603692129306,0.8762812704434363,0.882147641547708,0.9033629403539652,0.7935172969250955,0.8790681008917165,0.8673729365624753,0.06030437553498062,0.09429408607769336,0.08081278569934897,0.02963994314954619,0.021699851027027824,0.04015939388253874,0.05448507256185595,0.013286978309575504,0.016784845599493965,0.014521017524330623,0.003864243016624939,0.0024626061929287485,0.005367784566971544,0.009381245868320889,0.8672157234416547,0.8758446296811211,0.8821430706712221,0.9019558266685301,0.7839255377768716,0.8784324810672826,0.864919544884447,9.726298093795776
