expl_var_class_0,expl_var_class_1,expl_var_class_2,expl_var_class_3,expl_var_class_4,expl_var_class_5,expl_var_mean,mae_class_0,mae_class_1,mae_class_2,mae_class_3,mae_class_4,mae_class_5,mae_mean,mse_class_0,mse_class_1,mse_class_2,mse_class_3,mse_class_4,mse_class_5,mse_mean,r2_class_0,r2_class_1,r2_class_2,r2_class_3,r2_class_4,r2_class_5,r2_mean,time
0.865886890328694,0.884514723231822,0.890665913571579,0.9023867117762998,0.7959892343485345,0.8832103536505144,0.870442304484574,0.06611008911223817,0.09110779219959453,0.07842596477240761,0.029196928224306876,0.022648812259868145,0.03911860128869508,0.054434697976185074,0.0135040867760741,0.01564230836571857,0.013481406122222464,0.003904731453653893,0.0024462411067509367,0.0051573618934326985,0.009022689286308777,0.865046035948605,0.8842958324355134,0.8905808683215835,0.9009285477626983,0.7853614462892676,0.8831980527906163,0.8682351305913807,6.115336179733276
