expl_var_class_0,expl_var_class_1,expl_var_class_2,expl_var_class_3,expl_var_class_4,expl_var_class_5,expl_var_mean,mae_class_0,mae_class_1,mae_class_2,mae_class_3,mae_class_4,mae_class_5,mae_mean,mse_class_0,mse_class_1,mse_class_2,mse_class_3,mse_class_4,mse_class_5,mse_mean,r2_class_0,r2_class_1,r2_class_2,r2_class_3,r2_class_4,r2_class_5,r2_mean,time
0.8444386134495245,0.8651406381176706,0.8813921863456282,0.6083471608188586,0.2053131155628346,0.8225114375858954,0.7045238586467354,0.06826426467304676,0.09472634923339353,0.07883059566895044,0.0670195687169877,0.042106583723522995,0.046759042624784176,0.0662844007734476,0.015901755386144602,0.018709092118115347,0.014622629624193627,0.015987690601571097,0.009450952159924947,0.007836986861848545,0.01375151779196636,0.8410847797173501,0.8616112226659589,0.8813183564215191,0.5943578336645567,0.17075275319451688,0.8225109378335673,0.6952726472495782,4.091212272644043
