expl_var_class_0,expl_var_class_1,expl_var_class_2,expl_var_class_3,expl_var_class_4,expl_var_class_5,expl_var_mean,mae_class_0,mae_class_1,mae_class_2,mae_class_3,mae_class_4,mae_class_5,mae_mean,mse_class_0,mse_class_1,mse_class_2,mse_class_3,mse_class_4,mse_class_5,mse_mean,r2_class_0,r2_class_1,r2_class_2,r2_class_3,r2_class_4,r2_class_5,r2_mean,time
0.8627621381804526,0.8584620696775946,0.8922905200075528,0.9085663667692694,0.7666975078746089,0.8755573147710447,0.8607226528800872,0.06870305382584184,0.09843035268623969,0.0751897704214418,0.028439850998138023,0.023437571601899382,0.040931360800365975,0.05585532672232111,0.013742491427627434,0.01920793072371487,0.013309388761712884,0.0036615093597237285,0.0027930787722735884,0.005496371129233658,0.009701795029047696,0.8626635236537035,0.857921376879744,0.8919770127630409,0.9070996164643141,0.7549291496956317,0.875520302095258,0.8583518302586154,10.05850338935852
