expl_var_class_0,expl_var_class_1,expl_var_class_2,expl_var_class_3,expl_var_class_4,expl_var_class_5,expl_var_mean,mae_class_0,mae_class_1,mae_class_2,mae_class_3,mae_class_4,mae_class_5,mae_mean,mse_class_0,mse_class_1,mse_class_2,mse_class_3,mse_class_4,mse_class_5,mse_mean,r2_class_0,r2_class_1,r2_class_2,r2_class_3,r2_class_4,r2_class_5,r2_mean,time
0.8475652140498212,0.870031288199784,0.8898653700933071,0.9279693950133183,0.5872661165908637,0.8730891055792434,0.8326310815877229,0.07000343031668775,0.09479344851380293,0.07472694643781422,0.02443878209901998,0.031092958334295425,0.04168885396017426,0.05612406994363243,0.015338714254802937,0.01761029916421398,0.013622463430903954,0.002849947609848222,0.005021097015400261,0.005606542483714032,0.010008177326480563,0.846711567656329,0.8697388545400057,0.889436004937683,0.9276906870909957,0.5594379481022618,0.8730251836614733,0.8276733743314582,5.829284429550171
