expl_var_class_0,expl_var_class_1,expl_var_class_2,expl_var_class_3,expl_var_class_4,expl_var_class_5,expl_var_mean,mae_class_0,mae_class_1,mae_class_2,mae_class_3,mae_class_4,mae_class_5,mae_mean,mse_class_0,mse_class_1,mse_class_2,mse_class_3,mse_class_4,mse_class_5,mse_mean,r2_class_0,r2_class_1,r2_class_2,r2_class_3,r2_class_4,r2_class_5,r2_mean,time
0.8639268993729201,0.8745823521952328,0.8798844488008586,0.8852527584931263,0.763901543521852,0.8770519505673519,0.8574333254918903,0.061419463800885594,0.09271783729368836,0.08004882431160457,0.032434977901975734,0.022320450260486808,0.039633508655213326,0.05476251037064239,0.013861037388975974,0.016965553999398874,0.01481102280912393,0.004608854188638798,0.002802026186462657,0.005434560002242501,0.009747175762473788,0.8614788269265901,0.8745079526067366,0.8797893008821844,0.8830634364903268,0.7541440839734947,0.8769201767096354,0.8549839629314947,10.767662763595581
