expl_var_class_0,expl_var_class_1,expl_var_class_2,expl_var_class_3,expl_var_class_4,expl_var_class_5,expl_var_mean,mae_class_0,mae_class_1,mae_class_2,mae_class_3,mae_class_4,mae_class_5,mae_mean,mse_class_0,mse_class_1,mse_class_2,mse_class_3,mse_class_4,mse_class_5,mse_mean,r2_class_0,r2_class_1,r2_class_2,r2_class_3,r2_class_4,r2_class_5,r2_mean,time
0.864035732390581,0.8802942946306852,0.9038446063323938,0.9072989747615146,0.773768500267428,0.876325241637386,0.8675945583366649,0.06690307575194294,0.09422536870556718,0.07109088549380806,0.02873382777208044,0.02092958789632362,0.03967396209750852,0.05359278461953845,0.013631365236558916,0.016203236990323965,0.01189248391615157,0.00370310268466723,0.0026544913825689797,0.005461138569265966,0.008924303129922772,0.8637740704269365,0.8801467146674928,0.9034770370532892,0.9060443041708978,0.7670891108730691,0.8763182355531831,0.8661415787908116,8.869038105010986
