expl_var_class_0,expl_var_class_1,expl_var_class_2,expl_var_class_3,expl_var_class_4,expl_var_class_5,expl_var_mean,mae_class_0,mae_class_1,mae_class_2,mae_class_3,mae_class_4,mae_class_5,mae_mean,mse_class_0,mse_class_1,mse_class_2,mse_class_3,mse_class_4,mse_class_5,mse_mean,r2_class_0,r2_class_1,r2_class_2,r2_class_3,r2_class_4,r2_class_5,r2_mean,time
0.8677913796737902,0.8762647286998547,0.8894876887627483,0.8952724428740266,0.7809951915913984,0.8820617798769995,0.8653122019131363,0.06215632542646025,0.09331082964933918,0.07698001840294379,0.029916295529124764,0.02214176789134554,0.03920757092243805,0.05395213463694193,0.013423781995692012,0.01674121516253679,0.013643540761013269,0.004192540573834094,0.0026048518484928502,0.005226212565909528,0.009305357151246424,0.8658485669619602,0.8761673584798749,0.8892649350108704,0.8936262101136621,0.7714445923387233,0.8816387492594429,0.8629984020274223,6.78748083114624
