expl_var_class_0,expl_var_class_1,expl_var_class_2,expl_var_class_3,expl_var_class_4,expl_var_class_5,expl_var_mean,mae_class_0,mae_class_1,mae_class_2,mae_class_3,mae_class_4,mae_class_5,mae_mean,mse_class_0,mse_class_1,mse_class_2,mse_class_3,mse_class_4,mse_class_5,mse_mean,r2_class_0,r2_class_1,r2_class_2,r2_class_3,r2_class_4,r2_class_5,r2_mean,time
0.8809250560115341,0.8618068873998866,0.8857129914985724,0.910809331618943,0.7572170317566178,0.8842233200116707,0.8634491030495375,0.06411190739162785,0.09779119495721528,0.07787093884236646,0.027763722943654104,0.023096704480829868,0.03779961681208182,0.05473901423796256,0.01193357247580491,0.01872959139210776,0.014117982455731445,0.0035639546881701544,0.002883945434539477,0.005112427185079468,0.00939024560523887,0.8807410721206361,0.8614595921407504,0.8854142240540566,0.9095747887259819,0.7469563096859337,0.8842157167710374,0.8613936172497326,9.943121433258057
