expl_var_class_0,expl_var_class_1,expl_var_class_2,expl_var_class_3,expl_var_class_4,expl_var_class_5,expl_var_mean,mae_class_0,mae_class_1,mae_class_2,mae_class_3,mae_class_4,mae_class_5,mae_mean,mse_class_0,mse_class_1,mse_class_2,mse_class_3,mse_class_4,mse_class_5,mse_mean,r2_class_0,r2_class_1,r2_class_2,r2_class_3,r2_class_4,r2_class_5,r2_mean,time
0.8460054564807683,0.7930238747896049,0.8467368915880692,0.9114882977160446,0.7334659479680488,0.8514130050364619,0.8303555789298329,0.06801456691383143,0.119687634551236,0.09329322044027755,0.026857775789050523,0.02592196203588429,0.04405296367017973,0.06297135390007659,0.015521739493043396,0.02823347035929042,0.018931125512678577,0.0035081407293604838,0.0032164560023734893,0.0065639334477318725,0.012662477590746372,0.8448824931078921,0.791160606925662,0.8463493127858591,0.910990909148095,0.7177811040300126,0.8513425615867359,0.8270844979307094,4.643268585205078
