acc;avg_acc;f1_macro;f1_micro;f1_weighted;precision_macro;precision_micro;precision_weighted;recall_macro;recall_micro;recall_weighted;time
0.8189020939445387;0.7514590512580095;0.775401682371735;0.8189020939445387;0.8071998382517129;0.8202610884573382;0.8189020939445387;0.8155088661410758;0.7514590512580095;0.8189020939445387;0.8189020939445387;1.719606637954712
