acc;avg_acc;f1_macro;f1_micro;f1_weighted;precision_macro;precision_micro;precision_weighted;recall_macro;recall_micro;recall_weighted;time
0.8318939002485175;0.7771131896290585;0.7966213133423466;0.8318939002485175;0.8228568270184475;0.8295612367220179;0.8318939002485175;0.8289703052557932;0.7771131896290585;0.8318939002485175;0.8318939002485175;2.012101888656616
