acc;avg_acc;f1_macro;f1_micro;f1_weighted;precision_macro;precision_micro;precision_weighted;recall_macro;recall_micro;recall_weighted;time
0.8340345956054231;0.7761677759664017;0.7978623618996933;0.8340345956054231;0.8251835301474095;0.8361915953916672;0.8340345956054231;0.8339540162948864;0.7761677759664017;0.8340345956054231;0.8340345956054231;1.780648946762085
