acc;avg_acc;f1_macro;f1_micro;f1_weighted;precision_macro;precision_micro;precision_weighted;recall_macro;recall_micro;recall_weighted;time
0.7783026992446052;0.6998371216215484;0.7190863308944276;0.778302699244605;0.766279270368449;0.7535460449005551;0.7783026992446052;0.7705430406961639;0.6998371216215484;0.7783026992446052;0.7783026992446052;1.6845510005950928
