acc;avg_acc;f1_macro;f1_micro;f1_weighted;precision_macro;precision_micro;precision_weighted;recall_macro;recall_micro;recall_weighted;time
0.8180655003567826;0.750623472847271;0.7718077577860577;0.8180655003567826;0.8084022441971552;0.8098089196044775;0.8180655003567826;0.8148109851612513;0.750623472847271;0.8180655003567826;0.8180655003567826;1.413874864578247
