acc;avg_acc;f1_macro;f1_micro;f1_weighted;precision_macro;precision_micro;precision_weighted;recall_macro;recall_micro;recall_weighted;time
0.813538052705396;0.7439323990217197;0.7631840086528537;0.813538052705396;0.8038486376428267;0.7982097985720681;0.813538052705396;0.8092858621540377;0.7439323990217197;0.813538052705396;0.813538052705396;1.5133733749389648
