acc;avg_acc;f1_macro;f1_micro;f1_weighted;precision_macro;precision_micro;precision_weighted;recall_macro;recall_micro;recall_weighted;time
0.7808862970891465;0.7039279610042359;0.7220085084732019;0.7808862970891465;0.7698989803877515;0.7582568828046833;0.7808862970891465;0.7771151299115078;0.7039279610042359;0.7808862970891465;0.7808862970891465;1.4389984607696533
