acc;avg_acc;f1_macro;f1_micro;f1_weighted;precision_macro;precision_micro;precision_weighted;recall_macro;recall_micro;recall_weighted;time
0.8296301764228242;0.7658344262468901;0.7922596200686074;0.8296301764228242;0.8172804523690651;0.8422676320554513;0.8296301764228242;0.8292840020478097;0.7658344262468901;0.8296301764228242;0.8296301764228242;1.9891374111175537
