acc;avg_acc;f1_macro;f1_micro;f1_weighted;precision_macro;precision_micro;precision_weighted;recall_macro;recall_micro;recall_weighted;time
0.8404812873698974;0.7848529187186988;0.8062242747552404;0.8404812873698974;0.8314701166753505;0.844950978435495;0.8404812873698974;0.8408218509673385;0.7848529187186988;0.8404812873698974;0.8404812873698974;1.7969262599945068
