acc;avg_acc;f1_macro;f1_micro;f1_weighted;precision_macro;precision_micro;precision_weighted;recall_macro;recall_micro;recall_weighted;time
0.8325828596737285;0.7717764734452781;0.7973901417260847;0.8325828596737285;0.8225265073891819;0.8406592753805876;0.8325828596737285;0.830650015632871;0.7717764734452781;0.8325828596737285;0.8325828596737285;1.785202980041504
