acc;avg_acc;f1_macro;f1_micro;f1_weighted;precision_macro;precision_micro;precision_weighted;recall_macro;recall_micro;recall_weighted;time
0.8336655101990601;0.771783640084862;0.795270797177709;0.8336655101990602;0.8241741270248343;0.8354609683267928;0.8336655101990601;0.8307457793600115;0.771783640084862;0.8336655101990601;0.8336655101990601;1.8010478019714355
