acc;avg_acc;f1_macro;f1_micro;f1_weighted;precision_macro;precision_micro;precision_weighted;recall_macro;recall_micro;recall_weighted;time
0.8313525749858517;0.7703324546511744;0.7911750463889085;0.8313525749858517;0.8213472219577879;0.8314559316446007;0.8313525749858517;0.8296982323585291;0.7703324546511744;0.8313525749858517;0.8313525749858517;1.9294321537017822
