acc;avg_acc;f1_macro;f1_micro;f1_weighted;precision_macro;precision_micro;precision_weighted;recall_macro;recall_micro;recall_weighted;time
0.8243645579587117;0.7690568501820123;0.7900268533463219;0.8243645579587117;0.8132711757120703;0.8277392583510641;0.8243645579587117;0.8215615978382799;0.7690568501820123;0.8243645579587117;0.8243645579587117;3.7422616481781006
