acc;avg_acc;f1_macro;f1_micro;f1_weighted;precision_macro;precision_micro;precision_weighted;recall_macro;recall_micro;recall_weighted;time
0.7827317241209616;0.70260709300543;0.7207045867507587;0.7827317241209615;0.772364272307475;0.755287529973361;0.7827317241209616;0.7795980048343419;0.70260709300543;0.7827317241209616;0.7827317241209616;1.4724693298339844
