acc;avg_acc;f1_macro;f1_micro;f1_weighted;precision_macro;precision_micro;precision_weighted;recall_macro;recall_micro;recall_weighted;time
0.8323368027361532;0.7726300867834589;0.797625129503857;0.8323368027361532;0.8247374928813228;0.8402877591070896;0.8323368027361532;0.8325458605661208;0.7726300867834589;0.8323368027361532;0.8323368027361532;1.8197972774505615
