acc;avg_acc;f1_macro;f1_micro;f1_weighted;precision_macro;precision_micro;precision_weighted;recall_macro;recall_micro;recall_weighted;time
0.8250043059964076;0.7717598898637248;0.7925110034381166;0.8250043059964076;0.815060895278676;0.8293871500969308;0.8250043059964076;0.822169227680176;0.7717598898637248;0.8250043059964076;0.8250043059964076;1.855036973953247
