acc;avg_acc;f1_macro;f1_micro;f1_weighted;precision_macro;precision_micro;precision_weighted;recall_macro;recall_micro;recall_weighted;time
0.8277601436972516;0.7612953711789583;0.7845324413113717;0.8277601436972516;0.8165801105659937;0.8287653003552176;0.8277601436972516;0.8249012295862452;0.7612953711789583;0.8277601436972516;0.8277601436972516;1.7801876068115234
