acc;avg_acc;f1_macro;f1_micro;f1_weighted;precision_macro;precision_micro;precision_weighted;recall_macro;recall_micro;recall_weighted;time
0.8226913707831992;0.7499217879697369;0.7736284104465266;0.8226913707831992;0.8132700244297044;0.8126555753287553;0.8226913707831992;0.8165914258710854;0.7499217879697369;0.8226913707831992;0.8226913707831992;1.4721262454986572
