acc;avg_acc;f1_macro;f1_micro;f1_weighted;precision_macro;precision_micro;precision_weighted;recall_macro;recall_micro;recall_weighted;time
0.8288920056100981;0.7728209370767323;0.7954148536847145;0.8288920056100981;0.8189422234960922;0.8362156417009214;0.8288920056100981;0.8275783568221438;0.7728209370767323;0.8288920056100981;0.8288920056100981;1.7193706035614014
