acc;avg_acc;f1_macro;f1_micro;f1_weighted;precision_macro;precision_micro;precision_weighted;recall_macro;recall_micro;recall_weighted;time
0.8259147166654364;0.7623936546920682;0.7866205295526353;0.8259147166654364;0.8160487127303283;0.8267550376831344;0.8259147166654364;0.8222215576249984;0.7623936546920682;0.8259147166654364;0.8259147166654364;1.7827961444854736
