acc;avg_acc;f1_macro;f1_micro;f1_weighted;precision_macro;precision_micro;precision_weighted;recall_macro;recall_micro;recall_weighted;time
0.8270711842720405;0.7685191554045959;0.7911742548193872;0.8270711842720405;0.8170633868199366;0.829686915868026;0.8270711842720405;0.8234262079380048;0.7685191554045959;0.8270711842720405;0.8270711842720405;2.002631902694702
