acc;avg_acc;f1_macro;f1_micro;f1_weighted;precision_macro;precision_micro;precision_weighted;recall_macro;recall_micro;recall_weighted;time
0.8124061907925494;0.7425715112314832;0.765272725308308;0.8124061907925494;0.8009209478681817;0.8077761176611412;0.8124061907925494;0.8082352208726482;0.7425715112314832;0.8124061907925494;0.8124061907925494;1.3682920932769775
