acc;avg_acc;f1_macro;f1_micro;f1_weighted;precision_macro;precision_micro;precision_weighted;recall_macro;recall_micro;recall_weighted;time
0.8322629856548805;0.7776528364759948;0.7993766083407386;0.8322629856548805;0.8226099395885035;0.8380798261979446;0.8322629856548805;0.831240085024331;0.7776528364759948;0.8322629856548805;0.8322629856548805;1.9119913578033447
