acc;avg_acc;f1_macro;f1_micro;f1_weighted;precision_macro;precision_micro;precision_weighted;recall_macro;recall_micro;recall_weighted;time
0.8129475160552152;0.7400035958866957;0.7638031773604921;0.8129475160552152;0.8023341338047723;0.8049075631694221;0.8129475160552152;0.8064845903293728;0.7400035958866957;0.8129475160552152;0.8129475160552152;1.4758284091949463
