acc;avg_acc;f1_macro;f1_micro;f1_weighted;precision_macro;precision_micro;precision_weighted;recall_macro;recall_micro;recall_weighted;time
0.8356585713934205;0.7767658729599167;0.7979748550511587;0.8356585713934205;0.8272804820340025;0.834056215198996;0.8356585713934205;0.8340637439114253;0.7767658729599167;0.8356585713934205;0.8356585713934205;1.9251816272735596
