acc;avg_acc;f1_macro;f1_micro;f1_weighted;precision_macro;precision_micro;precision_weighted;recall_macro;recall_micro;recall_weighted;time
0.8154080854309688;0.7463275506712184;0.767783725606304;0.8154080854309688;0.8066332850704164;0.8020595725119857;0.8154080854309688;0.8101674419775856;0.7463275506712184;0.8154080854309688;0.8154080854309688;1.3638701438903809
