acc;avg_acc;f1_macro;f1_micro;f1_weighted;precision_macro;precision_micro;precision_weighted;recall_macro;recall_micro;recall_weighted;time
0.8290150340788859;0.770987642005114;0.793844264725319;0.829015034078886;0.8197914093204757;0.8338733462161922;0.8290150340788859;0.8280383821172637;0.770987642005114;0.8290150340788859;0.8290150340788859;1.8911917209625244
