acc;avg_acc;f1_macro;f1_micro;f1_weighted;precision_macro;precision_micro;precision_weighted;recall_macro;recall_micro;recall_weighted;time
0.8258408995841637;0.7676775434239023;0.7899530725977932;0.8258408995841637;0.8168683283059825;0.8276010444223448;0.8258408995841637;0.8232996510892866;0.7676775434239023;0.8258408995841637;0.8258408995841637;1.7628393173217773
