acc;avg_acc;f1_macro;f1_micro;f1_weighted;precision_macro;precision_micro;precision_weighted;recall_macro;recall_micro;recall_weighted;time
0.8354371201496026;0.7669598232667301;0.7921484137970702;0.8354371201496026;0.8258071399646502;0.8354477506639795;0.8354371201496026;0.8335875886710222;0.7669598232667301;0.8354371201496026;0.8354371201496026;3.812037229537964
