acc;avg_acc;f1_macro;f1_micro;f1_weighted;precision_macro;precision_micro;precision_weighted;recall_macro;recall_micro;recall_weighted;time
0.830811249723186;0.7662763895291029;0.790232005787206;0.830811249723186;0.8198721533084055;0.8337802203744913;0.830811249723186;0.8284561553508588;0.7662763895291029;0.830811249723186;0.830811249723186;1.6380410194396973
