acc;avg_acc;f1_macro;f1_micro;f1_weighted;precision_macro;precision_micro;precision_weighted;recall_macro;recall_micro;recall_weighted;time
0.8338131443616053;0.775422833167754;0.7986302479550823;0.8338131443616053;0.8242372116701513;0.8394051885457013;0.8338131443616053;0.8326082508921842;0.775422833167754;0.8338131443616053;0.8338131443616053;1.9310028553009033
