acc;avg_acc;f1_macro;f1_micro;f1_weighted;precision_macro;precision_micro;precision_weighted;recall_macro;recall_micro;recall_weighted;time
0.8302699244605202;0.7740027837924716;0.79638071358926;0.8302699244605202;0.8186580514162608;0.8392610835780526;0.8302699244605202;0.8301114957835072;0.7740027837924716;0.8302699244605202;0.8302699244605202;1.8426399230957031
