acc;avg_acc;f1_macro;f1_micro;f1_weighted;precision_macro;precision_micro;precision_weighted;recall_macro;recall_micro;recall_weighted;time
0.8267759159469501;0.76501166277304;0.7884048487595877;0.8267759159469501;0.8172445253034749;0.8273448173720814;0.8267759159469501;0.8237327811388849;0.76501166277304;0.8267759159469501;0.8267759159469501;1.8457627296447754
