acc;avg_acc;f1_macro;f1_micro;f1_weighted;precision_macro;precision_micro;precision_weighted;recall_macro;recall_micro;recall_weighted;time
0.8337393272803326;0.777576723768404;0.8001392605409824;0.8337393272803326;0.8234511455791065;0.8396835029334351;0.8337393272803326;0.8314760302183833;0.777576723768404;0.8337393272803326;0.8337393272803326;1.8948209285736084
