acc;avg_acc;f1_macro;f1_micro;f1_weighted;precision_macro;precision_micro;precision_weighted;recall_macro;recall_micro;recall_weighted;time
0.8320907457985778;0.7724916076719248;0.7946256211236603;0.8320907457985778;0.8229369393425089;0.8344573536454176;0.8320907457985778;0.8301531125178554;0.7724916076719248;0.8320907457985778;0.8320907457985778;1.9247314929962158
