acc;avg_acc;f1_macro;f1_micro;f1_weighted;precision_macro;precision_micro;precision_weighted;recall_macro;recall_micro;recall_weighted;time
0.8326074653674861;0.762943954956936;0.7889735417557122;0.8326074653674861;0.8217117690513459;0.8361644593765261;0.8326074653674861;0.8296560759453395;0.762943954956936;0.8326074653674861;0.8326074653674861;1.8367760181427002
