acc;avg_acc;f1_macro;f1_micro;f1_weighted;precision_macro;precision_micro;precision_weighted;recall_macro;recall_micro;recall_weighted;time
0.8211904234639895;0.7584253075597944;0.7837457603145048;0.8211904234639895;0.8108753260373865;0.8265982157936178;0.8211904234639895;0.8162579127383222;0.7584253075597944;0.8211904234639895;0.8211904234639895;1.8436906337738037
