acc;avg_acc;f1_macro;f1_micro;f1_weighted;precision_macro;precision_micro;precision_weighted;recall_macro;recall_micro;recall_weighted;time
0.8224453138456239;0.7656783367898028;0.7849327488826797;0.8224453138456239;0.8113510576348507;0.8237623753615798;0.8224453138456239;0.8212470829568176;0.7656783367898028;0.8224453138456239;0.8224453138456239;1.7897801399230957
