acc;avg_acc;f1_macro;f1_micro;f1_weighted;precision_macro;precision_micro;precision_weighted;recall_macro;recall_micro;recall_weighted;time
0.8275632981471912;0.7651912482182222;0.7889556191612647;0.8275632981471912;0.8171205540671654;0.8294712793081094;0.8275632981471912;0.8246213107091652;0.7651912482182222;0.8275632981471912;0.8275632981471912;1.8103265762329102
