acc;avg_acc;f1_macro;f1_micro;f1_weighted;precision_macro;precision_micro;precision_weighted;recall_macro;recall_micro;recall_weighted;time
0.8279815949410694;0.7733812868450358;0.7933443862950333;0.8279815949410694;0.8187045102576173;0.8275472051103459;0.8279815949410694;0.8250807894552085;0.7733812868450358;0.8279815949410694;0.8279815949410694;1.935046672821045
