acc;avg_acc;f1_macro;f1_micro;f1_weighted;precision_macro;precision_micro;precision_weighted;recall_macro;recall_micro;recall_weighted;time
0.8319431116360326;0.7748421867838194;0.7959920361938537;0.8319431116360326;0.8223834594500228;0.8320926044887571;0.8319431116360326;0.8289981202863697;0.7748421867838194;0.8319431116360326;0.8319431116360326;3.5768392086029053
