acc;avg_acc;f1_macro;f1_micro;f1_weighted;precision_macro;precision_micro;precision_weighted;recall_macro;recall_micro;recall_weighted;time
0.8232573017396225;0.752348622190955;0.7795605668615262;0.8232573017396225;0.8105760389339344;0.8320587516300871;0.8232573017396225;0.8210968284941016;0.752348622190955;0.8232573017396225;0.8232573017396225;2.0145833492279053
