acc;avg_acc;f1_macro;f1_micro;f1_weighted;precision_macro;precision_micro;precision_weighted;recall_macro;recall_micro;recall_weighted;time
0.8378730838315986;0.7819679970228024;0.8022817145823433;0.8378730838315986;0.8289779018973736;0.8369417060641752;0.8378730838315986;0.8361938006954172;0.7819679970228024;0.8378730838315986;0.8378730838315986;1.9511170387268066
