acc;avg_acc;f1_macro;f1_micro;f1_weighted;precision_macro;precision_micro;precision_weighted;recall_macro;recall_micro;recall_weighted;time
0.8269727614970104;0.7660489230868408;0.7907804736812163;0.8269727614970105;0.81709070227423;0.8341282309065663;0.8269727614970104;0.8257720323276364;0.7660489230868408;0.8269727614970104;0.8269727614970104;1.9474284648895264
