acc;avg_acc;f1_macro;f1_micro;f1_weighted;precision_macro;precision_micro;precision_weighted;recall_macro;recall_micro;recall_weighted;time
0.8262591963780419;0.7658886348721894;0.7905446495548737;0.8262591963780419;0.8146766804466744;0.8350307203141374;0.8262591963780419;0.8243414994720555;0.7658886348721894;0.8262591963780419;0.8262591963780419;1.895124912261963
