acc;avg_acc;f1_macro;f1_micro;f1_weighted;precision_macro;precision_micro;precision_weighted;recall_macro;recall_micro;recall_weighted;time
0.8339607785241505;0.7736499269779815;0.7954855675183572;0.8339607785241505;0.8242746164201282;0.8366819208798647;0.8339607785241505;0.8337529277804331;0.7736499269779815;0.8339607785241505;0.8339607785241505;1.7628436088562012
