acc;avg_acc;f1_macro;f1_micro;f1_weighted;precision_macro;precision_micro;precision_weighted;recall_macro;recall_micro;recall_weighted;time
0.8269727614970104;0.7634373085215854;0.7887566042975883;0.8269727614970105;0.8143085272155941;0.8395195755581099;0.8269727614970104;0.8259796835369905;0.7634373085215854;0.8269727614970104;0.8269727614970104;1.229905605316162
