acc;avg_acc;f1_macro;f1_micro;f1_weighted;precision_macro;precision_micro;precision_weighted;recall_macro;recall_micro;recall_weighted;time
0.816343101793755;0.7508283378061384;0.7744135774893424;0.816343101793755;0.8044054630321993;0.8198867835923989;0.816343101793755;0.8132445018359118;0.7508283378061384;0.816343101793755;0.816343101793755;1.8341128826141357
