acc;avg_acc;f1_macro;f1_micro;f1_weighted;precision_macro;precision_micro;precision_weighted;recall_macro;recall_micro;recall_weighted;time
0.8257424768091336;0.7636472042979878;0.7858449818716156;0.8257424768091336;0.8150312009525501;0.8256666197463154;0.8257424768091336;0.8230125191802247;0.7636472042979878;0.8257424768091336;0.8257424768091336;1.9422264099121094
