acc;avg_acc;f1_macro;f1_micro;f1_weighted;precision_macro;precision_micro;precision_weighted;recall_macro;recall_micro;recall_weighted;time
0.8044339460151079;0.7417647192492304;0.7609326199165861;0.8044339460151079;0.7939625243011136;0.8006912273043661;0.8044339460151079;0.8043791347250642;0.7417647192492304;0.8044339460151079;0.8044339460151079;1.3858637809753418
