acc;avg_acc;f1_macro;f1_micro;f1_weighted;precision_macro;precision_micro;precision_weighted;recall_macro;recall_micro;recall_weighted;time
0.8217809601141705;0.761390654773461;0.7831412129467386;0.8217809601141705;0.8097873676826399;0.8229044355825113;0.8217809601141705;0.8174675919739381;0.761390654773461;0.8217809601141705;0.8217809601141705;1.6203439235687256
