acc;avg_acc;f1_macro;f1_micro;f1_weighted;precision_macro;precision_micro;precision_weighted;recall_macro;recall_micro;recall_weighted;time
0.7769985974754559;0.6907801852315522;0.710334925324793;0.7769985974754557;0.7628009760888096;0.7479877901905968;0.7769985974754559;0.7672577012612263;0.6907801852315522;0.7769985974754559;0.7769985974754559;1.3362770080566406
