acc;avg_acc;f1_macro;f1_micro;f1_weighted;precision_macro;precision_micro;precision_weighted;recall_macro;recall_micro;recall_weighted;time
0.8326566767550011;0.7746021238960848;0.7976816264133665;0.8326566767550011;0.8225627469116858;0.8396915741589981;0.8326566767550011;0.8311734451236754;0.7746021238960848;0.8326566767550011;0.8326566767550011;1.7526090145111084
