acc;avg_acc;f1_macro;f1_micro;f1_weighted;precision_macro;precision_micro;precision_weighted;recall_macro;recall_micro;recall_weighted;time
0.7788686302010285;0.703647502734042;0.7190391934974775;0.7788686302010286;0.767097457207251;0.7481206517781854;0.7788686302010285;0.7704368249458725;0.703647502734042;0.7788686302010285;0.7788686302010285;1.3582963943481445
