acc;avg_acc;f1_macro;f1_micro;f1_weighted;precision_macro;precision_micro;precision_weighted;recall_macro;recall_micro;recall_weighted;time
0.8344282867055437;0.7748068603109423;0.7968093182094225;0.8344282867055438;0.8248736128707476;0.8368566941402769;0.8344282867055437;0.83355537752369;0.7748068603109423;0.8344282867055437;0.8344282867055437;1.8351306915283203
