acc;avg_acc;f1_macro;f1_micro;f1_weighted;precision_macro;precision_micro;precision_weighted;recall_macro;recall_micro;recall_weighted;time
0.8342560468492409;0.7728775194118237;0.7987388839185313;0.8342560468492409;0.8241268903657696;0.8426029759621735;0.8342560468492409;0.8323030324227013;0.7728775194118237;0.8342560468492409;0.8342560468492409;1.7832965850830078
