acc;avg_acc;f1_macro;f1_micro;f1_weighted;precision_macro;precision_micro;precision_weighted;recall_macro;recall_micro;recall_weighted;time
0.8308358554169435;0.7700176654618578;0.7935612116081788;0.8308358554169435;0.8207773671459896;0.8336969743677428;0.8308358554169435;0.8277303569717724;0.7700176654618578;0.8308358554169435;0.8308358554169435;3.7928409576416016
