acc;avg_acc;f1_macro;f1_micro;f1_weighted;precision_macro;precision_micro;precision_weighted;recall_macro;recall_micro;recall_weighted;time
0.8329519450800915;0.7715827103619962;0.7967126809838759;0.8329519450800915;0.8215967512658521;0.8437639678741603;0.8329519450800915;0.8325703804386344;0.7715827103619962;0.8329519450800915;0.8329519450800915;1.8441898822784424
