acc;avg_acc;f1_macro;f1_micro;f1_weighted;precision_macro;precision_micro;precision_weighted;recall_macro;recall_micro;recall_weighted;time
0.8256932654216186;0.7709487328375667;0.7916391171864664;0.8256932654216186;0.814826595824496;0.8274909602818012;0.8256932654216186;0.8209151636566282;0.7709487328375667;0.8256932654216186;0.8256932654216186;1.604590654373169
