acc;avg_acc;f1_macro;f1_micro;f1_weighted;precision_macro;precision_micro;precision_weighted;recall_macro;recall_micro;recall_weighted;time
0.8127260648113973;0.7467243508254899;0.7682002631285134;0.8127260648113973;0.8017524190730799;0.8054423835043916;0.8127260648113973;0.8080692995457126;0.7467243508254899;0.8127260648113973;0.8127260648113973;1.487290859222412
