acc;avg_acc;f1_macro;f1_micro;f1_weighted;precision_macro;precision_micro;precision_weighted;recall_macro;recall_micro;recall_weighted;time
0.8222976796830787;0.7620762291532228;0.7849944374920468;0.8222976796830787;0.8115043518479209;0.826690117908083;0.8222976796830787;0.8201031826218607;0.7620762291532228;0.8222976796830787;0.8222976796830787;1.7252867221832275
