acc;avg_acc;f1_macro;f1_micro;f1_weighted;precision_macro;precision_micro;precision_weighted;recall_macro;recall_micro;recall_weighted;time
0.8294579365665214;0.7715765449816322;0.7927738804963043;0.8294579365665214;0.819671838430687;0.8305829892659067;0.8294579365665214;0.8278568939702722;0.7715765449816322;0.8294579365665214;0.8294579365665214;1.8123342990875244
