acc;avg_acc;f1_macro;f1_micro;f1_weighted;precision_macro;precision_micro;precision_weighted;recall_macro;recall_micro;recall_weighted;time
0.8293349080977338;0.7674182005088739;0.7912757684667251;0.8293349080977338;0.8193218972005242;0.8341350718944008;0.8293349080977338;0.8279248196842192;0.7674182005088739;0.8293349080977338;0.8293349080977338;1.7811768054962158
