acc;avg_acc;f1_macro;f1_micro;f1_weighted;precision_macro;precision_micro;precision_weighted;recall_macro;recall_micro;recall_weighted;time
0.8239708668585911;0.7566841702014009;0.78294952045475;0.8239708668585911;0.8131538150931412;0.830923854232495;0.8239708668585911;0.8212271213446497;0.7566841702014009;0.8239708668585911;0.8239708668585911;1.9212827682495117
