acc;avg_acc;f1_macro;f1_micro;f1_weighted;precision_macro;precision_micro;precision_weighted;recall_macro;recall_micro;recall_weighted;time
0.8359292340247533;0.777029658050723;0.8010200077569198;0.8359292340247533;0.8247359215923852;0.8434717634628243;0.8359292340247533;0.834095961948788;0.777029658050723;0.8359292340247533;0.8359292340247533;1.7722375392913818
