acc;avg_acc;f1_macro;f1_micro;f1_weighted;precision_macro;precision_micro;precision_weighted;recall_macro;recall_micro;recall_weighted;time
0.8317708717797299;0.77049196365667;0.7923718164344948;0.8317708717797299;0.8218755239274943;0.8325671614350934;0.8317708717797299;0.8305240007215393;0.77049196365667;0.8317708717797299;0.8317708717797299;2.0141499042510986
