acc;avg_acc;f1_macro;f1_micro;f1_weighted;precision_macro;precision_micro;precision_weighted;recall_macro;recall_micro;recall_weighted;time
0.8153588740434536;0.7369462761643586;0.7632687054025353;0.8153588740434536;0.8032427610334526;0.8144470684447547;0.8153588740434536;0.8108157489612717;0.7369462761643586;0.8153588740434536;0.8153588740434536;1.424884557723999
