acc;avg_acc;f1_macro;f1_micro;f1_weighted;precision_macro;precision_micro;precision_weighted;recall_macro;recall_micro;recall_weighted;time
0.8331980020176669;0.777994649879016;0.8010422196574001;0.8331980020176669;0.8226272511579502;0.8450243496142489;0.8331980020176669;0.8335341072099257;0.777994649879016;0.8331980020176669;0.8331980020176669;1.8457238674163818
