acc;avg_acc;f1_macro;f1_micro;f1_weighted;precision_macro;precision_micro;precision_weighted;recall_macro;recall_micro;recall_weighted;time
0.833985384217908;0.7714735269589692;0.7959232052185814;0.8339853842179079;0.8237552508739434;0.8380541241231177;0.833985384217908;0.832326727317239;0.7714735269589692;0.833985384217908;0.833985384217908;1.7542510032653809
