acc;avg_acc;f1_macro;f1_micro;f1_weighted;precision_macro;precision_micro;precision_weighted;recall_macro;recall_micro;recall_weighted;time
0.8407765556949878;0.7840777980854758;0.8064761760118905;0.8407765556949878;0.8318788148230642;0.8421953064337335;0.8407765556949878;0.8370506550233221;0.7840777980854758;0.8407765556949878;0.8407765556949878;1.8462703227996826
