acc;avg_acc;f1_macro;f1_micro;f1_weighted;precision_macro;precision_micro;precision_weighted;recall_macro;recall_micro;recall_weighted;time
0.7787209960384833;0.697472905591056;0.7148146429844849;0.7787209960384833;0.7643356878836056;0.7488855895099338;0.7787209960384833;0.7668465570390823;0.697472905591056;0.7787209960384833;0.7787209960384833;1.3067657947540283
