acc;avg_acc;f1_macro;f1_micro;f1_weighted;precision_macro;precision_micro;precision_weighted;recall_macro;recall_micro;recall_weighted;time
0.7789916586698162;0.6972791676086227;0.715664873050719;0.7789916586698162;0.7664753988081939;0.7493879818726044;0.7789916586698162;0.7701115392575439;0.6972791676086227;0.7789916586698162;0.7789916586698162;1.4037253856658936
