acc;avg_acc;f1_macro;f1_micro;f1_weighted;precision_macro;precision_micro;precision_weighted;recall_macro;recall_micro;recall_weighted;time
0.8310573066607613;0.7703751218665348;0.7948101747670188;0.8310573066607612;0.8198480218484313;0.8393089773702916;0.8310573066607613;0.8295336861697268;0.7703751218665348;0.8310573066607613;0.8310573066607613;1.879633903503418
