acc;avg_acc;f1_macro;f1_micro;f1_weighted;precision_macro;precision_micro;precision_weighted;recall_macro;recall_micro;recall_weighted;time
0.8294825422602791;0.7655491729866861;0.7914078511759386;0.8294825422602791;0.8183927807472132;0.8386502229196063;0.8294825422602791;0.828363514446021;0.7655491729866861;0.8294825422602791;0.8294825422602791;1.4596505165100098
