acc;avg_acc;f1_macro;f1_micro;f1_weighted;precision_macro;precision_micro;precision_weighted;recall_macro;recall_micro;recall_weighted;time
0.8608548018011368;0.8271906663549164;0.8418204387032456;0.8608548018011368;0.8556541849852096;0.864027570998969;0.8608548018011368;0.8590515624101169;0.8271906663549164;0.8608548018011368;0.8608548018011368;2.850456953048706
