acc;avg_acc;f1_macro;f1_micro;f1_weighted;precision_macro;precision_micro;precision_weighted;recall_macro;recall_micro;recall_weighted;time
0.8595999114195024;0.8291273557448632;0.8419348306110266;0.8595999114195024;0.8543700688151358;0.8621215531057427;0.8595999114195024;0.8576766629913511;0.8291273557448632;0.8595999114195024;0.8595999114195024;2.806313991546631
