acc;avg_acc;f1_macro;f1_micro;f1_weighted;precision_macro;precision_micro;precision_weighted;recall_macro;recall_micro;recall_weighted;time
0.8520951748234541;0.8202163927971377;0.8323303237479607;0.8520951748234541;0.8462835553340842;0.8528491081545115;0.8520951748234541;0.8501176468467591;0.8202163927971377;0.8520951748234541;0.8520951748234541;2.8778581619262695
