acc;avg_acc;f1_macro;f1_micro;f1_weighted;precision_macro;precision_micro;precision_weighted;recall_macro;recall_micro;recall_weighted;time
0.8440737186584976;0.8107161721563305;0.8233977439756962;0.8440737186584976;0.8372778091142026;0.8448464935453903;0.8440737186584976;0.8408370752121004;0.8107161721563305;0.8440737186584976;0.8440737186584976;2.593317985534668
