expl_var_class_0,expl_var_class_1,expl_var_class_2,expl_var_class_3,expl_var_class_4,expl_var_class_5,expl_var_mean,mae_class_0,mae_class_1,mae_class_2,mae_class_3,mae_class_4,mae_class_5,mae_mean,mse_class_0,mse_class_1,mse_class_2,mse_class_3,mse_class_4,mse_class_5,mse_mean,r2_class_0,r2_class_1,r2_class_2,r2_class_3,r2_class_4,r2_class_5,r2_mean,time
0.958167333850156,0.9676080072117385,0.9785280445379758,0.9720299361178946,0.8525085938628703,0.9417002141272157,0.9450903549513084,0.029197629416671284,0.03547475863004855,0.025388603899228115,0.014401242446170017,0.016321423926183787,0.023921133490518505,0.024117465301470044,0.0040824412938109825,0.004269308792086946,0.002566030679813339,0.0011267571096782987,0.00195115945412438,0.0025515495145975097,0.002757874474018576,0.9581667012548946,0.9675873903941998,0.9785267503304346,0.9719625939420834,0.8524336954206214,0.9416706538835455,0.9450579642042967,3.604954481124878
