expl_var_class_0,expl_var_class_1,expl_var_class_2,expl_var_class_3,expl_var_class_4,expl_var_class_5,expl_var_mean,mae_class_0,mae_class_1,mae_class_2,mae_class_3,mae_class_4,mae_class_5,mae_mean,mse_class_0,mse_class_1,mse_class_2,mse_class_3,mse_class_4,mse_class_5,mse_mean,r2_class_0,r2_class_1,r2_class_2,r2_class_3,r2_class_4,r2_class_5,r2_mean,time
0.9584901706367603,0.9662333651937935,0.9762979886876673,0.9697100896473427,0.8306818263608994,0.9382286446957336,0.9399403475370328,0.029247570697502678,0.036881698258911244,0.026965857157089282,0.014554116021941153,0.017589650469630378,0.02476405111126472,0.02500049061938991,0.004065209304542918,0.004445587730935318,0.0028235255415462214,0.0012023669017617398,0.002240269296873682,0.0027230320562804593,0.0029166651386567225,0.9584849353235729,0.9662277824039267,0.9762902370220412,0.9696291879226157,0.8306672537610497,0.9381693268933795,0.9399114538877642,10.174964666366577
