expl_var_class_0,expl_var_class_1,expl_var_class_2,expl_var_class_3,expl_var_class_4,expl_var_class_5,expl_var_mean,mae_class_0,mae_class_1,mae_class_2,mae_class_3,mae_class_4,mae_class_5,mae_mean,mse_class_0,mse_class_1,mse_class_2,mse_class_3,mse_class_4,mse_class_5,mse_mean,r2_class_0,r2_class_1,r2_class_2,r2_class_3,r2_class_4,r2_class_5,r2_mean,time
0.9586399043353522,0.9662062231274532,0.9762096352299718,0.9721322690318218,0.850899570931797,0.9389259496057827,0.9438355920436964,0.02897745643100289,0.03628876328417978,0.026470578965446287,0.014157088164144061,0.01651763818655756,0.0244637997603123,0.024479220798607145,0.004031325246534871,0.004447472376665256,0.0028413212174658703,0.0011083562015709472,0.0019731774301223453,0.0026796807250078574,0.0028468888662278578,0.9586374818102874,0.9662060093142855,0.9762079989934961,0.9720663667070347,0.8508567866156199,0.9388668725983252,0.9438069193398415,9.227118730545044
