expl_var_class_0,expl_var_class_1,expl_var_class_2,expl_var_class_3,expl_var_class_4,expl_var_class_5,expl_var_mean,mae_class_0,mae_class_1,mae_class_2,mae_class_3,mae_class_4,mae_class_5,mae_mean,mse_class_0,mse_class_1,mse_class_2,mse_class_3,mse_class_4,mse_class_5,mse_mean,r2_class_0,r2_class_1,r2_class_2,r2_class_3,r2_class_4,r2_class_5,r2_mean,time
0.957397516000645,0.9668615011597077,0.9765350903649371,0.9703602702526959,0.8391135998249738,0.9375668300479411,0.9413058012751501,0.029392029775915974,0.03631417325670942,0.026399870773193227,0.014612560578781238,0.017061475981249033,0.024809289880758784,0.024764900041101278,0.004158279217966181,0.00436521736963101,0.0027997177214611757,0.001175302337380736,0.0021159717568705375,0.002746786155158983,0.002893545759744771,0.9573940655329352,0.966860597487075,0.9765350137002262,0.9703332074756839,0.8390930868062669,0.9375505192722977,0.9412944150457475,4.157236337661743
