expl_var_class_0,expl_var_class_1,expl_var_class_2,expl_var_class_3,expl_var_class_4,expl_var_class_5,expl_var_mean,mae_class_0,mae_class_1,mae_class_2,mae_class_3,mae_class_4,mae_class_5,mae_mean,mse_class_0,mse_class_1,mse_class_2,mse_class_3,mse_class_4,mse_class_5,mse_mean,r2_class_0,r2_class_1,r2_class_2,r2_class_3,r2_class_4,r2_class_5,r2_mean,time
0.9564623920058786,0.968108292029732,0.9794225719268898,0.9718239157437347,0.8354914559900222,0.9372044725623989,0.9414188500431093,0.029374161234570473,0.03577667690675138,0.02521183419072474,0.014211203136628475,0.01698549993768296,0.024822693291356696,0.024397011449619126,0.004248333987921672,0.004203431226086274,0.00245813986156034,0.0011214195340311542,0.0021455397206834224,0.002768791839686982,0.0028242760283283077,0.956462335197663,0.9680682665039033,0.9794210086974815,0.9717760550839224,0.8354486365554199,0.9372018910873816,0.9413963655209621,10.941954612731934
