expl_var_class_0,expl_var_class_1,expl_var_class_2,expl_var_class_3,expl_var_class_4,expl_var_class_5,expl_var_mean,mae_class_0,mae_class_1,mae_class_2,mae_class_3,mae_class_4,mae_class_5,mae_mean,mse_class_0,mse_class_1,mse_class_2,mse_class_3,mse_class_4,mse_class_5,mse_mean,r2_class_0,r2_class_1,r2_class_2,r2_class_3,r2_class_4,r2_class_5,r2_mean,time
0.9553289316448536,0.9668775408746889,0.9763204384041944,0.9642650861351273,0.8411344383092788,0.9362519656201437,0.9400297334980476,0.029685281472750912,0.03619356950497958,0.02639845202464282,0.015244719348311711,0.016897111370817453,0.024684188379978093,0.024850553683580096,0.00437213548970699,0.004361490690973019,0.002818068214602078,0.0014234384217636864,0.00209766970731367,0.00280103720176825,0.002978973287687949,0.9553276622624879,0.9668687360166537,0.9763204246645489,0.9642122854551478,0.8410919090190907,0.9362398707165625,0.9400101480224153,8.322444677352905
