expl_var_class_0,expl_var_class_1,expl_var_class_2,expl_var_class_3,expl_var_class_4,expl_var_class_5,expl_var_mean,mae_class_0,mae_class_1,mae_class_2,mae_class_3,mae_class_4,mae_class_5,mae_mean,mse_class_0,mse_class_1,mse_class_2,mse_class_3,mse_class_4,mse_class_5,mse_mean,r2_class_0,r2_class_1,r2_class_2,r2_class_3,r2_class_4,r2_class_5,r2_mean,time
0.9519659488542064,0.9294593267600538,0.9564943609522637,0.9707929506472214,0.8193798617582885,0.9248021232381317,0.9254824287016942,0.03117156847339134,0.05228231024662116,0.036893038526877184,0.014449865877315839,0.017824751999061864,0.02674572822512268,0.02989454389139835,0.004687305041775299,0.009288387844559928,0.00519752911310707,0.0011619131432746713,0.002355473124111632,0.0033181373429913225,0.004334790934969987,0.9519636835721214,0.929439948149925,0.9564874610733813,0.9707569098291274,0.8193478729882604,0.9247423561188507,0.9254563719552777,2.5355279445648193
