expl_var_class_0,expl_var_class_1,expl_var_class_2,expl_var_class_3,expl_var_class_4,expl_var_class_5,expl_var_mean,mae_class_0,mae_class_1,mae_class_2,mae_class_3,mae_class_4,mae_class_5,mae_mean,mse_class_0,mse_class_1,mse_class_2,mse_class_3,mse_class_4,mse_class_5,mse_mean,r2_class_0,r2_class_1,r2_class_2,r2_class_3,r2_class_4,r2_class_5,r2_mean,time
0.9585190940487532,0.9677631931620607,0.9771627380113498,0.9719785799900588,0.8467033197213653,0.9399944710935151,0.9436868993378504,0.028895830534242665,0.03602311795991212,0.026527479519161287,0.014259790794905096,0.016545267927320088,0.024205384675887873,0.02440947856857152,0.004049008539842178,0.004246351798105556,0.002725180897233918,0.0011123690953647888,0.0020159723250591697,0.002639668283858411,0.0027980918232440037,0.9585136583037159,0.9677629887510509,0.9771597215219877,0.9719217582463141,0.8466974415627273,0.9399858946752258,0.943673577176837,8.508795976638794
