expl_var_class_0,expl_var_class_1,expl_var_class_2,expl_var_class_3,expl_var_class_4,expl_var_class_5,expl_var_mean,mae_class_0,mae_class_1,mae_class_2,mae_class_3,mae_class_4,mae_class_5,mae_mean,mse_class_0,mse_class_1,mse_class_2,mse_class_3,mse_class_4,mse_class_5,mse_mean,r2_class_0,r2_class_1,r2_class_2,r2_class_3,r2_class_4,r2_class_5,r2_mean,time
0.9541149757361028,0.9638721842182885,0.9746083613283493,0.9704892552194491,0.8385640329932454,0.9348366582985405,0.9394142446323293,0.030063366823254417,0.03738725627200867,0.02707370407141816,0.014320917583733422,0.016931759757671645,0.024980013143577343,0.02512616960861061,0.0044736240695580414,0.004753973040390991,0.003025898721118469,0.0011762838769649097,0.002145012152163277,0.002858517720117669,0.0030722182633855597,0.9541074707935991,0.9638667487897898,0.9746072405911911,0.9704746953611312,0.8383901688829476,0.9348162864173599,0.9393771018060031,6.601628065109253
