expl_var_class_0,expl_var_class_1,expl_var_class_2,expl_var_class_3,expl_var_class_4,expl_var_class_5,expl_var_mean,mae_class_0,mae_class_1,mae_class_2,mae_class_3,mae_class_4,mae_class_5,mae_mean,mse_class_0,mse_class_1,mse_class_2,mse_class_3,mse_class_4,mse_class_5,mse_mean,r2_class_0,r2_class_1,r2_class_2,r2_class_3,r2_class_4,r2_class_5,r2_mean,time
0.9551272184205114,0.9674076766736256,0.9760577099007749,0.963075862399678,0.8363515421759027,0.9328627572213897,0.9384804611319804,0.029331687428514462,0.036178356902867304,0.02630739462542976,0.015292913613333544,0.016860938695601384,0.025112084529337685,0.024847229299180693,0.004392621433827308,0.0042923614498789646,0.0028496735070288777,0.0014704487341225712,0.0021619716521805695,0.0029503223030223425,0.0030195665133434385,0.9551183469252187,0.9673938636158931,0.9760548527031814,0.9630303645419274,0.836220742090602,0.9328416875899538,0.9384433095777961,3.8396801948547363
