expl_var_class_0,expl_var_class_1,expl_var_class_2,expl_var_class_3,expl_var_class_4,expl_var_class_5,expl_var_mean,mae_class_0,mae_class_1,mae_class_2,mae_class_3,mae_class_4,mae_class_5,mae_mean,mse_class_0,mse_class_1,mse_class_2,mse_class_3,mse_class_4,mse_class_5,mse_mean,r2_class_0,r2_class_1,r2_class_2,r2_class_3,r2_class_4,r2_class_5,r2_mean,time
0.959363573673478,0.9681032608292753,0.9787064987447143,0.9722216622146589,0.8449968066907979,0.9407020558976444,0.9440156430084282,0.028544814781496605,0.03554602763409643,0.025672214771234873,0.01421373636005586,0.016715853160027428,0.024185389742167423,0.02414633940817977,0.003962539294635832,0.004207292027903435,0.0025490559930466763,0.001102925364514854,0.0020418766909264703,0.0026113450998289014,0.002745839078476028,0.9593557433575073,0.9680754726357461,0.9787031409600212,0.972204734991623,0.8449947194500235,0.9406944323204522,0.9440047072858956,5.331963300704956
