expl_var_class_0,expl_var_class_1,expl_var_class_2,expl_var_class_3,expl_var_class_4,expl_var_class_5,expl_var_mean,mae_class_0,mae_class_1,mae_class_2,mae_class_3,mae_class_4,mae_class_5,mae_mean,mse_class_0,mse_class_1,mse_class_2,mse_class_3,mse_class_4,mse_class_5,mse_mean,r2_class_0,r2_class_1,r2_class_2,r2_class_3,r2_class_4,r2_class_5,r2_mean,time
0.9588872698407901,0.9675696774072413,0.9781636886514176,0.9742436539567852,0.833826916148948,0.9404847791860373,0.9421959975318699,0.0288708070023416,0.035494784359016256,0.025786810346964652,0.013740059588734485,0.01729984057190092,0.024147667312822883,0.024223328196963465,0.004007099218415864,0.004268499274555088,0.0026078325955914473,0.0010230088727650522,0.0021985556583650184,0.00260901174153554,0.0027856678935380013,0.9588860475963397,0.9675659312729777,0.9781631322225359,0.9742173547937336,0.8338215050064509,0.9404790855495332,0.9421888427402619,5.740513801574707
