expl_var_class_0,expl_var_class_1,expl_var_class_2,expl_var_class_3,expl_var_class_4,expl_var_class_5,expl_var_mean,mae_class_0,mae_class_1,mae_class_2,mae_class_3,mae_class_4,mae_class_5,mae_mean,mse_class_0,mse_class_1,mse_class_2,mse_class_3,mse_class_4,mse_class_5,mse_mean,r2_class_0,r2_class_1,r2_class_2,r2_class_3,r2_class_4,r2_class_5,r2_mean,time
0.9556289079111419,0.965925767539773,0.9772573670247723,0.9712617215722694,0.8260089412737047,0.9376202390282832,0.9389504907249907,0.02974018093160913,0.03685405859630868,0.02630682825728305,0.014506474237406005,0.017440988219785236,0.024878024686440178,0.024954425821472045,0.004330592350946329,0.004488606388002553,0.0027135412812469336,0.001139885638155775,0.0022885213296413597,0.0027453651677507643,0.002951085359290619,0.9556285366526601,0.9659238655905291,0.97725727543879,0.9712271900998865,0.8259717306079625,0.9375828260922505,0.9389319040803463,4.481843948364258
