expl_var_class_0,expl_var_class_1,expl_var_class_2,expl_var_class_3,expl_var_class_4,expl_var_class_5,expl_var_mean,mae_class_0,mae_class_1,mae_class_2,mae_class_3,mae_class_4,mae_class_5,mae_mean,mse_class_0,mse_class_1,mse_class_2,mse_class_3,mse_class_4,mse_class_5,mse_mean,r2_class_0,r2_class_1,r2_class_2,r2_class_3,r2_class_4,r2_class_5,r2_mean,time
0.9467936964231161,0.90912576593806,0.9417957268156336,0.9744668147250707,0.8188961536557642,0.9210990319318303,0.9186961982482459,0.032630449152186915,0.05884605919561314,0.0427161244998133,0.013836084057832161,0.017917861282025178,0.027692483393254745,0.032273176930120905,0.0051948163706493754,0.011963106885285396,0.0069457084823294725,0.001013518369477198,0.0024073251544694764,0.003482924704066834,0.005167899994379626,0.9467883508056036,0.9091180164228873,0.9417935525125247,0.9744623395126751,0.8187141379892571,0.9210292492761688,0.9186509410865193,1.2095649242401123
