expl_var_class_0,expl_var_class_1,expl_var_class_2,expl_var_class_3,expl_var_class_4,expl_var_class_5,expl_var_mean,mae_class_0,mae_class_1,mae_class_2,mae_class_3,mae_class_4,mae_class_5,mae_mean,mse_class_0,mse_class_1,mse_class_2,mse_class_3,mse_class_4,mse_class_5,mse_mean,r2_class_0,r2_class_1,r2_class_2,r2_class_3,r2_class_4,r2_class_5,r2_mean,time
0.9563456883080079,0.9665929357884401,0.9773182655177841,0.9747090407158616,0.8249026840027954,0.9395841423774378,0.9399087927850545,0.02936046300740115,0.036249607197314376,0.02635542429782449,0.013714439812627573,0.017439160009482296,0.024245731507640672,0.024560804305381757,0.004255459721840113,0.004401753399760176,0.002703763339435048,0.0010078867109414393,0.0023269988155220937,0.0026497380678363013,0.0028909333425558618,0.9563455027658363,0.9665438444838447,0.9773105386847665,0.974701547164961,0.8246789020720285,0.9395771570463626,0.9398595820362998,12.400251388549805
