expl_var_class_0,expl_var_class_1,expl_var_class_2,expl_var_class_3,expl_var_class_4,expl_var_class_5,expl_var_mean,mae_class_0,mae_class_1,mae_class_2,mae_class_3,mae_class_4,mae_class_5,mae_mean,mse_class_0,mse_class_1,mse_class_2,mse_class_3,mse_class_4,mse_class_5,mse_mean,r2_class_0,r2_class_1,r2_class_2,r2_class_3,r2_class_4,r2_class_5,r2_mean,time
0.9546112106740091,0.9289607332852743,0.9553563535641674,0.971132441808202,0.8226041248244598,0.926392169661071,0.9265095056361972,0.030685624352336974,0.05230583077952851,0.03713836323046675,0.014328784023575781,0.017680255007073955,0.026662029826949898,0.029800147869988646,0.004444656874225981,0.009352968777142676,0.005316651502503782,0.0011442142299970875,0.0023501234206190717,0.003244531645342502,0.004308857741638517,0.9546099096566038,0.9289474157684692,0.9553549117562641,0.9710980772137083,0.8223638321655122,0.9263278685667461,0.9264503358545507,4.06847620010376
