expl_var_class_0,expl_var_class_1,expl_var_class_2,expl_var_class_3,expl_var_class_4,expl_var_class_5,expl_var_mean,mae_class_0,mae_class_1,mae_class_2,mae_class_3,mae_class_4,mae_class_5,mae_mean,mse_class_0,mse_class_1,mse_class_2,mse_class_3,mse_class_4,mse_class_5,mse_mean,r2_class_0,r2_class_1,r2_class_2,r2_class_3,r2_class_4,r2_class_5,r2_mean,time
0.9557700331757222,0.9651089281258034,0.9756762888702932,0.9716231856667558,0.8496314457519798,0.9378203610658191,0.942605040442729,0.02957874116590535,0.03702789539229291,0.026980805455316875,0.01432854230914456,0.016538408973035695,0.024740764185093682,0.024865859580131513,0.004336076317869163,0.004593972428605666,0.00289045664110157,0.0011191784808071538,0.0019883279369394538,0.002731593196563414,0.002943267500314404,0.9557690140314363,0.9651083335626411,0.9756750377614749,0.9716230489454116,0.8495531581319706,0.9378078483451496,0.9425894067963475,8.947310447692871
