expl_var_class_0,expl_var_class_1,expl_var_class_2,expl_var_class_3,expl_var_class_4,expl_var_class_5,expl_var_mean,mae_class_0,mae_class_1,mae_class_2,mae_class_3,mae_class_4,mae_class_5,mae_mean,mse_class_0,mse_class_1,mse_class_2,mse_class_3,mse_class_4,mse_class_5,mse_mean,r2_class_0,r2_class_1,r2_class_2,r2_class_3,r2_class_4,r2_class_5,r2_mean,time
0.9574585046779927,0.9669245917484941,0.9782066107515635,0.9707176174348752,0.8503489757064834,0.9375890195015925,0.9435408866368334,0.02895218126552163,0.03576396033546998,0.025631374241170228,0.01446496860149213,0.01639671054641512,0.024601958555194092,0.024301858924210527,0.004153796219596902,0.0043531110670621195,0.002603958226875472,0.0011634255193964254,0.0019760358854862326,0.0027471750598125487,0.0028329169963716167,0.957457068825562,0.9669209237777375,0.9782064258303833,0.9707124445702525,0.8502827788948247,0.9375840542733311,0.9435272826953485,3.704158306121826
