expl_var_class_0,expl_var_class_1,expl_var_class_2,expl_var_class_3,expl_var_class_4,expl_var_class_5,expl_var_mean,mae_class_0,mae_class_1,mae_class_2,mae_class_3,mae_class_4,mae_class_5,mae_mean,mse_class_0,mse_class_1,mse_class_2,mse_class_3,mse_class_4,mse_class_5,mse_mean,r2_class_0,r2_class_1,r2_class_2,r2_class_3,r2_class_4,r2_class_5,r2_mean,time
0.9568752954179934,0.9658072447807156,0.9757335701119471,0.9684293443456479,0.8376097840920002,0.9410194642795212,0.9409124505046376,0.029232046371650437,0.03674174056492581,0.027184091638581563,0.014636803758047805,0.016943704726542646,0.02438843976997203,0.024854471138286715,0.004212886534508586,0.004507175520840557,0.002900060481769086,0.0012551421937190227,0.0021491679319241308,0.0026002549431816814,0.0029374479343238437,0.9568749807170378,0.9658054022931126,0.9757125848754012,0.9683591596501763,0.8375442605744055,0.9409790649239489,0.9408792421723472,10.953652620315552
