expl_var_class_0,expl_var_class_1,expl_var_class_2,expl_var_class_3,expl_var_class_4,expl_var_class_5,expl_var_mean,mae_class_0,mae_class_1,mae_class_2,mae_class_3,mae_class_4,mae_class_5,mae_mean,mse_class_0,mse_class_1,mse_class_2,mse_class_3,mse_class_4,mse_class_5,mse_mean,r2_class_0,r2_class_1,r2_class_2,r2_class_3,r2_class_4,r2_class_5,r2_mean,time
0.9554473194688741,0.9672054446502688,0.97592085783444,0.9671671865891786,0.8437312279321505,0.9345529260303758,0.9406708270842147,0.029782980188897096,0.03624588099675883,0.02652562280728592,0.014596290175064188,0.01665808230222429,0.024837229956876056,0.024774347737851064,0.004362860599392042,0.004317640482563394,0.0028658239480250816,0.0013083652244349345,0.00206342235476554,0.0028754366095103674,0.0029655915364485597,0.9554224285462874,0.9672018360811686,0.9759191442833891,0.9671054255269623,0.8436863028817655,0.9345463138251174,0.940646908524115,6.509748697280884
