expl_var_class_0,expl_var_class_1,expl_var_class_2,expl_var_class_3,expl_var_class_4,expl_var_class_5,expl_var_mean,mae_class_0,mae_class_1,mae_class_2,mae_class_3,mae_class_4,mae_class_5,mae_mean,mse_class_0,mse_class_1,mse_class_2,mse_class_3,mse_class_4,mse_class_5,mse_mean,r2_class_0,r2_class_1,r2_class_2,r2_class_3,r2_class_4,r2_class_5,r2_mean,time
0.9575538621591956,0.9648893775301456,0.9756962845610285,0.9735458009421031,0.8434532742142116,0.9396470521039999,0.9424642752517807,0.02910611206488339,0.03690322247938771,0.026676658724212775,0.013858256292122317,0.016529850661324008,0.024486864110693566,0.024593494055437298,0.0041369456313973384,0.004620825741510976,0.0029024547496820353,0.0010507480010894011,0.0020725364558099647,0.002648433936436726,0.0029053240859877403,0.9575537872872932,0.964888788767246,0.9756960931058135,0.9735182522512653,0.8433467045806384,0.9395797239051191,0.9424305583162292,5.414257049560547
