expl_var_class_0,expl_var_class_1,expl_var_class_2,expl_var_class_3,expl_var_class_4,expl_var_class_5,expl_var_mean,mae_class_0,mae_class_1,mae_class_2,mae_class_3,mae_class_4,mae_class_5,mae_mean,mse_class_0,mse_class_1,mse_class_2,mse_class_3,mse_class_4,mse_class_5,mse_mean,r2_class_0,r2_class_1,r2_class_2,r2_class_3,r2_class_4,r2_class_5,r2_mean,time
0.954665480135173,0.9646952628419341,0.9749400537503047,0.9701873702641867,0.8402143672549076,0.9398982098754769,0.9407667906869971,0.02986928763064199,0.03740471374673128,0.027485185368038616,0.014189148548446556,0.016920888029634613,0.02450787880698679,0.025062850355079977,0.004420470349598703,0.004657791090975351,0.002992960997409127,0.0011820900462400225,0.0021126504426273044,0.0026468969732409524,0.00300214331668191,0.9546642955513759,0.9646391627686475,0.9749264881910024,0.9701145081963571,0.8401993887468242,0.9398953172388387,0.9407398601155076,4.520354986190796
