expl_var_class_0,expl_var_class_1,expl_var_class_2,expl_var_class_3,expl_var_class_4,expl_var_class_5,expl_var_mean,mae_class_0,mae_class_1,mae_class_2,mae_class_3,mae_class_4,mae_class_5,mae_mean,mse_class_0,mse_class_1,mse_class_2,mse_class_3,mse_class_4,mse_class_5,mse_mean,r2_class_0,r2_class_1,r2_class_2,r2_class_3,r2_class_4,r2_class_5,r2_mean,time
0.9548118704471921,0.9666520333731171,0.9770642363586776,0.9715039282440516,0.832815933120074,0.9375586787135508,0.9400677800427774,0.029525793794984816,0.03646774539058083,0.02644051525619748,0.014198862108934292,0.01703631534942923,0.024455648354087155,0.024687480042368964,0.004405573444147236,0.004388920048423533,0.00273374606617021,0.0011361043689012676,0.0022205502942397315,0.0027392192562534137,0.0029373522463558986,0.9548055659543953,0.9666413862039546,0.9770589294153972,0.9714832208021836,0.8326989627181899,0.9375366882692178,0.9400374588938897,11.01443862915039
