expl_var_class_0,expl_var_class_1,expl_var_class_2,expl_var_class_3,expl_var_class_4,expl_var_class_5,expl_var_mean,mae_class_0,mae_class_1,mae_class_2,mae_class_3,mae_class_4,mae_class_5,mae_mean,mse_class_0,mse_class_1,mse_class_2,mse_class_3,mse_class_4,mse_class_5,mse_mean,r2_class_0,r2_class_1,r2_class_2,r2_class_3,r2_class_4,r2_class_5,r2_mean,time
0.9483543761273839,0.9266725859457728,0.9552971675267404,0.9734256201108401,0.831863132153799,0.9236578317339404,0.9265451189330794,0.031916246116717124,0.052075302355781186,0.036560875993872796,0.013952284252060692,0.01720591866027653,0.026452128659016763,0.02969379267295418,0.005035108877987774,0.009677127791770318,0.0053567573615577535,0.0010551917636033184,0.002216110837972429,0.0033619740856879353,0.0044503784530965885,0.9483542642121265,0.9265708848002876,0.9552453509253396,0.9734076886363818,0.8317680574462614,0.9236470960162579,0.9264988903394425,2.0088751316070557
