expl_var_class_0,expl_var_class_1,expl_var_class_2,expl_var_class_3,expl_var_class_4,expl_var_class_5,expl_var_mean,mae_class_0,mae_class_1,mae_class_2,mae_class_3,mae_class_4,mae_class_5,mae_mean,mse_class_0,mse_class_1,mse_class_2,mse_class_3,mse_class_4,mse_class_5,mse_mean,r2_class_0,r2_class_1,r2_class_2,r2_class_3,r2_class_4,r2_class_5,r2_mean,time
0.9581228076265884,0.9642912150751387,0.9757515623385502,0.9696116282153848,0.8307949960266352,0.9375861742859997,0.9393597305947162,0.029152297028964255,0.0372296158603381,0.026944860259683127,0.014784599637420985,0.01709135580556407,0.024828847451175085,0.025005262673857605,0.004100820770371729,0.004700604022573499,0.002887938995411724,0.0012054386740028848,0.0022407051108499303,0.002751898572911954,0.002981234357686954,0.9581212609844796,0.9642904759749439,0.9757493431284777,0.9695515974489061,0.8306343123742483,0.93751386778872,0.9393101429499625,4.933580636978149
