expl_var_class_0,expl_var_class_1,expl_var_class_2,expl_var_class_3,expl_var_class_4,expl_var_class_5,expl_var_mean,mae_class_0,mae_class_1,mae_class_2,mae_class_3,mae_class_4,mae_class_5,mae_mean,mse_class_0,mse_class_1,mse_class_2,mse_class_3,mse_class_4,mse_class_5,mse_mean,r2_class_0,r2_class_1,r2_class_2,r2_class_3,r2_class_4,r2_class_5,r2_mean,time
0.9571804190456399,0.9651199067209041,0.9766306037503785,0.970122560387397,0.8131623764889773,0.9400408903535827,0.9370427927911464,0.02929656703354317,0.037315574367291764,0.026836429306218625,0.014470704311420045,0.017804088379576172,0.024417458462079187,0.025023470310021497,0.004193566205835304,0.004591448272587618,0.0027832125767649034,0.001184700148538419,0.002472411657529232,0.002645737104668738,0.0029785126609873694,0.9571741184234777,0.9651197098048676,0.9766287538251796,0.9700754357704039,0.813120567073403,0.9399244288485231,0.9370071689576425,7.316864252090454
