expl_var_class_0,expl_var_class_1,expl_var_class_2,expl_var_class_3,expl_var_class_4,expl_var_class_5,expl_var_mean,mae_class_0,mae_class_1,mae_class_2,mae_class_3,mae_class_4,mae_class_5,mae_mean,mse_class_0,mse_class_1,mse_class_2,mse_class_3,mse_class_4,mse_class_5,mse_mean,r2_class_0,r2_class_1,r2_class_2,r2_class_3,r2_class_4,r2_class_5,r2_mean,time
0.9593670276703371,0.9656897676896483,0.9772213685689519,0.9720702090112873,0.8540770490937538,0.9387326759824862,0.9445263496694108,0.02877238449438727,0.03670478735692784,0.025985293000391856,0.014086427498519532,0.016490159127456362,0.024756108380018075,0.024465859976283488,0.0039583723391390145,0.004524942325355336,0.002721373960983687,0.0011129911409642529,0.0019332201887126352,0.0026824830830669377,0.0028222305063703105,0.9593593612313628,0.9656663282560946,0.9772206788759471,0.972023358590831,0.8540499015436362,0.9387295526023122,0.9445081968500305,3.4172708988189697
