expl_var_class_0,expl_var_class_1,expl_var_class_2,expl_var_class_3,expl_var_class_4,expl_var_class_5,expl_var_mean,mae_class_0,mae_class_1,mae_class_2,mae_class_3,mae_class_4,mae_class_5,mae_mean,mse_class_0,mse_class_1,mse_class_2,mse_class_3,mse_class_4,mse_class_5,mse_mean,r2_class_0,r2_class_1,r2_class_2,r2_class_3,r2_class_4,r2_class_5,r2_mean,time
0.9561125352426777,0.9670595027079053,0.9777399969777185,0.9700485563726349,0.822483782726945,0.9400791075961902,0.9389205802706786,0.02984087374424701,0.0360329952516314,0.0258545886036641,0.014359534848518114,0.01768402555327156,0.024573797665173255,0.02472430261108424,0.0042863824778950205,0.004329481334942476,0.00265090849712781,0.0011946803331358033,0.0023430404305583522,0.0026452769189659804,0.002908294998770907,0.9560992142554667,0.967059085382904,0.9777396055898342,0.9699806587418507,0.8224338628592343,0.9400621587899722,0.9388957642698771,9.170271873474121
