expl_var_class_0,expl_var_class_1,expl_var_class_2,expl_var_class_3,expl_var_class_4,expl_var_class_5,expl_var_mean,mae_class_0,mae_class_1,mae_class_2,mae_class_3,mae_class_4,mae_class_5,mae_mean,mse_class_0,mse_class_1,mse_class_2,mse_class_3,mse_class_4,mse_class_5,mse_mean,r2_class_0,r2_class_1,r2_class_2,r2_class_3,r2_class_4,r2_class_5,r2_mean,time
0.9568768286320939,0.9688440488763908,0.9791011395492223,0.9748283336119139,0.8451689138076219,0.9420994183078689,0.944486447130852,0.029324941851153537,0.03480518229912088,0.02503847652322216,0.01385769814736347,0.01661749338509159,0.02385403010574113,0.023916303718615462,0.0042089550284215875,0.004106448045467708,0.0024978025938286906,0.0010129818925900343,0.0020482287356901616,0.0025329511946573,0.0027345612484425807,0.9568702988146811,0.968823829840806,0.9790977016975989,0.9747936938600968,0.845092339931423,0.9420958182139929,0.9444622803930999,6.160097360610962
