expl_var_class_0,expl_var_class_1,expl_var_class_2,expl_var_class_3,expl_var_class_4,expl_var_class_5,expl_var_mean,mae_class_0,mae_class_1,mae_class_2,mae_class_3,mae_class_4,mae_class_5,mae_mean,mse_class_0,mse_class_1,mse_class_2,mse_class_3,mse_class_4,mse_class_5,mse_mean,r2_class_0,r2_class_1,r2_class_2,r2_class_3,r2_class_4,r2_class_5,r2_mean,time
0.9551708464756661,0.9630332638157992,0.9740809055532502,0.9666277405685391,0.8302900201300983,0.9378229086931339,0.9378376142060811,0.02945531355554269,0.03801785864794092,0.027465580597078567,0.014832674161708208,0.01728203453812424,0.02466338351860523,0.025286140836499976,0.004372390267121769,0.00487557881029454,0.003094474926126081,0.0013246121332342884,0.0022448085970256334,0.0027382732671769514,0.003108356333496544,0.9551573979220858,0.9629857704323629,0.9740760558958051,0.9665112779041697,0.83020296272725,0.9378203807322663,0.9377923076023232,6.107037782669067
