expl_var_class_0,expl_var_class_1,expl_var_class_2,expl_var_class_3,expl_var_class_4,expl_var_class_5,expl_var_mean,mae_class_0,mae_class_1,mae_class_2,mae_class_3,mae_class_4,mae_class_5,mae_mean,mse_class_0,mse_class_1,mse_class_2,mse_class_3,mse_class_4,mse_class_5,mse_mean,r2_class_0,r2_class_1,r2_class_2,r2_class_3,r2_class_4,r2_class_5,r2_mean,time
0.9569428664401279,0.965829949782157,0.9749315519715113,0.9640523325517831,0.838973937893534,0.9405498068159144,0.9402134075758379,0.029472757363698504,0.036770980918926874,0.02719687100127854,0.015486118356426536,0.017056239420576026,0.024357167012216883,0.025056689012187227,0.004216462309609262,0.00449837462634487,0.002983612794731798,0.0014310273471858288,0.00212643802897357,0.0026120518699229134,0.0029779944961280404,0.9569182545244089,0.9658289223109245,0.9749293918512744,0.9640214866874897,0.8389125768488446,0.9405417518852686,0.940192064018035,6.632691383361816
