expl_var_class_0,expl_var_class_1,expl_var_class_2,expl_var_class_3,expl_var_class_4,expl_var_class_5,expl_var_mean,mae_class_0,mae_class_1,mae_class_2,mae_class_3,mae_class_4,mae_class_5,mae_mean,mse_class_0,mse_class_1,mse_class_2,mse_class_3,mse_class_4,mse_class_5,mse_mean,r2_class_0,r2_class_1,r2_class_2,r2_class_3,r2_class_4,r2_class_5,r2_mean,time
0.9581415251503699,0.9673034642153314,0.9762512767403446,0.9703376926990833,0.834032124106473,0.9404779054325412,0.9410906647240238,0.02907271802061449,0.036357619405579605,0.026726877411242803,0.01423601562884978,0.01741009053590623,0.024239171896918165,0.02467374881651851,0.004085345265420185,0.004307151584947838,0.0028335981584552412,0.0011768489295734433,0.0021825306403882535,0.0026184975686965955,0.002867328691246926,0.9581413504168297,0.9673014152626642,0.9762510550768971,0.9702941686443624,0.8340316844233275,0.9404672208847693,0.9410811491181418,9.529683828353882
