expl_var_class_0,expl_var_class_1,expl_var_class_2,expl_var_class_3,expl_var_class_4,expl_var_class_5,expl_var_mean,mae_class_0,mae_class_1,mae_class_2,mae_class_3,mae_class_4,mae_class_5,mae_mean,mse_class_0,mse_class_1,mse_class_2,mse_class_3,mse_class_4,mse_class_5,mse_mean,r2_class_0,r2_class_1,r2_class_2,r2_class_3,r2_class_4,r2_class_5,r2_mean,time
0.9568338084321655,0.965787854193477,0.9760942593161124,0.9684870387354614,0.8373896648927143,0.9383102533697661,0.9404838131566162,0.029329398267303755,0.036740660021921036,0.026985654208710155,0.014919835653021721,0.017033702377043877,0.02455172347431359,0.02492682900038569,0.004216065429353637,0.00450412003459275,0.0028567178711768402,0.001253381927100858,0.00214656034813408,0.00271522204665918,0.0029486779428362243,0.9568193113225653,0.9657734140840412,0.9760909786629465,0.9684479220606627,0.8373627459816538,0.9383100282252497,0.9404674000561867,10.874032735824585
