expl_var_class_0,expl_var_class_1,expl_var_class_2,expl_var_class_3,expl_var_class_4,expl_var_class_5,expl_var_mean,mae_class_0,mae_class_1,mae_class_2,mae_class_3,mae_class_4,mae_class_5,mae_mean,mse_class_0,mse_class_1,mse_class_2,mse_class_3,mse_class_4,mse_class_5,mse_mean,r2_class_0,r2_class_1,r2_class_2,r2_class_3,r2_class_4,r2_class_5,r2_mean,time
0.9599487037288453,0.966451128252891,0.9767822494716258,0.9687648825235232,0.8347451253182828,0.9386775234930802,0.9408949354647081,0.0287105036081357,0.03685211218520847,0.02686718695806001,0.014465282897608218,0.017190502002423304,0.024726567228979514,0.024802025813402535,0.003922320724764202,0.004416595783285931,0.002764933384004344,0.0012397986511377673,0.0021869614150918718,0.002702341595289556,0.0028721585922622784,0.9599441538254117,0.96644802828002,0.9767822482141639,0.968683692313612,0.8346965773923167,0.9386391359531014,0.940865639329771,4.627380132675171
