expl_var_class_0,expl_var_class_1,expl_var_class_2,expl_var_class_3,expl_var_class_4,expl_var_class_5,expl_var_mean,mae_class_0,mae_class_1,mae_class_2,mae_class_3,mae_class_4,mae_class_5,mae_mean,mse_class_0,mse_class_1,mse_class_2,mse_class_3,mse_class_4,mse_class_5,mse_mean,r2_class_0,r2_class_1,r2_class_2,r2_class_3,r2_class_4,r2_class_5,r2_mean,time
0.9594936470401894,0.9656851632675338,0.9771592443423313,0.9735388345495206,0.8454584432082921,0.938918827033774,0.9433756932402736,0.02840631027715114,0.03664383447961273,0.026296379856190773,0.013994638577062884,0.0166127006968849,0.024505741875365694,0.024409934293711355,0.00395302517195419,0.004522952789424085,0.002729891750919858,0.0010642057200465637,0.0020453202607645456,0.0026727562305848274,0.0028313586539490117,0.9594928448289064,0.9656617241412033,0.9771555158714419,0.9735190773186051,0.8453123080615661,0.9388998244530306,0.9433402157791256,4.970912456512451
