expl_var_class_0,expl_var_class_1,expl_var_class_2,expl_var_class_3,expl_var_class_4,expl_var_class_5,expl_var_mean,mae_class_0,mae_class_1,mae_class_2,mae_class_3,mae_class_4,mae_class_5,mae_mean,mse_class_0,mse_class_1,mse_class_2,mse_class_3,mse_class_4,mse_class_5,mse_mean,r2_class_0,r2_class_1,r2_class_2,r2_class_3,r2_class_4,r2_class_5,r2_mean,time
0.9535508619240165,0.9656321313907402,0.97490067692511,0.9670649137586406,0.8201458291938826,0.9379549789942432,0.9365415653644389,0.029771754791965786,0.037036144995391956,0.027375714553887827,0.014725793772052027,0.017671527031346432,0.024765505459031396,0.025224406767279235,0.004529832645333957,0.004528064557531373,0.0029962174915569863,0.001304089494375901,0.002378783262706309,0.0027327978212911747,0.003078297545465951,0.9535426916664576,0.9656240156193019,0.9748992069318938,0.9670301293718243,0.8200691360249077,0.937944714977712,0.9365183157653494,7.09028434753418
