expl_var_class_0,expl_var_class_1,expl_var_class_2,expl_var_class_3,expl_var_class_4,expl_var_class_5,expl_var_mean,mae_class_0,mae_class_1,mae_class_2,mae_class_3,mae_class_4,mae_class_5,mae_mean,mse_class_0,mse_class_1,mse_class_2,mse_class_3,mse_class_4,mse_class_5,mse_mean,r2_class_0,r2_class_1,r2_class_2,r2_class_3,r2_class_4,r2_class_5,r2_mean,time
0.9580721085696593,0.9672092833896319,0.9776904349223509,0.9695085190167593,0.8425190047609326,0.9390963677417913,0.9423492864001876,0.029135034662483152,0.03580206499422704,0.025839597915554114,0.01454720255947702,0.01700838534717335,0.024505388658917972,0.024472945689638773,0.004104736464857187,0.004316751889403364,0.002655269381248214,0.0012147263274643436,0.0020792975329631245,0.0026761712102195156,0.0028411588010259577,0.9580598144514798,0.9672085861161095,0.9776883856028084,0.9694596700547489,0.8424836853998214,0.9390822006075136,0.9423303903720802,12.008349418640137
