expl_var_class_0,expl_var_class_1,expl_var_class_2,expl_var_class_3,expl_var_class_4,expl_var_class_5,expl_var_mean,mae_class_0,mae_class_1,mae_class_2,mae_class_3,mae_class_4,mae_class_5,mae_mean,mse_class_0,mse_class_1,mse_class_2,mse_class_3,mse_class_4,mse_class_5,mse_mean,r2_class_0,r2_class_1,r2_class_2,r2_class_3,r2_class_4,r2_class_5,r2_mean,time
0.9581410530071696,0.9667423818443337,0.9770605868701077,0.9718740952321805,0.8409662472924765,0.939824516620637,0.9424348134778174,0.028986858493164302,0.03564046165328211,0.02609774524909062,0.014409046785666324,0.016862345218853148,0.024174451286332745,0.024361818114398207,0.004085101482296936,0.004384222550624089,0.0027414748538251406,0.0011319797593839745,0.0021041888504515936,0.0026327526442187594,0.0028466200234667487,0.9581394419628088,0.9667149646749117,0.9770585852842162,0.97183263731768,0.8408600731519309,0.9398143209273089,0.9424033372198095,8.418005228042603
