expl_var_class_0,expl_var_class_1,expl_var_class_2,expl_var_class_3,expl_var_class_4,expl_var_class_5,expl_var_mean,mae_class_0,mae_class_1,mae_class_2,mae_class_3,mae_class_4,mae_class_5,mae_mean,mse_class_0,mse_class_1,mse_class_2,mse_class_3,mse_class_4,mse_class_5,mse_mean,r2_class_0,r2_class_1,r2_class_2,r2_class_3,r2_class_4,r2_class_5,r2_mean,time
0.9549072784014,0.9662420456693278,0.976095549301167,0.9683058498420983,0.82029475823968,0.9364945580242564,0.9370566732463218,0.030052553677472338,0.036543022793571155,0.026932324864240676,0.014670443844646065,0.017794591462673467,0.025198200132032632,0.025198522795772723,0.004404294651167985,0.004436962055275503,0.0028468931949707037,0.0012627228236043952,0.0023725237776727817,0.002803581814549834,0.003021163052873534,0.9548915672285802,0.9662413169350071,0.9760938691651078,0.9682709204254346,0.8201994822703162,0.9364752172390726,0.9370287288772531,12.773342609405518
