expl_var_class_0,expl_var_class_1,expl_var_class_2,expl_var_class_3,expl_var_class_4,expl_var_class_5,expl_var_mean,mae_class_0,mae_class_1,mae_class_2,mae_class_3,mae_class_4,mae_class_5,mae_mean,mse_class_0,mse_class_1,mse_class_2,mse_class_3,mse_class_4,mse_class_5,mse_mean,r2_class_0,r2_class_1,r2_class_2,r2_class_3,r2_class_4,r2_class_5,r2_mean,time
0.9576180995003154,0.9655933793594795,0.9746867692636819,0.9705574608446752,0.841917244105219,0.939125260935061,0.941583035668072,0.02895787185235328,0.03678598363287598,0.027654587381831568,0.014669032177144466,0.016689215983945245,0.02444689591173748,0.024867264489981337,0.004130824121842837,0.0045281032724750914,0.0030233909409081087,0.0011687051211093957,0.0020940120999999342,0.002669804256719078,0.0029358066355090746,0.9576165956777882,0.9655933377761159,0.9746834254898866,0.9705454074832542,0.8417234615133422,0.939092190259695,0.9415424030333469,9.19109582901001
