expl_var_class_0,expl_var_class_1,expl_var_class_2,expl_var_class_3,expl_var_class_4,expl_var_class_5,expl_var_mean,mae_class_0,mae_class_1,mae_class_2,mae_class_3,mae_class_4,mae_class_5,mae_mean,mse_class_0,mse_class_1,mse_class_2,mse_class_3,mse_class_4,mse_class_5,mse_mean,r2_class_0,r2_class_1,r2_class_2,r2_class_3,r2_class_4,r2_class_5,r2_mean,time
0.9558855543656035,0.966206561246499,0.975725824014577,0.9646914898977312,0.8275489121518859,0.9364148270867313,0.9377455281271714,0.029379010958219223,0.03661197153171986,0.026872581269745913,0.01512404789062617,0.01743803995397202,0.024835009233638242,0.02504344347298691,0.004306309160513943,0.004453136029369659,0.002900956041171426,0.0014036617553960784,0.002270146685857569,0.002789575019286746,0.0030206307819325706,0.9558855520531497,0.9661996646912462,0.9757230957130781,0.9646691521266382,0.8275429183558316,0.9363981311864275,0.9377364190210619,6.419500350952148
