expl_var_class_0,expl_var_class_1,expl_var_class_2,expl_var_class_3,expl_var_class_4,expl_var_class_5,expl_var_mean,mae_class_0,mae_class_1,mae_class_2,mae_class_3,mae_class_4,mae_class_5,mae_mean,mse_class_0,mse_class_1,mse_class_2,mse_class_3,mse_class_4,mse_class_5,mse_mean,r2_class_0,r2_class_1,r2_class_2,r2_class_3,r2_class_4,r2_class_5,r2_mean,time
0.9571817570157002,0.9671233142661839,0.9771429373063588,0.9715693700565697,0.8304082197566525,0.9394040968946128,0.9404716158826796,0.02914150632844059,0.03623303678592937,0.026444445439396322,0.014260964728733326,0.017412367388781314,0.02446442277715276,0.024659457241405613,0.004179209703756827,0.004330635724111755,0.002727214912454366,0.0011281524642097846,0.0022302582154511397,0.0026659621313217794,0.0028769055252176085,0.9571796107406483,0.967123130821244,0.9771426740393379,0.9715233569890659,0.8304022896770814,0.9393880916328096,0.9404598589833646,7.2863969802856445
