expl_var_class_0,expl_var_class_1,expl_var_class_2,expl_var_class_3,expl_var_class_4,expl_var_class_5,expl_var_mean,mae_class_0,mae_class_1,mae_class_2,mae_class_3,mae_class_4,mae_class_5,mae_mean,mse_class_0,mse_class_1,mse_class_2,mse_class_3,mse_class_4,mse_class_5,mse_mean,r2_class_0,r2_class_1,r2_class_2,r2_class_3,r2_class_4,r2_class_5,r2_mean,time
0.9576702484467475,0.9667350214115544,0.976837593624151,0.9717289239109651,0.8497688609010976,0.9394759219807154,0.9437027617125385,0.028951323644865305,0.036581271120861875,0.026239304201329302,0.014092950177170287,0.01634753113516337,0.024446401121047623,0.02444313023340629,0.004130479972391274,0.004380841804810394,0.00276707775728686,0.0011234959812017782,0.001959480705847282,0.0026688723851351175,0.002838374767778784,0.957670123624458,0.9667205515028703,0.976834650464334,0.9717237949539832,0.8497183628519295,0.939468133243797,0.9436892694402287,6.10739541053772
