expl_var_class_0,expl_var_class_1,expl_var_class_2,expl_var_class_3,expl_var_class_4,expl_var_class_5,expl_var_mean,mae_class_0,mae_class_1,mae_class_2,mae_class_3,mae_class_4,mae_class_5,mae_mean,mse_class_0,mse_class_1,mse_class_2,mse_class_3,mse_class_4,mse_class_5,mse_mean,r2_class_0,r2_class_1,r2_class_2,r2_class_3,r2_class_4,r2_class_5,r2_mean,time
0.9584129592884153,0.9652469635030763,0.9764892594810648,0.9717087574030919,0.844887274186975,0.9392249460529057,0.9426616933192548,0.02885156978697901,0.03701479484820065,0.026546903761297112,0.014279251806818848,0.016366519536307585,0.02437068079549717,0.0245716200891834,0.004059190519900758,0.004581676335507016,0.002810131026717813,0.0011389114473801683,0.0020534714770831532,0.0026592923158859296,0.0028837788537458063,0.9584049549127036,0.9652158947419849,0.9764840515682014,0.9716601542249649,0.8446958310906956,0.9392076144198964,0.9426114168264078,3.312305212020874
