expl_var_class_0,expl_var_class_1,expl_var_class_2,expl_var_class_3,expl_var_class_4,expl_var_class_5,expl_var_mean,mae_class_0,mae_class_1,mae_class_2,mae_class_3,mae_class_4,mae_class_5,mae_mean,mse_class_0,mse_class_1,mse_class_2,mse_class_3,mse_class_4,mse_class_5,mse_mean,r2_class_0,r2_class_1,r2_class_2,r2_class_3,r2_class_4,r2_class_5,r2_mean,time
0.9524873927032622,0.9295604387108478,0.9581953780566993,0.9728403642066376,0.8342318106472404,0.9260036622552672,0.9288865077633256,0.031779075246202916,0.05181399139535987,0.035948320941458764,0.014128434328050844,0.01742779730007959,0.027023202259946345,0.029686803578516385,0.004653975117356644,0.009273291131384717,0.004979618912556187,0.0010765829758071174,0.0021943940434078144,0.0032601958857045774,0.00423967634436951,0.9524722926852428,0.9295527104905495,0.9581850483021971,0.9728063878038882,0.8341347755739958,0.9259721876547065,0.9288539004184301,1.3626480102539062
