expl_var_class_0,expl_var_class_1,expl_var_class_2,expl_var_class_3,expl_var_class_4,expl_var_class_5,expl_var_mean,mae_class_0,mae_class_1,mae_class_2,mae_class_3,mae_class_4,mae_class_5,mae_mean,mse_class_0,mse_class_1,mse_class_2,mse_class_3,mse_class_4,mse_class_5,mse_mean,r2_class_0,r2_class_1,r2_class_2,r2_class_3,r2_class_4,r2_class_5,r2_mean,time
0.9562522192374178,0.9642748516811905,0.9748995624620751,0.9696395078349886,0.8237728528575134,0.9374521961069568,0.937715198363357,0.029371913001279858,0.037476084399220844,0.027721688791604273,0.014719233146790725,0.017429956304358923,0.02486436633731775,0.02526387366342873,0.004271898761902274,0.004705264528872505,0.0029994537957293748,0.0012074168319681357,0.0023268060520668407,0.0027529824154940426,0.0030439703976721955,0.9562474696870392,0.9642449269961941,0.9748963642769326,0.9696050268766474,0.823706169141543,0.9374521108808863,0.9376920113098737,11.318601369857788
