expl_var_class_0,expl_var_class_1,expl_var_class_2,expl_var_class_3,expl_var_class_4,expl_var_class_5,expl_var_mean,mae_class_0,mae_class_1,mae_class_2,mae_class_3,mae_class_4,mae_class_5,mae_mean,mse_class_0,mse_class_1,mse_class_2,mse_class_3,mse_class_4,mse_class_5,mse_mean,r2_class_0,r2_class_1,r2_class_2,r2_class_3,r2_class_4,r2_class_5,r2_mean,time
0.9547540454288639,0.967146421627694,0.9783671668479008,0.9697169862669573,0.8092824741969119,0.93699653310968,0.9360439379130012,0.029993722500564514,0.03604645429182582,0.025359920356396688,0.014598122015815528,0.0178493011305958,0.024867294978790717,0.024785802545664842,0.004418321430085432,0.004319681118423367,0.0025766506259468783,0.0012056279144962935,0.0025192426802906126,0.002781433164605646,0.0029701594889747045,0.9547479060832865,0.96713365045678,0.9783631689841715,0.9697055732886991,0.8090804642441647,0.9369770710351167,0.9360013056820363,2.772510528564453
