expl_var_class_0,expl_var_class_1,expl_var_class_2,expl_var_class_3,expl_var_class_4,expl_var_class_5,expl_var_mean,mae_class_0,mae_class_1,mae_class_2,mae_class_3,mae_class_4,mae_class_5,mae_mean,mse_class_0,mse_class_1,mse_class_2,mse_class_3,mse_class_4,mse_class_5,mse_mean,r2_class_0,r2_class_1,r2_class_2,r2_class_3,r2_class_4,r2_class_5,r2_mean,time
0.9592597040997274,0.9638425255734168,0.975556955236831,0.970167192509384,0.8433258246092734,0.940020964837857,0.942028861144415,0.02863946422724466,0.037589653637795144,0.027273520473016115,0.014874265749745796,0.0166681942457989,0.02451796144382333,0.02492717662957066,0.003978761142274994,0.004758403176938206,0.0029206639540068687,0.0011857487331179061,0.0020681995977069076,0.0026400462640613328,0.0029253038113510356,0.9592497675652082,0.9638411290313286,0.9755557881654072,0.9701504899385739,0.8432998617414649,0.9400180255186247,0.9420191769934346,2.673325538635254
