expl_var_class_0,expl_var_class_1,expl_var_class_2,expl_var_class_3,expl_var_class_4,expl_var_class_5,expl_var_mean,mae_class_0,mae_class_1,mae_class_2,mae_class_3,mae_class_4,mae_class_5,mae_mean,mse_class_0,mse_class_1,mse_class_2,mse_class_3,mse_class_4,mse_class_5,mse_mean,r2_class_0,r2_class_1,r2_class_2,r2_class_3,r2_class_4,r2_class_5,r2_mean,time
0.9565806917176704,0.9680433159155927,0.9786592070229844,0.9734795112882209,0.8424416523807342,0.9374494770887013,0.9427756425689839,0.029429006389863625,0.03558989462635655,0.025051763316686255,0.014055510528693445,0.01666603554433401,0.025193199364136894,0.024330901628345128,0.004257103644990191,0.004207602779401974,0.002535862554844909,0.001046032051930695,0.0020836106850732183,0.002748241043431736,0.0028130754599454536,0.9565745900706805,0.9680428485452716,0.9786591640879333,0.973477688457912,0.8423435885861659,0.9374288148131933,0.9427544490935261,3.867143154144287
