expl_var_class_0,expl_var_class_1,expl_var_class_2,expl_var_class_3,expl_var_class_4,expl_var_class_5,expl_var_mean,mae_class_0,mae_class_1,mae_class_2,mae_class_3,mae_class_4,mae_class_5,mae_mean,mse_class_0,mse_class_1,mse_class_2,mse_class_3,mse_class_4,mse_class_5,mse_mean,r2_class_0,r2_class_1,r2_class_2,r2_class_3,r2_class_4,r2_class_5,r2_mean,time
0.9565375686950333,0.9670172633697455,0.9776242517842152,0.9703797716887311,0.8467956530360148,0.939102462683325,0.9429094952095106,0.02946672814635101,0.03606674090859548,0.0260911040560646,0.01443409849492542,0.01673417503631415,0.024695753280881826,0.02458143332052208,0.00426082175501116,0.004344601659441408,0.0026589154400356676,0.0011693914348766884,0.002025519663416516,0.002675011004713231,0.002855710159582445,0.9565366627695652,0.967002328755718,0.9776235987232628,0.9703498913888886,0.8467390459887262,0.9390960959000701,0.9428912705877052,6.086201190948486
