expl_var_class_0,expl_var_class_1,expl_var_class_2,expl_var_class_3,expl_var_class_4,expl_var_class_5,expl_var_mean,mae_class_0,mae_class_1,mae_class_2,mae_class_3,mae_class_4,mae_class_5,mae_mean,mse_class_0,mse_class_1,mse_class_2,mse_class_3,mse_class_4,mse_class_5,mse_mean,r2_class_0,r2_class_1,r2_class_2,r2_class_3,r2_class_4,r2_class_5,r2_mean,time
0.9575337155331322,0.9650905167581113,0.9766220362134107,0.9716574580198742,0.8541762705256066,0.9392591579882771,0.9440565258397355,0.029184593857648652,0.037206558671706955,0.02650790972950062,0.014027078058573172,0.016218103823609893,0.02463864203952662,0.024630481030094322,0.004144322780080005,0.004597939375550984,0.002793040943649431,0.0011271285915058313,0.0019013759595862963,0.002679159883326921,0.002873827922283245,0.9575282601262518,0.9650713507907195,0.9766172925366197,0.9716323692297009,0.8541746845539584,0.9392348056882086,0.944043127154243,4.878141164779663
