expl_var_class_0,expl_var_class_1,expl_var_class_2,expl_var_class_3,expl_var_class_4,expl_var_class_5,expl_var_mean,mae_class_0,mae_class_1,mae_class_2,mae_class_3,mae_class_4,mae_class_5,mae_mean,mse_class_0,mse_class_1,mse_class_2,mse_class_3,mse_class_4,mse_class_5,mse_mean,r2_class_0,r2_class_1,r2_class_2,r2_class_3,r2_class_4,r2_class_5,r2_mean,time
0.9557396338466896,0.9648984666826039,0.975236649361416,0.96736614064861,0.8293223497240843,0.938452171111599,0.9385025685625005,0.02961174361679217,0.03739091209677643,0.027353214528392043,0.01462634693055173,0.01700024790929672,0.02479464173405834,0.025129517802644576,0.004323838876974089,0.004626917588457,0.0029572440315193175,0.0012966900999132076,0.002259515512016839,0.002713779237060865,0.003029664224323553,0.9557392221654791,0.9648969549047643,0.9752336843077019,0.9673117797809166,0.8292030800405342,0.9384022752917757,0.9384644994151953,7.997178554534912
