expl_var_class_0,expl_var_class_1,expl_var_class_2,expl_var_class_3,expl_var_class_4,expl_var_class_5,expl_var_mean,mae_class_0,mae_class_1,mae_class_2,mae_class_3,mae_class_4,mae_class_5,mae_mean,mse_class_0,mse_class_1,mse_class_2,mse_class_3,mse_class_4,mse_class_5,mse_mean,r2_class_0,r2_class_1,r2_class_2,r2_class_3,r2_class_4,r2_class_5,r2_mean,time
0.9558919998445933,0.967274447497468,0.9771423630040084,0.9723995851964439,0.8378431394211944,0.9361475778173561,0.9411165187968439,0.02931392438892385,0.03606612288938501,0.0265333835182018,0.014168042795292613,0.017097806089684534,0.02466711362871808,0.02464106555170098,0.004290184635848864,0.004311424740696236,0.002725367452882208,0.0010984124168738707,0.002140008337773226,0.002817145177816926,0.002897090460315222,0.9558867124797135,0.9672182407266988,0.9771329933980507,0.9723823506302436,0.8376700649182514,0.9361475401208569,0.9410729837123024,6.524340867996216
