expl_var_class_0,expl_var_class_1,expl_var_class_2,expl_var_class_3,expl_var_class_4,expl_var_class_5,expl_var_mean,mae_class_0,mae_class_1,mae_class_2,mae_class_3,mae_class_4,mae_class_5,mae_mean,mse_class_0,mse_class_1,mse_class_2,mse_class_3,mse_class_4,mse_class_5,mse_mean,r2_class_0,r2_class_1,r2_class_2,r2_class_3,r2_class_4,r2_class_5,r2_mean,time
0.9509436478695765,0.9268946146941585,0.9558745612724735,0.9743673223333507,0.8335923128883174,0.9255979472820156,0.9278784010566485,0.03147618585993043,0.05227709540869893,0.03681649393357056,0.014131689728286923,0.017400339373349626,0.02671644622851492,0.0298030417553919,0.0047820502959583745,0.009627860935227698,0.0052603965085040024,0.0010214453065083803,0.0022120254101549936,0.0032634937282944127,0.004361212030774644,0.9509434902304099,0.9268220675982337,0.9558557654282603,0.9743612197385391,0.8333412458287249,0.9255814861783931,0.9278175458337601,1.4510698318481445
