expl_var_class_0,expl_var_class_1,expl_var_class_2,expl_var_class_3,expl_var_class_4,expl_var_class_5,expl_var_mean,mae_class_0,mae_class_1,mae_class_2,mae_class_3,mae_class_4,mae_class_5,mae_mean,mse_class_0,mse_class_1,mse_class_2,mse_class_3,mse_class_4,mse_class_5,mse_mean,r2_class_0,r2_class_1,r2_class_2,r2_class_3,r2_class_4,r2_class_5,r2_mean,time
0.9578676880969647,0.9661803420993781,0.9780120502471021,0.9708923632170433,0.8507489175965626,0.9396517080880767,0.9438921782241879,0.029111791696748518,0.03603743007248083,0.025190928109678715,0.014366391162750968,0.0163131591896925,0.024539482485471557,0.02425986378613718,0.0041075552898861825,0.004458141888603892,0.002626868325134636,0.0011609439610116479,0.0019778860601215175,0.002642113981986347,0.0028289182511240366,0.9578276987468088,0.9661731864882807,0.9780117403977748,0.9708179951322664,0.8506778136832737,0.939651621002245,0.9438600092417749,3.049732208251953
