expl_var_class_0,expl_var_class_1,expl_var_class_2,expl_var_class_3,expl_var_class_4,expl_var_class_5,expl_var_mean,mae_class_0,mae_class_1,mae_class_2,mae_class_3,mae_class_4,mae_class_5,mae_mean,mse_class_0,mse_class_1,mse_class_2,mse_class_3,mse_class_4,mse_class_5,mse_mean,r2_class_0,r2_class_1,r2_class_2,r2_class_3,r2_class_4,r2_class_5,r2_mean,time
0.9570038228290384,0.9677832548576412,0.9776847849877569,0.9699777788229357,0.8316664452140525,0.9403776377243309,0.9407489540726259,0.02948627763014843,0.035831900406157934,0.026112550478502,0.014716567743802282,0.01731096855678996,0.02445504805267214,0.024652218811345456,0.0041967404008940576,0.0042437498828462724,0.002662586140094257,0.0011906900594850268,0.0022136963203398165,0.002623001914608194,0.002855077453044604,0.9569999903510016,0.9677827417002812,0.9776843405246325,0.9699447930698152,0.8316617220916911,0.9403648124527664,0.9407397333650312,6.282803535461426
