expl_var_class_0,expl_var_class_1,expl_var_class_2,expl_var_class_3,expl_var_class_4,expl_var_class_5,expl_var_mean,mae_class_0,mae_class_1,mae_class_2,mae_class_3,mae_class_4,mae_class_5,mae_mean,mse_class_0,mse_class_1,mse_class_2,mse_class_3,mse_class_4,mse_class_5,mse_mean,r2_class_0,r2_class_1,r2_class_2,r2_class_3,r2_class_4,r2_class_5,r2_mean,time
0.9570677371805555,0.9659950252979176,0.9763072619346038,0.9685908923731924,0.8439218419304574,0.9401513564704386,0.9420056858645275,0.02965160612371185,0.03671567435072262,0.026962679946839554,0.015041504120908352,0.016751368062465934,0.024717031603990594,0.02497331070143981,0.004208872799375845,0.004478066548375739,0.0028153329271277724,0.001238796191953662,0.002064149000152507,0.002629208170449791,0.0029057376062392192,0.9570665781491257,0.9659886499715793,0.9763072498070201,0.9685901225688981,0.8438161570590801,0.9401389220494095,0.9419846132675187,5.101274251937866
