expl_var_class_0,expl_var_class_1,expl_var_class_2,expl_var_class_3,expl_var_class_4,expl_var_class_5,expl_var_mean,mae_class_0,mae_class_1,mae_class_2,mae_class_3,mae_class_4,mae_class_5,mae_mean,mse_class_0,mse_class_1,mse_class_2,mse_class_3,mse_class_4,mse_class_5,mse_mean,r2_class_0,r2_class_1,r2_class_2,r2_class_3,r2_class_4,r2_class_5,r2_mean,time
0.9548218067307604,0.9651283825502652,0.9747949751750946,0.9684503309705872,0.8244441265038295,0.9375571878905307,0.9375328016368446,0.029564903975233068,0.037293170219034284,0.027436911929833906,0.014453901392134944,0.017411732876405794,0.024769545169615576,0.025155027593709592,0.004406362826183998,0.004595493139411456,0.003009281854775285,0.0012494336155964277,0.0023218606982630006,0.0027500212684165868,0.003055408900441125,0.9548089802707496,0.96511211393414,0.9747897603117358,0.9684119342711045,0.8243747515723746,0.9375536117968961,0.9375085253595001,9.790546655654907
