expl_var_class_0,expl_var_class_1,expl_var_class_2,expl_var_class_3,expl_var_class_4,expl_var_class_5,expl_var_mean,mae_class_0,mae_class_1,mae_class_2,mae_class_3,mae_class_4,mae_class_5,mae_mean,mse_class_0,mse_class_1,mse_class_2,mse_class_3,mse_class_4,mse_class_5,mse_mean,r2_class_0,r2_class_1,r2_class_2,r2_class_3,r2_class_4,r2_class_5,r2_mean,time
0.9577097183654014,0.9654368467239708,0.9759502808271842,0.966515168535293,0.833118568053747,0.9379936239884596,0.9394540344156761,0.029042573762823907,0.03679040695577036,0.026771327715698408,0.015181410313343566,0.017200511778431515,0.024828673085437944,0.02496915060191762,0.004145826227521124,0.004550719513878964,0.0028580251495444416,0.0013211624021662177,0.0022060789219143697,0.0027242790442218987,0.0029676818765411693,0.9577096969114915,0.9654368436476582,0.975947968618229,0.9665017140122325,0.8330770289208332,0.9379743749246646,0.9394412711725182,3.286090850830078
