expl_var_class_0,expl_var_class_1,expl_var_class_2,expl_var_class_3,expl_var_class_4,expl_var_class_5,expl_var_mean,mae_class_0,mae_class_1,mae_class_2,mae_class_3,mae_class_4,mae_class_5,mae_mean,mse_class_0,mse_class_1,mse_class_2,mse_class_3,mse_class_4,mse_class_5,mse_mean,r2_class_0,r2_class_1,r2_class_2,r2_class_3,r2_class_4,r2_class_5,r2_mean,time
0.9548220519678299,0.9658237167419441,0.9767997363895616,0.9682966198143296,0.8249652561545162,0.9357042917288487,0.9377352787995049,0.02955091395137471,0.036324186218071264,0.026267829820852007,0.015064137786772453,0.017588121468215784,0.025072542250138424,0.024977955249237443,0.004415057241247845,0.004495989121190983,0.0027657490498589504,0.0012620826381051465,0.002298790995936303,0.002822157641507951,0.003009971114641196,0.9548152599248138,0.9658216714181225,0.9767968761738951,0.9682278854614175,0.8249631061672358,0.9356919859869457,0.9377194641887382,3.289982318878174
