expl_var_class_0,expl_var_class_1,expl_var_class_2,expl_var_class_3,expl_var_class_4,expl_var_class_5,expl_var_mean,mae_class_0,mae_class_1,mae_class_2,mae_class_3,mae_class_4,mae_class_5,mae_mean,mse_class_0,mse_class_1,mse_class_2,mse_class_3,mse_class_4,mse_class_5,mse_mean,r2_class_0,r2_class_1,r2_class_2,r2_class_3,r2_class_4,r2_class_5,r2_mean,time
0.9562382218127966,0.9663753646709927,0.9758307024502721,0.9668902143553063,0.8349418578062425,0.9378106891057565,0.9396811750335611,0.029624784178442835,0.03663783201484803,0.02682532182981123,0.014977645629335004,0.017021350848193628,0.02475538228486993,0.024973719464250105,0.004271021771723696,0.00443208913552196,0.002888116943365116,0.0013163066300791834,0.0021521945149401344,0.002742360068091242,0.0029670148439535555,0.9562298268475453,0.9663312466662615,0.9758213377572258,0.9668711265564681,0.8349382496081037,0.9378013819005337,0.9396655282226898,8.305040121078491
