expl_var_class_0,expl_var_class_1,expl_var_class_2,expl_var_class_3,expl_var_class_4,expl_var_class_5,expl_var_mean,mae_class_0,mae_class_1,mae_class_2,mae_class_3,mae_class_4,mae_class_5,mae_mean,mse_class_0,mse_class_1,mse_class_2,mse_class_3,mse_class_4,mse_class_5,mse_mean,r2_class_0,r2_class_1,r2_class_2,r2_class_3,r2_class_4,r2_class_5,r2_mean,time
0.9577340639742227,0.9661627694509888,0.9753645728070487,0.9656489702450545,0.8468221172349643,0.9380528969477029,0.9416308984433303,0.029255165798473856,0.036721580427602804,0.026965132282824596,0.01464744341155718,0.016765867797075534,0.024652760989888348,0.024834658451237057,0.004138011677655934,0.0044555059423568594,0.0029318602138373624,0.0013688933565999379,0.0020225889985990915,0.0027215017589431226,0.0029397269913320513,0.9577198246346196,0.9661545664052167,0.9753642568171911,0.9655836431423261,0.8467796166928628,0.9380503393936455,0.9416087078476436,4.598970174789429
