expl_var_class_0,expl_var_class_1,expl_var_class_2,expl_var_class_3,expl_var_class_4,expl_var_class_5,expl_var_mean,mae_class_0,mae_class_1,mae_class_2,mae_class_3,mae_class_4,mae_class_5,mae_mean,mse_class_0,mse_class_1,mse_class_2,mse_class_3,mse_class_4,mse_class_5,mse_mean,r2_class_0,r2_class_1,r2_class_2,r2_class_3,r2_class_4,r2_class_5,r2_mean,time
0.9559474908779031,0.965304583281345,0.9747340778150726,0.9695694599737582,0.8257715831796889,0.9404102889061817,0.9386229140056582,0.029500305968093395,0.036954639705849425,0.027426898981724703,0.014666609228830776,0.017660875404329344,0.024245337842970744,0.02507577785529973,0.004296064574200972,0.004564895464092745,0.0030110015352632718,0.0012128221647182444,0.0023148300807730843,0.0026142627836239986,0.0030023127671120527,0.9559289591886563,0.9653038599186405,0.9747322549063263,0.9695575663431908,0.8255957207323389,0.9403861115436825,0.9385840787721392,13.391604661941528
