expl_var_class_0,expl_var_class_1,expl_var_class_2,expl_var_class_3,expl_var_class_4,expl_var_class_5,expl_var_mean,mae_class_0,mae_class_1,mae_class_2,mae_class_3,mae_class_4,mae_class_5,mae_mean,mse_class_0,mse_class_1,mse_class_2,mse_class_3,mse_class_4,mse_class_5,mse_mean,r2_class_0,r2_class_1,r2_class_2,r2_class_3,r2_class_4,r2_class_5,r2_mean,time
0.9591813311987918,0.9658161764377093,0.975680658604496,0.9719274625927803,0.8455256440549037,0.9415339962914228,0.9432775448633506,0.028695148607193032,0.0362915017327769,0.026588743727195205,0.014264064295976764,0.016645628896569963,0.024028873270208365,0.024418993421653375,0.0039793216835874575,0.004500010073419744,0.0029048177740237644,0.001114200645960945,0.0020450901831890445,0.0025629021349147284,0.0028510570825159474,0.9591710528289472,0.965806803139541,0.9756763061569915,0.9719190705885487,0.845421239405342,0.9415310110381501,0.9432542471929201,5.3386406898498535
