expl_var_class_0,expl_var_class_1,expl_var_class_2,expl_var_class_3,expl_var_class_4,expl_var_class_5,expl_var_mean,mae_class_0,mae_class_1,mae_class_2,mae_class_3,mae_class_4,mae_class_5,mae_mean,mse_class_0,mse_class_1,mse_class_2,mse_class_3,mse_class_4,mse_class_5,mse_mean,r2_class_0,r2_class_1,r2_class_2,r2_class_3,r2_class_4,r2_class_5,r2_mean,time
0.9557125462795564,0.9648843706370628,0.9758820697030332,0.9704944666157463,0.8359809158346855,0.934985952061707,0.9396567201886318,0.02961774989334798,0.037276061370053855,0.02709505836306854,0.014395764193937496,0.017045241351306206,0.024929080010703254,0.025059825863736226,0.004308239019136146,0.0046206936896473335,0.0028758735130757786,0.0011738443915274904,0.0021624290654964373,0.002868562125328517,0.0030016069673686175,0.9557010705392015,0.9648667256603395,0.9758701827379909,0.9704857462262428,0.835969344780132,0.9349821409770911,0.9396458684868331,8.366145610809326
