expl_var_class_0,expl_var_class_1,expl_var_class_2,expl_var_class_3,expl_var_class_4,expl_var_class_5,expl_var_mean,mae_class_0,mae_class_1,mae_class_2,mae_class_3,mae_class_4,mae_class_5,mae_mean,mse_class_0,mse_class_1,mse_class_2,mse_class_3,mse_class_4,mse_class_5,mse_mean,r2_class_0,r2_class_1,r2_class_2,r2_class_3,r2_class_4,r2_class_5,r2_mean,time
0.9551451667299148,0.9670216582464778,0.9781619696009307,0.9687312801238678,0.8118148103191077,0.9372760727276891,0.9363584929579979,0.029829058594068467,0.03635416593534307,0.02598481081890173,0.01467391684894032,0.01796180506241858,0.024862425807757126,0.02494436384457155,0.004377855590699057,0.00434443832250348,0.0026056704986759235,0.001243453036345598,0.0024749146895576726,0.002760860877254835,0.0029678655025060945,0.9551442751612947,0.9670183456925561,0.9781613617385523,0.9686129584961034,0.8117976377418555,0.9372305238170192,0.9363275171078969,13.466012001037598
