expl_var_class_0,expl_var_class_1,expl_var_class_2,expl_var_class_3,expl_var_class_4,expl_var_class_5,expl_var_mean,mae_class_0,mae_class_1,mae_class_2,mae_class_3,mae_class_4,mae_class_5,mae_mean,mse_class_0,mse_class_1,mse_class_2,mse_class_3,mse_class_4,mse_class_5,mse_mean,r2_class_0,r2_class_1,r2_class_2,r2_class_3,r2_class_4,r2_class_5,r2_mean,time
0.9548253532077174,0.9658215581813943,0.9761036020279416,0.9678538544049228,0.8225276341389273,0.9360904273758393,0.9372037382227904,0.030106543196431246,0.036625256681378636,0.026893610310072025,0.014805313558503421,0.01773288074144992,0.025071970259080773,0.025205929124486007,0.0044120927271138685,0.004492191381332522,0.0028460752295086725,0.0012810099575044642,0.0023425863013429343,0.002821040659760817,0.0030324993760938797,0.9548116999598318,0.9658211038948629,0.9761007378419476,0.9678114102971154,0.8224682788127504,0.9360796270895257,0.9371821429826723,13.327598810195923
