expl_var_class_0,expl_var_class_1,expl_var_class_2,expl_var_class_3,expl_var_class_4,expl_var_class_5,expl_var_mean,mae_class_0,mae_class_1,mae_class_2,mae_class_3,mae_class_4,mae_class_5,mae_mean,mse_class_0,mse_class_1,mse_class_2,mse_class_3,mse_class_4,mse_class_5,mse_mean,r2_class_0,r2_class_1,r2_class_2,r2_class_3,r2_class_4,r2_class_5,r2_mean,time
0.9549182411180628,0.9653455731866134,0.975412532148445,0.9701201444738294,0.8167216684277431,0.9350719467526736,0.9362650176845612,0.030118273877478396,0.03688409618537841,0.026957599587995085,0.014439658817044789,0.01772024118305447,0.025145506014087625,0.02521089594417313,0.004403417242884208,0.0045546920421059185,0.002928128603947695,0.0011906519167095722,0.0024196990931604732,0.002866020236019531,0.003060434855804567,0.95490055357389,0.9653455668106786,0.9754117135019236,0.9700818828133239,0.8166243247825088,0.9350604601810787,0.9362374169439006,9.626930713653564
