expl_var_class_0,expl_var_class_1,expl_var_class_2,expl_var_class_3,expl_var_class_4,expl_var_class_5,expl_var_mean,mae_class_0,mae_class_1,mae_class_2,mae_class_3,mae_class_4,mae_class_5,mae_mean,mse_class_0,mse_class_1,mse_class_2,mse_class_3,mse_class_4,mse_class_5,mse_mean,r2_class_0,r2_class_1,r2_class_2,r2_class_3,r2_class_4,r2_class_5,r2_mean,time
0.9530496695559219,0.9654259849516035,0.9767549708442155,0.9691504300819107,0.8033502466468574,0.9367983025051472,0.9340882674309426,0.030255568551865078,0.036924555653856106,0.02635873801477566,0.01462529880760391,0.01797925468810291,0.02514933872977842,0.025215459074330347,0.004584461919864713,0.0045441382931836385,0.0027681763074589283,0.0012282491327795686,0.0025959316338047076,0.0027902444134456127,0.0030852002834228613,0.9530463085046976,0.96542586514557,0.9767548761235341,0.9691371584144555,0.8032686305859548,0.93677742190574,0.934068376779992,7.961012363433838
