expl_var_class_0,expl_var_class_1,expl_var_class_2,expl_var_class_3,expl_var_class_4,expl_var_class_5,expl_var_mean,mae_class_0,mae_class_1,mae_class_2,mae_class_3,mae_class_4,mae_class_5,mae_mean,mse_class_0,mse_class_1,mse_class_2,mse_class_3,mse_class_4,mse_class_5,mse_mean,r2_class_0,r2_class_1,r2_class_2,r2_class_3,r2_class_4,r2_class_5,r2_mean,time
0.9579230061525937,0.9656656318819468,0.9750738985550311,0.9691779564761399,0.8395754117437167,0.9414127293240053,0.941471439022239,0.028794517836420723,0.03691000530293666,0.02706480093638892,0.014539017630116644,0.01693207336523138,0.02419603863600585,0.024739408951183362,0.004103003378923554,0.004518321842455575,0.002970295815955675,0.001229849451025127,0.0021323932657011458,0.0025703657269453015,0.002920704913501063,0.9579094712757541,0.9656578493830501,0.9750738494645732,0.9691301730708448,0.8393409029419474,0.9413871104703384,0.941416559434418,8.413724660873413
