expl_var_class_0,expl_var_class_1,expl_var_class_2,expl_var_class_3,expl_var_class_4,expl_var_class_5,expl_var_mean,mae_class_0,mae_class_1,mae_class_2,mae_class_3,mae_class_4,mae_class_5,mae_mean,mse_class_0,mse_class_1,mse_class_2,mse_class_3,mse_class_4,mse_class_5,mse_mean,r2_class_0,r2_class_1,r2_class_2,r2_class_3,r2_class_4,r2_class_5,r2_mean,time
0.95724734368691,0.96605891561327,0.9776216022976374,0.9706249546115615,0.8344451303246696,0.9394186496189075,0.9409027660254927,0.02888609738977079,0.03641817815412555,0.025905985901566536,0.014468657895999907,0.01701360452891286,0.02453057205441905,0.024537182654132447,0.004173839560405281,0.004468183445629624,0.0026717994985747365,0.0011663048092530417,0.0021991401480519306,0.0026735337431509575,0.002892133534177595,0.9572464413300876,0.96605586003543,0.9776097776624948,0.970612573841358,0.8343917037206856,0.939381128011295,0.9408829141002252,3.6060097217559814
