expl_var_class_0,expl_var_class_1,expl_var_class_2,expl_var_class_3,expl_var_class_4,expl_var_class_5,expl_var_mean,mae_class_0,mae_class_1,mae_class_2,mae_class_3,mae_class_4,mae_class_5,mae_mean,mse_class_0,mse_class_1,mse_class_2,mse_class_3,mse_class_4,mse_class_5,mse_mean,r2_class_0,r2_class_1,r2_class_2,r2_class_3,r2_class_4,r2_class_5,r2_mean,time
0.9557136489281819,0.9663048098585159,0.9771827475820568,0.9709554760610029,0.8336678282739662,0.9386808606070052,0.9404175618851215,0.029931157377109347,0.03619534252851356,0.02634074153768744,0.014515624644275865,0.01729377186532018,0.02449366019877477,0.024795049691946857,0.004331053295401097,0.0044325012770814985,0.002719940377328594,0.0011545993321736225,0.0021852332352306015,0.002690991932673027,0.002919053241648073,0.9556749761755825,0.9663043034571329,0.9771811859148983,0.9709337082054567,0.833609737261436,0.9386808361198112,0.9403974578557196,5.472959518432617
