expl_var_class_0,expl_var_class_1,expl_var_class_2,expl_var_class_3,expl_var_class_4,expl_var_class_5,expl_var_mean,mae_class_0,mae_class_1,mae_class_2,mae_class_3,mae_class_4,mae_class_5,mae_mean,mse_class_0,mse_class_1,mse_class_2,mse_class_3,mse_class_4,mse_class_5,mse_mean,r2_class_0,r2_class_1,r2_class_2,r2_class_3,r2_class_4,r2_class_5,r2_mean,time
0.9552395873259631,0.966775574975409,0.97691390823894,0.9688223943863693,0.836431442775451,0.9389612010516225,0.9405240181256258,0.029707403492626704,0.036272230719912986,0.02623391099529715,0.01452874916158727,0.017162978964216657,0.024550927143605083,0.024742700079540974,0.004369426443472853,0.0043793168941415345,0.002757659171358152,0.0012398418473576257,0.0021327607863221225,0.002691370354443883,0.0029283959161826956,0.9552213586748971,0.9667321356203363,0.9769135007368266,0.9687955961684743,0.8364287121290619,0.9389578637801582,0.9405081945182924,10.012929439544678
