expl_var_class_0,expl_var_class_1,expl_var_class_2,expl_var_class_3,expl_var_class_4,expl_var_class_5,expl_var_mean,mae_class_0,mae_class_1,mae_class_2,mae_class_3,mae_class_4,mae_class_5,mae_mean,mse_class_0,mse_class_1,mse_class_2,mse_class_3,mse_class_4,mse_class_5,mse_mean,r2_class_0,r2_class_1,r2_class_2,r2_class_3,r2_class_4,r2_class_5,r2_mean,time
0.9574661529194612,0.9644056842575371,0.9755248159043828,0.9690031547550587,0.849406670428537,0.9391174910702256,0.9424873282225338,0.029378016841134513,0.03722143758092211,0.02693056970913386,0.014542693105357007,0.01675736164438688,0.024273611178814082,0.02485061500995808,0.0041648841742726195,0.004686092181249785,0.0029127740078034926,0.0012352209522813946,0.001988562247939103,0.0026748272157060657,0.0029437267965420765,0.9574452546338644,0.9644029603390842,0.9755246337914975,0.968944399586113,0.8493572989518047,0.9391127940119424,0.9424645568857177,3.7694947719573975
