expl_var_class_0,expl_var_class_1,expl_var_class_2,expl_var_class_3,expl_var_class_4,expl_var_class_5,expl_var_mean,mae_class_0,mae_class_1,mae_class_2,mae_class_3,mae_class_4,mae_class_5,mae_mean,mse_class_0,mse_class_1,mse_class_2,mse_class_3,mse_class_4,mse_class_5,mse_mean,r2_class_0,r2_class_1,r2_class_2,r2_class_3,r2_class_4,r2_class_5,r2_mean,time
0.9540359055283597,0.9655137740645032,0.9760478928722038,0.9684607319583435,0.8145582538030031,0.9342317029389944,0.9354747101942347,0.029865937807515,0.03714688476096448,0.02688247571248838,0.014708787471262388,0.017619731822721345,0.025468662782651367,0.025282080059600493,0.00448845717615564,0.004532660609140098,0.0028523691808452325,0.0012570161622294164,0.002449146245639433,0.0029056454712262153,0.0030808824742060057,0.9540295813940785,0.9655131932527566,0.9760478858331733,0.9684143146125729,0.8143926871857824,0.9341626142736428,0.9354267127586677,8.197511911392212
