expl_var_class_0,expl_var_class_1,expl_var_class_2,expl_var_class_3,expl_var_class_4,expl_var_class_5,expl_var_mean,mae_class_0,mae_class_1,mae_class_2,mae_class_3,mae_class_4,mae_class_5,mae_mean,mse_class_0,mse_class_1,mse_class_2,mse_class_3,mse_class_4,mse_class_5,mse_mean,r2_class_0,r2_class_1,r2_class_2,r2_class_3,r2_class_4,r2_class_5,r2_mean,time
0.956020676072866,0.965474336504559,0.9758074026666878,0.966543715707537,0.8397829293831491,0.9376500298409379,0.9402131816959561,0.029770030345790024,0.03721766465899708,0.02699686460376045,0.014909988919364339,0.01664331522784306,0.024927115774415955,0.02507749658836182,0.004291514321293566,0.0045504181480223995,0.0028905515222513666,0.0013297260696307938,0.0020893976346216606,0.002749037664004045,0.0029834408933039716,0.9560198156392329,0.9654323499581219,0.975800956013083,0.9665333854067774,0.8397544327702497,0.9376499294188426,0.9401984782010513,9.276102781295776
