expl_var_class_0,expl_var_class_1,expl_var_class_2,expl_var_class_3,expl_var_class_4,expl_var_class_5,expl_var_mean,mae_class_0,mae_class_1,mae_class_2,mae_class_3,mae_class_4,mae_class_5,mae_mean,mse_class_0,mse_class_1,mse_class_2,mse_class_3,mse_class_4,mse_class_5,mse_mean,r2_class_0,r2_class_1,r2_class_2,r2_class_3,r2_class_4,r2_class_5,r2_mean,time
0.9470671323772898,0.9288207189890333,0.957417127106159,0.9726117633476928,0.8371685204491962,0.925388726091436,0.9280789980601344,0.032562799706153486,0.05180467675442086,0.035951213172105534,0.014017968730342324,0.01718201266987689,0.026697461475030233,0.029702688751321562,0.005171476087802304,0.009384442477665322,0.005085496106842149,0.0010878702703729475,0.0021542687587013227,0.003289756349670133,0.004362218341842363,0.9470624228350204,0.928803031134819,0.9574100071919671,0.9725759123400998,0.8371586887568376,0.9253286696217844,0.9280564553134214,1.6281802654266357
