expl_var_class_0,expl_var_class_1,expl_var_class_2,expl_var_class_3,expl_var_class_4,expl_var_class_5,expl_var_mean,mae_class_0,mae_class_1,mae_class_2,mae_class_3,mae_class_4,mae_class_5,mae_mean,mse_class_0,mse_class_1,mse_class_2,mse_class_3,mse_class_4,mse_class_5,mse_mean,r2_class_0,r2_class_1,r2_class_2,r2_class_3,r2_class_4,r2_class_5,r2_mean,time
0.9583845157743193,0.9658419266388778,0.9759446046378553,0.9702496713219871,0.8357745670838541,0.9376486532428304,0.9406406564499541,0.02881681135532869,0.03665146231620781,0.026896186415113838,0.014754934578420687,0.017109061782038297,0.024547404496197238,0.024795976823884427,0.004056385505550725,0.004495671703170836,0.0028728868700173423,0.001181244670754363,0.0021746889931426876,0.0027337198753555557,0.0029190996029985847,0.958380356583224,0.9658397681208531,0.9759436818044859,0.9702293762462341,0.8356254741222983,0.9376340457797965,0.9406087837761486,10.834882974624634
