expl_var_class_0,expl_var_class_1,expl_var_class_2,expl_var_class_3,expl_var_class_4,expl_var_class_5,expl_var_mean,mae_class_0,mae_class_1,mae_class_2,mae_class_3,mae_class_4,mae_class_5,mae_mean,mse_class_0,mse_class_1,mse_class_2,mse_class_3,mse_class_4,mse_class_5,mse_mean,r2_class_0,r2_class_1,r2_class_2,r2_class_3,r2_class_4,r2_class_5,r2_mean,time
0.9563096770298758,0.9668668264779048,0.9766917951812915,0.9698911138677145,0.8364711592735447,0.9401017952509133,0.9410553945135408,0.029479758804781625,0.036085226035063644,0.02650317683266343,0.014771092454138057,0.017097161799758367,0.024378458732319336,0.024719145776454076,0.004265322439376602,0.004362043654160775,0.0027814461283727464,0.0011960767141377256,0.002172006586702858,0.002643019865345797,0.002903319231349417,0.9563093620349234,0.9668621885985406,0.976690916639785,0.9698624100338701,0.836435021819803,0.9400729901795915,0.9410388148844189,11.661569356918335
