expl_var_class_0,expl_var_class_1,expl_var_class_2,expl_var_class_3,expl_var_class_4,expl_var_class_5,expl_var_mean,mae_class_0,mae_class_1,mae_class_2,mae_class_3,mae_class_4,mae_class_5,mae_mean,mse_class_0,mse_class_1,mse_class_2,mse_class_3,mse_class_4,mse_class_5,mse_mean,r2_class_0,r2_class_1,r2_class_2,r2_class_3,r2_class_4,r2_class_5,r2_mean,time
0.9583947745903755,0.965382858565279,0.97630205687091,0.9720417519462349,0.8430761839147753,0.9399610979120618,0.9425264539666061,0.028529077120475664,0.036587598782519666,0.02661448452746561,0.014284301870087232,0.01680516764521537,0.0243216317925677,0.024523710289721872,0.004057605172609012,0.0045586851507099,0.0028287639138064933,0.0011162955609223257,0.0020562784071971713,0.00263880898093465,0.002876072864363259,0.9583932808875436,0.9653687468827804,0.9763020194207197,0.9720064923562635,0.8430755903362674,0.9399610422834014,0.9425178620278293,7.369422674179077
