expl_var_class_0,expl_var_class_1,expl_var_class_2,expl_var_class_3,expl_var_class_4,expl_var_class_5,expl_var_mean,mae_class_0,mae_class_1,mae_class_2,mae_class_3,mae_class_4,mae_class_5,mae_mean,mse_class_0,mse_class_1,mse_class_2,mse_class_3,mse_class_4,mse_class_5,mse_mean,r2_class_0,r2_class_1,r2_class_2,r2_class_3,r2_class_4,r2_class_5,r2_mean,time
0.9558689217481653,0.9652623917346917,0.9757594361943726,0.9688268288484141,0.8385124692279701,0.9382865800406287,0.940419437965707,0.02971001902979004,0.0368851174625751,0.02706613589396123,0.014731259178285121,0.016830342592878005,0.024916089701001013,0.025023160643081747,0.004326446379136108,0.004574163624989063,0.0028804283165577427,0.0012298978529713034,0.002135507998988723,0.0027110746815476702,0.0029762531423651022,0.9558672460858917,0.965258783348541,0.9757594322520808,0.9688157413902923,0.8384167781063817,0.9382750081693859,0.9403988315587622,10.602029085159302
