expl_var_class_0,expl_var_class_1,expl_var_class_2,expl_var_class_3,expl_var_class_4,expl_var_class_5,expl_var_mean,mae_class_0,mae_class_1,mae_class_2,mae_class_3,mae_class_4,mae_class_5,mae_mean,mse_class_0,mse_class_1,mse_class_2,mse_class_3,mse_class_4,mse_class_5,mse_mean,r2_class_0,r2_class_1,r2_class_2,r2_class_3,r2_class_4,r2_class_5,r2_mean,time
0.9549229660979507,0.9664229081762232,0.9757276582453737,0.9698274242304965,0.8337817789255875,0.9363988775452836,0.939513602203486,0.029751119557338765,0.03692208152593475,0.027329629216923283,0.014402785819219232,0.01714823343296204,0.02471191671652261,0.025044294378150117,0.004384215651294221,0.004418436963635649,0.0028932801959294686,0.00120059187671395,0.0021916551952904442,0.0028060628746404983,0.002982373792917372,0.9549198503112406,0.9664045772296679,0.9757241331727067,0.9698132277294975,0.8337524021316334,0.9363987278567654,0.9395021530719186,8.966449737548828
