expl_var_class_0,expl_var_class_1,expl_var_class_2,expl_var_class_3,expl_var_class_4,expl_var_class_5,expl_var_mean,mae_class_0,mae_class_1,mae_class_2,mae_class_3,mae_class_4,mae_class_5,mae_mean,mse_class_0,mse_class_1,mse_class_2,mse_class_3,mse_class_4,mse_class_5,mse_mean,r2_class_0,r2_class_1,r2_class_2,r2_class_3,r2_class_4,r2_class_5,r2_mean,time
0.9547599073072411,0.9659636694371295,0.9764110344238387,0.9683712636360954,0.8114848220438414,0.9351829244658509,0.9353622702189995,0.029848353212636066,0.036718859710480146,0.02651542026278488,0.014721661725846009,0.018177408752340803,0.025164891770857373,0.025191099239157546,0.004419457932189198,0.004473631018495277,0.002809182008514155,0.0012601092875523276,0.002490883592068839,0.002861298865265272,0.003052427117347512,0.9547362661198412,0.9659623206550668,0.97641054018001,0.9683365920770567,0.8112296434400074,0.935167439064285,0.9353071335893778,3.3929054737091064
