expl_var_class_0,expl_var_class_1,expl_var_class_2,expl_var_class_3,expl_var_class_4,expl_var_class_5,expl_var_mean,mae_class_0,mae_class_1,mae_class_2,mae_class_3,mae_class_4,mae_class_5,mae_mean,mse_class_0,mse_class_1,mse_class_2,mse_class_3,mse_class_4,mse_class_5,mse_mean,r2_class_0,r2_class_1,r2_class_2,r2_class_3,r2_class_4,r2_class_5,r2_mean,time
0.9554600274333064,0.9669706129573382,0.9758866265705382,0.9653573692012343,0.8272772954191355,0.9377274466275166,0.9381132297015116,0.02970869015136067,0.03627238309642643,0.02690071475671068,0.015001622865088006,0.01750098326374165,0.02463667670723339,0.025003511806760137,0.004348116850028827,0.004351728760579192,0.0028814162046858173,0.0013786372053668642,0.002273708227863712,0.002731942008165467,0.002994258209448313,0.9554572680925382,0.9669693693814368,0.9758866165432496,0.9652990322005112,0.8272723573632935,0.9377121547159342,0.9380994663828274,11.00058650970459
