expl_var_class_0,expl_var_class_1,expl_var_class_2,expl_var_class_3,expl_var_class_4,expl_var_class_5,expl_var_mean,mae_class_0,mae_class_1,mae_class_2,mae_class_3,mae_class_4,mae_class_5,mae_mean,mse_class_0,mse_class_1,mse_class_2,mse_class_3,mse_class_4,mse_class_5,mse_mean,r2_class_0,r2_class_1,r2_class_2,r2_class_3,r2_class_4,r2_class_5,r2_mean,time
0.957067906155791,0.9658618386308966,0.9762734331212501,0.97137385655562,0.8453995380455344,0.9400081398579982,0.9426641187278483,0.028806481631719266,0.03629414389673623,0.026533473104063055,0.01447225703776673,0.016613339226177744,0.024257690547752248,0.024496230907369215,0.004189672340111537,0.004502962183137293,0.0028365076161971747,0.0011513381724391723,0.0020455567565162746,0.002624730912676444,0.0028917946635129825,0.9570678909911825,0.9658134929049333,0.9762633250212517,0.9713509366185644,0.8452944218739162,0.9399977006159679,0.9426312946709694,9.18683409690857
