expl_var_class_0,expl_var_class_1,expl_var_class_2,expl_var_class_3,expl_var_class_4,expl_var_class_5,expl_var_mean,mae_class_0,mae_class_1,mae_class_2,mae_class_3,mae_class_4,mae_class_5,mae_mean,mse_class_0,mse_class_1,mse_class_2,mse_class_3,mse_class_4,mse_class_5,mse_mean,r2_class_0,r2_class_1,r2_class_2,r2_class_3,r2_class_4,r2_class_5,r2_mean,time
0.957675855085296,0.9657020914037678,0.9757340580787314,0.9701800127937732,0.845997195726612,0.9370835896246003,0.9420621337854634,0.02898661012884739,0.036660521880152785,0.02729649987777083,0.014691739637441513,0.016747560364375084,0.02485039491263714,0.024872221133537455,0.004127610130467115,0.004514812713079575,0.002897961404312816,0.0011907849025430033,0.002018058970480096,0.002765467315389625,0.002919115906045372,0.9576754494342166,0.9657020354171308,0.9757223171775774,0.9701385122020537,0.845992297783817,0.9370792746216499,0.9420516477727409,7.913106441497803
