expl_var_class_0,expl_var_class_1,expl_var_class_2,expl_var_class_3,expl_var_class_4,expl_var_class_5,expl_var_mean,mae_class_0,mae_class_1,mae_class_2,mae_class_3,mae_class_4,mae_class_5,mae_mean,mse_class_0,mse_class_1,mse_class_2,mse_class_3,mse_class_4,mse_class_5,mse_mean,r2_class_0,r2_class_1,r2_class_2,r2_class_3,r2_class_4,r2_class_5,r2_mean,time
0.9578538071240851,0.9674841162705912,0.9763853163158158,0.9697745741043797,0.8342336380478388,0.9401439622163635,0.9409792356798458,0.029257629797865316,0.03621031280850124,0.026527410585422417,0.014368777186821544,0.01690381165970092,0.02449071285633318,0.02462644248244077,0.0041130462279474166,0.004283691066343376,0.002821056819158077,0.001201918280458236,0.0021615386879150415,0.0026397190949699733,0.00287016169613202,0.9578487876664106,0.9674585655972667,0.9763827499593478,0.9697500584644376,0.8342216017695854,0.9401293499754813,0.9409651855720882,15.580663204193115
