expl_var_class_0,expl_var_class_1,expl_var_class_2,expl_var_class_3,expl_var_class_4,expl_var_class_5,expl_var_mean,mae_class_0,mae_class_1,mae_class_2,mae_class_3,mae_class_4,mae_class_5,mae_mean,mse_class_0,mse_class_1,mse_class_2,mse_class_3,mse_class_4,mse_class_5,mse_mean,r2_class_0,r2_class_1,r2_class_2,r2_class_3,r2_class_4,r2_class_5,r2_mean,time
0.9573706786944723,0.96648855332724,0.9750782282778999,0.9638488269069306,0.8412143659212424,0.9345261336544289,0.9397544644637024,0.029042458081823447,0.03663698378108178,0.02692796009340489,0.015103655513874365,0.0165976508769732,0.02503180853005568,0.024890086146202226,0.0041733980682869196,0.004414817317332026,0.002966401257382612,0.0014394139522712329,0.002098595267592784,0.0028767100195735223,0.0029948893137398493,0.9573582638373157,0.9664636500814944,0.9750740164182693,0.9638106328674664,0.8410217935874148,0.934517327137541,0.9397076139882502,8.44121766090393
