expl_var_class_0,expl_var_class_1,expl_var_class_2,expl_var_class_3,expl_var_class_4,expl_var_class_5,expl_var_mean,mae_class_0,mae_class_1,mae_class_2,mae_class_3,mae_class_4,mae_class_5,mae_mean,mse_class_0,mse_class_1,mse_class_2,mse_class_3,mse_class_4,mse_class_5,mse_mean,r2_class_0,r2_class_1,r2_class_2,r2_class_3,r2_class_4,r2_class_5,r2_mean,time
0.9566893178711294,0.9639146573132591,0.9764826385718415,0.9684444814420352,0.8417897105780605,0.9365580779869277,0.9406464806272089,0.029093736992950113,0.03752867143751759,0.026550378517013924,0.015030816204515896,0.016984465606640423,0.024768010540314727,0.024992679883158776,0.004233152808447704,0.004750069112702877,0.0028053960188178457,0.001255618686377375,0.002077804216211315,0.002784150839135093,0.002984365280282035,0.9566769129149062,0.9638901655354584,0.9764642597602222,0.9683906112675303,0.84178970744136,0.9365580403645031,0.9406282828806635,2.798945665359497
