expl_var_class_0,expl_var_class_1,expl_var_class_2,expl_var_class_3,expl_var_class_4,expl_var_class_5,expl_var_mean,mae_class_0,mae_class_1,mae_class_2,mae_class_3,mae_class_4,mae_class_5,mae_mean,mse_class_0,mse_class_1,mse_class_2,mse_class_3,mse_class_4,mse_class_5,mse_mean,r2_class_0,r2_class_1,r2_class_2,r2_class_3,r2_class_4,r2_class_5,r2_mean,time
0.9592052534730686,0.9669614189764972,0.9767228210000842,0.9691788765936248,0.8416676494977486,0.9380314843770999,0.9419612506530206,0.028657564852189635,0.03586639231726585,0.026185998987262246,0.014847689325230692,0.016692846920069362,0.024816227429314015,0.024511119971888633,0.003976441305556654,0.0043482823904205355,0.0027798550890134875,0.0012251125255429323,0.002095965795743679,0.0027187248665186846,0.0028573969954659956,0.9592006063086111,0.966959701566284,0.9767226898989155,0.9691237853114099,0.8415757908291202,0.9379761357075476,0.941926451603648,3.2786810398101807
