expl_var_class_0,expl_var_class_1,expl_var_class_2,expl_var_class_3,expl_var_class_4,expl_var_class_5,expl_var_mean,mae_class_0,mae_class_1,mae_class_2,mae_class_3,mae_class_4,mae_class_5,mae_mean,mse_class_0,mse_class_1,mse_class_2,mse_class_3,mse_class_4,mse_class_5,mse_mean,r2_class_0,r2_class_1,r2_class_2,r2_class_3,r2_class_4,r2_class_5,r2_mean,time
0.9541591987975773,0.9667012575116066,0.9763545476627098,0.970998586824657,0.830857146764158,0.940163655606729,0.9398723988612397,0.030074133788400532,0.03626648155635404,0.02652879861573251,0.014328936101975269,0.017357917171878328,0.02420776982910028,0.024794006177240164,0.0044703572437795325,0.004387408539764396,0.0028227113816054732,0.0011473910176180717,0.00223693350360005,0.0026350823746651157,0.0029499806768387734,0.9541526627812008,0.9666918425039179,0.9763527532696403,0.9709917658458688,0.8307986337941204,0.9401635984400075,0.9398585427724594,11.918051958084106
