expl_var_class_0,expl_var_class_1,expl_var_class_2,expl_var_class_3,expl_var_class_4,expl_var_class_5,expl_var_mean,mae_class_0,mae_class_1,mae_class_2,mae_class_3,mae_class_4,mae_class_5,mae_mean,mse_class_0,mse_class_1,mse_class_2,mse_class_3,mse_class_4,mse_class_5,mse_mean,r2_class_0,r2_class_1,r2_class_2,r2_class_3,r2_class_4,r2_class_5,r2_mean,time
0.953603727402275,0.9288896560232182,0.9551912856300235,0.9719833037618413,0.8324208353675575,0.9244529141915667,0.9277569537294137,0.030558535269242494,0.051680942539414625,0.03724746563476313,0.014401630819338717,0.017119145179144653,0.026548467640163578,0.0295926978470112,0.004531410867995966,0.009363788085358454,0.005355320486471849,0.001114411393838398,0.0022143818972290073,0.003325311816958416,0.0043174374246420155,0.9535895622970737,0.9288450363354201,0.9551791679991596,0.9719463043190623,0.8322241480765645,0.9244487601362801,0.9277054965272601,2.1832425594329834
