expl_var_class_0,expl_var_class_1,expl_var_class_2,expl_var_class_3,expl_var_class_4,expl_var_class_5,expl_var_mean,mae_class_0,mae_class_1,mae_class_2,mae_class_3,mae_class_4,mae_class_5,mae_mean,mse_class_0,mse_class_1,mse_class_2,mse_class_3,mse_class_4,mse_class_5,mse_mean,r2_class_0,r2_class_1,r2_class_2,r2_class_3,r2_class_4,r2_class_5,r2_mean,time
0.956743965314922,0.9643785734768451,0.9771884614147528,0.9711778342359263,0.8314583956638881,0.9388465464638445,0.9399656294283631,0.028941593367677772,0.03689746463360814,0.026122879389570818,0.014283505155555666,0.017425728893986074,0.024509835600341378,0.024696834506789975,0.0042266958661351306,0.004686573344528871,0.0027208318414398466,0.0011458498034804848,0.002213700745761418,0.0026841587408725338,0.0029463017237030473,0.9567429947897568,0.9643728578128887,0.9771737070179387,0.9711539719341571,0.8314421349751584,0.9388365428697095,0.9399537015666014,3.2537267208099365
