expl_var_class_0,expl_var_class_1,expl_var_class_2,expl_var_class_3,expl_var_class_4,expl_var_class_5,expl_var_mean,mae_class_0,mae_class_1,mae_class_2,mae_class_3,mae_class_4,mae_class_5,mae_mean,mse_class_0,mse_class_1,mse_class_2,mse_class_3,mse_class_4,mse_class_5,mse_mean,r2_class_0,r2_class_1,r2_class_2,r2_class_3,r2_class_4,r2_class_5,r2_mean,time
0.9582604345515578,0.9679911504229662,0.9779719125750439,0.9737775983530885,0.8406938578162453,0.9406914862938434,0.9432310733354575,0.029264401227952774,0.03563866351299464,0.025964016441189796,0.01374431091680754,0.01681098633346452,0.024384620686578005,0.024301166519831215,0.004087563097723784,0.004213478454727251,0.002623407243849897,0.0010393177140736762,0.0021084801934233514,0.0026148086123377293,0.002781175886022615,0.9582566520790595,0.9679910689380374,0.9779706742400216,0.9737476780701643,0.8406286502961698,0.9406267083147485,0.9432035719897002,5.93946385383606
