expl_var_class_0,expl_var_class_1,expl_var_class_2,expl_var_class_3,expl_var_class_4,expl_var_class_5,expl_var_mean,mae_class_0,mae_class_1,mae_class_2,mae_class_3,mae_class_4,mae_class_5,mae_mean,mse_class_0,mse_class_1,mse_class_2,mse_class_3,mse_class_4,mse_class_5,mse_mean,r2_class_0,r2_class_1,r2_class_2,r2_class_3,r2_class_4,r2_class_5,r2_mean,time
0.957517463770196,0.963735689666295,0.975047276441948,0.971654007151519,0.844268429518688,0.9389227493300267,0.9418576026464454,0.029345721293251407,0.03752787319237947,0.02738784397509078,0.014342128001070797,0.016838531396187066,0.024586642449717647,0.025004790051282862,0.0041399800844585215,0.004779705996987702,0.002981024299133336,0.0011294215912341175,0.0020630151098575055,0.0026741026008930266,0.0029612082804273683,0.9574947931354968,0.9637332710710153,0.9750472699591726,0.9716103554693569,0.8442509238426819,0.9389209707310769,0.9418429307014669,14.905203580856323
