expl_var_class_0,expl_var_class_1,expl_var_class_2,expl_var_class_3,expl_var_class_4,expl_var_class_5,expl_var_mean,mae_class_0,mae_class_1,mae_class_2,mae_class_3,mae_class_4,mae_class_5,mae_mean,mse_class_0,mse_class_1,mse_class_2,mse_class_3,mse_class_4,mse_class_5,mse_mean,r2_class_0,r2_class_1,r2_class_2,r2_class_3,r2_class_4,r2_class_5,r2_mean,time
0.957737742294584,0.9665962649162191,0.9769971568201515,0.9722940617067971,0.840988248338127,0.9409287198849398,0.9425903656601364,0.029266316071825654,0.03584002592271111,0.026067282792376505,0.014278408710616818,0.016786112078636083,0.024029397746140508,0.02437792388705112,0.004124990577898251,0.004405404365931058,0.0027500607217936794,0.0011151069794636589,0.0021051341538408964,0.002584724870553441,0.0028475702782468307,0.9577306932918868,0.9665541522474856,0.9769867363823427,0.9722524873260698,0.8407885798008514,0.9409122532297391,0.9425374837130627,8.110293865203857
