expl_var_class_0,expl_var_class_1,expl_var_class_2,expl_var_class_3,expl_var_class_4,expl_var_class_5,expl_var_mean,mae_class_0,mae_class_1,mae_class_2,mae_class_3,mae_class_4,mae_class_5,mae_mean,mse_class_0,mse_class_1,mse_class_2,mse_class_3,mse_class_4,mse_class_5,mse_mean,r2_class_0,r2_class_1,r2_class_2,r2_class_3,r2_class_4,r2_class_5,r2_mean,time
0.9590856143072355,0.9685603608265361,0.9804220653228161,0.9728111392826673,0.8443452370968,0.9409114352763285,0.9443559753520638,0.02915196962244596,0.03535925347760006,0.024372495721971726,0.014185606848999208,0.01671884503272158,0.024518878091971365,0.024051174799284984,0.003988994911039174,0.004144437167181125,0.002343858057922546,0.001079940478373576,0.00205076024702026,0.002604579099134229,0.0027020949934451516,0.9590843848212807,0.9685524092752277,0.9804175291537502,0.9727839863372162,0.8443203407714684,0.9408480931721505,0.9443344572551823,3.19096302986145
