expl_var_class_0,expl_var_class_1,expl_var_class_2,expl_var_class_3,expl_var_class_4,expl_var_class_5,expl_var_mean,mae_class_0,mae_class_1,mae_class_2,mae_class_3,mae_class_4,mae_class_5,mae_mean,mse_class_0,mse_class_1,mse_class_2,mse_class_3,mse_class_4,mse_class_5,mse_mean,r2_class_0,r2_class_1,r2_class_2,r2_class_3,r2_class_4,r2_class_5,r2_mean,time
0.9571916121922517,0.9668750686080096,0.9774959018277031,0.9703376827817619,0.8346389714047879,0.9390803595170145,0.940936599388588,0.029257701224840015,0.03615382121679727,0.026116975475688784,0.014303056863511332,0.017142535776058683,0.02451762404775739,0.02458195243410891,0.004179108581045479,0.004363447638766825,0.002685088121576927,0.0011780092543995863,0.002175082484533452,0.0026802928689128656,0.0028768381582058556,0.9571806468489485,0.9668740327455012,0.9774957469806616,0.9702648799117672,0.8345980718354896,0.9390622755443138,0.9409126089777803,12.674654006958008
