expl_var_class_0,expl_var_class_1,expl_var_class_2,expl_var_class_3,expl_var_class_4,expl_var_class_5,expl_var_mean,mae_class_0,mae_class_1,mae_class_2,mae_class_3,mae_class_4,mae_class_5,mae_mean,mse_class_0,mse_class_1,mse_class_2,mse_class_3,mse_class_4,mse_class_5,mse_mean,r2_class_0,r2_class_1,r2_class_2,r2_class_3,r2_class_4,r2_class_5,r2_mean,time
0.9578633432232178,0.9664539078477699,0.9769262302157264,0.9721439341705079,0.8403110010274902,0.9407099415256952,0.9424013930017345,0.0286664815439254,0.03622791190251225,0.02630646819875325,0.014391131961939774,0.016761559726150992,0.024305623750656508,0.024443196180656362,0.0041120506600738375,0.004427894893911411,0.002758163710744812,0.0011217576761585115,0.0021136289446894436,0.002594221260865839,0.0028546195244073098,0.9578632902869512,0.9663834040681535,0.9769189283447435,0.9720869962169391,0.8401461182680201,0.9406951623074506,0.9423489832487096,10.270297050476074
