expl_var_class_0,expl_var_class_1,expl_var_class_2,expl_var_class_3,expl_var_class_4,expl_var_class_5,expl_var_mean,mae_class_0,mae_class_1,mae_class_2,mae_class_3,mae_class_4,mae_class_5,mae_mean,mse_class_0,mse_class_1,mse_class_2,mse_class_3,mse_class_4,mse_class_5,mse_mean,r2_class_0,r2_class_1,r2_class_2,r2_class_3,r2_class_4,r2_class_5,r2_mean,time
0.9563328741041954,0.9651463139412909,0.9752956562394712,0.9699357439041553,0.8230675757710568,0.9400369747870176,0.9383025231245311,0.029464012071035474,0.03708357188058545,0.027223515387163954,0.014584150844027293,0.017688873723378695,0.02441803604056471,0.02507702665779259,0.004257206817103504,0.004586458689356749,0.0029444953333740065,0.001198460633987471,0.002350819143988113,0.002632012216708254,0.002994908805753016,0.9563275802450444,0.9651399655446619,0.9752903621463279,0.9699180478376755,0.8228842272695275,0.9399813654214961,0.9382569247441221,9.678715944290161
