expl_var_class_0,expl_var_class_1,expl_var_class_2,expl_var_class_3,expl_var_class_4,expl_var_class_5,expl_var_mean,mae_class_0,mae_class_1,mae_class_2,mae_class_3,mae_class_4,mae_class_5,mae_mean,mse_class_0,mse_class_1,mse_class_2,mse_class_3,mse_class_4,mse_class_5,mse_mean,r2_class_0,r2_class_1,r2_class_2,r2_class_3,r2_class_4,r2_class_5,r2_mean,time
0.9570080249543461,0.9674138726174862,0.9772886055281446,0.967787754236923,0.827193605220016,0.9394412810679578,0.939355523937479,0.02953023890558136,0.03605045633099864,0.02621180833311958,0.014552382740013877,0.017586115601803304,0.02446316996323058,0.024732361979124554,0.004197522768263372,0.0042949432089629215,0.0027140713152676937,0.0012813779025921393,0.0022755005687761353,0.002656225777913451,0.0029032735902959524,0.9569999754397165,0.9674003848888598,0.9772870568827967,0.9677470960715919,0.8271361979313971,0.9394384727788118,0.9393348639988622,6.777603387832642
