expl_var_class_0,expl_var_class_1,expl_var_class_2,expl_var_class_3,expl_var_class_4,expl_var_class_5,expl_var_mean,mae_class_0,mae_class_1,mae_class_2,mae_class_3,mae_class_4,mae_class_5,mae_mean,mse_class_0,mse_class_1,mse_class_2,mse_class_3,mse_class_4,mse_class_5,mse_mean,r2_class_0,r2_class_1,r2_class_2,r2_class_3,r2_class_4,r2_class_5,r2_mean,time
0.9532291346223332,0.9663201572107387,0.9760096572252116,0.9683559967286859,0.8249833872099391,0.9395632077011664,0.9380769234496791,0.029930350667776426,0.036627659367617256,0.026758413029838193,0.014617539599412794,0.017561467099249304,0.02449805607539691,0.02499891430654848,0.004562784724261108,0.0044371142767616065,0.002864375325825324,0.001253031449232202,0.0023142128220075835,0.002661582100652961,0.0030155167831234643,0.9532047399117659,0.966314488423176,0.9760037138406902,0.9683209741721046,0.8249532359613417,0.9395618532115912,0.938059834253445,8.5529203414917
