acc;avg_acc;f1_macro;f1_micro;f1_weighted;precision_macro;precision_micro;precision_weighted;recall_macro;recall_micro;recall_weighted;time
0.7418370610959376;0.647888142431032;0.6722963183289454;0.7418370610959375;0.720908449144091;0.7222596427955686;0.7418370610959376;0.7237631531544787;0.647888142431032;0.7418370610959376;0.7418370610959376;1.45656156539917
