acc;avg_acc;f1_macro;f1_micro;f1_weighted;precision_macro;precision_micro;precision_weighted;recall_macro;recall_micro;recall_weighted;time
0.7588395954823947;0.6845638892565726;0.7033208017929311;0.7588395954823947;0.7399949355632632;0.743366772617133;0.7588395954823947;0.7422634594513834;0.6845638892565726;0.7588395954823947;0.7588395954823947;1.4201653003692627
