acc;avg_acc;f1_macro;f1_micro;f1_weighted;precision_macro;precision_micro;precision_weighted;recall_macro;recall_micro;recall_weighted;time
0.753943062424645;0.6705935690102893;0.6959157361618322;0.753943062424645;0.7349534269005297;0.745860972129544;0.753943062424645;0.7393477847398192;0.6705935690102893;0.753943062424645;0.753943062424645;1.3701481819152832
