acc;avg_acc;f1_macro;f1_micro;f1_weighted;precision_macro;precision_micro;precision_weighted;recall_macro;recall_micro;recall_weighted;time
0.7917866194237346;0.7182847241533401;0.7420120987636128;0.7917866194237346;0.7780396991617373;0.7858494199753099;0.7917866194237346;0.7833241897500558;0.7182847241533401;0.7917866194237346;0.7917866194237346;1.4690356254577637
