acc;avg_acc;f1_macro;f1_micro;f1_weighted;precision_macro;precision_micro;precision_weighted;recall_macro;recall_micro;recall_weighted;time
0.8267267045594351;0.7658951132956234;0.787974739742605;0.8267267045594351;0.815399203707741;0.8272276999765631;0.8267267045594351;0.8227060807501896;0.7658951132956234;0.8267267045594351;0.8267267045594351;1.504662275314331
