acc;avg_acc;f1_macro;f1_micro;f1_weighted;precision_macro;precision_micro;precision_weighted;recall_macro;recall_micro;recall_weighted;time
0.8261115622154966;0.7667308818859626;0.7905427844022573;0.8261115622154968;0.8165086403816568;0.8298109652455814;0.8261115622154966;0.821315713261123;0.7667308818859626;0.8261115622154966;0.8261115622154966;1.4418840408325195
