acc;avg_acc;f1_macro;f1_micro;f1_weighted;precision_macro;precision_micro;precision_weighted;recall_macro;recall_micro;recall_weighted;time
0.7459708176472035;0.6651832582867322;0.6869114151807673;0.7459708176472035;0.727161218053303;0.7294737981538071;0.7459708176472035;0.7308797392069062;0.6651832582867322;0.7459708176472035;0.7459708176472035;1.5457828044891357
