acc;avg_acc;f1_macro;f1_micro;f1_weighted;precision_macro;precision_micro;precision_weighted;recall_macro;recall_micro;recall_weighted;time
0.822814399251987;0.7538987998409543;0.779056708608545;0.822814399251987;0.8101126985747918;0.8303067615612285;0.822814399251987;0.8232419611172541;0.7538987998409543;0.822814399251987;0.822814399251987;1.1375505924224854
