acc;avg_acc;f1_macro;f1_micro;f1_weighted;precision_macro;precision_micro;precision_weighted;recall_macro;recall_micro;recall_weighted;time
0.7441253906153884;0.6583792042438389;0.680528481707707;0.7441253906153884;0.7240935577292654;0.7253187569249372;0.7441253906153884;0.7274036970366008;0.6583792042438389;0.7441253906153884;0.7441253906153884;1.366762638092041
