acc;avg_acc;f1_macro;f1_micro;f1_weighted;precision_macro;precision_micro;precision_weighted;recall_macro;recall_micro;recall_weighted;time
0.8259147166654364;0.7625371374910436;0.7883809415697168;0.8259147166654364;0.8148344258515121;0.8328193902278842;0.8259147166654364;0.8233838687516774;0.7625371374910436;0.8259147166654364;0.8259147166654364;1.4958584308624268
