acc;avg_acc;f1_macro;f1_micro;f1_weighted;precision_macro;precision_micro;precision_weighted;recall_macro;recall_micro;recall_weighted;time
0.7640806082527497;0.6876200453791061;0.7074326565121383;0.7640806082527498;0.7457823520159348;0.746157807235256;0.7640806082527497;0.7472241837143859;0.6876200453791061;0.7640806082527497;0.7640806082527497;1.4473097324371338
