acc;avg_acc;f1_macro;f1_micro;f1_weighted;precision_macro;precision_micro;precision_weighted;recall_macro;recall_micro;recall_weighted;time
0.7452326468344775;0.6497356322538193;0.6755335030102215;0.7452326468344777;0.7256065615320859;0.7277166941993702;0.7452326468344775;0.7303650242727504;0.6497356322538193;0.7452326468344775;0.7452326468344775;1.5619761943817139
