acc;avg_acc;f1_macro;f1_micro;f1_weighted;precision_macro;precision_micro;precision_weighted;recall_macro;recall_micro;recall_weighted;time
0.7389335892325484;0.660312134800394;0.6816886087930868;0.7389335892325485;0.7195825630477327;0.727675915204062;0.7389335892325484;0.7225381084611584;0.660312134800394;0.7389335892325484;0.7389335892325484;1.4850091934204102
