acc;avg_acc;f1_macro;f1_micro;f1_weighted;precision_macro;precision_micro;precision_weighted;recall_macro;recall_micro;recall_weighted;time
0.6547082995005045;0.5848565336583111;0.6043077437158928;0.6547082995005045;0.6389378768673052;0.642331237633748;0.6547082995005045;0.6402950009039232;0.5848565336583111;0.6547082995005045;0.6547082995005045;1.454261064529419
