acc;avg_acc;f1_macro;f1_micro;f1_weighted;precision_macro;precision_micro;precision_weighted;recall_macro;recall_micro;recall_weighted;time
0.765704584040747;0.6948556713230314;0.7126193779646514;0.765704584040747;0.749203340212622;0.7475968598593562;0.765704584040747;0.7519892444005988;0.6948556713230314;0.765704584040747;0.765704584040747;1.4097564220428467
