acc;avg_acc;f1_macro;f1_micro;f1_weighted;precision_macro;precision_micro;precision_weighted;recall_macro;recall_micro;recall_weighted;time
0.8249550946088925;0.7625110053390037;0.7878723943517717;0.8249550946088926;0.8136676400576183;0.8319811184459425;0.8249550946088925;0.8212001371765273;0.7625110053390037;0.8249550946088925;0.8249550946088925;1.460301160812378
