acc;avg_acc;f1_macro;f1_micro;f1_weighted;precision_macro;precision_micro;precision_weighted;recall_macro;recall_micro;recall_weighted;time
0.8355847543121478;0.7732055047417649;0.7977254396666572;0.8355847543121478;0.825506508002333;0.8387848937085874;0.8355847543121478;0.8327929755603625;0.7732055047417649;0.8355847543121478;0.8355847543121478;1.2548243999481201
