acc;avg_acc;f1_macro;f1_micro;f1_weighted;precision_macro;precision_micro;precision_weighted;recall_macro;recall_micro;recall_weighted;time
0.8255702369528309;0.7637800792924822;0.7872982189374645;0.8255702369528309;0.8140905890789162;0.8299033226676381;0.8255702369528309;0.8227596678967449;0.7637800792924822;0.8255702369528309;0.8255702369528309;1.488966464996338
