acc;avg_acc;f1_macro;f1_micro;f1_weighted;precision_macro;precision_micro;precision_weighted;recall_macro;recall_micro;recall_weighted;time
0.5721315912502153;0.5165321608321621;0.5347301513729807;0.5721315912502153;0.5616473158039039;0.5671173046713817;0.5721315912502153;0.5635288222354312;0.5165321608321621;0.5721315912502153;0.5721315912502153;1.385218620300293
