acc;avg_acc;f1_macro;f1_micro;f1_weighted;precision_macro;precision_micro;precision_weighted;recall_macro;recall_micro;recall_weighted;time
0.6205063851775301;0.5512696433037211;0.5655552942663307;0.6205063851775301;0.6039308664466463;0.5942176092910728;0.6205063851775301;0.6023251575161699;0.5512696433037211;0.6205063851775301;0.6205063851775301;1.8441720008850098
