acc;avg_acc;f1_macro;f1_micro;f1_weighted;precision_macro;precision_micro;precision_weighted;recall_macro;recall_micro;recall_weighted;time
0.8236755985335007;0.755473296116524;0.7796666191214301;0.8236755985335007;0.8119889887325865;0.8267947236027069;0.8236755985335007;0.8203952637878814;0.755473296116524;0.8236755985335007;0.8236755985335007;1.5308873653411865
