acc;avg_acc;f1_macro;f1_micro;f1_weighted;precision_macro;precision_micro;precision_weighted;recall_macro;recall_micro;recall_weighted;time
0.8213626633202923;0.7623357989194163;0.7853474193903859;0.8213626633202923;0.8105609635303483;0.8245822142335114;0.8213626633202923;0.8176381751789884;0.7623357989194163;0.8213626633202923;0.8213626633202923;1.462731122970581
