acc;avg_acc;f1_macro;f1_micro;f1_weighted;precision_macro;precision_micro;precision_weighted;recall_macro;recall_micro;recall_weighted;time
0.780591028764056;0.7071465337891992;0.7277480333944187;0.780591028764056;0.7648506684281252;0.7654148752585763;0.780591028764056;0.7680493458530032;0.7071465337891992;0.780591028764056;0.780591028764056;1.5021553039550781
