acc;avg_acc;f1_macro;f1_micro;f1_weighted;precision_macro;precision_micro;precision_weighted;recall_macro;recall_micro;recall_weighted;time
0.8195664476759922;0.7440823913341296;0.772067199735632;0.8195664476759922;0.8071050550704243;0.8253196814626934;0.8195664476759922;0.8155490123564988;0.7440823913341296;0.8195664476759922;0.8195664476759922;1.4513893127441406
