acc;avg_acc;f1_macro;f1_micro;f1_weighted;precision_macro;precision_micro;precision_weighted;recall_macro;recall_micro;recall_weighted;time
0.6418149159715558;0.5746814299914178;0.5907096530795886;0.6418149159715558;0.6246074803711273;0.6240164318581608;0.6418149159715558;0.6251066755254374;0.5746814299914178;0.6418149159715558;0.6418149159715558;1.7331418991088867
