acc;avg_acc;f1_macro;f1_micro;f1_weighted;precision_macro;precision_micro;precision_weighted;recall_macro;recall_micro;recall_weighted;time
0.6358603380822322;0.5731135431078577;0.5859431096435468;0.6358603380822322;0.6198227047402011;0.6141162371692251;0.6358603380822322;0.6205692805166098;0.5731135431078577;0.6358603380822322;0.6358603380822322;1.693643569946289
