acc;avg_acc;f1_macro;f1_micro;f1_weighted;precision_macro;precision_micro;precision_weighted;recall_macro;recall_micro;recall_weighted;time
0.7587165670136069;0.6661621709122322;0.6936953566811046;0.7587165670136069;0.7419704101737347;0.7414109281269102;0.7587165670136069;0.7433911382391242;0.6661621709122322;0.7587165670136069;0.7587165670136069;1.5900590419769287
