acc;avg_acc;f1_macro;f1_micro;f1_weighted;precision_macro;precision_micro;precision_weighted;recall_macro;recall_micro;recall_weighted;time
0.7562559976378534;0.6669742832512683;0.6919955412113065;0.7562559976378534;0.7374017629212388;0.739583088630539;0.7562559976378534;0.7409320734681438;0.6669742832512683;0.7562559976378534;0.7562559976378534;1.4189355373382568
