acc;avg_acc;f1_macro;f1_micro;f1_weighted;precision_macro;precision_micro;precision_weighted;recall_macro;recall_micro;recall_weighted;time
0.7910484486110085;0.7169691996334427;0.7395083959531956;0.7910484486110085;0.7767846332102034;0.7833996429259971;0.7910484486110085;0.7835640376137823;0.7169691996334427;0.7910484486110085;0.7910484486110085;1.4837086200714111
