acc;avg_acc;f1_macro;f1_micro;f1_weighted;precision_macro;precision_micro;precision_weighted;recall_macro;recall_micro;recall_weighted;time
0.6280357274673359;0.5537292333106036;0.571869629531957;0.6280357274673359;0.6111948169884311;0.6087967217977283;0.6280357274673359;0.6135676988615514;0.5537292333106036;0.6280357274673359;0.6280357274673359;1.3631060123443604
