acc;avg_acc;f1_macro;f1_micro;f1_weighted;precision_macro;precision_micro;precision_weighted;recall_macro;recall_micro;recall_weighted;time
0.7617676730395414;0.686565361776761;0.7064256731764833;0.7617676730395413;0.7422181755354614;0.7477081478877596;0.7617676730395414;0.744221074987212;0.686565361776761;0.7617676730395414;0.7617676730395414;1.438300609588623
