acc;avg_acc;f1_macro;f1_micro;f1_weighted;precision_macro;precision_micro;precision_weighted;recall_macro;recall_micro;recall_weighted;time
0.7837405575650206;0.7081197855074439;0.7292460106874704;0.7837405575650206;0.76681752197695;0.7716636331352134;0.7837405575650206;0.7728921524614842;0.7081197855074439;0.7837405575650206;0.7837405575650206;1.4792983531951904
