acc;avg_acc;f1_macro;f1_micro;f1_weighted;precision_macro;precision_micro;precision_weighted;recall_macro;recall_micro;recall_weighted;time
0.5711473634999139;0.5163768813223715;0.5319005441459681;0.5711473634999139;0.5583918114179528;0.5603038392106291;0.5711473634999139;0.5580000700985922;0.5163768813223715;0.5711473634999139;0.5711473634999139;1.300238847732544
