acc;avg_acc;f1_macro;f1_micro;f1_weighted;precision_macro;precision_micro;precision_weighted;recall_macro;recall_micro;recall_weighted;time
0.833616298811545;0.770328860540222;0.796343168093731;0.833616298811545;0.8232507444599905;0.8426963655108253;0.833616298811545;0.831140197166705;0.770328860540222;0.833616298811545;0.833616298811545;1.1894159317016602
