acc;avg_acc;f1_macro;f1_micro;f1_weighted;precision_macro;precision_micro;precision_weighted;recall_macro;recall_micro;recall_weighted;time
0.8141285893555769;0.7429476185267122;0.7683552738467748;0.8141285893555769;0.8014019105394429;0.8127960690452769;0.8141285893555769;0.8086827349324253;0.7429476185267122;0.8141285893555769;0.8141285893555769;1.3955490589141846
