acc;avg_acc;f1_macro;f1_micro;f1_weighted;precision_macro;precision_micro;precision_weighted;recall_macro;recall_micro;recall_weighted;time
0.836741221918752;0.7743770346138086;0.7997862599768016;0.836741221918752;0.8262597608609279;0.8448873952243035;0.836741221918752;0.8359901081073724;0.7743770346138086;0.836741221918752;0.836741221918752;1.1111867427825928
