acc;avg_acc;f1_macro;f1_micro;f1_weighted;precision_macro;precision_micro;precision_weighted;recall_macro;recall_micro;recall_weighted;time
0.7603159371078467;0.6726628760248218;0.6963565884304661;0.7603159371078467;0.741485240312323;0.7423161072597336;0.7603159371078467;0.7448175606271453;0.6726628760248218;0.7603159371078467;0.7603159371078467;1.4192612171173096
