acc;avg_acc;f1_macro;f1_micro;f1_weighted;precision_macro;precision_micro;precision_weighted;recall_macro;recall_micro;recall_weighted;time
0.8240938953273788;0.7603847548724844;0.783890170791333;0.8240938953273789;0.8129742837904274;0.8263840475299046;0.8240938953273788;0.8224433539551668;0.7603847548724844;0.8240938953273788;0.8240938953273788;1.5117311477661133
