acc;avg_acc;f1_macro;f1_micro;f1_weighted;precision_macro;precision_micro;precision_weighted;recall_macro;recall_micro;recall_weighted;time
0.746585959991142;0.6668015449461338;0.6890512576090165;0.746585959991142;0.7281179541252066;0.7330178672610962;0.746585959991142;0.7310552680669664;0.6668015449461338;0.746585959991142;0.746585959991142;1.3534140586853027
