acc;avg_acc;f1_macro;f1_micro;f1_weighted;precision_macro;precision_micro;precision_weighted;recall_macro;recall_micro;recall_weighted;time
0.6411997736276174;0.5810610872177272;0.5967995809054258;0.6411997736276174;0.6249696228448292;0.6279653282368809;0.6411997736276174;0.6253251089587426;0.5810610872177272;0.6411997736276174;0.6411997736276174;1.4282503128051758
