acc;avg_acc;f1_macro;f1_micro;f1_weighted;precision_macro;precision_micro;precision_weighted;recall_macro;recall_micro;recall_weighted;time
0.773972097143279;0.6978328719295613;0.7193844212033716;0.7739720971432791;0.7578786965006412;0.7617074571014386;0.773972097143279;0.761646818419077;0.6978328719295613;0.773972097143279;0.773972097143279;1.5848145484924316
