acc;avg_acc;f1_macro;f1_micro;f1_weighted;precision_macro;precision_micro;precision_weighted;recall_macro;recall_micro;recall_weighted;time
0.7842326714401713;0.707465586590228;0.7306237909315368;0.7842326714401713;0.769042166434903;0.7728238180821069;0.7842326714401713;0.772770325322282;0.707465586590228;0.7842326714401713;0.7842326714401713;1.4769701957702637
