acc;avg_acc;f1_macro;f1_micro;f1_weighted;precision_macro;precision_micro;precision_weighted;recall_macro;recall_micro;recall_weighted;time
0.7569941684505794;0.6783934847660092;0.6980416221531939;0.7569941684505795;0.7379776805679578;0.7365099039599223;0.7569941684505794;0.7398604258843158;0.6783934847660092;0.7569941684505794;0.7569941684505794;1.6186442375183105
