acc;avg_acc;f1_macro;f1_micro;f1_weighted;precision_macro;precision_micro;precision_weighted;recall_macro;recall_micro;recall_weighted;time
0.6324893580374499;0.5659889356633601;0.5823949558224842;0.6324893580374499;0.6162180548158311;0.6113837369373085;0.6324893580374499;0.6140799745205042;0.5659889356633601;0.6324893580374499;0.6324893580374499;1.4211912155151367
