acc;avg_acc;f1_macro;f1_micro;f1_weighted;precision_macro;precision_micro;precision_weighted;recall_macro;recall_micro;recall_weighted;time
0.6578824339952265;0.5990691792628997;0.6158595180876116;0.6578824339952265;0.6420467989732208;0.6486682525860042;0.6578824339952265;0.6420454091916739;0.5990691792628997;0.6578824339952265;0.6578824339952265;1.4643497467041016
