acc;avg_acc;f1_macro;f1_micro;f1_weighted;precision_macro;precision_micro;precision_weighted;recall_macro;recall_micro;recall_weighted;time
0.8327797052237887;0.7726159901948634;0.7953168109030252;0.8327797052237889;0.8242808785738291;0.8354258463216632;0.8327797052237887;0.8321121735487913;0.7726159901948634;0.8327797052237887;0.8327797052237887;1.2603402137756348
