acc;avg_acc;f1_macro;f1_micro;f1_weighted;precision_macro;precision_micro;precision_weighted;recall_macro;recall_micro;recall_weighted;time
0.7905317290421003;0.707447650092261;0.7339080148570647;0.7905317290421003;0.7747190827910405;0.7832683785758582;0.7905317290421003;0.7821712386027754;0.707447650092261;0.7905317290421003;0.7905317290421003;1.46439790725708
