acc;avg_acc;f1_macro;f1_micro;f1_weighted;precision_macro;precision_micro;precision_weighted;recall_macro;recall_micro;recall_weighted;time
0.8358800226372383;0.7652055324183392;0.7928033570239451;0.8358800226372383;0.8254155375906632;0.8424537121826803;0.8358800226372383;0.8365042187359328;0.7652055324183392;0.8358800226372383;0.8358800226372383;1.3113682270050049
