acc;avg_acc;f1_macro;f1_micro;f1_weighted;precision_macro;precision_micro;precision_weighted;recall_macro;recall_micro;recall_weighted;time
0.8340592012991807;0.7791129059365615;0.7995256042002372;0.8340592012991807;0.8246929843648285;0.8345431815268546;0.8340592012991807;0.8318919340598395;0.7791129059365615;0.8340592012991807;0.8340592012991807;1.1487541198730469
