acc;avg_acc;f1_macro;f1_micro;f1_weighted;precision_macro;precision_micro;precision_weighted;recall_macro;recall_micro;recall_weighted;time
0.8303683472355503;0.7735061196525194;0.7968946684878384;0.8303683472355503;0.8202559607670825;0.8348958547740485;0.8303683472355503;0.8264367427400543;0.7735061196525194;0.8303683472355503;0.8303683472355503;1.1889441013336182
