acc;avg_acc;f1_macro;f1_micro;f1_weighted;precision_macro;precision_micro;precision_weighted;recall_macro;recall_micro;recall_weighted;time
0.8323368027361532;0.7745415847808835;0.7957229135890358;0.8323368027361532;0.8241180920380252;0.8321047900659576;0.8323368027361532;0.8325781373750076;0.7745415847808835;0.8323368027361532;0.8323368027361532;1.1867742538452148
