acc;avg_acc;f1_macro;f1_micro;f1_weighted;precision_macro;precision_micro;precision_weighted;recall_macro;recall_micro;recall_weighted;time
0.8263822248468295;0.7688773292091438;0.790912881287077;0.8263822248468295;0.8160892076295934;0.8301489640838133;0.8263822248468295;0.8246311236420577;0.7688773292091438;0.8263822248468295;0.8263822248468295;1.490647554397583
