acc;avg_acc;f1_macro;f1_micro;f1_weighted;precision_macro;precision_micro;precision_weighted;recall_macro;recall_micro;recall_weighted;time
0.7862749440220467;0.6909129004309255;0.7197006382211604;0.7862749440220467;0.7723525567594132;0.7709711799281203;0.7862749440220467;0.777775987945483;0.6909129004309255;0.7862749440220467;0.7862749440220467;1.464904546737671
