acc;avg_acc;f1_macro;f1_micro;f1_weighted;precision_macro;precision_micro;precision_weighted;recall_macro;recall_micro;recall_weighted;time
0.8223961024581088;0.767669611309739;0.7872783856680043;0.8223961024581088;0.8135249203605549;0.8194254638702156;0.8223961024581088;0.8180791207957298;0.767669611309739;0.8223961024581088;0.8223961024581088;1.448258876800537
