acc;avg_acc;f1_macro;f1_micro;f1_weighted;precision_macro;precision_micro;precision_weighted;recall_macro;recall_micro;recall_weighted;time
0.7624074210772372;0.6786011593563619;0.7028243253721111;0.7624074210772372;0.7431297784123789;0.7504721226672441;0.7624074210772372;0.7469282512913955;0.6786011593563619;0.7624074210772372;0.7624074210772372;1.540639877319336
