acc;avg_acc;f1_macro;f1_micro;f1_weighted;precision_macro;precision_micro;precision_weighted;recall_macro;recall_micro;recall_weighted;time
0.788907753254103;0.7152310292757722;0.7373397218795332;0.788907753254103;0.7743541760664082;0.7766340022986248;0.788907753254103;0.7787345963527088;0.7152310292757722;0.788907753254103;0.788907753254103;1.4076118469238281
