acc;avg_acc;f1_macro;f1_micro;f1_weighted;precision_macro;precision_micro;precision_weighted;recall_macro;recall_micro;recall_weighted;time
0.8180901060505401;0.7517724817970153;0.7756782174940704;0.8180901060505401;0.8049269799107274;0.8212662418771255;0.8180901060505401;0.8139134204790112;0.7517724817970153;0.8180901060505401;0.8180901060505401;1.5107018947601318
