acc;avg_acc;f1_macro;f1_micro;f1_weighted;precision_macro;precision_micro;precision_weighted;recall_macro;recall_micro;recall_weighted;time
0.751408675967619;0.6773036111205297;0.6980561100206564;0.751408675967619;0.7348982343432524;0.7377110971115441;0.751408675967619;0.736535438358885;0.6773036111205297;0.751408675967619;0.751408675967619;1.4830405712127686
