acc;avg_acc;f1_macro;f1_micro;f1_weighted;precision_macro;precision_micro;precision_weighted;recall_macro;recall_micro;recall_weighted;time
0.5808174011466253;0.512011881541569;0.5297628778639607;0.5808174011466253;0.5640776818700937;0.5617026620090745;0.5808174011466253;0.5615403331142917;0.512011881541569;0.5808174011466253;0.5808174011466253;1.3760344982147217
