acc;avg_acc;f1_macro;f1_micro;f1_weighted;precision_macro;precision_micro;precision_weighted;recall_macro;recall_micro;recall_weighted;time
0.7806156344578136;0.6989370268209485;0.7220216955630543;0.7806156344578136;0.7648788762956882;0.7696543759142229;0.7806156344578136;0.7703071869559719;0.6989370268209485;0.7806156344578136;0.7806156344578136;1.4321579933166504
