acc;avg_acc;f1_macro;f1_micro;f1_weighted;precision_macro;precision_micro;precision_weighted;recall_macro;recall_micro;recall_weighted;time
0.7779582195319997;0.7070244624430875;0.7269188738671907;0.7779582195319997;0.7624070509661948;0.7679404865540277;0.7779582195319997;0.7691768755240139;0.7070244624430875;0.7779582195319997;0.7779582195319997;1.5481820106506348
