acc;avg_acc;f1_macro;f1_micro;f1_weighted;precision_macro;precision_micro;precision_weighted;recall_macro;recall_micro;recall_weighted;time
0.822543736620654;0.7620758580971132;0.7849549228542653;0.822543736620654;0.813082958411499;0.8220677205507957;0.822543736620654;0.8173604859531314;0.7620758580971132;0.822543736620654;0.822543736620654;1.4454896450042725
