acc;avg_acc;f1_macro;f1_micro;f1_weighted;precision_macro;precision_micro;precision_weighted;recall_macro;recall_micro;recall_weighted;time
0.7506458994611354;0.6723480642803676;0.6930101165571941;0.7506458994611354;0.733521963200543;0.7327379817185697;0.7506458994611354;0.7362316362621444;0.6723480642803676;0.7506458994611354;0.7506458994611354;1.4000811576843262
