acc;avg_acc;f1_macro;f1_micro;f1_weighted;precision_macro;precision_micro;precision_weighted;recall_macro;recall_micro;recall_weighted;time
0.7720282473364336;0.6938209820840312;0.7168916969546809;0.7720282473364336;0.7574902311842948;0.7549484633190028;0.7720282473364336;0.7579010994522617;0.6938209820840312;0.7720282473364336;0.7720282473364336;1.454854965209961
