acc;avg_acc;f1_macro;f1_micro;f1_weighted;precision_macro;precision_micro;precision_weighted;recall_macro;recall_micro;recall_weighted;time
0.8226421593956842;0.7600492232095126;0.7829169641481575;0.8226421593956843;0.8117311323494778;0.8226540039498128;0.8226421593956842;0.8181280100962837;0.7600492232095126;0.8226421593956842;0.8226421593956842;1.474165678024292
