acc;avg_acc;f1_macro;f1_micro;f1_weighted;precision_macro;precision_micro;precision_weighted;recall_macro;recall_micro;recall_weighted;time
0.824241529489924;0.765097587536899;0.7875458462077272;0.824241529489924;0.8143691342086594;0.8256834293534631;0.824241529489924;0.8186880236583204;0.765097587536899;0.824241529489924;0.824241529489924;1.2197599411010742
