acc;avg_acc;f1_macro;f1_micro;f1_weighted;precision_macro;precision_micro;precision_weighted;recall_macro;recall_micro;recall_weighted;time
0.7774414999630914;0.6867133762569457;0.7137755022017411;0.7774414999630914;0.7597455175885939;0.7651123971451859;0.7774414999630914;0.7643617197008106;0.6867133762569457;0.7774414999630914;0.7774414999630914;1.3966386318206787
