acc;avg_acc;f1_macro;f1_micro;f1_weighted;precision_macro;precision_micro;precision_weighted;recall_macro;recall_micro;recall_weighted;time
0.828104623409857;0.768512792704378;0.790704011367607;0.828104623409857;0.8177776027758458;0.8298424386778768;0.828104623409857;0.8263484038828626;0.768512792704378;0.828104623409857;0.828104623409857;1.2217192649841309
