acc;avg_acc;f1_macro;f1_micro;f1_weighted;precision_macro;precision_micro;precision_weighted;recall_macro;recall_micro;recall_weighted;time
0.8318939002485175;0.7714527565379672;0.7947553955203642;0.8318939002485175;0.8217462231507641;0.8360364621350809;0.8318939002485175;0.8284930856000002;0.7714527565379672;0.8318939002485175;0.8318939002485175;1.117720603942871
