acc;avg_acc;f1_macro;f1_micro;f1_weighted;precision_macro;precision_micro;precision_weighted;recall_macro;recall_micro;recall_weighted;time
0.6419871558278586;0.5704120313760918;0.5907288683751797;0.6419871558278586;0.626065046407244;0.6260493501743334;0.6419871558278586;0.6256997024533626;0.5704120313760918;0.6419871558278586;0.6419871558278586;1.5475902557373047
