acc;avg_acc;f1_macro;f1_micro;f1_weighted;precision_macro;precision_micro;precision_weighted;recall_macro;recall_micro;recall_weighted;time
0.7873575945473783;0.7041358240015705;0.7262345997230457;0.7873575945473782;0.7714694081060729;0.7743582497076171;0.7873575945473783;0.7797363195058694;0.7041358240015705;0.7873575945473783;0.7873575945473783;1.4773566722869873
