acc;avg_acc;f1_macro;f1_micro;f1_weighted;precision_macro;precision_micro;precision_weighted;recall_macro;recall_micro;recall_weighted;time
0.8329519450800915;0.7753591650679401;0.7985640346897827;0.8329519450800915;0.8230876831624815;0.8364524766472202;0.8329519450800915;0.8281170745335977;0.7753591650679401;0.8329519450800915;0.8329519450800915;1.0022032260894775
