acc;avg_acc;f1_macro;f1_micro;f1_weighted;precision_macro;precision_micro;precision_weighted;recall_macro;recall_micro;recall_weighted;time
0.56499594006053;0.5069964663256087;0.5229676341486355;0.56499594006053;0.5530332901879991;0.5545314588439761;0.56499594006053;0.5542919361242512;0.5069964663256087;0.56499594006053;0.56499594006053;1.6192104816436768
