acc;avg_acc;f1_macro;f1_micro;f1_weighted;precision_macro;precision_micro;precision_weighted;recall_macro;recall_micro;recall_weighted;time
0.6394035579833174;0.5673926240180596;0.5857123524444631;0.6394035579833174;0.6233449576874843;0.6219508736430288;0.6394035579833174;0.6247805177598036;0.5673926240180596;0.6394035579833174;0.6394035579833174;1.380004644393921
