expl_var_class_0,expl_var_class_1,expl_var_class_2,expl_var_class_3,expl_var_class_4,expl_var_class_5,expl_var_mean,mae_class_0,mae_class_1,mae_class_2,mae_class_3,mae_class_4,mae_class_5,mae_mean,mse_class_0,mse_class_1,mse_class_2,mse_class_3,mse_class_4,mse_class_5,mse_mean,r2_class_0,r2_class_1,r2_class_2,r2_class_3,r2_class_4,r2_class_5,r2_mean,time
0.9810900707476811,0.9898560630635722,0.9931521645008231,0.9922275442160264,0.9349409821077035,0.9701671649655511,0.9769056649335597,0.018850900999049566,0.019456481323051833,0.013792766230009383,0.007784889371408844,0.011043725171911784,0.015796344684626693,0.014454184630009685,0.0018569942430119485,0.0013398187672739156,0.0008057403642994555,0.0003069220268535838,0.0008739030913814274,0.0013241420362960165,0.0010845867548527246,0.9810900573116446,0.9898534352076713,0.9931521621535481,0.9922202332984675,0.9349177703988967,0.970160117795093,0.97689896269422,83.1764268875122
