expl_var_class_0,expl_var_class_1,expl_var_class_2,expl_var_class_3,expl_var_class_4,expl_var_class_5,expl_var_mean,mae_class_0,mae_class_1,mae_class_2,mae_class_3,mae_class_4,mae_class_5,mae_mean,mse_class_0,mse_class_1,mse_class_2,mse_class_3,mse_class_4,mse_class_5,mse_mean,r2_class_0,r2_class_1,r2_class_2,r2_class_3,r2_class_4,r2_class_5,r2_mean,time
0.9820849039389424,0.9898999471246418,0.9932586196827645,0.9919195475321814,0.9394712837813468,0.9708163884551395,0.9779084484191695,0.018284507369284393,0.0194831589193462,0.013704221961864951,0.00773962271758657,0.010686246328085248,0.015708341287297967,0.014267683097244221,0.0017592992829706582,0.0013340902256304772,0.0007932219044999479,0.00031909341668940363,0.0008132366963857432,0.0012955419308971715,0.0010524139095122336,0.9820848940497088,0.9898968179549282,0.9932585542205123,0.9919117165904071,0.9394357819348658,0.9708046285445113,0.9778987322158222,263.5189278125763
