expl_var_class_0,expl_var_class_1,expl_var_class_2,expl_var_class_3,expl_var_class_4,expl_var_class_5,expl_var_mean,mae_class_0,mae_class_1,mae_class_2,mae_class_3,mae_class_4,mae_class_5,mae_mean,mse_class_0,mse_class_1,mse_class_2,mse_class_3,mse_class_4,mse_class_5,mse_mean,r2_class_0,r2_class_1,r2_class_2,r2_class_3,r2_class_4,r2_class_5,r2_mean,time
0.9826293553880427,0.9890604261934689,0.9927158897760027,0.9907682723209852,0.9415392997957667,0.9733753524956568,0.9783480993283203,0.01821301236409997,0.01978479474345393,0.01420414222772918,0.008062564126501439,0.010593700258201942,0.014977017743112027,0.014305871910516415,0.0016938470164345153,0.0014361016421239933,0.0008803677343610546,0.000362860116507611,0.000796203676614195,0.001137025899980736,0.0010510676810036841,0.9826291671674776,0.9890599271533164,0.9927158809430212,0.9907651757192856,0.9415265580592029,0.9733714807248939,0.9783446982945329,253.43954586982727
