expl_var_class_0,expl_var_class_1,expl_var_class_2,expl_var_class_3,expl_var_class_4,expl_var_class_5,expl_var_mean,mae_class_0,mae_class_1,mae_class_2,mae_class_3,mae_class_4,mae_class_5,mae_mean,mse_class_0,mse_class_1,mse_class_2,mse_class_3,mse_class_4,mse_class_5,mse_mean,r2_class_0,r2_class_1,r2_class_2,r2_class_3,r2_class_4,r2_class_5,r2_mean,time
0.9819090891680609,0.9899009265554681,0.9932722778951966,0.9920305338190565,0.9400325183739984,0.9711308432998825,0.9780460315186105,0.018332246350910873,0.019498900938829725,0.01373560770557683,0.007732794720382091,0.0106406617500147,0.015598670587912125,0.014256480342271059,0.001776572908575813,0.0013339007438585475,0.000791607375401007,0.0003147760241695465,0.0008055746973182431,0.0012815379624409183,0.001050661618627346,0.9819089951359438,0.9898982529169714,0.9932722758037391,0.9920211525501125,0.940006394383125,0.9711202115844583,0.9780378803957249,189.12294244766235
