expl_var_class_0,expl_var_class_1,expl_var_class_2,expl_var_class_3,expl_var_class_4,expl_var_class_5,expl_var_mean,mae_class_0,mae_class_1,mae_class_2,mae_class_3,mae_class_4,mae_class_5,mae_mean,mse_class_0,mse_class_1,mse_class_2,mse_class_3,mse_class_4,mse_class_5,mse_mean,r2_class_0,r2_class_1,r2_class_2,r2_class_3,r2_class_4,r2_class_5,r2_mean,time
0.9739949087407574,0.9877477634131935,0.9908787600216691,0.9897298238563634,0.8849820802778382,0.9669091486102523,0.9657070808200124,0.0221963820605292,0.021743933541839858,0.016582190863945547,0.008766978383825565,0.014056564707069683,0.01697698675525544,0.01672050605207755,0.0025537533152100813,0.0016183013861965827,0.0010732836695238257,0.00040544819593321213,0.0015446956716119982,0.0014687262276830882,0.001444034744359798,0.9739948957771165,0.9877444619603526,0.9908783612466353,0.9897228217659908,0.8849618002783746,0.9669018757625762,0.9657007027985077,42.765089988708496
