expl_var_class_0,expl_var_class_1,expl_var_class_2,expl_var_class_3,expl_var_class_4,expl_var_class_5,expl_var_mean,mae_class_0,mae_class_1,mae_class_2,mae_class_3,mae_class_4,mae_class_5,mae_mean,mse_class_0,mse_class_1,mse_class_2,mse_class_3,mse_class_4,mse_class_5,mse_mean,r2_class_0,r2_class_1,r2_class_2,r2_class_3,r2_class_4,r2_class_5,r2_mean,time
0.9825111733665853,0.9893253139679851,0.992354906146659,0.9908391469484904,0.94592629297316,0.9724544296565162,0.9789018771765661,0.01851324471714795,0.019913656127873648,0.014341421023390222,0.007867059148881077,0.010361734466155875,0.015622843431262181,0.014436659819118491,0.0017292130041639971,0.0014143302324106945,0.0008914103088788122,0.0003639528127702074,0.0007652843985222783,0.0012150404629027189,0.0010632052032747846,0.9825108025726923,0.9893247693252676,0.9923540226027326,0.9908367619564213,0.9459079385438063,0.9724439977252033,0.9788963821210205,129.99676990509033
