expl_var_class_0,expl_var_class_1,expl_var_class_2,expl_var_class_3,expl_var_class_4,expl_var_class_5,expl_var_mean,mae_class_0,mae_class_1,mae_class_2,mae_class_3,mae_class_4,mae_class_5,mae_mean,mse_class_0,mse_class_1,mse_class_2,mse_class_3,mse_class_4,mse_class_5,mse_mean,r2_class_0,r2_class_1,r2_class_2,r2_class_3,r2_class_4,r2_class_5,r2_mean,time
0.9492222700065728,0.9688597088498033,0.9777066533877834,0.8847559207157206,0.6547758302676929,0.9262019052852868,0.8935870480854766,0.032268028900481804,0.035989102398380796,0.025831317264377412,0.02674882592643821,0.024130139784143852,0.026966844973533247,0.028655709874559218,0.005020711379681001,0.004125813964902146,0.002599083677399165,0.004577540787874537,0.004884528434467523,0.0032544055258059085,0.00407701396168838,0.9492207077246546,0.9688587468562482,0.9777066353697486,0.884751279776568,0.6547502957437441,0.9261930702637031,0.8935801226224444,11.60643458366394
