expl_var_class_0,expl_var_class_1,expl_var_class_2,expl_var_class_3,expl_var_class_4,expl_var_class_5,expl_var_mean,mae_class_0,mae_class_1,mae_class_2,mae_class_3,mae_class_4,mae_class_5,mae_mean,mse_class_0,mse_class_1,mse_class_2,mse_class_3,mse_class_4,mse_class_5,mse_mean,r2_class_0,r2_class_1,r2_class_2,r2_class_3,r2_class_4,r2_class_5,r2_mean,time
0.9825425179533948,0.989434338567371,0.992495377308354,0.9909594767448348,0.9434510158925223,0.9722752487988582,0.9785263292108892,0.018646817228044763,0.019818360694606362,0.01411546547537611,0.007871159772887085,0.010660860586870831,0.015715758594498613,0.014471403725380626,0.001726077236790667,0.00139985981889409,0.0008749843556912601,0.0003591810311262624,0.0008001577036518635,0.0012229432551150129,0.0010638672335448593,0.9825425176098486,0.9894339906363225,0.9924949144743541,0.9909569010776516,0.9434430131279836,0.9722647696527003,0.9785226844298102,108.34359288215637
