expl_var_class_0,expl_var_class_1,expl_var_class_2,expl_var_class_3,expl_var_class_4,expl_var_class_5,expl_var_mean,mae_class_0,mae_class_1,mae_class_2,mae_class_3,mae_class_4,mae_class_5,mae_mean,mse_class_0,mse_class_1,mse_class_2,mse_class_3,mse_class_4,mse_class_5,mse_mean,r2_class_0,r2_class_1,r2_class_2,r2_class_3,r2_class_4,r2_class_5,r2_mean,time
0.974646404722947,0.9875247859459355,0.9908080951308236,0.9892275876506751,0.8922552419782801,0.9687809733009384,0.9672071814549331,0.02180625667187432,0.021831283319305696,0.016859659805936948,0.008854383784735957,0.01397715971213615,0.016326637708629736,0.016609230167103136,0.0024728224535775305,0.0016379365930490135,0.001110947590325676,0.0004236891633840185,0.0014675581039581241,0.0013330412389568023,0.0014076658572085277,0.9746405755367318,0.9875223695032459,0.9908080746281904,0.9892170707236924,0.8922220832344601,0.9687809096286426,0.9671985138758271,40.771055936813354
