expl_var_class_0,expl_var_class_1,expl_var_class_2,expl_var_class_3,expl_var_class_4,expl_var_class_5,expl_var_mean,mae_class_0,mae_class_1,mae_class_2,mae_class_3,mae_class_4,mae_class_5,mae_mean,mse_class_0,mse_class_1,mse_class_2,mse_class_3,mse_class_4,mse_class_5,mse_mean,r2_class_0,r2_class_1,r2_class_2,r2_class_3,r2_class_4,r2_class_5,r2_mean,time
0.980950352225083,0.9897289060061456,0.9930652705317035,0.991595613645528,0.937411484037021,0.9711331519033766,0.9773141297248097,0.018882375506903252,0.019586209776193995,0.01380102906652018,0.007980167123564542,0.010857614861009264,0.01557953430199019,0.014447821772696904,0.0018707188463518327,0.0013564702883259144,0.000815967988550549,0.0003319590574034651,0.0008407139200830169,0.0012813037272754347,0.0010828556379983687,0.9809502984171007,0.9897273317813186,0.9930652394728321,0.9915856022210762,0.9373894692497373,0.9711254901343076,0.977307238546062,97.10146689414978
