expl_var_class_0,expl_var_class_1,expl_var_class_2,expl_var_class_3,expl_var_class_4,expl_var_class_5,expl_var_mean,mae_class_0,mae_class_1,mae_class_2,mae_class_3,mae_class_4,mae_class_5,mae_mean,mse_class_0,mse_class_1,mse_class_2,mse_class_3,mse_class_4,mse_class_5,mse_mean,r2_class_0,r2_class_1,r2_class_2,r2_class_3,r2_class_4,r2_class_5,r2_mean,time
0.9803920575439501,0.9896889742129885,0.9936626054116758,0.9913040295473061,0.9380586467570845,0.9711092413649807,0.9773692591396642,0.018927326488505373,0.019796002976325798,0.013713766706970207,0.00804877827146495,0.010698686103052609,0.01568300252577376,0.014477927178682118,0.001879972872508338,0.0013526990079066482,0.0007620332071678959,0.0003488895059761854,0.0008211081286783328,0.0012509785725396214,0.0010692802157961704,0.9803899134509236,0.9896887180958787,0.9936625954938396,0.9912974352947154,0.938049382125238,0.9711019976354811,0.9773650070160128,89.10763955116272
