expl_var_class_0,expl_var_class_1,expl_var_class_2,expl_var_class_3,expl_var_class_4,expl_var_class_5,expl_var_mean,mae_class_0,mae_class_1,mae_class_2,mae_class_3,mae_class_4,mae_class_5,mae_mean,mse_class_0,mse_class_1,mse_class_2,mse_class_3,mse_class_4,mse_class_5,mse_mean,r2_class_0,r2_class_1,r2_class_2,r2_class_3,r2_class_4,r2_class_5,r2_mean,time
0.9805047962902922,0.9895283944050216,0.9933830662586299,0.9916610620522143,0.9388146814082254,0.9705116908954601,0.9774006152183072,0.018861976394730504,0.019857544751980868,0.013901017035477487,0.007897495993549584,0.01062447949849856,0.01576461506369014,0.01448452145632119,0.0018690651509223075,0.0013737347350724098,0.0007956449634547537,0.0003344982920939975,0.0008111368076278938,0.0012768571927181918,0.0010768228569815923,0.9805036924141647,0.989528368075958,0.9933830652925982,0.9916564041597917,0.9388016941271867,0.9705041932897259,0.9773962362265709,115.0149085521698
