expl_var_class_0,expl_var_class_1,expl_var_class_2,expl_var_class_3,expl_var_class_4,expl_var_class_5,expl_var_mean,mae_class_0,mae_class_1,mae_class_2,mae_class_3,mae_class_4,mae_class_5,mae_mean,mse_class_0,mse_class_1,mse_class_2,mse_class_3,mse_class_4,mse_class_5,mse_mean,r2_class_0,r2_class_1,r2_class_2,r2_class_3,r2_class_4,r2_class_5,r2_mean,time
0.9825478542437809,0.9895376655738765,0.9926435309154601,0.9910085189713523,0.9457118158394336,0.9726994046232298,0.9790247983611889,0.01848904270716329,0.019736513712632117,0.014079224023801244,0.007787306114158321,0.010351253492511205,0.015569775685271252,0.01433551928925624,0.0017256023442282964,0.0013862702895075098,0.000857775678002938,0.0003572854980868288,0.0007684359179216682,0.0012043241350278313,0.0010499489771291788,0.9825473206559511,0.9895365631173728,0.9926425200823791,0.9910046249029673,0.9456851819041029,0.9726870342036695,0.9790172074777405,147.68807911872864
