expl_var_class_0,expl_var_class_1,expl_var_class_2,expl_var_class_3,expl_var_class_4,expl_var_class_5,expl_var_mean,mae_class_0,mae_class_1,mae_class_2,mae_class_3,mae_class_4,mae_class_5,mae_mean,mse_class_0,mse_class_1,mse_class_2,mse_class_3,mse_class_4,mse_class_5,mse_mean,r2_class_0,r2_class_1,r2_class_2,r2_class_3,r2_class_4,r2_class_5,r2_mean,time
0.9806402298863895,0.9897663158944608,0.9930665081734172,0.9917864530680162,0.9365306831268259,0.9699090399775295,0.9769498716877733,0.01903818005431535,0.019506022987110943,0.01384000261538013,0.007953210407594901,0.010905405531462497,0.0159278384182449,0.014528443335684786,0.001901173341834503,0.001351389273666979,0.0008158276404849905,0.00032436425052281587,0.0008527008201280504,0.0013359624593265549,0.0010969029643273156,0.980640177496507,0.989765810750047,0.9930664322649989,0.9917781130886746,0.9364967682298757,0.9698937415143202,0.9769401738907372,76.62393236160278
