expl_var_class_0,expl_var_class_1,expl_var_class_2,expl_var_class_3,expl_var_class_4,expl_var_class_5,expl_var_mean,mae_class_0,mae_class_1,mae_class_2,mae_class_3,mae_class_4,mae_class_5,mae_mean,mse_class_0,mse_class_1,mse_class_2,mse_class_3,mse_class_4,mse_class_5,mse_mean,r2_class_0,r2_class_1,r2_class_2,r2_class_3,r2_class_4,r2_class_5,r2_mean,time
0.959617152267888,0.9880463074838163,0.9904832751916263,0.9874756564806201,0.7857077816661091,0.9676138625248253,0.9464906726024808,0.026896729804323526,0.021908974011468026,0.01681837350808852,0.009336317440480711,0.01882656798198886,0.016981234935700702,0.018461366280341725,0.003992977153809839,0.0015837495871659447,0.001109514126417596,0.0004975704264062435,0.003031775091261403,0.0014282223819987911,0.0019406347945099699,0.9596151743032539,0.9880460080774832,0.9904832602360099,0.9874726720040929,0.7857071634094012,0.9676092275040348,0.946488917589046,29.709522008895874
