expl_var_class_0,expl_var_class_1,expl_var_class_2,expl_var_class_3,expl_var_class_4,expl_var_class_5,expl_var_mean,mae_class_0,mae_class_1,mae_class_2,mae_class_3,mae_class_4,mae_class_5,mae_mean,mse_class_0,mse_class_1,mse_class_2,mse_class_3,mse_class_4,mse_class_5,mse_mean,r2_class_0,r2_class_1,r2_class_2,r2_class_3,r2_class_4,r2_class_5,r2_mean,time
0.9819406506949695,0.9888002725519469,0.9927235702121716,0.9906940672296224,0.9392861788053807,0.9728640792730119,0.9777181364611837,0.018588051879510455,0.01990072748298505,0.014188699512825479,0.008271885577733158,0.010821571434667191,0.01523308983977122,0.014500670954582092,0.001761318013222353,0.0014702782712225056,0.0008794506444658834,0.0003659027807066527,0.0008270514328251569,0.0011587900872678289,0.0010771318716183969,0.9819372349003521,0.9887995731497942,0.9927234688994191,0.9906877396276759,0.9392610893923463,0.9728617754660329,0.9777118135726034,105.78793787956238
