expl_var_class_0,expl_var_class_1,expl_var_class_2,expl_var_class_3,expl_var_class_4,expl_var_class_5,expl_var_mean,mae_class_0,mae_class_1,mae_class_2,mae_class_3,mae_class_4,mae_class_5,mae_mean,mse_class_0,mse_class_1,mse_class_2,mse_class_3,mse_class_4,mse_class_5,mse_mean,r2_class_0,r2_class_1,r2_class_2,r2_class_3,r2_class_4,r2_class_5,r2_mean,time
0.981286669347139,0.9898521129096823,0.9931557965922748,0.9914651698310508,0.9370372168678387,0.9710941117428574,0.9773151795484739,0.01881896361671029,0.019512595417277658,0.013660390378859081,0.007998784287929703,0.010829720581452165,0.015751266523044368,0.014428620134212212,0.0018377665247738034,0.0013403067067794402,0.0008053143218248221,0.0003371100941772321,0.0008459621771690176,0.0012829982822102199,0.001074909684489089,0.9812858549299083,0.989849739999089,0.9931557830094854,0.9914550352989763,0.9369986155314642,0.971087302901928,0.9773053886118085,108.94537043571472
