expl_var_class_0,expl_var_class_1,expl_var_class_2,expl_var_class_3,expl_var_class_4,expl_var_class_5,expl_var_mean,mae_class_0,mae_class_1,mae_class_2,mae_class_3,mae_class_4,mae_class_5,mae_mean,mse_class_0,mse_class_1,mse_class_2,mse_class_3,mse_class_4,mse_class_5,mse_mean,r2_class_0,r2_class_1,r2_class_2,r2_class_3,r2_class_4,r2_class_5,r2_mean,time
0.983050634825035,0.9898860415687771,0.9929475283147621,0.9918631018407071,0.9473993163522423,0.9727549211747232,0.9796502573460412,0.01820853278139316,0.01942651721834908,0.013871469309850766,0.007569891980409287,0.010277587519058252,0.015485240319112237,0.014139873188028796,0.0016758765148801762,0.0013402370814260718,0.0008222940154768377,0.0003233325309395812,0.0007444094145918395,0.001201989785270294,0.0010180232237641334,0.9830502458852963,0.9898840174131985,0.992946860280142,0.9918594585773877,0.9473834304208688,0.9727399751132053,0.9796439979483499,230.5447542667389
