expl_var_class_0,expl_var_class_1,expl_var_class_2,expl_var_class_3,expl_var_class_4,expl_var_class_5,expl_var_mean,mae_class_0,mae_class_1,mae_class_2,mae_class_3,mae_class_4,mae_class_5,mae_mean,mse_class_0,mse_class_1,mse_class_2,mse_class_3,mse_class_4,mse_class_5,mse_mean,r2_class_0,r2_class_1,r2_class_2,r2_class_3,r2_class_4,r2_class_5,r2_mean,time
0.9824744411738787,0.9887564445017917,0.9927162772699298,0.9914599358395042,0.9449283815864512,0.9714069358235019,0.9786237360325097,0.018629863687795827,0.020018650003854756,0.014256616097270797,0.00787909070075338,0.010348058182789081,0.015512902804065436,0.014440863579421545,0.0017189865892376136,0.0014731249868238224,0.0008666054496818048,0.00033932363657712754,0.0007563014552567179,0.0012707585691520665,0.0010708501144548587,0.9824737695292658,0.9887558303921364,0.9927161851314376,0.9914582410057339,0.9449263514901985,0.9714049807785149,0.9786225597212145,199.25322914123535
