acc;avg_acc;f1_macro;f1_micro;f1_weighted;precision_macro;precision_micro;precision_weighted;recall_macro;recall_micro;recall_weighted;time
0.8390295514382028;0.7823401093966533;0.8026273254313097;0.8390295514382028;0.8302299728785605;0.8390363908548967;0.8390295514382028;0.8397220403154726;0.7823401093966533;0.8390295514382028;0.8390295514382028;1.396083116531372
