acc;avg_acc;f1_macro;f1_micro;f1_weighted;precision_macro;precision_micro;precision_weighted;recall_macro;recall_micro;recall_weighted;time
0.83186929455476;0.7690945458643612;0.7950967534424532;0.83186929455476;0.8214154519421388;0.8409308472563882;0.83186929455476;0.8308438338462353;0.7690945458643612;0.83186929455476;0.83186929455476;1.4520609378814697
