acc;avg_acc;f1_macro;f1_micro;f1_weighted;precision_macro;precision_micro;precision_weighted;recall_macro;recall_micro;recall_weighted;time
0.8257178711153761;0.7644729083288397;0.7886556493479778;0.8257178711153761;0.8155609611414104;0.8306342945185325;0.8257178711153761;0.8247502404261289;0.7644729083288397;0.8257178711153761;0.8257178711153761;1.3457226753234863
