acc;avg_acc;f1_macro;f1_micro;f1_weighted;precision_macro;precision_micro;precision_weighted;recall_macro;recall_micro;recall_weighted;time
0.8273664525971309;0.7717350646184515;0.7914228795220596;0.8273664525971309;0.8181936731799072;0.8277610462594869;0.8273664525971309;0.827433175608386;0.7717350646184515;0.8273664525971309;0.8273664525971309;1.4241490364074707
