acc;avg_acc;f1_macro;f1_micro;f1_weighted;precision_macro;precision_micro;precision_weighted;recall_macro;recall_micro;recall_weighted;time
0.8188774882507812;0.7457395529268517;0.770103845043366;0.8188774882507812;0.8090084359952203;0.8133115806089896;0.8188774882507812;0.8156602231258534;0.7457395529268517;0.8188774882507812;0.8188774882507812;1.4518530368804932
