acc;avg_acc;f1_macro;f1_micro;f1_weighted;precision_macro;precision_micro;precision_weighted;recall_macro;recall_micro;recall_weighted;time
0.7148200093501637;0.6170785371107723;0.6383592718115503;0.7148200093501637;0.6962789816152467;0.6820675953338265;0.7148200093501637;0.6985557839531154;0.6170785371107723;0.7148200093501637;0.7148200093501637;2.3317654132843018
