acc;avg_acc;f1_macro;f1_micro;f1_weighted;precision_macro;precision_micro;precision_weighted;recall_macro;recall_micro;recall_weighted;time
0.8382421692379617;0.7814444501938532;0.8052667640966943;0.8382421692379618;0.8286829631291254;0.8463875941775592;0.8382421692379617;0.8363935137641025;0.7814444501938532;0.8382421692379617;0.8382421692379617;1.3471894264221191
