acc;avg_acc;f1_macro;f1_micro;f1_weighted;precision_macro;precision_micro;precision_weighted;recall_macro;recall_micro;recall_weighted;time
0.8346989493368766;0.7669398910201968;0.7937953389684568;0.8346989493368766;0.8263345478751416;0.8394178096250984;0.8346989493368766;0.8333109277913363;0.7669398910201968;0.8346989493368766;0.8346989493368766;1.3903017044067383
