acc;avg_acc;f1_macro;f1_micro;f1_weighted;precision_macro;precision_micro;precision_weighted;recall_macro;recall_micro;recall_weighted;time
0.8345021037868162;0.7676943756928857;0.7952641241131484;0.8345021037868162;0.8244142531331189;0.8438723579896086;0.8345021037868162;0.8349586476874052;0.7676943756928857;0.8345021037868162;0.8345021037868162;1.5014190673828125
