acc;avg_acc;f1_macro;f1_micro;f1_weighted;precision_macro;precision_micro;precision_weighted;recall_macro;recall_micro;recall_weighted;time
0.8322875913486381;0.7646328832408966;0.7900559784476963;0.832287591348638;0.8212882057231178;0.8369695900830412;0.8322875913486381;0.8295574733180899;0.7646328832408966;0.8322875913486381;0.8322875913486381;1.406141757965088
