acc;avg_acc;f1_macro;f1_micro;f1_weighted;precision_macro;precision_micro;precision_weighted;recall_macro;recall_micro;recall_weighted;time
0.808666125341404;0.7352322157268101;0.7491356568989016;0.808666125341404;0.7995829280179106;0.7783319018387981;0.808666125341404;0.8030963729168443;0.7352322157268101;0.808666125341404;0.808666125341404;1.4222118854522705
