acc;avg_acc;f1_macro;f1_micro;f1_weighted;precision_macro;precision_micro;precision_weighted;recall_macro;recall_micro;recall_weighted;time
0.8257916881966487;0.7570424746738135;0.7813883506519321;0.8257916881966487;0.814917082047583;0.8309065210819766;0.8257916881966487;0.8261975745990464;0.7570424746738135;0.8257916881966487;0.8257916881966487;1.514911413192749
