acc;avg_acc;f1_macro;f1_micro;f1_weighted;precision_macro;precision_micro;precision_weighted;recall_macro;recall_micro;recall_weighted;time
0.8284983145099776;0.7691253091823472;0.7934240822516885;0.8284983145099776;0.8186412389970452;0.8365198712759915;0.8284983145099776;0.8271111161865026;0.7691253091823472;0.8284983145099776;0.8284983145099776;1.5091753005981445
