acc;avg_acc;f1_macro;f1_micro;f1_weighted;precision_macro;precision_micro;precision_weighted;recall_macro;recall_micro;recall_weighted;time
0.8289904283851283;0.7673992259467823;0.7884651990225223;0.8289904283851283;0.820734278497778;0.826123723119816;0.8289904283851283;0.8280685910596107;0.7673992259467823;0.8289904283851283;0.8289904283851283;1.3473758697509766
