acc;avg_acc;f1_macro;f1_micro;f1_weighted;precision_macro;precision_micro;precision_weighted;recall_macro;recall_micro;recall_weighted;time
0.8363967422061465;0.7809835898163551;0.8028446894880582;0.8363967422061463;0.8285291220832598;0.8386010075340012;0.8363967422061465;0.8357607264577632;0.7809835898163551;0.8363967422061465;0.8363967422061465;1.5011537075042725
