acc;avg_acc;f1_macro;f1_micro;f1_weighted;precision_macro;precision_micro;precision_weighted;recall_macro;recall_micro;recall_weighted;time
0.8314017863733668;0.7717688510411838;0.7947595955913058;0.8314017863733668;0.822899364255488;0.8334986497518829;0.8314017863733668;0.8285123734519255;0.7717688510411838;0.8314017863733668;0.8314017863733668;1.3523106575012207
