acc;avg_acc;f1_macro;f1_micro;f1_weighted;precision_macro;precision_micro;precision_weighted;recall_macro;recall_micro;recall_weighted;time
0.8106099751482493;0.7386859507211364;0.76275606824732;0.8106099751482493;0.7994829666190654;0.8066843492470945;0.8106099751482493;0.8064816379938092;0.7386859507211364;0.8106099751482493;0.8106099751482493;1.5473594665527344
