acc;avg_acc;f1_macro;f1_micro;f1_weighted;precision_macro;precision_micro;precision_weighted;recall_macro;recall_micro;recall_weighted;time
0.8215595088703526;0.7573281057327894;0.779470537458043;0.8215595088703525;0.8121149185702425;0.8189698303712434;0.8215595088703526;0.8177144333664916;0.7573281057327894;0.8215595088703526;0.8215595088703526;1.496455430984497
