acc;avg_acc;f1_macro;f1_micro;f1_weighted;precision_macro;precision_micro;precision_weighted;recall_macro;recall_micro;recall_weighted;time
0.8327058881425162;0.7728567188575439;0.7948129263087309;0.8327058881425162;0.8248648818755897;0.8339153409473052;0.8327058881425162;0.8328716573887612;0.7728567188575439;0.8327058881425162;0.8327058881425162;1.3665704727172852
