acc;avg_acc;f1_macro;f1_micro;f1_weighted;precision_macro;precision_micro;precision_weighted;recall_macro;recall_micro;recall_weighted;time
0.830220713073005;0.7685696252437969;0.7926133435228755;0.830220713073005;0.8196524863618473;0.835893057521473;0.830220713073005;0.8275037585238849;0.7685696252437969;0.830220713073005;0.830220713073005;1.329333782196045
