acc;avg_acc;f1_macro;f1_micro;f1_weighted;precision_macro;precision_micro;precision_weighted;recall_macro;recall_micro;recall_weighted;time
0.8116434142860658;0.732472274582851;0.755292683349153;0.8116434142860658;0.8023633825212415;0.7957263408947876;0.8116434142860658;0.8075851719587192;0.732472274582851;0.8116434142860658;0.8116434142860658;1.3987250328063965
