acc;avg_acc;f1_macro;f1_micro;f1_weighted;precision_macro;precision_micro;precision_weighted;recall_macro;recall_micro;recall_weighted;time
0.8296055707290667;0.7644344486581464;0.7866972354830566;0.8296055707290667;0.8209074777517361;0.8258771764714347;0.8296055707290667;0.8298844750330178;0.7644344486581464;0.8296055707290667;0.8296055707290667;1.4287457466125488
