acc;avg_acc;f1_macro;f1_micro;f1_weighted;precision_macro;precision_micro;precision_weighted;recall_macro;recall_micro;recall_weighted;time
0.8318200831672449;0.779686737739014;0.7991283569835174;0.8318200831672449;0.8229156277407272;0.8318834662656175;0.8318200831672449;0.8291861077983215;0.779686737739014;0.8318200831672449;0.8318200831672449;1.1780099868774414
