acc;avg_acc;f1_macro;f1_micro;f1_weighted;precision_macro;precision_micro;precision_weighted;recall_macro;recall_micro;recall_weighted;time
0.8281292291036145;0.7704491743432992;0.7928042441801427;0.8281292291036145;0.8179174572522999;0.8316861713795346;0.8281292291036145;0.8247574219118557;0.7704491743432992;0.8281292291036145;0.8281292291036145;1.3821823596954346
