acc;avg_acc;f1_macro;f1_micro;f1_weighted;precision_macro;precision_micro;precision_weighted;recall_macro;recall_micro;recall_weighted;time
0.8292856967102188;0.7674067957351264;0.7890942851527216;0.8292856967102188;0.8198659028893454;0.8262661530123925;0.8292856967102188;0.8275033526900506;0.7674067957351264;0.8292856967102188;0.8292856967102188;1.3571951389312744
