acc;avg_acc;f1_macro;f1_micro;f1_weighted;precision_macro;precision_micro;precision_weighted;recall_macro;recall_micro;recall_weighted;time
0.829162668241431;0.7635371509999724;0.7892461461206765;0.829162668241431;0.8203829387518793;0.8330977137910541;0.829162668241431;0.8277248211885204;0.7635371509999724;0.829162668241431;0.829162668241431;1.3639328479766846
