acc;avg_acc;f1_macro;f1_micro;f1_weighted;precision_macro;precision_micro;precision_weighted;recall_macro;recall_micro;recall_weighted;time
0.8040894663025024;0.723371992963981;0.7456189216797904;0.8040894663025024;0.7950325134329372;0.7828550063989157;0.8040894663025024;0.7990569596477197;0.723371992963981;0.8040894663025024;0.8040894663025024;1.5626955032348633
