acc;avg_acc;f1_macro;f1_micro;f1_weighted;precision_macro;precision_micro;precision_weighted;recall_macro;recall_micro;recall_weighted;time
0.8340099899116655;0.775436649199026;0.7978224771477158;0.8340099899116655;0.8258838904956868;0.8336913409571444;0.8340099899116655;0.8318112891097075;0.775436649199026;0.8340099899116655;0.8340099899116655;1.4338288307189941
