acc;avg_acc;f1_macro;f1_micro;f1_weighted;precision_macro;precision_micro;precision_weighted;recall_macro;recall_micro;recall_weighted;time
0.8259147166654364;0.763604271666832;0.7847023715528798;0.8259147166654364;0.8148540691936274;0.823769697727657;0.8259147166654364;0.8241709891230917;0.763604271666832;0.8259147166654364;0.8259147166654364;1.4066720008850098
