acc;avg_acc;f1_macro;f1_micro;f1_weighted;precision_macro;precision_micro;precision_weighted;recall_macro;recall_micro;recall_weighted;time
0.8285721315912502;0.7717784826353261;0.7939398405035355;0.8285721315912502;0.8185202025075768;0.8331580957962602;0.8285721315912502;0.8272387029963567;0.7717784826353261;0.8285721315912502;0.8285721315912502;1.3497545719146729
