acc;avg_acc;f1_macro;f1_micro;f1_weighted;precision_macro;precision_micro;precision_weighted;recall_macro;recall_micro;recall_weighted;time
0.8313525749858517;0.7726703315671726;0.7955762867732228;0.8313525749858517;0.8203089457718307;0.8393826334224448;0.8313525749858517;0.8325462573654345;0.7726703315671726;0.8313525749858517;0.8313525749858517;1.379310131072998
