acc;avg_acc;f1_macro;f1_micro;f1_weighted;precision_macro;precision_micro;precision_weighted;recall_macro;recall_micro;recall_weighted;time
0.8114957801235206;0.740655294051217;0.7626431862358495;0.8114957801235207;0.8003687456330505;0.801891078870216;0.8114957801235206;0.8066923848202336;0.740655294051217;0.8114957801235206;0.8114957801235206;1.290928840637207
