acc;avg_acc;f1_macro;f1_micro;f1_weighted;precision_macro;precision_micro;precision_weighted;recall_macro;recall_micro;recall_weighted;time
0.8231834846583499;0.7654123575168121;0.7875790565978207;0.8231834846583499;0.8131291213611781;0.8275218410512513;0.8231834846583499;0.8221938403282057;0.7654123575168121;0.8231834846583499;0.8231834846583499;1.0966646671295166
