acc;avg_acc;f1_macro;f1_micro;f1_weighted;precision_macro;precision_micro;precision_weighted;recall_macro;recall_micro;recall_weighted;time
0.834625132255604;0.7788213466080456;0.8005360012565266;0.8346251322556039;0.8248561395743643;0.8380444398892211;0.834625132255604;0.8319463569728693;0.7788213466080456;0.834625132255604;0.834625132255604;1.433725357055664
