acc;avg_acc;f1_macro;f1_micro;f1_weighted;precision_macro;precision_micro;precision_weighted;recall_macro;recall_micro;recall_weighted;time
0.7117935090179868;0.6034127885701897;0.6265044285377082;0.7117935090179868;0.6907639699286352;0.6738779092175545;0.7117935090179868;0.6913581289761006;0.6034127885701897;0.7117935090179868;0.7117935090179868;1.3527805805206299
