acc;avg_acc;f1_macro;f1_micro;f1_weighted;precision_macro;precision_micro;precision_weighted;recall_macro;recall_micro;recall_weighted;time
0.8298270219728845;0.7736306149524107;0.7945715911582113;0.8298270219728844;0.8206759160223617;0.8311906559200569;0.8298270219728845;0.8278736443117116;0.7736306149524107;0.8298270219728845;0.8298270219728845;1.4271278381347656
