acc;avg_acc;f1_macro;f1_micro;f1_weighted;precision_macro;precision_micro;precision_weighted;recall_macro;recall_micro;recall_weighted;time
0.8358554169434808;0.774375120170828;0.7957708863940589;0.8358554169434808;0.8279111311996512;0.8316193601842106;0.8358554169434808;0.8349375758319695;0.774375120170828;0.8358554169434808;0.8358554169434808;1.3728086948394775
