acc;avg_acc;f1_macro;f1_micro;f1_weighted;precision_macro;precision_micro;precision_weighted;recall_macro;recall_micro;recall_weighted;time
0.8264560419281022;0.7660343025658706;0.790196252914589;0.8264560419281022;0.8169679845863494;0.8328482059898812;0.8264560419281022;0.8245635424172582;0.7660343025658706;0.8264560419281022;0.8264560419281022;1.3459060192108154
