acc;avg_acc;f1_macro;f1_micro;f1_weighted;precision_macro;precision_micro;precision_weighted;recall_macro;recall_micro;recall_weighted;time
0.8213626633202923;0.7543550564033894;0.7774993694554532;0.8213626633202923;0.8118245042530726;0.8167151316024615;0.8213626633202923;0.8163256059332318;0.7543550564033894;0.8213626633202923;0.8213626633202923;1.5808687210083008
