acc;avg_acc;f1_macro;f1_micro;f1_weighted;precision_macro;precision_micro;precision_weighted;recall_macro;recall_micro;recall_weighted;time
0.8286459486725228;0.7696447010704344;0.7907611683096373;0.828645948672523;0.8177577217795375;0.8300004448121848;0.8286459486725228;0.8271747874104841;0.7696447010704344;0.8286459486725228;0.8286459486725228;1.5415120124816895
