acc;avg_acc;f1_macro;f1_micro;f1_weighted;precision_macro;precision_micro;precision_weighted;recall_macro;recall_micro;recall_weighted;time
0.8272188184345858;0.7666784074052542;0.7896592853840513;0.8272188184345858;0.8172293160326495;0.8298169535847056;0.8272188184345858;0.8257264557636235;0.7666784074052542;0.8272188184345858;0.8272188184345858;1.416675329208374
