acc;avg_acc;f1_macro;f1_micro;f1_weighted;precision_macro;precision_micro;precision_weighted;recall_macro;recall_micro;recall_weighted;time
0.7986270022883295;0.7120755242490951;0.7326236085200445;0.7986270022883294;0.78673047526839;0.77813938625428;0.7986270022883295;0.7941280798482041;0.7120755242490951;0.7986270022883295;0.7986270022883295;1.4180197715759277
