acc;avg_acc;f1_macro;f1_micro;f1_weighted;precision_macro;precision_micro;precision_weighted;recall_macro;recall_micro;recall_weighted;time
0.8279077778597967;0.7652395810544262;0.7889861813357429;0.8279077778597967;0.8167819067111167;0.8316615721113376;0.8279077778597967;0.825776727615936;0.7652395810544262;0.8279077778597967;0.8279077778597967;1.322159767150879
