acc;avg_acc;f1_macro;f1_micro;f1_weighted;precision_macro;precision_micro;precision_weighted;recall_macro;recall_micro;recall_weighted;time
0.8300238675229448;0.7730614041214958;0.7968802171733506;0.8300238675229448;0.8191288952147048;0.8383255868215884;0.8300238675229448;0.8276091224524114;0.7730614041214958;0.8300238675229448;0.8300238675229448;1.3181493282318115
