acc;avg_acc;f1_macro;f1_micro;f1_weighted;precision_macro;precision_micro;precision_weighted;recall_macro;recall_micro;recall_weighted;time
0.8245614035087719;0.7550366317791437;0.7813466534923076;0.8245614035087719;0.8126839263932677;0.8355447708146825;0.8245614035087719;0.824306280301892;0.7550366317791437;0.8245614035087719;0.8245614035087719;1.4792966842651367
