acc;avg_acc;f1_macro;f1_micro;f1_weighted;precision_macro;precision_micro;precision_weighted;recall_macro;recall_micro;recall_weighted;time
0.8275632981471912;0.7651498328634334;0.7877911833530828;0.8275632981471912;0.8167923509953472;0.8280380312432377;0.8275632981471912;0.8235104254659471;0.7651498328634334;0.8275632981471912;0.8275632981471912;1.2477915287017822
