acc;avg_acc;f1_macro;f1_micro;f1_weighted;precision_macro;precision_micro;precision_weighted;recall_macro;recall_micro;recall_weighted;time
0.8116434142860658;0.745871293857117;0.765897880866141;0.8116434142860658;0.8005809277769524;0.8054846286243227;0.8116434142860658;0.8106728946134762;0.745871293857117;0.8116434142860658;0.8116434142860658;1.4523468017578125
