acc;avg_acc;f1_macro;f1_micro;f1_weighted;precision_macro;precision_micro;precision_weighted;recall_macro;recall_micro;recall_weighted;time
0.828055412022342;0.7721259467661823;0.7931638790212148;0.828055412022342;0.8178798148426696;0.829415192191886;0.828055412022342;0.8238461513629427;0.7721259467661823;0.828055412022342;0.828055412022342;1.3299689292907715
