acc;avg_acc;f1_macro;f1_micro;f1_weighted;precision_macro;precision_micro;precision_weighted;recall_macro;recall_micro;recall_weighted;time
0.8295809650353092;0.7705629132697375;0.7928214818201818;0.8295809650353092;0.8196636793269374;0.8365014487844891;0.8295809650353092;0.8314577738468971;0.7705629132697375;0.8295809650353092;0.8295809650353092;1.5225515365600586
