acc;avg_acc;f1_macro;f1_micro;f1_weighted;precision_macro;precision_micro;precision_weighted;recall_macro;recall_micro;recall_weighted;time
0.8332472134051819;0.7724060356847557;0.7950072263069247;0.8332472134051819;0.8247211325409792;0.8324611080044313;0.8332472134051819;0.8313227956321783;0.7724060356847557;0.8332472134051819;0.8332472134051819;1.4245085716247559
