acc;avg_acc;f1_macro;f1_micro;f1_weighted;precision_macro;precision_micro;precision_weighted;recall_macro;recall_micro;recall_weighted;time
0.8290888511601585;0.7697654356636153;0.7928946921935582;0.8290888511601585;0.8183215034875512;0.8343262820339317;0.8290888511601585;0.8271213489624183;0.7697654356636153;0.8290888511601585;0.8290888511601585;1.441885232925415
