acc;avg_acc;f1_macro;f1_micro;f1_weighted;precision_macro;precision_micro;precision_weighted;recall_macro;recall_micro;recall_weighted;time
0.8374055756502055;0.7813041618464531;0.8032743079634749;0.8374055756502055;0.8294825666740104;0.8389274506649995;0.8374055756502055;0.8363333063868449;0.7813041618464531;0.8374055756502055;0.8374055756502055;1.4191324710845947
