acc;avg_acc;f1_macro;f1_micro;f1_weighted;precision_macro;precision_micro;precision_weighted;recall_macro;recall_micro;recall_weighted;time
0.8352156689057848;0.7805189620406059;0.8006734186084697;0.8352156689057848;0.8255522998236869;0.8357652443487327;0.8352156689057848;0.8327771344905294;0.7805189620406059;0.8352156689057848;0.8352156689057848;1.3289294242858887
