acc;avg_acc;f1_macro;f1_micro;f1_weighted;precision_macro;precision_micro;precision_weighted;recall_macro;recall_micro;recall_weighted;time
0.8317708717797299;0.770383904348421;0.7938932058056726;0.8317708717797299;0.8218380178006901;0.8331251609006608;0.8317708717797299;0.8283627144416575;0.770383904348421;0.8317708717797299;0.8317708717797299;1.5141441822052002
