acc;avg_acc;f1_macro;f1_micro;f1_weighted;precision_macro;precision_micro;precision_weighted;recall_macro;recall_micro;recall_weighted;time
0.8250043059964076;0.7621793665672792;0.7843841891404569;0.8250043059964076;0.8142700703659269;0.8246878071269869;0.8250043059964076;0.8226734476161277;0.7621793665672792;0.8250043059964076;0.8250043059964076;1.3855586051940918
