acc;avg_acc;f1_macro;f1_micro;f1_weighted;precision_macro;precision_micro;precision_weighted;recall_macro;recall_micro;recall_weighted;time
0.8294087251790064;0.7661828658203907;0.790717001000329;0.8294087251790064;0.8196581709996359;0.8325613335133352;0.8294087251790064;0.8276533127889607;0.7661828658203907;0.8294087251790064;0.8294087251790064;1.1857211589813232
