acc;avg_acc;f1_macro;f1_micro;f1_weighted;precision_macro;precision_micro;precision_weighted;recall_macro;recall_micro;recall_weighted;time
0.8224945252331389;0.7510300967489036;0.7769629562519736;0.8224945252331389;0.8112468933467382;0.8270301392407463;0.8224945252331389;0.8210291404807383;0.7510300967489036;0.8224945252331389;0.8224945252331389;1.525777816772461
