acc;avg_acc;f1_macro;f1_micro;f1_weighted;precision_macro;precision_micro;precision_weighted;recall_macro;recall_micro;recall_weighted;time
0.831500209148397;0.7645194138537145;0.791851306942819;0.831500209148397;0.8206765327970394;0.8410779808140373;0.831500209148397;0.8311909920914082;0.7645194138537145;0.831500209148397;0.831500209148397;1.0118498802185059
