acc;avg_acc;f1_macro;f1_micro;f1_weighted;precision_macro;precision_micro;precision_weighted;recall_macro;recall_micro;recall_weighted;time
0.8352894859870574;0.776080327634517;0.7971868141392927;0.8352894859870574;0.8258585415174264;0.8356731961526669;0.8352894859870574;0.8354183590034833;0.776080327634517;0.8352894859870574;0.8352894859870574;1.3449397087097168
