acc;avg_acc;f1_macro;f1_micro;f1_weighted;precision_macro;precision_micro;precision_weighted;recall_macro;recall_micro;recall_weighted;time
0.8214364804015649;0.7515990138841989;0.7763412283153955;0.8214364804015649;0.8094140449466204;0.8244797070515255;0.8214364804015649;0.819475973374583;0.7515990138841989;0.8214364804015649;0.8214364804015649;1.431551456451416
