acc;avg_acc;f1_macro;f1_micro;f1_weighted;precision_macro;precision_micro;precision_weighted;recall_macro;recall_micro;recall_weighted;time
0.8209197608326567;0.7568619119252561;0.7800701124637386;0.8209197608326567;0.8099190596191855;0.8198120490799753;0.8209197608326567;0.8157250564401887;0.7568619119252561;0.8209197608326567;0.8209197608326567;1.4265797138214111
