acc;avg_acc;f1_macro;f1_micro;f1_weighted;precision_macro;precision_micro;precision_weighted;recall_macro;recall_micro;recall_weighted;time
0.8273664525971309;0.7639306164367771;0.7875303310887429;0.8273664525971309;0.8172043805112557;0.8300866565786005;0.8273664525971309;0.8232640568404738;0.7639306164367771;0.8273664525971309;0.8273664525971309;1.4242274761199951
