acc;avg_acc;f1_macro;f1_micro;f1_weighted;precision_macro;precision_micro;precision_weighted;recall_macro;recall_micro;recall_weighted;time
0.828055412022342;0.7730578163630579;0.7941805321302469;0.828055412022342;0.8180491534134017;0.8308640755273324;0.828055412022342;0.8247092483807512;0.7730578163630579;0.828055412022342;0.828055412022342;1.4402062892913818
