acc;avg_acc;f1_macro;f1_micro;f1_weighted;precision_macro;precision_micro;precision_weighted;recall_macro;recall_micro;recall_weighted;time
0.8167860042813907;0.7416413127229836;0.7652726952166904;0.8167860042813906;0.8052078119951133;0.8113946167558002;0.8167860042813907;0.8164420843530964;0.7416413127229836;0.8167860042813907;0.8167860042813907;1.428335428237915
