acc;avg_acc;f1_macro;f1_micro;f1_weighted;precision_macro;precision_micro;precision_weighted;recall_macro;recall_micro;recall_weighted;time
0.8093058733790999;0.7295336884772513;0.7516464831186654;0.8093058733790999;0.8002370216415482;0.7871355433498407;0.8093058733790999;0.8040601263549825;0.7295336884772513;0.8093058733790999;0.8093058733790999;1.5162358283996582
