acc;avg_acc;f1_macro;f1_micro;f1_weighted;precision_macro;precision_micro;precision_weighted;recall_macro;recall_micro;recall_weighted;time
0.8307620383356709;0.7747510348701789;0.7985504901133054;0.830762038335671;0.8211164303795833;0.8398520007466084;0.8307620383356709;0.8282317492904556;0.7747510348701789;0.8307620383356709;0.8307620383356709;1.1493027210235596
