acc;avg_acc;f1_macro;f1_micro;f1_weighted;precision_macro;precision_micro;precision_weighted;recall_macro;recall_micro;recall_weighted;time
0.8205506754262937;0.7622774108070136;0.779949159250489;0.8205506754262937;0.8116637695046952;0.8126878250612507;0.8205506754262937;0.8194656168966099;0.7622774108070136;0.8205506754262937;0.8205506754262937;1.4692513942718506
