acc;avg_acc;f1_macro;f1_micro;f1_weighted;precision_macro;precision_micro;precision_weighted;recall_macro;recall_micro;recall_weighted;time
0.8298516276666421;0.7687938840511056;0.791368648563958;0.8298516276666421;0.8177709714889366;0.8370880852618688;0.8298516276666421;0.8282919268406362;0.7687938840511056;0.8298516276666421;0.8298516276666421;1.3450798988342285
