acc;avg_acc;f1_macro;f1_micro;f1_weighted;precision_macro;precision_micro;precision_weighted;recall_macro;recall_micro;recall_weighted;time
0.8299008390541571;0.7692060287596465;0.7941500024633902;0.8299008390541571;0.8200903258216594;0.8392654536100346;0.8299008390541571;0.828360154293341;0.7692060287596465;0.8299008390541571;0.8299008390541571;1.5490922927856445
