acc;avg_acc;f1_macro;f1_micro;f1_weighted;precision_macro;precision_micro;precision_weighted;recall_macro;recall_micro;recall_weighted;time
0.829753204891612;0.7640283066006065;0.7881892837635375;0.829753204891612;0.8213481422611715;0.826288378864121;0.829753204891612;0.8262255681845367;0.7640283066006065;0.829753204891612;0.829753204891612;1.3742079734802246
