acc;avg_acc;f1_macro;f1_micro;f1_weighted;precision_macro;precision_micro;precision_weighted;recall_macro;recall_micro;recall_weighted;time
0.7169360990133117;0.6143043369982468;0.6363756750212598;0.7169360990133117;0.6970763992719688;0.681041720556025;0.7169360990133117;0.6986249913506865;0.6143043369982468;0.7169360990133117;0.7169360990133117;1.5115435123443604
