acc;avg_acc;f1_macro;f1_micro;f1_weighted;precision_macro;precision_micro;precision_weighted;recall_macro;recall_micro;recall_weighted;time
0.8352894859870574;0.7747713002397535;0.7947283952033025;0.8352894859870574;0.8276172071584437;0.8279474822823061;0.8352894859870574;0.8319930342859743;0.7747713002397535;0.8352894859870574;0.8352894859870574;1.369354486465454
