acc;avg_acc;f1_macro;f1_micro;f1_weighted;precision_macro;precision_micro;precision_weighted;recall_macro;recall_micro;recall_weighted;time
0.8318200831672449;0.7657449767430596;0.7891920709511684;0.8318200831672449;0.8201375668978306;0.833174482398107;0.8318200831672449;0.8288811608484123;0.7657449767430596;0.8318200831672449;0.8318200831672449;1.4178388118743896
