acc;avg_acc;f1_macro;f1_micro;f1_weighted;precision_macro;precision_micro;precision_weighted;recall_macro;recall_micro;recall_weighted;time
0.822223862601806;0.7573437912193559;0.7801661754645064;0.822223862601806;0.8107659345825267;0.821519887112705;0.822223862601806;0.8193791343591345;0.7573437912193559;0.822223862601806;0.822223862601806;1.4355902671813965
