expl_var_class_0,expl_var_class_1,expl_var_class_2,expl_var_class_3,expl_var_class_4,expl_var_class_5,expl_var_mean,mae_class_0,mae_class_1,mae_class_2,mae_class_3,mae_class_4,mae_class_5,mae_mean,mse_class_0,mse_class_1,mse_class_2,mse_class_3,mse_class_4,mse_class_5,mse_mean,r2_class_0,r2_class_1,r2_class_2,r2_class_3,r2_class_4,r2_class_5,r2_mean,time
0.8715456389368097,0.8892440070799229,0.8940464749956503,0.891122041614447,0.73778859247689,0.8608208062512732,0.8574279268924988,0.0649225714241912,0.08836276391513129,0.07391702911282147,0.031749926980326026,0.022894231418991173,0.04273712516155737,0.054097274668836424,0.012991522341281089,0.015038300915321875,0.013086719549310377,0.0043267702806627575,0.0030889874602389815,0.006235552932548005,0.009127975579893846,0.8701683817579963,0.8887635988045781,0.8937842628118646,0.8902205131670874,0.7289654731634807,0.8587795971083149,0.8551136378022203,9.11413288116455
