expl_var_class_0,expl_var_class_1,expl_var_class_2,expl_var_class_3,expl_var_class_4,expl_var_class_5,expl_var_mean,mae_class_0,mae_class_1,mae_class_2,mae_class_3,mae_class_4,mae_class_5,mae_mean,mse_class_0,mse_class_1,mse_class_2,mse_class_3,mse_class_4,mse_class_5,mse_mean,r2_class_0,r2_class_1,r2_class_2,r2_class_3,r2_class_4,r2_class_5,r2_mean,time
0.8726812705257477,0.8779871846865067,0.8889310217441607,0.9090835912070614,0.779049696283815,0.8802036552395538,0.8679894032811409,0.06330281402653475,0.0935942805482154,0.07821212908259809,0.029095059730106093,0.022824739797218208,0.03948987294975347,0.05441981602240434,0.012855927122861578,0.01656252628531118,0.013692884394236618,0.003649109960091078,0.002639067049577732,0.0052970158460132095,0.009116088443015232,0.8715234613376498,0.8774890974015889,0.8888644472982232,0.9074142159554848,0.7684424756399589,0.8800352238222513,0.8656281535758593,9.300564527511597
