expl_var_class_0,expl_var_class_1,expl_var_class_2,expl_var_class_3,expl_var_class_4,expl_var_class_5,expl_var_mean,mae_class_0,mae_class_1,mae_class_2,mae_class_3,mae_class_4,mae_class_5,mae_mean,mse_class_0,mse_class_1,mse_class_2,mse_class_3,mse_class_4,mse_class_5,mse_mean,r2_class_0,r2_class_1,r2_class_2,r2_class_3,r2_class_4,r2_class_5,r2_mean,time
0.894586869901916,0.8800903960950468,0.8895985905318603,0.8972571002853991,0.7899654608297657,0.8790993704209908,0.8717662980108298,0.057011663261132696,0.09245299587862837,0.07653850833272094,0.030806162110770256,0.021528746767315334,0.03786333314309767,0.05270023491561088,0.010700010033489585,0.016246595827251988,0.013616073695007686,0.004118824929128201,0.002486825774168423,0.005354504659654924,0.008753805819783467,0.8930687581208715,0.8798259948596467,0.8894878659488481,0.8954965348876712,0.7818004586608281,0.8787332392970505,0.8697354752958194,9.37273359298706
