expl_var_class_0,expl_var_class_1,expl_var_class_2,expl_var_class_3,expl_var_class_4,expl_var_class_5,expl_var_mean,mae_class_0,mae_class_1,mae_class_2,mae_class_3,mae_class_4,mae_class_5,mae_mean,mse_class_0,mse_class_1,mse_class_2,mse_class_3,mse_class_4,mse_class_5,mse_mean,r2_class_0,r2_class_1,r2_class_2,r2_class_3,r2_class_4,r2_class_5,r2_mean,time
0.8678975815552279,0.9003440730836754,0.8916196431897389,0.7478892428356759,0.38939553883582423,0.8712765811933159,0.7780704434489096,0.064172158093289,0.08142270361264083,0.07378105409817913,0.05124092187493417,0.033780712717261144,0.04105520641833125,0.05757545946910592,0.013379631751771613,0.013792397777699243,0.013392672094671732,0.010180315515976337,0.007178241590024098,0.0057248459206802,0.01060801744180387,0.8662897852782887,0.8979793860166841,0.8913010602775936,0.741703455314981,0.3701653574469719,0.8703458929534067,0.7729641562146544,7.672865152359009
