expl_var_class_0,expl_var_class_1,expl_var_class_2,expl_var_class_3,expl_var_class_4,expl_var_class_5,expl_var_mean,mae_class_0,mae_class_1,mae_class_2,mae_class_3,mae_class_4,mae_class_5,mae_mean,mse_class_0,mse_class_1,mse_class_2,mse_class_3,mse_class_4,mse_class_5,mse_mean,r2_class_0,r2_class_1,r2_class_2,r2_class_3,r2_class_4,r2_class_5,r2_mean,time
0.846459434400613,0.9028808140638279,0.8943071851159223,0.6747918060269156,0.3670495078062208,0.8435187141084906,0.7548345769203317,0.07217758146570248,0.08121503826797433,0.06843575290754023,0.06047276935127761,0.03922714342081058,0.046692955396915814,0.0613702068017035,0.015506631357163412,0.01379658268407606,0.013215175359293136,0.01328386832691309,0.007612513400505008,0.007011248647003353,0.011737669962492344,0.8450334772403433,0.8979484307959236,0.8927416769673368,0.6629596318986631,0.3320613974318588,0.8412119391152368,0.7453260922415604,6.98766827583313
