expl_var_class_0,expl_var_class_1,expl_var_class_2,expl_var_class_3,expl_var_class_4,expl_var_class_5,expl_var_mean,mae_class_0,mae_class_1,mae_class_2,mae_class_3,mae_class_4,mae_class_5,mae_mean,mse_class_0,mse_class_1,mse_class_2,mse_class_3,mse_class_4,mse_class_5,mse_mean,r2_class_0,r2_class_1,r2_class_2,r2_class_3,r2_class_4,r2_class_5,r2_mean,time
0.8811802546101389,0.9057610221234701,0.9011924934131397,0.746651658138543,0.4274620757850047,0.8743508048658051,0.7894330514893503,0.06376582909869141,0.07972565565939092,0.0704198813165466,0.05298578257151854,0.033928109414266806,0.03976496211095656,0.05676503669522847,0.011962894990052588,0.01320637856423303,0.012216142788094088,0.010248099071001864,0.006763321890624396,0.005573009347583822,0.00999497444193163,0.880448035679202,0.9023140956826503,0.9008501246669329,0.7399836404406694,0.40657132084096004,0.8737846292223972,0.7839919744221353,8.896635293960571
