expl_var_class_0,expl_var_class_1,expl_var_class_2,expl_var_class_3,expl_var_class_4,expl_var_class_5,expl_var_mean,mae_class_0,mae_class_1,mae_class_2,mae_class_3,mae_class_4,mae_class_5,mae_mean,mse_class_0,mse_class_1,mse_class_2,mse_class_3,mse_class_4,mse_class_5,mse_mean,r2_class_0,r2_class_1,r2_class_2,r2_class_3,r2_class_4,r2_class_5,r2_mean,time
0.7914771662265772,0.8669572272879303,0.8948006080852848,0.6213037657030418,0.394106452115049,0.8353214418706693,0.7339944435480921,0.0855303569162013,0.09469386383771611,0.06785425066663264,0.06468158940563758,0.03710355452138269,0.049684414759852795,0.06659133835123719,0.021003076164104094,0.018555917583355185,0.013260573474779352,0.01556423687448583,0.007219610802822581,0.007369019673827389,0.013828739095562405,0.7901044007921249,0.8627442352381535,0.8923732122588854,0.6051017673244191,0.3665355320880924,0.8331092785977812,0.7249947377165761,6.4242377281188965
