expl_var_class_0,expl_var_class_1,expl_var_class_2,expl_var_class_3,expl_var_class_4,expl_var_class_5,expl_var_mean,mae_class_0,mae_class_1,mae_class_2,mae_class_3,mae_class_4,mae_class_5,mae_mean,mse_class_0,mse_class_1,mse_class_2,mse_class_3,mse_class_4,mse_class_5,mse_mean,r2_class_0,r2_class_1,r2_class_2,r2_class_3,r2_class_4,r2_class_5,r2_mean,time
0.8793118488619973,0.8803851469306967,0.8896239318217473,0.8923613970663711,0.8006322412870249,0.8894437428365283,0.8719597181340609,0.05920670324042391,0.09202994285409828,0.07529648409012844,0.030850352523300265,0.021806659833827804,0.03840116582645668,0.05293188472803923,0.012300746006517264,0.016195204563681596,0.013629783070110296,0.004329952465762207,0.0023763528837038106,0.00491579348588288,0.00895797207927634,0.8770716997087102,0.880206129506815,0.8893765965526158,0.8901397742730476,0.7914935920842388,0.888669001110535,0.8694927988726603,7.494229316711426
