expl_var_class_0,expl_var_class_1,expl_var_class_2,expl_var_class_3,expl_var_class_4,expl_var_class_5,expl_var_mean,mae_class_0,mae_class_1,mae_class_2,mae_class_3,mae_class_4,mae_class_5,mae_mean,mse_class_0,mse_class_1,mse_class_2,mse_class_3,mse_class_4,mse_class_5,mse_mean,r2_class_0,r2_class_1,r2_class_2,r2_class_3,r2_class_4,r2_class_5,r2_mean,time
0.8487693512727332,0.8886808869085798,0.8974743777444041,0.8385057278979569,0.4732676118497151,0.8637003848006,0.801733056745665,0.07110304209566896,0.09000093177541774,0.07203514516991284,0.0377918617367181,0.028591988696001117,0.0414837116032987,0.05683444684616958,0.015252696066532881,0.015078266810276473,0.012682820135722552,0.006408092494278325,0.006104564529911174,0.006064612850395385,0.01026517548118613,0.8475711959807064,0.8884679761574229,0.8970624314776208,0.8374128830588257,0.4643721348161548,0.8626509822978984,0.7995896006314381,8.549130201339722
