expl_var_class_0,expl_var_class_1,expl_var_class_2,expl_var_class_3,expl_var_class_4,expl_var_class_5,expl_var_mean,mae_class_0,mae_class_1,mae_class_2,mae_class_3,mae_class_4,mae_class_5,mae_mean,mse_class_0,mse_class_1,mse_class_2,mse_class_3,mse_class_4,mse_class_5,mse_mean,r2_class_0,r2_class_1,r2_class_2,r2_class_3,r2_class_4,r2_class_5,r2_mean,time
0.8052471405142931,0.8576198610655615,0.8969540866122576,0.6954478628704114,0.3585279123849072,0.8233220193079589,0.739519813792565,0.08242322734440169,0.09772025370433918,0.06814151745760526,0.05770332499276275,0.03694602249261478,0.055076328863947546,0.0663351124759452,0.019615202077398784,0.019889558658261555,0.012973278356510685,0.012365808679573733,0.0075957902219859425,0.008101553885800668,0.013423531979921896,0.803974210184711,0.8528794616514093,0.8947049855243305,0.6862527837022947,0.333528725750753,0.8165191257010215,0.7313098820857533,6.592007160186768
