expl_var_class_0,expl_var_class_1,expl_var_class_2,expl_var_class_3,expl_var_class_4,expl_var_class_5,expl_var_mean,mae_class_0,mae_class_1,mae_class_2,mae_class_3,mae_class_4,mae_class_5,mae_mean,mse_class_0,mse_class_1,mse_class_2,mse_class_3,mse_class_4,mse_class_5,mse_mean,r2_class_0,r2_class_1,r2_class_2,r2_class_3,r2_class_4,r2_class_5,r2_mean,time
0.8768144946982023,0.8838741538690813,0.8892979870104584,0.898539391437659,0.7806040308422653,0.8795284578512833,0.8681097526181584,0.06179113515607637,0.09081800320859512,0.07690490496941277,0.03051085009592597,0.021873185819558875,0.03890476589392192,0.0534671408572485,0.012508507878221425,0.015746938583832533,0.013651239549147617,0.0040624439656988046,0.002597506186969099,0.005355399657032904,0.008987005970150397,0.8749954180148685,0.8835218960058047,0.8892024493394947,0.8969270414389634,0.77208911677303,0.8787129697408984,0.8659081485521766,10.092904806137085
