expl_var_class_0,expl_var_class_1,expl_var_class_2,expl_var_class_3,expl_var_class_4,expl_var_class_5,expl_var_mean,mae_class_0,mae_class_1,mae_class_2,mae_class_3,mae_class_4,mae_class_5,mae_mean,mse_class_0,mse_class_1,mse_class_2,mse_class_3,mse_class_4,mse_class_5,mse_mean,r2_class_0,r2_class_1,r2_class_2,r2_class_3,r2_class_4,r2_class_5,r2_mean,time
0.8477556505878707,0.9118331259686938,0.9012018303109466,0.7406388421393961,0.35299210971187167,0.849439291352629,0.767310141678568,0.07128259688528743,0.07699732611554115,0.07065494963589374,0.05282210898272281,0.034087567671701874,0.044256789306931756,0.0583502230996798,0.015322130803952803,0.012434180905365466,0.012193595685900236,0.010463605244649597,0.0075751031461964964,0.006695639904395185,0.010780709281743297,0.8468772954442934,0.9080259436545473,0.9010331237043885,0.7345157843684149,0.33534385509989895,0.8483597244470905,0.7623592877864388,8.216739416122437
