expl_var_class_0,expl_var_class_1,expl_var_class_2,expl_var_class_3,expl_var_class_4,expl_var_class_5,expl_var_mean,mae_class_0,mae_class_1,mae_class_2,mae_class_3,mae_class_4,mae_class_5,mae_mean,mse_class_0,mse_class_1,mse_class_2,mse_class_3,mse_class_4,mse_class_5,mse_mean,r2_class_0,r2_class_1,r2_class_2,r2_class_3,r2_class_4,r2_class_5,r2_mean,time
0.8703001721200944,0.869334379110584,0.8965242912526914,0.9156749455253451,0.8061267723527994,0.8556465983983748,0.8689345264599814,0.06543427822065649,0.09409226100787722,0.07319975544871925,0.026252207023620282,0.021233551764855522,0.04245041295051569,0.053777077736040756,0.013048016859717024,0.01771908320411785,0.012800425304021664,0.0033514209544982954,0.0023007489512101346,0.006438462676253015,0.009276359658302999,0.869603800136408,0.8689341928182763,0.8961079126923012,0.9149672275900127,0.7981272467475109,0.8541841753282995,0.8669874258854682,9.956571102142334
