expl_var_class_0,expl_var_class_1,expl_var_class_2,expl_var_class_3,expl_var_class_4,expl_var_class_5,expl_var_mean,mae_class_0,mae_class_1,mae_class_2,mae_class_3,mae_class_4,mae_class_5,mae_mean,mse_class_0,mse_class_1,mse_class_2,mse_class_3,mse_class_4,mse_class_5,mse_mean,r2_class_0,r2_class_1,r2_class_2,r2_class_3,r2_class_4,r2_class_5,r2_mean,time
0.8020900137138086,0.8577151165767982,0.8964940013295207,0.693223342071636,0.35662948617026735,0.8288684952472046,0.7391700758515393,0.08515321593017017,0.09809230651496265,0.06875349853495089,0.05791369151442725,0.03569555735614576,0.05474973681223974,0.06672633444381608,0.019852153510302072,0.020122527096297978,0.012977950444354916,0.01246300641897041,0.007567609071034028,0.007849371431496785,0.013472102995409366,0.8016062207243194,0.8511562237148091,0.8946670654594348,0.6837866675786877,0.336001401671998,0.8222304568667174,0.7315746726693279,4.852924823760986
