expl_var_class_0,expl_var_class_1,expl_var_class_2,expl_var_class_3,expl_var_class_4,expl_var_class_5,expl_var_mean,mae_class_0,mae_class_1,mae_class_2,mae_class_3,mae_class_4,mae_class_5,mae_mean,mse_class_0,mse_class_1,mse_class_2,mse_class_3,mse_class_4,mse_class_5,mse_mean,r2_class_0,r2_class_1,r2_class_2,r2_class_3,r2_class_4,r2_class_5,r2_mean,time
0.8708931199602442,0.897507001707455,0.8932244022901134,0.7138371883501796,0.40978346076858474,0.8588758710770216,0.7740201740255997,0.06903813319933719,0.08297012876120008,0.07192410578898463,0.05618216178367631,0.03237661995575179,0.0431103093151973,0.059266909800691214,0.01294438712272307,0.014409744034222878,0.013238705667473264,0.01161030288406201,0.0068910305133819405,0.006275451365215324,0.010894936931179745,0.8706394306113037,0.8934129541934461,0.892550697935487,0.70542159395812,0.3953658865076797,0.8578759927612785,0.7692110926612191,7.793799161911011
