expl_var_class_0,expl_var_class_1,expl_var_class_2,expl_var_class_3,expl_var_class_4,expl_var_class_5,expl_var_mean,mae_class_0,mae_class_1,mae_class_2,mae_class_3,mae_class_4,mae_class_5,mae_mean,mse_class_0,mse_class_1,mse_class_2,mse_class_3,mse_class_4,mse_class_5,mse_mean,r2_class_0,r2_class_1,r2_class_2,r2_class_3,r2_class_4,r2_class_5,r2_mean,time
0.8759405770634591,0.8859134435527581,0.893919266694318,0.8909408985184252,0.7248234219443416,0.8708742023374936,0.8570686350184659,0.06305695197270487,0.09004884628391036,0.07462165141422614,0.033720611938006004,0.023863527600065805,0.040341575872465285,0.05427552751356308,0.012533229190909398,0.015553772671353376,0.01307754480797416,0.0043740906609459175,0.0032427281010158743,0.0057379890895559275,0.00908655908695911,0.8747483639786261,0.8849507197179248,0.8938587277616838,0.8890198931370755,0.7154759325405853,0.8700482315232205,0.8546836447765195,9.750208616256714
