expl_var_class_0,expl_var_class_1,expl_var_class_2,expl_var_class_3,expl_var_class_4,expl_var_class_5,expl_var_mean,mae_class_0,mae_class_1,mae_class_2,mae_class_3,mae_class_4,mae_class_5,mae_mean,mse_class_0,mse_class_1,mse_class_2,mse_class_3,mse_class_4,mse_class_5,mse_mean,r2_class_0,r2_class_1,r2_class_2,r2_class_3,r2_class_4,r2_class_5,r2_mean,time
0.8708884376338638,0.887195722056042,0.8963467751055758,0.8797601548619166,0.8037375243655581,0.8679007855081915,0.8676382332551914,0.0627840073066543,0.0887559351243415,0.07387081704311249,0.03405188783469984,0.020311698477277804,0.0405818024027446,0.053392691364805095,0.013068670716451066,0.015372377521806669,0.012774356401902501,0.004852928826245062,0.0023068241563038877,0.005869525825775044,0.009040780574747373,0.8693973944841468,0.8862924765921555,0.8963194957132286,0.876870736918294,0.7975941949435736,0.8670692381468736,0.8655905894663786,9.499204158782959
