expl_var_class_0,expl_var_class_1,expl_var_class_2,expl_var_class_3,expl_var_class_4,expl_var_class_5,expl_var_mean,mae_class_0,mae_class_1,mae_class_2,mae_class_3,mae_class_4,mae_class_5,mae_mean,mse_class_0,mse_class_1,mse_class_2,mse_class_3,mse_class_4,mse_class_5,mse_mean,r2_class_0,r2_class_1,r2_class_2,r2_class_3,r2_class_4,r2_class_5,r2_mean,time
0.7128675368327447,0.7553346359939697,0.8804160256375222,0.6582130241526525,0.31117392616342354,0.741759027751985,0.6766273627553829,0.10245042281792303,0.12737472308271644,0.07280605204840111,0.06317050679436362,0.037340670498767825,0.07059445921280426,0.07895613907582939,0.02879665987880883,0.03448933626690347,0.015125350998429998,0.014007717930319666,0.008128365138006985,0.012057537854397116,0.01876749467781101,0.7122187181905226,0.7448867616393899,0.8772381191119665,0.6445940074601941,0.2867994359019703,0.7269255233498739,0.6654437609423195,4.062243938446045
