expl_var_class_0,expl_var_class_1,expl_var_class_2,expl_var_class_3,expl_var_class_4,expl_var_class_5,expl_var_mean,mae_class_0,mae_class_1,mae_class_2,mae_class_3,mae_class_4,mae_class_5,mae_mean,mse_class_0,mse_class_1,mse_class_2,mse_class_3,mse_class_4,mse_class_5,mse_mean,r2_class_0,r2_class_1,r2_class_2,r2_class_3,r2_class_4,r2_class_5,r2_mean,time
0.8624920940582002,0.9141258923577216,0.9129223047962656,0.7456846785102363,0.3955927981051497,0.8488279416477833,0.779940951579226,0.07080968706264593,0.07658000346115386,0.06402638757981508,0.051184452982235513,0.031055530083983113,0.04549547769537794,0.056525256477535236,0.013789159388515188,0.011991711833006376,0.01084623726282009,0.010227606628382986,0.007012430065221027,0.006783065685575039,0.010108368477253452,0.8621971443701256,0.9112988311653535,0.9119686883907765,0.7405035778740727,0.38471402387812836,0.8463797390031542,0.7761770007802685,8.796987056732178
