expl_var_class_0,expl_var_class_1,expl_var_class_2,expl_var_class_3,expl_var_class_4,expl_var_class_5,expl_var_mean,mae_class_0,mae_class_1,mae_class_2,mae_class_3,mae_class_4,mae_class_5,mae_mean,mse_class_0,mse_class_1,mse_class_2,mse_class_3,mse_class_4,mse_class_5,mse_mean,r2_class_0,r2_class_1,r2_class_2,r2_class_3,r2_class_4,r2_class_5,r2_mean,time
0.8510665314916128,0.9051740643263828,0.9020934715877142,0.7456341005494047,0.4171050586912671,0.8428737037466602,0.7773244883988403,0.0712715521265136,0.08094695104770636,0.0700716296492781,0.05248887443719866,0.03423216222875386,0.044567944187767945,0.05892985227953642,0.015012217086617595,0.01325482796838432,0.012111542176493666,0.010250346484305214,0.00686887083792529,0.00700618263658681,0.010750664531718815,0.8499744382101702,0.9019557215958304,0.9016990945733793,0.7399266187216644,0.39731022497766477,0.8413266721693567,0.7720321283746777,7.975260019302368
