expl_var_class_0,expl_var_class_1,expl_var_class_2,expl_var_class_3,expl_var_class_4,expl_var_class_5,expl_var_mean,mae_class_0,mae_class_1,mae_class_2,mae_class_3,mae_class_4,mae_class_5,mae_mean,mse_class_0,mse_class_1,mse_class_2,mse_class_3,mse_class_4,mse_class_5,mse_mean,r2_class_0,r2_class_1,r2_class_2,r2_class_3,r2_class_4,r2_class_5,r2_mean,time
0.8074866645277532,0.8649986825510765,0.8909037826145944,0.6406854757981272,0.39195800835960326,0.8268279522889674,0.7371434276900203,0.08376075122163279,0.09542519953023118,0.06995441437423063,0.06495734367413886,0.03604117781752988,0.05345572191801371,0.06726576808929617,0.019343518274080616,0.019183687929451368,0.013738082508518417,0.014827898992216999,0.007192703802515627,0.00786147742410617,0.0136912281551482,0.8066892998338169,0.8581006977487688,0.8884976058594756,0.6237842463116613,0.36889641124045425,0.8219562850054254,0.727987424333267,6.134867906570435
