expl_var_class_0,expl_var_class_1,expl_var_class_2,expl_var_class_3,expl_var_class_4,expl_var_class_5,expl_var_mean,mae_class_0,mae_class_1,mae_class_2,mae_class_3,mae_class_4,mae_class_5,mae_mean,mse_class_0,mse_class_1,mse_class_2,mse_class_3,mse_class_4,mse_class_5,mse_mean,r2_class_0,r2_class_1,r2_class_2,r2_class_3,r2_class_4,r2_class_5,r2_mean,time
0.851883190330982,0.9134303270302945,0.9040329253913478,0.7214922715209502,0.4079112229545728,0.862081147251274,0.7768051807465702,0.07204521852196054,0.07620956737132065,0.06706310023981316,0.05482536441972968,0.03302793839310392,0.042583422865384635,0.05762576863521876,0.01489014103459257,0.012083462251828507,0.01196392120032379,0.011281338524189827,0.006942910009344316,0.006157262398886862,0.010553172569860977,0.851194413126631,0.9106201649745773,0.9028972306493634,0.7137681287336048,0.3908138658790198,0.8605526909823995,0.7716410823909327,7.328204393386841
