expl_var_class_0,expl_var_class_1,expl_var_class_2,expl_var_class_3,expl_var_class_4,expl_var_class_5,expl_var_mean,mae_class_0,mae_class_1,mae_class_2,mae_class_3,mae_class_4,mae_class_5,mae_mean,mse_class_0,mse_class_1,mse_class_2,mse_class_3,mse_class_4,mse_class_5,mse_mean,r2_class_0,r2_class_1,r2_class_2,r2_class_3,r2_class_4,r2_class_5,r2_mean,time
0.8123623410206009,0.8753311192935155,0.9080920956285338,0.6868150666980424,0.3720924142726052,0.8296731740866012,0.7473943684999833,0.0848628405796085,0.0925232128753091,0.0639127710056955,0.05883955460978408,0.035964040238962686,0.052711988601197274,0.0648024013184262,0.018805103539951944,0.017563921306510768,0.011639077575373184,0.012738744541971386,0.007409745882617946,0.007716866676053986,0.012645576587079868,0.8120699822804878,0.8700819056609472,0.9055337588461347,0.6767905971428241,0.3498526636560614,0.8252313735698733,0.7399267135260548,5.45544958114624
