expl_var_class_0,expl_var_class_1,expl_var_class_2,expl_var_class_3,expl_var_class_4,expl_var_class_5,expl_var_mean,mae_class_0,mae_class_1,mae_class_2,mae_class_3,mae_class_4,mae_class_5,mae_mean,mse_class_0,mse_class_1,mse_class_2,mse_class_3,mse_class_4,mse_class_5,mse_mean,r2_class_0,r2_class_1,r2_class_2,r2_class_3,r2_class_4,r2_class_5,r2_mean,time
0.8806765426416739,0.8837508561349635,0.8927556789701894,0.890258368939169,0.7822812345266773,0.8913174403335455,0.8701733535910364,0.05993034177468249,0.09020040279509883,0.07643582036010765,0.03055596189430231,0.021873543800288726,0.037302410916716204,0.05271641359019937,0.01208392440182613,0.015794800172637662,0.01321846442196664,0.004410677056319134,0.0025831460322318584,0.004813155283100845,0.008817361228013711,0.8792385204297453,0.883167869914416,0.8927149819491385,0.8880916174375109,0.7733491082086075,0.8909935116239972,0.8679259349272358,10.607040882110596
