expl_var_class_0,expl_var_class_1,expl_var_class_2,expl_var_class_3,expl_var_class_4,expl_var_class_5,expl_var_mean,mae_class_0,mae_class_1,mae_class_2,mae_class_3,mae_class_4,mae_class_5,mae_mean,mse_class_0,mse_class_1,mse_class_2,mse_class_3,mse_class_4,mse_class_5,mse_mean,r2_class_0,r2_class_1,r2_class_2,r2_class_3,r2_class_4,r2_class_5,r2_mean,time
0.841568746455067,0.9076806208842504,0.9097702490495658,0.7222584382440895,0.41226716455694756,0.8614790547147497,0.7758373789841118,0.07588725497683922,0.07947187346986848,0.06606672783428946,0.05456699378271709,0.032730007790691705,0.04293713868120206,0.05860999942260133,0.015896056277889824,0.012941967186378984,0.011221113325664327,0.01123818342633362,0.0068988401818248085,0.006165056113874683,0.010726869418661042,0.8411417341240637,0.9042699130501323,0.9089260819362595,0.714863066571662,0.3946806490897852,0.8603761819249817,0.7707096044494808,7.376508712768555
