expl_var_class_0,expl_var_class_1,expl_var_class_2,expl_var_class_3,expl_var_class_4,expl_var_class_5,expl_var_mean,mae_class_0,mae_class_1,mae_class_2,mae_class_3,mae_class_4,mae_class_5,mae_mean,mse_class_0,mse_class_1,mse_class_2,mse_class_3,mse_class_4,mse_class_5,mse_mean,r2_class_0,r2_class_1,r2_class_2,r2_class_3,r2_class_4,r2_class_5,r2_mean,time
0.8252138931783967,0.8739126377706405,0.9005103441717024,0.7169740368594255,0.37744001234345204,0.8220149155104726,0.7526776399723483,0.07968965956980532,0.09407138963085951,0.06846448943258303,0.05542071667290993,0.035709314370221505,0.05444626102003483,0.06463363844940236,0.01756644443064475,0.017752374820641684,0.012432629529455971,0.01146072030791547,0.007348821414362593,0.008087979476071396,0.012441494996515312,0.8244486021517363,0.8686879389606802,0.8990930534056005,0.7092168262869316,0.3551983099686168,0.8168265537080837,0.7455785474136082,5.188392162322998
