expl_var_class_0,expl_var_class_1,expl_var_class_2,expl_var_class_3,expl_var_class_4,expl_var_class_5,expl_var_mean,mae_class_0,mae_class_1,mae_class_2,mae_class_3,mae_class_4,mae_class_5,mae_mean,mse_class_0,mse_class_1,mse_class_2,mse_class_3,mse_class_4,mse_class_5,mse_mean,r2_class_0,r2_class_1,r2_class_2,r2_class_3,r2_class_4,r2_class_5,r2_mean,time
0.8712330199421748,0.8775073564253525,0.8823310945905316,0.8734813675655886,0.7249103089671771,0.8651266537822211,0.8490983002121743,0.06211213492882625,0.09237069775885152,0.07916090599125897,0.034296607131933325,0.023530941436414436,0.03962602231437007,0.05518288492694243,0.01306648833119449,0.016621744424906448,0.014503406350008057,0.005077340470490594,0.0032319323010172847,0.005973943985689767,0.009745809310551109,0.8694192042922697,0.8770510683468999,0.882286008239065,0.8711769298644026,0.7164231796829266,0.864704415849336,0.8468434677124832,9.775145292282104
