expl_var_class_0,expl_var_class_1,expl_var_class_2,expl_var_class_3,expl_var_class_4,expl_var_class_5,expl_var_mean,mae_class_0,mae_class_1,mae_class_2,mae_class_3,mae_class_4,mae_class_5,mae_mean,mse_class_0,mse_class_1,mse_class_2,mse_class_3,mse_class_4,mse_class_5,mse_mean,r2_class_0,r2_class_1,r2_class_2,r2_class_3,r2_class_4,r2_class_5,r2_mean,time
0.8682580160758534,0.8839342662859013,0.8958106327296147,0.8388249113928721,0.4650167885507259,0.8563310416763535,0.8013626094518869,0.06552414673094013,0.09046398211158345,0.07339974758611091,0.03775743504173909,0.029529341688361087,0.041637574329181824,0.05638537124798607,0.013305479392561447,0.01578972714848268,0.012844627001175689,0.006385102619256678,0.00622526369801833,0.006388951159334483,0.010156525169804885,0.8670308316729923,0.8832053944295427,0.8957491584735306,0.8379961857346133,0.4537817253895806,0.8553054931075964,0.7988447981346427,9.011609315872192
