expl_var_class_0,expl_var_class_1,expl_var_class_2,expl_var_class_3,expl_var_class_4,expl_var_class_5,expl_var_mean,mae_class_0,mae_class_1,mae_class_2,mae_class_3,mae_class_4,mae_class_5,mae_mean,mse_class_0,mse_class_1,mse_class_2,mse_class_3,mse_class_4,mse_class_5,mse_mean,r2_class_0,r2_class_1,r2_class_2,r2_class_3,r2_class_4,r2_class_5,r2_mean,time
0.853275429339644,0.9005110639239248,0.9042286976142478,0.8561125319443421,0.7430074521992325,0.8640772682963634,0.8535354072196258,0.07007156312307725,0.08427937648058459,0.07215103455841644,0.038073881937290166,0.023125026865687157,0.039572341723233255,0.05454553744804815,0.01476131881421416,0.013576299136176077,0.011816715968960867,0.00582805800114502,0.003034828216788293,0.0060036773719244416,0.009170149584868142,0.8524818063125791,0.8995778402118496,0.9040919924159199,0.8521296082074067,0.7337175238310305,0.8640310255616075,0.8510049660900655,9.151407718658447
