expl_var_class_0,expl_var_class_1,expl_var_class_2,expl_var_class_3,expl_var_class_4,expl_var_class_5,expl_var_mean,mae_class_0,mae_class_1,mae_class_2,mae_class_3,mae_class_4,mae_class_5,mae_mean,mse_class_0,mse_class_1,mse_class_2,mse_class_3,mse_class_4,mse_class_5,mse_mean,r2_class_0,r2_class_1,r2_class_2,r2_class_3,r2_class_4,r2_class_5,r2_mean,time
0.8582207248995767,0.912363984775888,0.901256484065446,0.751143210816701,0.39052297290145943,0.8671198056744047,0.7801045305222459,0.07045157107076686,0.07722045313119826,0.07038478068605701,0.05112326863665798,0.03241700458868836,0.04092710320604798,0.05708736355323608,0.014253851417163003,0.012172099252010713,0.012217924587369366,0.010041332488474716,0.007123669094824308,0.005890301922567185,0.01028319646040155,0.8575532145458433,0.9099645283459087,0.9008356630501134,0.7452297542511185,0.3749536677283024,0.8665987091029795,0.7758559228373776,7.541985034942627
