expl_var_class_0,expl_var_class_1,expl_var_class_2,expl_var_class_3,expl_var_class_4,expl_var_class_5,expl_var_mean,mae_class_0,mae_class_1,mae_class_2,mae_class_3,mae_class_4,mae_class_5,mae_mean,mse_class_0,mse_class_1,mse_class_2,mse_class_3,mse_class_4,mse_class_5,mse_mean,r2_class_0,r2_class_1,r2_class_2,r2_class_3,r2_class_4,r2_class_5,r2_mean,time
0.8755371903745415,0.8808295613098516,0.887819969459542,0.8919804244037911,0.798935511390312,0.8652693020374528,0.8667286598292484,0.06190784626618591,0.09141655298364391,0.07737783060982203,0.032691613565018644,0.020052998400819606,0.04092170844004506,0.05406142504425585,0.012643200699427069,0.016163236321019445,0.013824545481565993,0.004335686362502266,0.002352465366270421,0.005985578927854554,0.009217452193106624,0.8736493566000993,0.8804425945360961,0.8877958464623156,0.8899942929553798,0.7935895351944633,0.8644409121572165,0.8649854229842617,9.662595272064209
