expl_var_class_0,expl_var_class_1,expl_var_class_2,expl_var_class_3,expl_var_class_4,expl_var_class_5,expl_var_mean,mae_class_0,mae_class_1,mae_class_2,mae_class_3,mae_class_4,mae_class_5,mae_mean,mse_class_0,mse_class_1,mse_class_2,mse_class_3,mse_class_4,mse_class_5,mse_mean,r2_class_0,r2_class_1,r2_class_2,r2_class_3,r2_class_4,r2_class_5,r2_mean,time
0.8484100507862063,0.8650370037475157,0.8813957283132363,0.898255775746257,0.7904216304221481,0.8514934111494272,0.855835600027465,0.06491485170867435,0.09617624747816363,0.07939438502239742,0.030647667133596894,0.02109920558513471,0.04340292606131765,0.05593921383154744,0.015411769730428756,0.018351046597830867,0.014613731604588613,0.004065209699183046,0.002473582667078631,0.006657105451010554,0.010262074291686744,0.8459814830386241,0.8642596398884131,0.8813905754148504,0.8968568688199146,0.7829624378886912,0.8492324379162977,0.8534472404944652,9.547056436538696
