expl_var_class_0,expl_var_class_1,expl_var_class_2,expl_var_class_3,expl_var_class_4,expl_var_class_5,expl_var_mean,mae_class_0,mae_class_1,mae_class_2,mae_class_3,mae_class_4,mae_class_5,mae_mean,mse_class_0,mse_class_1,mse_class_2,mse_class_3,mse_class_4,mse_class_5,mse_mean,r2_class_0,r2_class_1,r2_class_2,r2_class_3,r2_class_4,r2_class_5,r2_mean,time
0.8544263326537138,0.8939947760235071,0.8923636141841765,0.8048469344875954,0.4322161740253503,0.8515086648680927,0.7882260827070726,0.06691551485616816,0.0868402123213815,0.07519750659929135,0.043158383704717806,0.029077210313675203,0.04337870050033745,0.05742792138259525,0.014772778496819718,0.014435006201228983,0.013280284306178416,0.007777746304617409,0.0065879682088863046,0.006633324800976245,0.010581184719784512,0.8523672832337486,0.8932260931537596,0.8922132332450651,0.8026618140894934,0.4219572370256922,0.8497710129256351,0.785366112278899,8.62316107749939
