expl_var_class_0,expl_var_class_1,expl_var_class_2,expl_var_class_3,expl_var_class_4,expl_var_class_5,expl_var_mean,mae_class_0,mae_class_1,mae_class_2,mae_class_3,mae_class_4,mae_class_5,mae_mean,mse_class_0,mse_class_1,mse_class_2,mse_class_3,mse_class_4,mse_class_5,mse_mean,r2_class_0,r2_class_1,r2_class_2,r2_class_3,r2_class_4,r2_class_5,r2_mean,time
0.8756559370986681,0.8810106234539735,0.8949141520194643,0.917818741110499,0.7761595453971981,0.8930426066498482,0.8731002676216085,0.06221625555895418,0.09197914531813522,0.0752368832060802,0.02736509500444286,0.023514969107048655,0.03726218005889272,0.052929088042258966,0.012583967593025684,0.0161391241489729,0.012962627064651507,0.0032858093565790066,0.002696170094282581,0.004739992638369047,0.008734615149313453,0.8742413064775325,0.8806209492091782,0.89479143460063,0.9166319352316589,0.7634321294013549,0.8926504710432197,0.8703947043272624,6.89763879776001
