expl_var_class_0,expl_var_class_1,expl_var_class_2,expl_var_class_3,expl_var_class_4,expl_var_class_5,expl_var_mean,mae_class_0,mae_class_1,mae_class_2,mae_class_3,mae_class_4,mae_class_5,mae_mean,mse_class_0,mse_class_1,mse_class_2,mse_class_3,mse_class_4,mse_class_5,mse_mean,r2_class_0,r2_class_1,r2_class_2,r2_class_3,r2_class_4,r2_class_5,r2_mean,time
0.8675658926655294,0.8908440696169823,0.8895715511889808,0.8972976772355754,0.8004947942818443,0.8859722104026586,0.8719576992319285,0.06093278745187951,0.08802565647278633,0.07804770054958958,0.03167182134859897,0.022434924791284682,0.03683796864834278,0.052991809877080305,0.013533321765758466,0.01483455780878583,0.013606490438903402,0.0041475383177179284,0.0024042519710971927,0.005045878420027241,0.008928673120381677,0.8647538741895516,0.890270660677263,0.8895656465269328,0.8947680143376661,0.7890456650375388,0.8857228875888111,0.8690211247262938,9.746288537979126
