expl_var_class_0,expl_var_class_1,expl_var_class_2,expl_var_class_3,expl_var_class_4,expl_var_class_5,expl_var_mean,mae_class_0,mae_class_1,mae_class_2,mae_class_3,mae_class_4,mae_class_5,mae_mean,mse_class_0,mse_class_1,mse_class_2,mse_class_3,mse_class_4,mse_class_5,mse_mean,r2_class_0,r2_class_1,r2_class_2,r2_class_3,r2_class_4,r2_class_5,r2_mean,time
0.8790644235875272,0.8846218563531252,0.89054759481206,0.915964745781731,0.8025933653957842,0.8931303892301774,0.8776537291934008,0.06206070898413822,0.09102928186590362,0.0762606671439803,0.02831336686814819,0.022623678189768227,0.03772344266274692,0.053001857619114245,0.012243287778974137,0.01565513603236769,0.01350252035579996,0.003367700726084027,0.0023778353427322233,0.004741966349602107,0.00864807443092669,0.8776459122195518,0.8842009478151153,0.8904094988751652,0.9145541746996326,0.7913635178814483,0.8926057711908506,0.8751299704469605,8.831453561782837
