expl_var_class_0,expl_var_class_1,expl_var_class_2,expl_var_class_3,expl_var_class_4,expl_var_class_5,expl_var_mean,mae_class_0,mae_class_1,mae_class_2,mae_class_3,mae_class_4,mae_class_5,mae_mean,mse_class_0,mse_class_1,mse_class_2,mse_class_3,mse_class_4,mse_class_5,mse_mean,r2_class_0,r2_class_1,r2_class_2,r2_class_3,r2_class_4,r2_class_5,r2_mean,time
0.8622324747047947,0.8976535532717174,0.8926634789788342,0.7267656829468087,0.4203266074122215,0.8609725188133222,0.7767690526879498,0.06891168719837973,0.08327829170559549,0.07327609588406715,0.05421592834481187,0.031741559475024356,0.04114189663219088,0.05876090987334492,0.013842203998120898,0.014296000747407856,0.013270395020242827,0.011086424821882783,0.006757342992387433,0.00617026964108733,0.01090377287018819,0.8616670396354217,0.8942542988344854,0.8922934976529601,0.7187135094282076,0.40709592247030235,0.8602581079672396,0.7723803959981028,8.239030838012695
