expl_var_class_0,expl_var_class_1,expl_var_class_2,expl_var_class_3,expl_var_class_4,expl_var_class_5,expl_var_mean,mae_class_0,mae_class_1,mae_class_2,mae_class_3,mae_class_4,mae_class_5,mae_mean,mse_class_0,mse_class_1,mse_class_2,mse_class_3,mse_class_4,mse_class_5,mse_mean,r2_class_0,r2_class_1,r2_class_2,r2_class_3,r2_class_4,r2_class_5,r2_mean,time
0.8654407992334394,0.893225162745802,0.8955468419861419,0.7585168224685321,0.4169312172525995,0.8363926757012539,0.7776755865646282,0.06740207118194542,0.08536949268022168,0.0713261420597561,0.04967947952259423,0.0307955778259814,0.0494104384526186,0.05899720028718625,0.013601328916752094,0.014774128965906585,0.012948352202263447,0.009692414579271724,0.006775927837073578,0.007429418973251372,0.0108702619124198,0.8640742403303637,0.8907176451503189,0.8949072936611144,0.7540825535758957,0.4054652474835383,0.8317413785107644,0.7734980597853326,8.049129962921143
