expl_var_class_0,expl_var_class_1,expl_var_class_2,expl_var_class_3,expl_var_class_4,expl_var_class_5,expl_var_mean,mae_class_0,mae_class_1,mae_class_2,mae_class_3,mae_class_4,mae_class_5,mae_mean,mse_class_0,mse_class_1,mse_class_2,mse_class_3,mse_class_4,mse_class_5,mse_mean,r2_class_0,r2_class_1,r2_class_2,r2_class_3,r2_class_4,r2_class_5,r2_mean,time
0.8182327653770795,0.8658564172625158,0.9002678269362283,0.672085425128957,0.34512947938554606,0.8316441174324114,0.738869338587123,0.08305992035685751,0.09599149368494932,0.06754300397650106,0.05879481146361214,0.035828250902124756,0.052958628676426894,0.0656960181767453,0.0182209757135663,0.018848377165928194,0.012589226029838233,0.013282203562461311,0.007712327583363715,0.007661026944312789,0.013052356166578424,0.8179075014693555,0.8605809488639999,0.897822069285668,0.6630018705606117,0.3233034823639257,0.8264960103228859,0.7315186471444078,4.863704442977905
