expl_var_class_0,expl_var_class_1,expl_var_class_2,expl_var_class_3,expl_var_class_4,expl_var_class_5,expl_var_mean,mae_class_0,mae_class_1,mae_class_2,mae_class_3,mae_class_4,mae_class_5,mae_mean,mse_class_0,mse_class_1,mse_class_2,mse_class_3,mse_class_4,mse_class_5,mse_mean,r2_class_0,r2_class_1,r2_class_2,r2_class_3,r2_class_4,r2_class_5,r2_mean,time
0.829874455566621,0.8739797081387921,0.896937237283326,0.6896803503666877,0.3820512910272733,0.8202974159579073,0.7488034097234345,0.07689130603202113,0.09333798306099071,0.06780611069381295,0.05976370834697724,0.034641458896787526,0.056139054894510265,0.06476327032084997,0.017177789130181597,0.01768262484788793,0.012962099718518924,0.012700501471069825,0.007233855850789654,0.008279816944685246,0.012672781327188862,0.8283326540181697,0.8692038706471317,0.8947957146998569,0.677760906270917,0.36528564037269506,0.8124818925528622,0.7413101130936054,6.24313759803772
