expl_var_class_0,expl_var_class_1,expl_var_class_2,expl_var_class_3,expl_var_class_4,expl_var_class_5,expl_var_mean,mae_class_0,mae_class_1,mae_class_2,mae_class_3,mae_class_4,mae_class_5,mae_mean,mse_class_0,mse_class_1,mse_class_2,mse_class_3,mse_class_4,mse_class_5,mse_mean,r2_class_0,r2_class_1,r2_class_2,r2_class_3,r2_class_4,r2_class_5,r2_mean,time
0.8868936097555324,0.8876085294767715,0.8938680652761923,0.9072565838999584,0.8054409680324808,0.886064501538033,0.877855376329828,0.05977797848234651,0.08917260186938754,0.07515267829451291,0.02940636064956866,0.021689180706177452,0.03883740007052581,0.05233936667875314,0.011457245730595724,0.015293579901577828,0.013080907067527733,0.0037128012319892754,0.002315635077583432,0.005071636453949297,0.008488634243870549,0.8855012742369,0.886875332577441,0.893831438655674,0.9057982311235725,0.7968211054083346,0.8851395295502348,0.8756611519253594,9.811501502990723
