expl_var_class_0,expl_var_class_1,expl_var_class_2,expl_var_class_3,expl_var_class_4,expl_var_class_5,expl_var_mean,mae_class_0,mae_class_1,mae_class_2,mae_class_3,mae_class_4,mae_class_5,mae_mean,mse_class_0,mse_class_1,mse_class_2,mse_class_3,mse_class_4,mse_class_5,mse_mean,r2_class_0,r2_class_1,r2_class_2,r2_class_3,r2_class_4,r2_class_5,r2_mean,time
0.8700158439822939,0.8827839686880479,0.9025845669223452,0.8971484296605848,0.7881431674823003,0.8743135350709461,0.8691649186344197,0.06527833787892943,0.09126242305260455,0.0728272052721825,0.030551379260516903,0.02201764506195912,0.039215615292534416,0.05352543430312116,0.013097914833904394,0.015927616049689963,0.012009354182502789,0.004100521546165641,0.0025179044260721685,0.005566977152350422,0.008870048031780898,0.8691051415061443,0.8821854477466391,0.902528482952386,0.8959609311598552,0.7790735496584857,0.8739212440583864,0.8671291328469827,9.56110167503357
