expl_var_class_0,expl_var_class_1,expl_var_class_2,expl_var_class_3,expl_var_class_4,expl_var_class_5,expl_var_mean,mae_class_0,mae_class_1,mae_class_2,mae_class_3,mae_class_4,mae_class_5,mae_mean,mse_class_0,mse_class_1,mse_class_2,mse_class_3,mse_class_4,mse_class_5,mse_mean,r2_class_0,r2_class_1,r2_class_2,r2_class_3,r2_class_4,r2_class_5,r2_mean,time
0.8726772719097313,0.9007102199986753,0.8896223052705321,0.7516389884952109,0.42554834559292776,0.8667804323772987,0.784496260607396,0.06677236547333028,0.08158363179247069,0.07368049595526224,0.051490858973251064,0.03239666031699151,0.04202325103049002,0.0579912105902993,0.01280855554321364,0.01386454834747484,0.013630972077693721,0.010019333752005102,0.006747060446257964,0.005912967116218425,0.010497239547143948,0.8719968722807869,0.8974456974190674,0.8893669462107926,0.7457879096057949,0.40799813559377673,0.8660853965204917,0.7797801596051183,9.163064002990723
