expl_var_class_0,expl_var_class_1,expl_var_class_2,expl_var_class_3,expl_var_class_4,expl_var_class_5,expl_var_mean,mae_class_0,mae_class_1,mae_class_2,mae_class_3,mae_class_4,mae_class_5,mae_mean,mse_class_0,mse_class_1,mse_class_2,mse_class_3,mse_class_4,mse_class_5,mse_mean,r2_class_0,r2_class_1,r2_class_2,r2_class_3,r2_class_4,r2_class_5,r2_mean,time
0.8194481504951361,0.8613993825808133,0.8977435661089718,0.7004283862574645,0.35944217708487125,0.8252285972258777,0.7439483766255224,0.08023822602673487,0.09764736189666617,0.06873026697161808,0.05913665191324007,0.036201123676331194,0.05513990176325073,0.06618225537464019,0.018199545974225125,0.019476604331765242,0.012810819283737904,0.012198801602181274,0.007546484756046499,0.008033259369289154,0.013044252552874199,0.8181216609546014,0.8559340323370328,0.8960235520384552,0.6904901131800225,0.3378548953462479,0.8180658336259444,0.7360816812470506,5.729783773422241
