expl_var_class_0,expl_var_class_1,expl_var_class_2,expl_var_class_3,expl_var_class_4,expl_var_class_5,expl_var_mean,mae_class_0,mae_class_1,mae_class_2,mae_class_3,mae_class_4,mae_class_5,mae_mean,mse_class_0,mse_class_1,mse_class_2,mse_class_3,mse_class_4,mse_class_5,mse_mean,r2_class_0,r2_class_1,r2_class_2,r2_class_3,r2_class_4,r2_class_5,r2_mean,time
0.8580918145139411,0.8938528187466313,0.8984105257293443,0.7812099181254104,0.3750879840116854,0.8672748061988487,0.7789879778876436,0.0710304325785019,0.08410251803738716,0.07157248887818977,0.04675085379107397,0.03608238379482953,0.04061968030291763,0.05835972623048333,0.014251738684505237,0.014747850127564384,0.01254715450288257,0.008753191175080263,0.007408657768987067,0.005879154532753829,0.01059795779862889,0.857574328276218,0.8909120263787065,0.8981635344048209,0.7779126755018062,0.349948137129776,0.8668511708970917,0.7735603120980699,8.177000761032104
