expl_var_class_0,expl_var_class_1,expl_var_class_2,expl_var_class_3,expl_var_class_4,expl_var_class_5,expl_var_mean,mae_class_0,mae_class_1,mae_class_2,mae_class_3,mae_class_4,mae_class_5,mae_mean,mse_class_0,mse_class_1,mse_class_2,mse_class_3,mse_class_4,mse_class_5,mse_mean,r2_class_0,r2_class_1,r2_class_2,r2_class_3,r2_class_4,r2_class_5,r2_mean,time
0.8595938410070857,0.909237768491,0.9049746231109197,0.7129721112599054,0.3904775746251896,0.8622473567599402,0.7732505458756735,0.06973877654138085,0.0776330851815628,0.0691718235792166,0.05744646473785499,0.033934931509331266,0.042280455054180724,0.058367589433921195,0.014118272079084707,0.012912576996147014,0.011756565890908606,0.011739228687696413,0.007165472962661119,0.006109008607322356,0.010633520870636702,0.8589081354242805,0.9044873085531391,0.9045801884728593,0.7021504684662583,0.371285704784157,0.8616455242819488,0.767176221663774,7.9421446323394775
