expl_var_class_0,expl_var_class_1,expl_var_class_2,expl_var_class_3,expl_var_class_4,expl_var_class_5,expl_var_mean,mae_class_0,mae_class_1,mae_class_2,mae_class_3,mae_class_4,mae_class_5,mae_mean,mse_class_0,mse_class_1,mse_class_2,mse_class_3,mse_class_4,mse_class_5,mse_mean,r2_class_0,r2_class_1,r2_class_2,r2_class_3,r2_class_4,r2_class_5,r2_mean,time
0.8913068088178143,0.8832172478451993,0.8930075167910887,0.9101259539537434,0.7920592807475462,0.8863058392897913,0.8760037745741972,0.05849118872178045,0.09021361693369728,0.07504162510620857,0.028560971082603602,0.02289496906620565,0.038834503973267945,0.052339479147293914,0.011026196161653717,0.0158279914829806,0.013211031797326694,0.0035928508060307633,0.0024964911435075947,0.005050825314093318,0.008534231117598781,0.8898089959655869,0.8829223580088956,0.89277530735784,0.9088416319405666,0.7809523979809897,0.8856108522359514,0.873485257248305,6.042424440383911
