expl_var_class_0,expl_var_class_1,expl_var_class_2,expl_var_class_3,expl_var_class_4,expl_var_class_5,expl_var_mean,mae_class_0,mae_class_1,mae_class_2,mae_class_3,mae_class_4,mae_class_5,mae_mean,mse_class_0,mse_class_1,mse_class_2,mse_class_3,mse_class_4,mse_class_5,mse_mean,r2_class_0,r2_class_1,r2_class_2,r2_class_3,r2_class_4,r2_class_5,r2_mean,time
0.880095105445526,0.8761617301247904,0.8802783177120279,0.8907188531943769,0.736601254354722,0.8699628232804062,0.8556363473519749,0.06051139440747444,0.0937573462740525,0.07922220250500024,0.03194784947830631,0.023598099295475974,0.03822051895683838,0.05454290181952464,0.012173817783155062,0.016768508039474182,0.014763557650287305,0.004370436663506883,0.003112716384848728,0.005753994680346572,0.009490505200269788,0.8783401651130558,0.8759654765368362,0.8801745423338398,0.8891126029269941,0.7268834453350335,0.8696857430631875,0.8533603292181579,10.120566368103027
