expl_var_class_0,expl_var_class_1,expl_var_class_2,expl_var_class_3,expl_var_class_4,expl_var_class_5,expl_var_mean,mae_class_0,mae_class_1,mae_class_2,mae_class_3,mae_class_4,mae_class_5,mae_mean,mse_class_0,mse_class_1,mse_class_2,mse_class_3,mse_class_4,mse_class_5,mse_mean,r2_class_0,r2_class_1,r2_class_2,r2_class_3,r2_class_4,r2_class_5,r2_mean,time
0.8252514568823099,0.8695072137756183,0.9036437560822074,0.6850117453124639,0.37291929068153395,0.8340194394935275,0.7483921503712768,0.07969129618058012,0.09487543941855275,0.06631779105959883,0.059581501214128335,0.034584487740291964,0.05260890357342121,0.0646099031977622,0.01755612254199112,0.018421017521645395,0.012076057056171303,0.01286668638727052,0.007337714867377608,0.007569004061386443,0.0126377670726404,0.8245517546131655,0.8637420738550379,0.9019871024427347,0.6735444367944999,0.3561728227323009,0.8285801091578553,0.7414297165992657,5.867613077163696
