expl_var_class_0,expl_var_class_1,expl_var_class_2,expl_var_class_3,expl_var_class_4,expl_var_class_5,expl_var_mean,mae_class_0,mae_class_1,mae_class_2,mae_class_3,mae_class_4,mae_class_5,mae_mean,mse_class_0,mse_class_1,mse_class_2,mse_class_3,mse_class_4,mse_class_5,mse_mean,r2_class_0,r2_class_1,r2_class_2,r2_class_3,r2_class_4,r2_class_5,r2_mean,time
0.8517366197023731,0.9118687201517233,0.9007536299106316,0.740375533207478,0.2994488028707142,0.8727663955419664,0.7628249502308145,0.06953135902732918,0.07723210722063485,0.06965373265380408,0.05396535484553883,0.04035806370353314,0.03983497054809191,0.05842926466648867,0.014959295735622697,0.012436349820531245,0.012277820598377185,0.010509545722372038,0.008414824617588756,0.005631029663365139,0.01070481102630951,0.85050331115198,0.9080099004646351,0.9003495290774358,0.7333501754402569,0.26166485361387204,0.872470607441302,0.754391396198247,8.164814710617065
