expl_var_class_0,expl_var_class_1,expl_var_class_2,expl_var_class_3,expl_var_class_4,expl_var_class_5,expl_var_mean,mae_class_0,mae_class_1,mae_class_2,mae_class_3,mae_class_4,mae_class_5,mae_mean,mse_class_0,mse_class_1,mse_class_2,mse_class_3,mse_class_4,mse_class_5,mse_mean,r2_class_0,r2_class_1,r2_class_2,r2_class_3,r2_class_4,r2_class_5,r2_mean,time
0.8682623637680991,0.8883234345655383,0.902892178589395,0.9025497621496962,0.7960507857646462,0.8811719802119868,0.8732084175082268,0.0650073019223805,0.08985522359321095,0.07293530775860949,0.030655130208604647,0.021279714877090877,0.03845913258712376,0.053031968491170034,0.013266377607974453,0.015158715930005642,0.01197955642679784,0.003910251898154298,0.0024156682082155374,0.005255624915095004,0.008664365831040464,0.8674215978846587,0.887872904240163,0.9027703304663354,0.9007884821883707,0.7880439793831125,0.8809726296952446,0.871311653976314,9.331331253051758
