expl_var_class_0,expl_var_class_1,expl_var_class_2,expl_var_class_3,expl_var_class_4,expl_var_class_5,expl_var_mean,mae_class_0,mae_class_1,mae_class_2,mae_class_3,mae_class_4,mae_class_5,mae_mean,mse_class_0,mse_class_1,mse_class_2,mse_class_3,mse_class_4,mse_class_5,mse_mean,r2_class_0,r2_class_1,r2_class_2,r2_class_3,r2_class_4,r2_class_5,r2_mean,time
0.8587350852229305,0.8738055284833643,0.893879298453339,0.8872211076841487,0.733262351482869,0.8588069415528763,0.8509517188132546,0.06875514933178942,0.09424006573687226,0.07485101784736198,0.0323409039179859,0.02254967734293919,0.04235288541439453,0.05584828326522387,0.014239725400568313,0.0170984391272537,0.013101895434086684,0.004489491513558362,0.003115405761041381,0.006272712027073607,0.009719611543930341,0.8576943838057363,0.8735250181995722,0.8936610907836934,0.8860919248008564,0.7266474735762474,0.8579380322372022,0.8492596539005511,9.387880563735962
