expl_var_class_0,expl_var_class_1,expl_var_class_2,expl_var_class_3,expl_var_class_4,expl_var_class_5,expl_var_mean,mae_class_0,mae_class_1,mae_class_2,mae_class_3,mae_class_4,mae_class_5,mae_mean,mse_class_0,mse_class_1,mse_class_2,mse_class_3,mse_class_4,mse_class_5,mse_mean,r2_class_0,r2_class_1,r2_class_2,r2_class_3,r2_class_4,r2_class_5,r2_mean,time
0.8756576633131502,0.8868230370522895,0.8929642270490104,0.9090182300072219,0.7657211277947461,0.8930746997969344,0.8705431641688922,0.06350318036098561,0.09061445471656811,0.07651292057890466,0.028084882185846382,0.02487726100670776,0.03639801654406473,0.05333178589884621,0.012535362046451557,0.015352117558525604,0.013194190460972583,0.0036256705998177936,0.0028413729181732436,0.004721262084790802,0.008711662611455263,0.8747270491489055,0.8864423369664376,0.8929119966900554,0.9080089230408118,0.7506917155359365,0.8930746734116892,0.8676427824656394,10.6705322265625
