expl_var_class_0,expl_var_class_1,expl_var_class_2,expl_var_class_3,expl_var_class_4,expl_var_class_5,expl_var_mean,mae_class_0,mae_class_1,mae_class_2,mae_class_3,mae_class_4,mae_class_5,mae_mean,mse_class_0,mse_class_1,mse_class_2,mse_class_3,mse_class_4,mse_class_5,mse_mean,r2_class_0,r2_class_1,r2_class_2,r2_class_3,r2_class_4,r2_class_5,r2_mean,time
0.7286081091292262,0.7606271320654553,0.8802435558311528,0.6382645127524146,0.35389000518706226,0.7417049551658457,0.6838897116885261,0.10007206165337677,0.1249281484665125,0.07219760688014762,0.06555927282030077,0.03400019425513579,0.06990820870012288,0.07777758212926605,0.027174416265918083,0.03390837160304928,0.015151996856705768,0.014905923043080388,0.007522793785263073,0.01204942197158507,0.01845215392093361,0.7284307145918306,0.7491840834440764,0.877021853341992,0.6218046079882011,0.339933593022828,0.7271093287401795,0.6739140301881846,4.257112264633179
