expl_var_class_0,expl_var_class_1,expl_var_class_2,expl_var_class_3,expl_var_class_4,expl_var_class_5,expl_var_mean,mae_class_0,mae_class_1,mae_class_2,mae_class_3,mae_class_4,mae_class_5,mae_mean,mse_class_0,mse_class_1,mse_class_2,mse_class_3,mse_class_4,mse_class_5,mse_mean,r2_class_0,r2_class_1,r2_class_2,r2_class_3,r2_class_4,r2_class_5,r2_mean,time
0.8356738935688532,0.8875859826877999,0.9079603249950665,0.6912989299454773,0.39085564341419043,0.831997299400865,0.7575620123353755,0.07686068308299047,0.08872679784005116,0.06342094413265711,0.059063672883842976,0.035320458098255826,0.0528843843506173,0.06271282339806915,0.016537142986294627,0.015708538841514547,0.01166006958276817,0.0125423979866756,0.007195320676812575,0.007640333975999492,0.011880634008344167,0.8347349926661239,0.8838059340208927,0.9053633814240377,0.6817723324057556,0.3686668009568279,0.8269646567049854,0.750218016363104,5.666666507720947
