expl_var_class_0,expl_var_class_1,expl_var_class_2,expl_var_class_3,expl_var_class_4,expl_var_class_5,expl_var_mean,mae_class_0,mae_class_1,mae_class_2,mae_class_3,mae_class_4,mae_class_5,mae_mean,mse_class_0,mse_class_1,mse_class_2,mse_class_3,mse_class_4,mse_class_5,mse_mean,r2_class_0,r2_class_1,r2_class_2,r2_class_3,r2_class_4,r2_class_5,r2_mean,time
0.8706018364591867,0.8852546172901957,0.8970059915557735,0.8943054343928528,0.8045932449045657,0.886944919472138,0.8731176740124522,0.06475923424637402,0.090089471918961,0.07472782479546276,0.03094772568518285,0.02087639811279362,0.03850633476935974,0.05331783158802233,0.013034531617477477,0.01558234274136234,0.012708114428575112,0.004254258467176401,0.0023155567388930447,0.005001582138936268,0.008816064355403441,0.8697385657763657,0.8847393905400082,0.8968571354176063,0.8920602941486274,0.7968279790166466,0.886726092714313,0.8711582429355945,8.086846828460693
