expl_var_class_0,expl_var_class_1,expl_var_class_2,expl_var_class_3,expl_var_class_4,expl_var_class_5,expl_var_mean,mae_class_0,mae_class_1,mae_class_2,mae_class_3,mae_class_4,mae_class_5,mae_mean,mse_class_0,mse_class_1,mse_class_2,mse_class_3,mse_class_4,mse_class_5,mse_mean,r2_class_0,r2_class_1,r2_class_2,r2_class_3,r2_class_4,r2_class_5,r2_mean,time
0.8749720991674508,0.8784076186106548,0.8822071923542336,0.9003558864226684,0.743859784543257,0.8926337023384034,0.8620727139061114,0.06054118585959641,0.09284798629336628,0.07730831352077902,0.02988671046372001,0.0252517196671682,0.03599256552396453,0.053638080221432405,0.01270913470798656,0.016441818083322797,0.014571809870347957,0.00399884183888493,0.0031031385434896574,0.004743248691917867,0.009261331955991629,0.8729904408238273,0.8783819606352457,0.8817308247714443,0.8985407644679658,0.7277238261181495,0.8925767291956281,0.8586574243353767,10.623282194137573
