expl_var_class_0,expl_var_class_1,expl_var_class_2,expl_var_class_3,expl_var_class_4,expl_var_class_5,expl_var_mean,mae_class_0,mae_class_1,mae_class_2,mae_class_3,mae_class_4,mae_class_5,mae_mean,mse_class_0,mse_class_1,mse_class_2,mse_class_3,mse_class_4,mse_class_5,mse_mean,r2_class_0,r2_class_1,r2_class_2,r2_class_3,r2_class_4,r2_class_5,r2_mean,time
0.8555883653999764,0.9060300275796462,0.9033857966250993,0.7593449534292084,0.41065083742999264,0.8501557246962641,0.7808592841933645,0.07159894393588709,0.07994689152619347,0.0693901130443922,0.049676122949337084,0.031113695100121724,0.045106345030945065,0.05780535193114611,0.014505887791019096,0.013049228333873512,0.011952658493027235,0.009658946608989104,0.006852765605396602,0.006683120597495722,0.010450434571633546,0.8550344727530046,0.9034765159700655,0.9029886421565582,0.7549317081102571,0.3987233333616229,0.8486432568913487,0.7772996548738096,7.59014105796814
