expl_var_class_0,expl_var_class_1,expl_var_class_2,expl_var_class_3,expl_var_class_4,expl_var_class_5,expl_var_mean,mae_class_0,mae_class_1,mae_class_2,mae_class_3,mae_class_4,mae_class_5,mae_mean,mse_class_0,mse_class_1,mse_class_2,mse_class_3,mse_class_4,mse_class_5,mse_mean,r2_class_0,r2_class_1,r2_class_2,r2_class_3,r2_class_4,r2_class_5,r2_mean,time
0.8598544887597972,0.904174508999588,0.9016568384152418,0.6975720174004356,0.3594789810001966,0.8517278150398738,0.7624107749358555,0.06979407986023506,0.08012538480227267,0.06876036742888562,0.055623722181517087,0.03578046425175085,0.04485363638946752,0.05915627581902147,0.014108520893559132,0.013449616265346012,0.01219409067424708,0.012167468738986914,0.007571328695633322,0.0066115917162186165,0.011017102830665178,0.8590055845271112,0.9005148973118231,0.9010291062306465,0.6912850954460918,0.3356750336610378,0.8502632154646483,0.7562954887735597,8.227252721786499
