expl_var_class_0,expl_var_class_1,expl_var_class_2,expl_var_class_3,expl_var_class_4,expl_var_class_5,expl_var_mean,mae_class_0,mae_class_1,mae_class_2,mae_class_3,mae_class_4,mae_class_5,mae_mean,mse_class_0,mse_class_1,mse_class_2,mse_class_3,mse_class_4,mse_class_5,mse_mean,r2_class_0,r2_class_1,r2_class_2,r2_class_3,r2_class_4,r2_class_5,r2_mean,time
0.8722177010752352,0.8810487701640984,0.8885783324263155,0.9184381938306805,0.7989890385552147,0.8908492745833737,0.8750202184391531,0.06227811899662345,0.0920982519110455,0.07647948014319085,0.027462401689063498,0.02166350130690703,0.03729469555753066,0.052879408267393506,0.012972644569079032,0.01609789055242948,0.013748996544663423,0.003264354793675167,0.002394034575082014,0.0048453365823116915,0.008887209602873468,0.8703570379946876,0.8809259488839194,0.8884090242718232,0.9171762837301993,0.7899421617472604,0.8902646819453313,0.8728458564288702,10.370788812637329
