expl_var_class_0,expl_var_class_1,expl_var_class_2,expl_var_class_3,expl_var_class_4,expl_var_class_5,expl_var_mean,mae_class_0,mae_class_1,mae_class_2,mae_class_3,mae_class_4,mae_class_5,mae_mean,mse_class_0,mse_class_1,mse_class_2,mse_class_3,mse_class_4,mse_class_5,mse_mean,r2_class_0,r2_class_1,r2_class_2,r2_class_3,r2_class_4,r2_class_5,r2_mean,time
0.8324366969495649,0.8623292936979104,0.9040725782377039,0.69524289681875,0.3523295458154786,0.8183120790446325,0.7441205150940068,0.07772357824635216,0.09738876434201509,0.06637804347460866,0.05636061848199265,0.03469225789177824,0.05607612044660547,0.06476989714722538,0.016826479689171853,0.019336220971068595,0.012046226582433504,0.012280588879352218,0.007611214406604185,0.008350926528356901,0.012741942842831208,0.8318434876242559,0.8569724302198484,0.9022292155060424,0.6884149936948456,0.3321753740024357,0.8108714300703526,0.73708448851963,4.75312876701355
