expl_var_class_0,expl_var_class_1,expl_var_class_2,expl_var_class_3,expl_var_class_4,expl_var_class_5,expl_var_mean,mae_class_0,mae_class_1,mae_class_2,mae_class_3,mae_class_4,mae_class_5,mae_mean,mse_class_0,mse_class_1,mse_class_2,mse_class_3,mse_class_4,mse_class_5,mse_mean,r2_class_0,r2_class_1,r2_class_2,r2_class_3,r2_class_4,r2_class_5,r2_mean,time
0.8182465116350816,0.8682847868785759,0.892159650482547,0.6643974573663373,0.3924462179274213,0.8372546378356356,0.745464877020933,0.07993789543313727,0.09466476821368126,0.07097041059124351,0.06292351766331544,0.0354964628218191,0.050909311216323735,0.06581706098992006,0.01832439403851854,0.018472873393370066,0.013546952061355356,0.013811660723199911,0.0071799461030967685,0.007367917100476865,0.013117290570002917,0.8168739837543637,0.8633585025603827,0.8900488778392891,0.6495684013363128,0.3700157997358823,0.833134249254668,0.7371666357468164,6.857476472854614
