expl_var_class_0,expl_var_class_1,expl_var_class_2,expl_var_class_3,expl_var_class_4,expl_var_class_5,expl_var_mean,mae_class_0,mae_class_1,mae_class_2,mae_class_3,mae_class_4,mae_class_5,mae_mean,mse_class_0,mse_class_1,mse_class_2,mse_class_3,mse_class_4,mse_class_5,mse_mean,r2_class_0,r2_class_1,r2_class_2,r2_class_3,r2_class_4,r2_class_5,r2_mean,time
0.8285930908641329,0.8789123715614642,0.9057161443791774,0.6771003258558006,0.37120703772040875,0.8294906284766087,0.7485032664762654,0.07762016386988987,0.0904574671217252,0.06543557262998952,0.06258570194387934,0.03487336705800235,0.054357722745255875,0.06422166589479036,0.017263738832488943,0.017180773604267983,0.011878551034982261,0.013273409105064556,0.007367277565184257,0.007841412608250659,0.012467527125039776,0.8274737101126873,0.8729160005340162,0.9035901204917305,0.6632250048980883,0.35357892686345316,0.8224107052324229,0.7405324113553998,6.290705919265747
