expl_var_class_0,expl_var_class_1,expl_var_class_2,expl_var_class_3,expl_var_class_4,expl_var_class_5,expl_var_mean,mae_class_0,mae_class_1,mae_class_2,mae_class_3,mae_class_4,mae_class_5,mae_mean,mse_class_0,mse_class_1,mse_class_2,mse_class_3,mse_class_4,mse_class_5,mse_mean,r2_class_0,r2_class_1,r2_class_2,r2_class_3,r2_class_4,r2_class_5,r2_mean,time
0.7178354664509095,0.7605853101601793,0.8892027185197148,0.6423367315995354,0.32286461853541193,0.7412332006612294,0.6790096743211634,0.10240614087994813,0.12396515092025323,0.07053137583201657,0.0658006454241053,0.036801204649992716,0.07099902036241282,0.07841725634478813,0.02825274884049207,0.03438836122419191,0.014056477855423626,0.014790827493643634,0.007981556322479322,0.01214116114627754,0.01860185548041802,0.7176543283083582,0.7456336612010515,0.8859134138194933,0.6247248301248809,0.29968076299188084,0.7250316552200982,0.6664397752776271,3.9344170093536377
