expl_var_class_0,expl_var_class_1,expl_var_class_2,expl_var_class_3,expl_var_class_4,expl_var_class_5,expl_var_mean,mae_class_0,mae_class_1,mae_class_2,mae_class_3,mae_class_4,mae_class_5,mae_mean,mse_class_0,mse_class_1,mse_class_2,mse_class_3,mse_class_4,mse_class_5,mse_mean,r2_class_0,r2_class_1,r2_class_2,r2_class_3,r2_class_4,r2_class_5,r2_mean,time
0.8644543540949589,0.9075563756577744,0.9037770654281997,0.7056552170920837,0.39433057943987315,0.8605708467486715,0.7727240730769268,0.0694194372198436,0.07907102840870488,0.06563435529083593,0.058771561024816114,0.03376014847325637,0.043978329765322136,0.0584391433637965,0.013615328569461143,0.012962382428846963,0.012098404921319049,0.012025357774374064,0.007104664818424168,0.0062476872445359774,0.010675637626160228,0.8639343338961296,0.9041189040954334,0.901805720472845,0.6948907568878957,0.3766211445725055,0.8585047838806361,0.7666459406342409,7.7971062660217285
