expl_var_class_0,expl_var_class_1,expl_var_class_2,expl_var_class_3,expl_var_class_4,expl_var_class_5,expl_var_mean,mae_class_0,mae_class_1,mae_class_2,mae_class_3,mae_class_4,mae_class_5,mae_mean,mse_class_0,mse_class_1,mse_class_2,mse_class_3,mse_class_4,mse_class_5,mse_mean,r2_class_0,r2_class_1,r2_class_2,r2_class_3,r2_class_4,r2_class_5,r2_mean,time
0.8723539201793095,0.8843444940734316,0.900440277649591,0.9042838486617013,0.8138422278253405,0.886868349474936,0.8770221863107183,0.06389582063058524,0.09102900831064485,0.073438336679857,0.0293170805659245,0.02089687475028415,0.037652345916725075,0.05270491114233681,0.012847733097331712,0.015698911653052258,0.01229095097769616,0.0038296360031626372,0.002221658662412139,0.005011092222306293,0.0086499971026602,0.8716053488614144,0.8838771451107761,0.9002429589844748,0.902833881183162,0.8050668019505192,0.8865107120063668,0.875022808016119,8.71046495437622
