expl_var_class_0,expl_var_class_1,expl_var_class_2,expl_var_class_3,expl_var_class_4,expl_var_class_5,expl_var_mean,mae_class_0,mae_class_1,mae_class_2,mae_class_3,mae_class_4,mae_class_5,mae_mean,mse_class_0,mse_class_1,mse_class_2,mse_class_3,mse_class_4,mse_class_5,mse_mean,r2_class_0,r2_class_1,r2_class_2,r2_class_3,r2_class_4,r2_class_5,r2_mean,time
0.8288979088829636,0.8708878878088286,0.8978621195429416,0.6770680131613378,0.3942424313849098,0.828674713785204,0.7496055124276976,0.07732307605540735,0.09406232850074142,0.06996740957990108,0.06190349207841701,0.03514991734285843,0.053516653752544184,0.06532047955164491,0.017262909054057467,0.018267458647403548,0.012763885309314433,0.013253735916980555,0.007132745350420482,0.007812757171661976,0.012748915241639744,0.8274820025570762,0.8648779293375466,0.8964044822382485,0.6637241560783305,0.37415729717885193,0.8230596825314476,0.7416175916535837,5.7135326862335205
