expl_var_class_0,expl_var_class_1,expl_var_class_2,expl_var_class_3,expl_var_class_4,expl_var_class_5,expl_var_mean,mae_class_0,mae_class_1,mae_class_2,mae_class_3,mae_class_4,mae_class_5,mae_mean,mse_class_0,mse_class_1,mse_class_2,mse_class_3,mse_class_4,mse_class_5,mse_mean,r2_class_0,r2_class_1,r2_class_2,r2_class_3,r2_class_4,r2_class_5,r2_mean,time
0.8552163182476695,0.8848260719506085,0.893791654377277,0.8941433559737726,0.7478678767046592,0.8606685010041549,0.8560856297096904,0.06821105660607808,0.09113228956498277,0.07471029500976593,0.032005994081719044,0.02389759035414226,0.040076407489520106,0.05500560551770137,0.0146438419466811,0.015602401454767389,0.013103969969949477,0.0042404062354474605,0.0030010753631162725,0.006160220519947106,0.009458652581651468,0.8536558189815451,0.8845910187854894,0.8936442532290136,0.8924117551211431,0.7366790731549213,0.8604856965951416,0.8535779359778757,9.633149862289429
