expl_var_class_0,expl_var_class_1,expl_var_class_2,expl_var_class_3,expl_var_class_4,expl_var_class_5,expl_var_mean,mae_class_0,mae_class_1,mae_class_2,mae_class_3,mae_class_4,mae_class_5,mae_mean,mse_class_0,mse_class_1,mse_class_2,mse_class_3,mse_class_4,mse_class_5,mse_mean,r2_class_0,r2_class_1,r2_class_2,r2_class_3,r2_class_4,r2_class_5,r2_mean,time
0.8485395372755338,0.8885870018433515,0.8996305588612595,0.8831424719097021,0.7174222034121601,0.8620017875219099,0.8498872601373195,0.06656514371347019,0.09040029189893078,0.0727443080701894,0.033962421826864396,0.0255123587100485,0.04159201211996794,0.0551294227232452,0.015466186233595752,0.01509502592299812,0.012411087381992866,0.0046910345623082375,0.0033822207310467427,0.0061586161391986236,0.009534028495190057,0.8454376681969413,0.888344011129932,0.8992678959293352,0.8809783432998036,0.703236543593803,0.860522031992843,0.8462977490237765,9.34579086303711
