expl_var_class_0,expl_var_class_1,expl_var_class_2,expl_var_class_3,expl_var_class_4,expl_var_class_5,expl_var_mean,mae_class_0,mae_class_1,mae_class_2,mae_class_3,mae_class_4,mae_class_5,mae_mean,mse_class_0,mse_class_1,mse_class_2,mse_class_3,mse_class_4,mse_class_5,mse_mean,r2_class_0,r2_class_1,r2_class_2,r2_class_3,r2_class_4,r2_class_5,r2_mean,time
0.8325371534379407,0.8733981172177285,0.8900831015619222,0.6697570678394531,0.3667276612636282,0.8167874137252025,0.7415484191743126,0.07759999436701644,0.0919385357949327,0.07067950426826383,0.06025761653847924,0.035446536626427154,0.055575164686975875,0.06524955871368254,0.01686305571589381,0.01785567564937577,0.013772317447319727,0.013416106257247228,0.007455467230020834,0.008386200769120606,0.012958137178162998,0.8314779627370696,0.8679238358553103,0.8882197448379514,0.6596044706143196,0.3458409724727274,0.8100725526418014,0.7338565898598634,5.8942835330963135
