expl_var_class_0,expl_var_class_1,expl_var_class_2,expl_var_class_3,expl_var_class_4,expl_var_class_5,expl_var_mean,mae_class_0,mae_class_1,mae_class_2,mae_class_3,mae_class_4,mae_class_5,mae_mean,mse_class_0,mse_class_1,mse_class_2,mse_class_3,mse_class_4,mse_class_5,mse_mean,r2_class_0,r2_class_1,r2_class_2,r2_class_3,r2_class_4,r2_class_5,r2_mean,time
0.8172764285083934,0.887004846963524,0.9019243248865546,0.6530263976566211,0.3651854018860272,0.833495150483718,0.7429854250641398,0.08234544495379333,0.08782033888721962,0.06570645421142858,0.06234620030928464,0.03446960400024928,0.05243015981658834,0.06418636702976062,0.018363275726893995,0.015886670737601517,0.012417667344210301,0.014194545629837244,0.007443336326774795,0.00756689660889345,0.012645398729035218,0.8164854170884136,0.8824883150178946,0.8992144909843479,0.6398537860828597,0.3469053644988238,0.8286278379308053,0.7355958686005243,6.153739929199219
