expl_var_class_0,expl_var_class_1,expl_var_class_2,expl_var_class_3,expl_var_class_4,expl_var_class_5,expl_var_mean,mae_class_0,mae_class_1,mae_class_2,mae_class_3,mae_class_4,mae_class_5,mae_mean,mse_class_0,mse_class_1,mse_class_2,mse_class_3,mse_class_4,mse_class_5,mse_mean,r2_class_0,r2_class_1,r2_class_2,r2_class_3,r2_class_4,r2_class_5,r2_mean,time
0.8303926486653559,0.8667938659838736,0.9002582615829587,0.691298026572335,0.3847841895680463,0.8162140993372236,0.7482901819516322,0.07818696394316586,0.09535800796429435,0.06724848410517248,0.057741200853196506,0.033898877551005874,0.05667571901445542,0.06485154223854843,0.01705790552744867,0.018655694582771682,0.012557118702137425,0.01250595961603686,0.007217559441527107,0.008451317779419858,0.012740925941556935,0.8295307185509181,0.8620061974505294,0.8980826619779796,0.682696852398792,0.36671552302209476,0.8085978076546227,0.7412716268424894,5.5326316356658936
