expl_var_class_0,expl_var_class_1,expl_var_class_2,expl_var_class_3,expl_var_class_4,expl_var_class_5,expl_var_mean,mae_class_0,mae_class_1,mae_class_2,mae_class_3,mae_class_4,mae_class_5,mae_mean,mse_class_0,mse_class_1,mse_class_2,mse_class_3,mse_class_4,mse_class_5,mse_mean,r2_class_0,r2_class_1,r2_class_2,r2_class_3,r2_class_4,r2_class_5,r2_mean,time
0.8665214872970478,0.8864466407143694,0.8933334341557421,0.8439922007261361,0.4668616160889081,0.8536887830474084,0.8018073603382687,0.06635586888398311,0.08891413345094074,0.07493969749684276,0.03681927669772696,0.02792780758009334,0.04214670422310371,0.05618391472211509,0.013474073842878045,0.015391664997497698,0.013156053249147485,0.006181919370180135,0.006170053473222162,0.006490024266853255,0.010143964866629796,0.8653459721364258,0.8861498095850184,0.893221529728724,0.8431513826528214,0.4586259914627778,0.8530164282692866,0.799918518972509,9.638601779937744
