expl_var_class_0,expl_var_class_1,expl_var_class_2,expl_var_class_3,expl_var_class_4,expl_var_class_5,expl_var_mean,mae_class_0,mae_class_1,mae_class_2,mae_class_3,mae_class_4,mae_class_5,mae_mean,mse_class_0,mse_class_1,mse_class_2,mse_class_3,mse_class_4,mse_class_5,mse_mean,r2_class_0,r2_class_1,r2_class_2,r2_class_3,r2_class_4,r2_class_5,r2_mean,time
0.8766414257791141,0.8684558341850978,0.8848660127598502,0.8940074086420229,0.7413570126432956,0.8688503222103177,0.8556963360366163,0.06258385529069686,0.09431486483803159,0.07830129617462965,0.03152414136733651,0.02351079834194683,0.04089842686958518,0.05518889714703778,0.012496833046972558,0.01793984944365658,0.01418624101854995,0.004226533933865746,0.0030591838284061866,0.005832645588181717,0.00962354780993879,0.8751120911955723,0.8673012129936264,0.8848602171051148,0.8927637253090771,0.731580509111599,0.8679044875735099,0.8532537072147499,9.881868124008179
