expl_var_class_0,expl_var_class_1,expl_var_class_2,expl_var_class_3,expl_var_class_4,expl_var_class_5,expl_var_mean,mae_class_0,mae_class_1,mae_class_2,mae_class_3,mae_class_4,mae_class_5,mae_mean,mse_class_0,mse_class_1,mse_class_2,mse_class_3,mse_class_4,mse_class_5,mse_mean,r2_class_0,r2_class_1,r2_class_2,r2_class_3,r2_class_4,r2_class_5,r2_mean,time
0.8365660185589114,0.8799163357311757,0.8955401428558254,0.8333666946012723,0.4835948280028095,0.8461300432950479,0.7958523438408404,0.07271756568355943,0.09226959549250105,0.07328177885660343,0.039669741717578616,0.028441208478191295,0.04396568345157607,0.058390928946668315,0.016465003297452534,0.016331026362952538,0.01289816039197635,0.006634268020274379,0.005997194952768923,0.006841762920130746,0.01086123599092591,0.8354559253094126,0.8792014729143011,0.8953146654329602,0.8316743225235047,0.4737929767302025,0.8450503866261875,0.7934149582560948,8.661059379577637
