expl_var_class_0,expl_var_class_1,expl_var_class_2,expl_var_class_3,expl_var_class_4,expl_var_class_5,expl_var_mean,mae_class_0,mae_class_1,mae_class_2,mae_class_3,mae_class_4,mae_class_5,mae_mean,mse_class_0,mse_class_1,mse_class_2,mse_class_3,mse_class_4,mse_class_5,mse_mean,r2_class_0,r2_class_1,r2_class_2,r2_class_3,r2_class_4,r2_class_5,r2_mean,time
0.8483832263824318,0.8995578448134915,0.8986151398685219,0.8793966743650753,0.7634333180554219,0.8669791615873413,0.8593942275120473,0.0646104147892819,0.08469849426055782,0.07434380916292822,0.03381635118211124,0.02379120974181987,0.04175278581673307,0.053835510825572024,0.01550787195262323,0.013674740604401063,0.012496007834964984,0.004856315197905751,0.002836949987526801,0.005941320934686988,0.009218867752018136,0.845021079269428,0.8988496811787646,0.8985786560873108,0.8767848173711441,0.751079793160213,0.8654432501525653,0.8559595462032377,9.095946788787842
