expl_var_class_0,expl_var_class_1,expl_var_class_2,expl_var_class_3,expl_var_class_4,expl_var_class_5,expl_var_mean,mae_class_0,mae_class_1,mae_class_2,mae_class_3,mae_class_4,mae_class_5,mae_mean,mse_class_0,mse_class_1,mse_class_2,mse_class_3,mse_class_4,mse_class_5,mse_mean,r2_class_0,r2_class_1,r2_class_2,r2_class_3,r2_class_4,r2_class_5,r2_mean,time
0.8297038973381718,0.8730840201838534,0.898377168104962,0.6908723281067762,0.3628867374010587,0.8328331113468557,0.7479595437469463,0.07844531950428107,0.09293947878918354,0.06839839278100586,0.05871283357750546,0.03506015418673015,0.052945644587718096,0.0644169705710707,0.017161691020484628,0.017788419021097627,0.012730564629119968,0.012552446064008184,0.007490451072590803,0.00764531991787149,0.01256148195419545,0.8284935315179492,0.8684213245894649,0.8966749228629696,0.6815173910287755,0.3427714134861911,0.8268517370124457,0.7407883867496327,5.9100341796875
