expl_var_class_0,expl_var_class_1,expl_var_class_2,expl_var_class_3,expl_var_class_4,expl_var_class_5,expl_var_mean,mae_class_0,mae_class_1,mae_class_2,mae_class_3,mae_class_4,mae_class_5,mae_mean,mse_class_0,mse_class_1,mse_class_2,mse_class_3,mse_class_4,mse_class_5,mse_mean,r2_class_0,r2_class_1,r2_class_2,r2_class_3,r2_class_4,r2_class_5,r2_mean,time
0.861805771041934,0.8777666360607113,0.8926115256830289,0.8876751015767399,0.7820551350110112,0.8769427065599433,0.8631428126555614,0.06587688019400291,0.09358139622107742,0.07422918986328231,0.0334574935185421,0.02160469720046334,0.03948965202261777,0.05470655150333097,0.013949206380889891,0.016546691433827674,0.01328735331680806,0.004537933033138312,0.002567387875874478,0.0054456787921707455,0.009389041805451527,0.8605977044069777,0.8776062257861322,0.892155859036625,0.8848628590506685,0.7747317633689519,0.8766683626347137,0.8611037957140115,9.284062385559082
