expl_var_class_0,expl_var_class_1,expl_var_class_2,expl_var_class_3,expl_var_class_4,expl_var_class_5,expl_var_mean,mae_class_0,mae_class_1,mae_class_2,mae_class_3,mae_class_4,mae_class_5,mae_mean,mse_class_0,mse_class_1,mse_class_2,mse_class_3,mse_class_4,mse_class_5,mse_mean,r2_class_0,r2_class_1,r2_class_2,r2_class_3,r2_class_4,r2_class_5,r2_mean,time
0.8710523542138008,0.885054361821501,0.8941225654360152,0.8802343443544671,0.77892738087962,0.8775835148277638,0.8644957535888613,0.06500645948065487,0.08920148050940152,0.07583176561932174,0.033487436590214206,0.021883161490054235,0.039454562682441935,0.05414414439534809,0.013012426746627094,0.015678324299590214,0.013047882031479361,0.0048161561313410164,0.002612642401869597,0.0054253430002489935,0.009098795768526046,0.8699594722319868,0.8840294271486306,0.8940994797439182,0.877803739438458,0.7707610321186058,0.8771289198233667,0.8622970117508277,9.518172979354858
