expl_var_class_0,expl_var_class_1,expl_var_class_2,expl_var_class_3,expl_var_class_4,expl_var_class_5,expl_var_mean,mae_class_0,mae_class_1,mae_class_2,mae_class_3,mae_class_4,mae_class_5,mae_mean,mse_class_0,mse_class_1,mse_class_2,mse_class_3,mse_class_4,mse_class_5,mse_mean,r2_class_0,r2_class_1,r2_class_2,r2_class_3,r2_class_4,r2_class_5,r2_mean,time
0.8741338182725753,0.8890083487996359,0.8942445812542125,0.8690557234388684,0.7244653280947071,0.8646616441147537,0.8525949073291255,0.061573334915469374,0.08786902650206659,0.07479923369770214,0.034748960161794816,0.02369212155595125,0.040153684228493164,0.05380606017691288,0.012766486797954292,0.01507694026698687,0.01304071816614187,0.005257646977457831,0.0032420954593584536,0.0060000778802575035,0.009230660924692805,0.8724172890057058,0.8884777884295936,0.8941576238215896,0.8666021651961785,0.7155314419055416,0.8641125454635166,0.850216475637021,9.390790224075317
