expl_var_class_0,expl_var_class_1,expl_var_class_2,expl_var_class_3,expl_var_class_4,expl_var_class_5,expl_var_mean,mae_class_0,mae_class_1,mae_class_2,mae_class_3,mae_class_4,mae_class_5,mae_mean,mse_class_0,mse_class_1,mse_class_2,mse_class_3,mse_class_4,mse_class_5,mse_mean,r2_class_0,r2_class_1,r2_class_2,r2_class_3,r2_class_4,r2_class_5,r2_mean,time
0.8551056569439603,0.9023136257443882,0.8999857709293376,0.6774003313305397,0.43447831331054865,0.8370171134657377,0.7677168019540853,0.07042075699057268,0.08047512630298957,0.06806250020460344,0.05668459523229702,0.032176575529494225,0.04995746164314861,0.05962950265051759,0.014626372991751086,0.013702831246337314,0.012448716266537437,0.01301317758328666,0.00662765018438142,0.00739312772130592,0.01130197933226664,0.8538303961117674,0.8986418982693887,0.8989624886271913,0.6698276394419657,0.41847545356405746,0.8325632888171348,0.7620501941385842,7.754168510437012
