expl_var_class_0,expl_var_class_1,expl_var_class_2,expl_var_class_3,expl_var_class_4,expl_var_class_5,expl_var_mean,mae_class_0,mae_class_1,mae_class_2,mae_class_3,mae_class_4,mae_class_5,mae_mean,mse_class_0,mse_class_1,mse_class_2,mse_class_3,mse_class_4,mse_class_5,mse_mean,r2_class_0,r2_class_1,r2_class_2,r2_class_3,r2_class_4,r2_class_5,r2_mean,time
0.8178205670945043,0.8830477707626219,0.9001822583500175,0.6813664621738903,0.3733444876049026,0.8292464765853997,0.7475013370952227,0.08182373531904748,0.09053448300746317,0.06691004786943049,0.0607960775399825,0.03474359545540633,0.05254102366798555,0.06455816047655259,0.01830776518966161,0.016337827907172975,0.012640689317368477,0.013033104079466062,0.007371625417146067,0.007717753658425517,0.012568127594873453,0.8170401652302433,0.8791511627558655,0.8974043778235293,0.669322061289428,0.353197436807442,0.8252112855345025,0.7402210815735017,6.267539024353027
