expl_var_class_0,expl_var_class_1,expl_var_class_2,expl_var_class_3,expl_var_class_4,expl_var_class_5,expl_var_mean,mae_class_0,mae_class_1,mae_class_2,mae_class_3,mae_class_4,mae_class_5,mae_mean,mse_class_0,mse_class_1,mse_class_2,mse_class_3,mse_class_4,mse_class_5,mse_mean,r2_class_0,r2_class_1,r2_class_2,r2_class_3,r2_class_4,r2_class_5,r2_mean,time
0.8178795835515129,0.8845471168329323,0.9010901411316242,0.6658253439141562,0.3576619838759987,0.8210096131640844,0.7413356304117181,0.08017465111271714,0.08943344734541084,0.06775935159297854,0.060245246541552326,0.03564876978975707,0.054186166155203386,0.06457460542293654,0.018382968819146903,0.016240454295135175,0.012374671318136864,0.013573095748992783,0.007569268572111711,0.008148368124643033,0.012714804479694412,0.8162886128980948,0.8798714229924091,0.8995634596153591,0.6556213088737921,0.3358557934119567,0.8154588948374715,0.7337765821048472,5.298396587371826
