expl_var_class_0,expl_var_class_1,expl_var_class_2,expl_var_class_3,expl_var_class_4,expl_var_class_5,expl_var_mean,mae_class_0,mae_class_1,mae_class_2,mae_class_3,mae_class_4,mae_class_5,mae_mean,mse_class_0,mse_class_1,mse_class_2,mse_class_3,mse_class_4,mse_class_5,mse_mean,r2_class_0,r2_class_1,r2_class_2,r2_class_3,r2_class_4,r2_class_5,r2_mean,time
0.8617858415120638,0.902657450656766,0.9016749106230683,0.757719514244647,0.35515963732360023,0.8578885048565569,0.7728143098694503,0.06969310813071548,0.08087022635048097,0.07008343828697497,0.04989226472472334,0.036083840078828845,0.042393283341749306,0.05816936015224549,0.013893336339232353,0.013616745830317049,0.012141570607714458,0.009724898013812159,0.007632933521625137,0.006294341376140105,0.010550637614806875,0.8611560452795172,0.8992786611542002,0.9014553748278233,0.7532583788351297,0.330269691270219,0.8574481790641961,0.767144388405181,8.136194467544556
