expl_var_class_0,expl_var_class_1,expl_var_class_2,expl_var_class_3,expl_var_class_4,expl_var_class_5,expl_var_mean,mae_class_0,mae_class_1,mae_class_2,mae_class_3,mae_class_4,mae_class_5,mae_mean,mse_class_0,mse_class_1,mse_class_2,mse_class_3,mse_class_4,mse_class_5,mse_mean,r2_class_0,r2_class_1,r2_class_2,r2_class_3,r2_class_4,r2_class_5,r2_mean,time
0.8182046072640572,0.8692346337489005,0.9058303280652511,0.7039840746355692,0.3763652318758054,0.8347555982655172,0.7513957456425168,0.0825587024132903,0.09470523058973121,0.06549231724632869,0.05799432631036215,0.03514567391815093,0.0513102725039309,0.0645344204969657,0.018218408815400763,0.01832721446053635,0.011854690118964608,0.012034408576492878,0.0073488566477313,0.0074369786332446185,0.012536759542061753,0.8179331539320878,0.864435923180014,0.9037837828358535,0.6946611185323606,0.35519521851566027,0.8315701702407811,0.7445965612061262,5.2924206256866455
