expl_var_class_0,expl_var_class_1,expl_var_class_2,expl_var_class_3,expl_var_class_4,expl_var_class_5,expl_var_mean,mae_class_0,mae_class_1,mae_class_2,mae_class_3,mae_class_4,mae_class_5,mae_mean,mse_class_0,mse_class_1,mse_class_2,mse_class_3,mse_class_4,mse_class_5,mse_mean,r2_class_0,r2_class_1,r2_class_2,r2_class_3,r2_class_4,r2_class_5,r2_mean,time
0.8598539929011682,0.8856425245887727,0.9055190876619137,0.9034884410696042,0.7877294169644438,0.8861390963180212,0.8713954265839873,0.06719965511505333,0.09028510387160317,0.07129521041942297,0.028917195227622164,0.022425177064624047,0.03836872673211868,0.05308184473840739,0.014080232695994082,0.015503424607413841,0.011680218903554678,0.0038617354120189388,0.002536054472265255,0.005031303185188956,0.008782161546072626,0.859288284457923,0.8853231379499663,0.9051998434989592,0.9020194500016331,0.7774810248440199,0.8860529818977472,0.8692274537750415,6.2454071044921875
