expl_var_class_0,expl_var_class_1,expl_var_class_2,expl_var_class_3,expl_var_class_4,expl_var_class_5,expl_var_mean,mae_class_0,mae_class_1,mae_class_2,mae_class_3,mae_class_4,mae_class_5,mae_mean,mse_class_0,mse_class_1,mse_class_2,mse_class_3,mse_class_4,mse_class_5,mse_mean,r2_class_0,r2_class_1,r2_class_2,r2_class_3,r2_class_4,r2_class_5,r2_mean,time
0.7054267177271377,0.7590852710855197,0.8826582178637249,0.6277647514100119,0.30927753322216966,0.7423966571019143,0.6711015247350797,0.10526591726940676,0.12552834678037747,0.07231995195189754,0.06657889367969241,0.03672565516962148,0.07063381245059666,0.0795087628835987,0.02948726089753546,0.0345313088803635,0.01488099624572666,0.015360685844189547,0.008130123970167333,0.01204292968000953,0.019072217586332006,0.7053171522719581,0.7445762955504116,0.8792213755037622,0.6102662956447934,0.28664511211513055,0.7272563636610447,0.65888043245785,3.9955313205718994
