expl_var_class_0,expl_var_class_1,expl_var_class_2,expl_var_class_3,expl_var_class_4,expl_var_class_5,expl_var_mean,mae_class_0,mae_class_1,mae_class_2,mae_class_3,mae_class_4,mae_class_5,mae_mean,mse_class_0,mse_class_1,mse_class_2,mse_class_3,mse_class_4,mse_class_5,mse_mean,r2_class_0,r2_class_1,r2_class_2,r2_class_3,r2_class_4,r2_class_5,r2_mean,time
0.8749333631519949,0.8785758689694155,0.8894023755593893,0.8905452933866475,0.7193467606122876,0.8703208429847085,0.8538540841107406,0.06284166115275053,0.09285311092346436,0.07636971903974243,0.03215775489621184,0.023357931839202456,0.03986137711182421,0.05457359249386596,0.012689337133687476,0.016450744231137134,0.013631516700448508,0.004354365517809265,0.003296621367807959,0.005751986942305535,0.009362428648865979,0.8731882891622278,0.8783159350539651,0.8893625258893231,0.889520362528974,0.7107472192477392,0.8697312135416073,0.8518109242373061,8.564211368560791
