expl_var_class_0,expl_var_class_1,expl_var_class_2,expl_var_class_3,expl_var_class_4,expl_var_class_5,expl_var_mean,mae_class_0,mae_class_1,mae_class_2,mae_class_3,mae_class_4,mae_class_5,mae_mean,mse_class_0,mse_class_1,mse_class_2,mse_class_3,mse_class_4,mse_class_5,mse_mean,r2_class_0,r2_class_1,r2_class_2,r2_class_3,r2_class_4,r2_class_5,r2_mean,time
0.8618516291821383,0.8832702182128557,0.8992724206885978,0.9174009682692759,0.7640220040697498,0.8968208348670023,0.8704396792149366,0.06571077963282743,0.0924351549107331,0.07326848234511128,0.02708134503142632,0.024037926487216747,0.03727305592602193,0.05330112405555614,0.013946862452256672,0.015824877808738036,0.012429623459607403,0.003289712620379477,0.002843579467697035,0.0045705090420728525,0.008817527475125245,0.8606211286092768,0.8829453894616633,0.8991174515692352,0.9165329010169458,0.7504981080468094,0.8964888703016957,0.8677006415009375,10.643770217895508
