expl_var_class_0,expl_var_class_1,expl_var_class_2,expl_var_class_3,expl_var_class_4,expl_var_class_5,expl_var_mean,mae_class_0,mae_class_1,mae_class_2,mae_class_3,mae_class_4,mae_class_5,mae_mean,mse_class_0,mse_class_1,mse_class_2,mse_class_3,mse_class_4,mse_class_5,mse_mean,r2_class_0,r2_class_1,r2_class_2,r2_class_3,r2_class_4,r2_class_5,r2_mean,time
0.8594335582072279,0.9014098624138169,0.8975492808917764,0.7438702819794994,0.40266319168410414,0.8574531525675636,0.7770632212906649,0.07001087436488726,0.08168705370334846,0.0721899582998628,0.052175496980151455,0.03350337832129914,0.04169186414518034,0.05854310430245491,0.014127448200611632,0.013768959949922235,0.012658333676697385,0.010345524922261812,0.006983270094023633,0.006326904260429513,0.010701740183991037,0.8588164332606902,0.8981527526508826,0.8972611709162314,0.7375117366274773,0.3872725836320229,0.8567107073935345,0.7726208974134732,9.11356520652771
