expl_var_class_0,expl_var_class_1,expl_var_class_2,expl_var_class_3,expl_var_class_4,expl_var_class_5,expl_var_mean,mae_class_0,mae_class_1,mae_class_2,mae_class_3,mae_class_4,mae_class_5,mae_mean,mse_class_0,mse_class_1,mse_class_2,mse_class_3,mse_class_4,mse_class_5,mse_mean,r2_class_0,r2_class_1,r2_class_2,r2_class_3,r2_class_4,r2_class_5,r2_mean,time
0.8532020779736541,0.8831349835895501,0.8992738289316856,0.8529767269885267,0.515569800101978,0.8440439524936293,0.8080335616798372,0.0696196642928194,0.09134162142546563,0.07206401606593667,0.03723984356337725,0.02883766113619157,0.044419708288370406,0.05725375246202682,0.014810603514457997,0.01587972962637167,0.012442600176600075,0.005828839364080146,0.0056551034069447035,0.006954147087477962,0.010261837195988758,0.8519892764751098,0.8825396575357664,0.899012128645758,0.852109783345793,0.5038088383841269,0.8425051532582566,0.8053274729408018,9.159255504608154
