expl_var_class_0,expl_var_class_1,expl_var_class_2,expl_var_class_3,expl_var_class_4,expl_var_class_5,expl_var_mean,mae_class_0,mae_class_1,mae_class_2,mae_class_3,mae_class_4,mae_class_5,mae_mean,mse_class_0,mse_class_1,mse_class_2,mse_class_3,mse_class_4,mse_class_5,mse_mean,r2_class_0,r2_class_1,r2_class_2,r2_class_3,r2_class_4,r2_class_5,r2_mean,time
0.853192156735856,0.8697831821695621,0.8839679282945583,0.8961696591896485,0.7918719537991141,0.8833230949725336,0.8630513291935454,0.06832129627149461,0.09561580325584505,0.07833532083726606,0.03168702294911236,0.022013143585308998,0.03772410692378091,0.055616115637134665,0.014789923322598755,0.017637618116924488,0.01431391751317615,0.0041656822429922144,0.0024745582525638595,0.005153468521930388,0.009755861328364309,0.852195945309147,0.8695367797177862,0.8838239564175361,0.8943076638506879,0.7828768378809925,0.8832862283699291,0.8610045685910132,9.500069618225098
