expl_var_class_0,expl_var_class_1,expl_var_class_2,expl_var_class_3,expl_var_class_4,expl_var_class_5,expl_var_mean,mae_class_0,mae_class_1,mae_class_2,mae_class_3,mae_class_4,mae_class_5,mae_mean,mse_class_0,mse_class_1,mse_class_2,mse_class_3,mse_class_4,mse_class_5,mse_mean,r2_class_0,r2_class_1,r2_class_2,r2_class_3,r2_class_4,r2_class_5,r2_mean,time
0.8726994981294948,0.910590635602004,0.8927034551989304,0.6986057263363525,0.3975126623328954,0.8633142128616498,0.7725710317435545,0.06561077322115538,0.07723653637850932,0.0700248017234196,0.05876270235067275,0.03574931867007438,0.04088307501278115,0.05804453455943542,0.012821865290255781,0.012476726371401075,0.013391350689509892,0.012375037507836174,0.007153377578398535,0.006042945044315383,0.01071021708028614,0.8718638604634279,0.9077112402478504,0.891311785197835,0.6860186284398238,0.3723469802968331,0.8631417064305451,0.7653990335127192,8.42971920967102
