expl_var_class_0,expl_var_class_1,expl_var_class_2,expl_var_class_3,expl_var_class_4,expl_var_class_5,expl_var_mean,mae_class_0,mae_class_1,mae_class_2,mae_class_3,mae_class_4,mae_class_5,mae_mean,mse_class_0,mse_class_1,mse_class_2,mse_class_3,mse_class_4,mse_class_5,mse_mean,r2_class_0,r2_class_1,r2_class_2,r2_class_3,r2_class_4,r2_class_5,r2_mean,time
0.8797146165399126,0.8914595529322797,0.9037838938167819,0.9082032096523075,0.786000348381469,0.8844887459101891,0.8756083945388232,0.06259159776445825,0.08860246190296209,0.07118509159071672,0.03028634120248836,0.023564566200669764,0.03932867711536013,0.05259312262944255,0.012141942840718397,0.014769129917908715,0.011901631112062888,0.0037021131345255595,0.00257697804511524,0.005136070913379339,0.00837131099395169,0.8786587094105761,0.8907546224732105,0.9034027956703923,0.9060694111906149,0.7738903009104895,0.8836802427124434,0.8727426803946211,6.925134658813477
