expl_var_class_0,expl_var_class_1,expl_var_class_2,expl_var_class_3,expl_var_class_4,expl_var_class_5,expl_var_mean,mae_class_0,mae_class_1,mae_class_2,mae_class_3,mae_class_4,mae_class_5,mae_mean,mse_class_0,mse_class_1,mse_class_2,mse_class_3,mse_class_4,mse_class_5,mse_mean,r2_class_0,r2_class_1,r2_class_2,r2_class_3,r2_class_4,r2_class_5,r2_mean,time
0.8125793400821496,0.8819470855983873,0.8968580499413408,0.6856287483703303,0.34590955202308304,0.8238283186603068,0.741125182445933,0.08285209787326253,0.09059723004460613,0.06687380721204177,0.05839653141546765,0.03549895234249885,0.053983436932178094,0.06470034263667583,0.01881088215271605,0.01655122999144908,0.013037081556244242,0.012775833028283489,0.007678000691290994,0.008016472774236715,0.012811583365703427,0.8120122333403214,0.8775726546520483,0.8941871396371984,0.6758495823140618,0.3263153990746457,0.8184460099699076,0.7340638364980304,6.055394172668457
