expl_var_class_0,expl_var_class_1,expl_var_class_2,expl_var_class_3,expl_var_class_4,expl_var_class_5,expl_var_mean,mae_class_0,mae_class_1,mae_class_2,mae_class_3,mae_class_4,mae_class_5,mae_mean,mse_class_0,mse_class_1,mse_class_2,mse_class_3,mse_class_4,mse_class_5,mse_mean,r2_class_0,r2_class_1,r2_class_2,r2_class_3,r2_class_4,r2_class_5,r2_mean,time
0.8682400222445689,0.8736307266543759,0.8816466140871788,0.9093584542863242,0.7793840071425268,0.8946354023791796,0.867815871132359,0.06397088721003025,0.09336614109144738,0.07833400145515639,0.02971920872343682,0.02378899274341535,0.035870992104882024,0.054175037221394697,0.013342449554411401,0.017093320674567827,0.014635632721985384,0.003652227346509627,0.002671588995073414,0.004654419059791774,0.009341606392056572,0.866661367970929,0.87356287874377,0.8812128193835718,0.9073351211436299,0.7655889288960225,0.894588508515484,0.8648249374422344,10.08946704864502
