expl_var_class_0,expl_var_class_1,expl_var_class_2,expl_var_class_3,expl_var_class_4,expl_var_class_5,expl_var_mean,mae_class_0,mae_class_1,mae_class_2,mae_class_3,mae_class_4,mae_class_5,mae_mean,mse_class_0,mse_class_1,mse_class_2,mse_class_3,mse_class_4,mse_class_5,mse_mean,r2_class_0,r2_class_1,r2_class_2,r2_class_3,r2_class_4,r2_class_5,r2_mean,time
0.818497937042374,0.8862641215455752,0.9056219570133951,0.693629457335173,0.37384099008412597,0.8274504184002669,0.750884146903485,0.07950149371612861,0.08902773413887481,0.06526139760251519,0.05849847195723137,0.03508036567556974,0.0538157333326387,0.06353086607049306,0.018314150840305077,0.015881239215359687,0.011867375853657158,0.012447570690114712,0.007370676801814347,0.007864403527741582,0.012290902821498759,0.8169763498177927,0.8825284912978212,0.9036808216119145,0.6841783052859733,0.35328067039478805,0.8218900157364823,0.7437557756907953,5.821375846862793
