expl_var_class_0,expl_var_class_1,expl_var_class_2,expl_var_class_3,expl_var_class_4,expl_var_class_5,expl_var_mean,mae_class_0,mae_class_1,mae_class_2,mae_class_3,mae_class_4,mae_class_5,mae_mean,mse_class_0,mse_class_1,mse_class_2,mse_class_3,mse_class_4,mse_class_5,mse_mean,r2_class_0,r2_class_1,r2_class_2,r2_class_3,r2_class_4,r2_class_5,r2_mean,time
0.8649681440728727,0.8930260496327493,0.9028820504126993,0.9022587490671371,0.7727818536102337,0.8911425471694965,0.8711765656608647,0.0661464715056856,0.0863049996734153,0.07190929001787331,0.02966221958721751,0.02450594722958794,0.03751902832651842,0.05267465939004968,0.013612231875710952,0.01452868357835082,0.012006051567262366,0.003931878064798014,0.002760529792027964,0.004812983081719324,0.008608726326644906,0.863965280905281,0.8925331734972681,0.9025552879672782,0.900239779733119,0.7577850685277534,0.8909974115746094,0.8680126670342182,10.504427433013916
