expl_var_class_0,expl_var_class_1,expl_var_class_2,expl_var_class_3,expl_var_class_4,expl_var_class_5,expl_var_mean,mae_class_0,mae_class_1,mae_class_2,mae_class_3,mae_class_4,mae_class_5,mae_mean,mse_class_0,mse_class_1,mse_class_2,mse_class_3,mse_class_4,mse_class_5,mse_mean,r2_class_0,r2_class_1,r2_class_2,r2_class_3,r2_class_4,r2_class_5,r2_mean,time
0.8595779090991175,0.8888856780516239,0.9006472731068982,0.8910865084326226,0.7348094986870648,0.8738491378040156,0.8581426675302236,0.06575698746685904,0.08809149036085989,0.07224840799564233,0.03255123979415102,0.024425397040361153,0.038241853516365186,0.053552562695706435,0.014178886384986582,0.015050189964751558,0.012277793515200055,0.004368353545768914,0.0031619278739616215,0.005574853801680802,0.009102000847724922,0.8583023824403634,0.8886756570164972,0.9003497488926167,0.8891654561134248,0.722565521472176,0.8737428567358979,0.8554669371118293,9.96572494506836
