expl_var_class_0,expl_var_class_1,expl_var_class_2,expl_var_class_3,expl_var_class_4,expl_var_class_5,expl_var_mean,mae_class_0,mae_class_1,mae_class_2,mae_class_3,mae_class_4,mae_class_5,mae_mean,mse_class_0,mse_class_1,mse_class_2,mse_class_3,mse_class_4,mse_class_5,mse_mean,r2_class_0,r2_class_1,r2_class_2,r2_class_3,r2_class_4,r2_class_5,r2_mean,time
0.8709259684362619,0.8811139232860867,0.9007783998417062,0.8973970991805202,0.798106297930957,0.881877768781618,0.8716999095761917,0.06254548968381812,0.0913472635732733,0.07334560697520587,0.02914226330817117,0.021403980109326252,0.03783203671565131,0.05260277339424101,0.013062813933519296,0.016099401062906433,0.01224118564313504,0.004100636710431351,0.0024039834186630393,0.005229075768673565,0.008856182756221454,0.8694559246229364,0.8809147758298377,0.9006468693515387,0.8959580091942385,0.7890692284164319,0.8815739045452256,0.8696031186600348,10.562756299972534
