expl_var_class_0,expl_var_class_1,expl_var_class_2,expl_var_class_3,expl_var_class_4,expl_var_class_5,expl_var_mean,mae_class_0,mae_class_1,mae_class_2,mae_class_3,mae_class_4,mae_class_5,mae_mean,mse_class_0,mse_class_1,mse_class_2,mse_class_3,mse_class_4,mse_class_5,mse_mean,r2_class_0,r2_class_1,r2_class_2,r2_class_3,r2_class_4,r2_class_5,r2_mean,time
0.8179677649484529,0.8894156492797122,0.9047175142952742,0.6958288521847938,0.36569441442883277,0.8465911721366567,0.7533692278789538,0.08103133251976843,0.08754337027831449,0.06561918966181643,0.058618488638787075,0.03421890798559072,0.047533767515679164,0.06242750943332606,0.018276053291653688,0.015405693744672534,0.012029904920451601,0.012433846084731127,0.007454310626840684,0.006875495261851225,0.012079217321700142,0.8173570801327263,0.8860460407245736,0.9023616870053369,0.6845265281030541,0.3459424553695357,0.8442864295337249,0.7467533701448253,6.697061538696289
