expl_var_class_0,expl_var_class_1,expl_var_class_2,expl_var_class_3,expl_var_class_4,expl_var_class_5,expl_var_mean,mae_class_0,mae_class_1,mae_class_2,mae_class_3,mae_class_4,mae_class_5,mae_mean,mse_class_0,mse_class_1,mse_class_2,mse_class_3,mse_class_4,mse_class_5,mse_mean,r2_class_0,r2_class_1,r2_class_2,r2_class_3,r2_class_4,r2_class_5,r2_mean,time
0.8246931954891781,0.8837954960915481,0.8928129564571128,0.6560849054539009,0.3829758698761635,0.8258459272683998,0.7443680584393838,0.0791223648030813,0.08967083705599496,0.06858707774489455,0.061582565419181785,0.035077364742178804,0.05362502736625526,0.06461087285526444,0.017684085663985133,0.01621427234986944,0.013503972171121254,0.013999463199067237,0.007266928711246553,0.007921465700564342,0.012765031299308992,0.8232729468824509,0.8800650875150207,0.8903977155069933,0.6448034477822018,0.3623837551431667,0.8205976936083448,0.7369201077396963,6.744182109832764
