expl_var_class_0,expl_var_class_1,expl_var_class_2,expl_var_class_3,expl_var_class_4,expl_var_class_5,expl_var_mean,mae_class_0,mae_class_1,mae_class_2,mae_class_3,mae_class_4,mae_class_5,mae_mean,mse_class_0,mse_class_1,mse_class_2,mse_class_3,mse_class_4,mse_class_5,mse_mean,r2_class_0,r2_class_1,r2_class_2,r2_class_3,r2_class_4,r2_class_5,r2_mean,time
0.8223604872487922,0.8797398884581231,0.9040041773578041,0.6914962891335703,0.3660259954582551,0.840055641249323,0.7506137464843112,0.08082449631990471,0.09181780214870382,0.06685009826824495,0.05854194670566514,0.033078702782421344,0.0502600974126519,0.06356219060626532,0.017878955227318034,0.01681952263759837,0.012037839061081038,0.012587550409342679,0.007418240770810216,0.007252357840536273,0.012332410991114436,0.8213255053056289,0.8755881280361167,0.9022972911425896,0.6806267181327244,0.34910730355623665,0.8357513908976316,0.744116056178488,7.203266143798828
