expl_var_class_0,expl_var_class_1,expl_var_class_2,expl_var_class_3,expl_var_class_4,expl_var_class_5,expl_var_mean,mae_class_0,mae_class_1,mae_class_2,mae_class_3,mae_class_4,mae_class_5,mae_mean,mse_class_0,mse_class_1,mse_class_2,mse_class_3,mse_class_4,mse_class_5,mse_mean,r2_class_0,r2_class_1,r2_class_2,r2_class_3,r2_class_4,r2_class_5,r2_mean,time
0.8873115400748419,0.8881615461386503,0.893886769028266,0.8988595005667184,0.8173745473721545,0.8774892507839239,0.8771805256607593,0.05813368302806767,0.08873679346512663,0.07414330115369018,0.03044701992386137,0.01955852404989658,0.04008198696832004,0.05185021809816042,0.01146446187048971,0.015134349533264415,0.013104195015455084,0.004056355158865409,0.0021447181436916006,0.005454460650950924,0.008559756728786191,0.8854291592764445,0.8880531393810114,0.8936424266922571,0.8970815275905815,0.8118177316174088,0.876469474477001,0.8754155765057839,10.162174940109253
