expl_var_class_0,expl_var_class_1,expl_var_class_2,expl_var_class_3,expl_var_class_4,expl_var_class_5,expl_var_mean,mae_class_0,mae_class_1,mae_class_2,mae_class_3,mae_class_4,mae_class_5,mae_mean,mse_class_0,mse_class_1,mse_class_2,mse_class_3,mse_class_4,mse_class_5,mse_mean,r2_class_0,r2_class_1,r2_class_2,r2_class_3,r2_class_4,r2_class_5,r2_mean,time
0.8722722353087484,0.912162712037953,0.9102879670174843,0.7217055622155495,0.40961480566948016,0.8708147433567814,0.7828096709343328,0.06757720816166626,0.07673506931448887,0.06504333078411191,0.054628262017632594,0.0319871595210444,0.041829014455993095,0.05630000737582286,0.01285289847204045,0.012254041612430749,0.011153200836108323,0.011273972338843748,0.006895979000685252,0.005760851381947878,0.010031823940342735,0.8715537283553917,0.9093584111169805,0.9094772800509048,0.7139550247310241,0.3949316953909874,0.8695304551243119,0.7781344324616001,8.102757215499878
