expl_var_class_0,expl_var_class_1,expl_var_class_2,expl_var_class_3,expl_var_class_4,expl_var_class_5,expl_var_mean,mae_class_0,mae_class_1,mae_class_2,mae_class_3,mae_class_4,mae_class_5,mae_mean,mse_class_0,mse_class_1,mse_class_2,mse_class_3,mse_class_4,mse_class_5,mse_mean,r2_class_0,r2_class_1,r2_class_2,r2_class_3,r2_class_4,r2_class_5,r2_mean,time
0.8576726604022604,0.8785525197100625,0.8822256910305493,0.9019557659091177,0.7849833680891597,0.8691183484674886,0.8624180589347731,0.06707356424514883,0.09239048465605405,0.07894207749205345,0.03080947137266318,0.021997436643217655,0.040322086065276805,0.05525585341240233,0.014391897385378405,0.01645486230127286,0.014527091453629366,0.003916685135380894,0.0025451006284283708,0.005807374031547326,0.00960716848927287,0.856173643239697,0.8782854742123881,0.8820937728410314,0.9006252570953801,0.7766872952847651,0.8684768280617094,0.8603903784558286,9.117799997329712
