expl_var_class_0,expl_var_class_1,expl_var_class_2,expl_var_class_3,expl_var_class_4,expl_var_class_5,expl_var_mean,mae_class_0,mae_class_1,mae_class_2,mae_class_3,mae_class_4,mae_class_5,mae_mean,mse_class_0,mse_class_1,mse_class_2,mse_class_3,mse_class_4,mse_class_5,mse_mean,r2_class_0,r2_class_1,r2_class_2,r2_class_3,r2_class_4,r2_class_5,r2_mean,time
0.821821627169217,0.8680525240358344,0.8933522614014446,0.6796845232197131,0.403032873769117,0.8295292928423124,0.7492455170729397,0.08096425094553533,0.09456594432039178,0.06898255393190285,0.05978160107504011,0.03418418136815422,0.0540316638811084,0.06541836592035545,0.01788779643411908,0.018644072052922796,0.013387180774160444,0.013054749403129264,0.007007872926655282,0.007806956888678241,0.012964771413277518,0.8212371501339994,0.8620921678271335,0.8913456294802914,0.6687728727793056,0.38511387719925505,0.8231910451080642,0.7419587904213416,5.828249216079712
