expl_var_class_0,expl_var_class_1,expl_var_class_2,expl_var_class_3,expl_var_class_4,expl_var_class_5,expl_var_mean,mae_class_0,mae_class_1,mae_class_2,mae_class_3,mae_class_4,mae_class_5,mae_mean,mse_class_0,mse_class_1,mse_class_2,mse_class_3,mse_class_4,mse_class_5,mse_mean,r2_class_0,r2_class_1,r2_class_2,r2_class_3,r2_class_4,r2_class_5,r2_mean,time
0.8619846841077328,0.909203935242203,0.9053705886703686,0.7330313920695506,0.4213299950905812,0.8231679317810696,0.7756814211602509,0.06600735900462865,0.07860960583168335,0.06724389134471885,0.05163981470484447,0.03131118622509872,0.04910787294454952,0.05731995500925393,0.014022185892143196,0.01255282484327555,0.011740060684275376,0.010705585599906186,0.006741203265347817,0.008020666619472294,0.010630421150736735,0.8598683789441396,0.9071483495200048,0.9047141496755415,0.728376221253073,0.40851205747821673,0.8183510293771293,0.7711616977080175,8.201459407806396
