expl_var_class_0,expl_var_class_1,expl_var_class_2,expl_var_class_3,expl_var_class_4,expl_var_class_5,expl_var_mean,mae_class_0,mae_class_1,mae_class_2,mae_class_3,mae_class_4,mae_class_5,mae_mean,mse_class_0,mse_class_1,mse_class_2,mse_class_3,mse_class_4,mse_class_5,mse_mean,r2_class_0,r2_class_1,r2_class_2,r2_class_3,r2_class_4,r2_class_5,r2_mean,time
0.9349616663942818,0.9711191818204341,0.9779806423968368,0.8776804977895549,0.5208448011894347,0.9169422513889215,0.8665881734965774,0.0360816469818012,0.03372438353253732,0.025552202214198214,0.028281681185423287,0.026790553813978664,0.027916283672261035,0.029724458566699957,0.006350699986901146,0.0038051003964002387,0.0026312686735760387,0.004861288913305935,0.006307660865543936,0.0036452352576145865,0.00460020901555698,0.9349425195554752,0.9711184054487539,0.9779799980299645,0.8776389978538613,0.5208235698382151,0.9168892132147458,0.866565450656836,6.930592060089111
