expl_var_class_0,expl_var_class_1,expl_var_class_2,expl_var_class_3,expl_var_class_4,expl_var_class_5,expl_var_mean,mae_class_0,mae_class_1,mae_class_2,mae_class_3,mae_class_4,mae_class_5,mae_mean,mse_class_0,mse_class_1,mse_class_2,mse_class_3,mse_class_4,mse_class_5,mse_mean,r2_class_0,r2_class_1,r2_class_2,r2_class_3,r2_class_4,r2_class_5,r2_mean,time
0.8588498329241534,0.8990092676655196,0.9677926667356821,0.8544092402807654,0.46821410329807545,0.8368425277132273,0.8141862731029038,0.05689310835683303,0.06693890773301071,0.030975905980435505,0.032153332718724496,0.028768739954285243,0.0467359084942961,0.043744317206264184,0.013776052962982635,0.01330235184150181,0.003851703331142148,0.005851938111612381,0.007031442897051645,0.007139029656423991,0.008492086466785767,0.858835021093256,0.8990084910520537,0.9677678883836539,0.8543846196737832,0.4682115590370979,0.8367991961814331,0.8141677959035462,0.7073304653167725
