expl_var_class_0,expl_var_class_1,expl_var_class_2,expl_var_class_3,expl_var_class_4,expl_var_class_5,expl_var_mean,mae_class_0,mae_class_1,mae_class_2,mae_class_3,mae_class_4,mae_class_5,mae_mean,mse_class_0,mse_class_1,mse_class_2,mse_class_3,mse_class_4,mse_class_5,mse_mean,r2_class_0,r2_class_1,r2_class_2,r2_class_3,r2_class_4,r2_class_5,r2_mean,time
0.9365968564080851,0.9696531147549659,0.9790940911146914,0.9192186364657011,0.5655786590862292,0.9196541768142654,0.881632589107323,0.03550049008478116,0.0340668377004013,0.024604868300890512,0.02251153637334271,0.025406778285628054,0.027275698585675842,0.028227701555119934,0.006189852451151036,0.003999661829306098,0.0024981831066595117,0.003212756644691626,0.005718536436259679,0.0035262537916685216,0.004190874043289412,0.9365902647541458,0.9696416390470547,0.9790937362335598,0.919133355431699,0.5655778055149592,0.9196019718019958,0.881606462130569,8.451263189315796
