expl_var_class_0,expl_var_class_1,expl_var_class_2,expl_var_class_3,expl_var_class_4,expl_var_class_5,expl_var_mean,mae_class_0,mae_class_1,mae_class_2,mae_class_3,mae_class_4,mae_class_5,mae_mean,mse_class_0,mse_class_1,mse_class_2,mse_class_3,mse_class_4,mse_class_5,mse_mean,r2_class_0,r2_class_1,r2_class_2,r2_class_3,r2_class_4,r2_class_5,r2_mean,time
0.9486867042704213,0.9690585489258354,0.9777157038226735,0.956545934727178,0.7983496621346905,0.9319859030455411,0.9303904094877232,0.03234985437330555,0.035332447196869884,0.02607459791437501,0.017099937812406273,0.018653594698203733,0.0256253047925775,0.02585595613128966,0.005013295272552293,0.004078572173592828,0.0026609230216836253,0.0017273046263521705,0.0026680727961416275,0.003003001805676398,0.0031918616159998243,0.9486816334764594,0.9690570881809141,0.977715312336242,0.9564564316366567,0.7983202091841919,0.9318374626800173,0.9303446895824137,9.178586483001709
