expl_var_class_0,expl_var_class_1,expl_var_class_2,expl_var_class_3,expl_var_class_4,expl_var_class_5,expl_var_mean,mae_class_0,mae_class_1,mae_class_2,mae_class_3,mae_class_4,mae_class_5,mae_mean,mse_class_0,mse_class_1,mse_class_2,mse_class_3,mse_class_4,mse_class_5,mse_mean,r2_class_0,r2_class_1,r2_class_2,r2_class_3,r2_class_4,r2_class_5,r2_mean,time
0.9050249137338773,0.9552489774939318,0.9786993326013067,0.8701870557133071,0.4803963770838622,0.9000962310882927,0.848275481285763,0.044699467510107345,0.04265928321037542,0.025742893026081383,0.030041266265712463,0.028067129962036863,0.03251784362587405,0.03395464726669792,0.00926883472487322,0.005896351814335446,0.0025462138032836374,0.0052213695354631755,0.006870341896583329,0.004371476029816016,0.0056957646340591375,0.9050210635845627,0.9552348731928842,0.9786925833973347,0.8700752304229848,0.4803956372029794,0.9000664745386512,0.8482476437232327,4.885328769683838
