expl_var_class_0,expl_var_class_1,expl_var_class_2,expl_var_class_3,expl_var_class_4,expl_var_class_5,expl_var_mean,mae_class_0,mae_class_1,mae_class_2,mae_class_3,mae_class_4,mae_class_5,mae_mean,mse_class_0,mse_class_1,mse_class_2,mse_class_3,mse_class_4,mse_class_5,mse_mean,r2_class_0,r2_class_1,r2_class_2,r2_class_3,r2_class_4,r2_class_5,r2_mean,time
0.8591320787869938,0.8975402563311046,0.9672291665538477,0.8458880585771529,0.48108384283930183,0.8363401088020657,0.8145355853150779,0.055843113963934425,0.06613196808603955,0.03099939369279162,0.03260213378031891,0.028611459628095776,0.046484904000456594,0.04344549552527282,0.01373817403292972,0.013487774746583855,0.00391211808940574,0.006153734142400829,0.006801092081383923,0.007193152060718763,0.00854767419223714,0.8591286426868847,0.8975365646464422,0.967226215643484,0.8456819055963202,0.4809762354142536,0.8363392896026933,0.8144814755983464,0.6182453632354736
