expl_var_class_0,expl_var_class_1,expl_var_class_2,expl_var_class_3,expl_var_class_4,expl_var_class_5,expl_var_mean,mae_class_0,mae_class_1,mae_class_2,mae_class_3,mae_class_4,mae_class_5,mae_mean,mse_class_0,mse_class_1,mse_class_2,mse_class_3,mse_class_4,mse_class_5,mse_mean,r2_class_0,r2_class_1,r2_class_2,r2_class_3,r2_class_4,r2_class_5,r2_mean,time
0.9043331324314244,0.9537145029438445,0.9803291881943117,0.8742861754399398,0.49723861574178574,0.8994309616442444,0.8515554293992583,0.04478333506006282,0.04311714435675683,0.02492685989742839,0.029398390957847798,0.028105156071411414,0.033151447797690595,0.033913722356866315,0.009330530176804071,0.006094147345286504,0.0023481989168764213,0.0050202531275833195,0.006593832474199971,0.004420323509960148,0.0056345475917850725,0.9043246615374934,0.9537042036747408,0.9803279545327829,0.8741063753900615,0.49679320425983464,0.8994274999722853,0.8514473165611998,4.6367151737213135
