expl_var_class_0,expl_var_class_1,expl_var_class_2,expl_var_class_3,expl_var_class_4,expl_var_class_5,expl_var_mean,mae_class_0,mae_class_1,mae_class_2,mae_class_3,mae_class_4,mae_class_5,mae_mean,mse_class_0,mse_class_1,mse_class_2,mse_class_3,mse_class_4,mse_class_5,mse_mean,r2_class_0,r2_class_1,r2_class_2,r2_class_3,r2_class_4,r2_class_5,r2_mean,time
0.9466182111125472,0.9693030549447417,0.9788862917373572,0.9572446568729166,0.7944476284603321,0.9267254189239696,0.9288708770086441,0.03217367102596183,0.035044922596193843,0.02511347509244103,0.017271883528960946,0.018595791292064408,0.02624279205672508,0.025740422598724524,0.005210271596712528,0.004045065191946674,0.0025240677315177813,0.0017212698991096005,0.002718678260264156,0.003207306741873976,0.0032377765702374527,0.9466096797083533,0.9692898487128433,0.9788779078098483,0.9571691692183919,0.7943862028500818,0.9266798061420667,0.9288354357402643,8.089649438858032
