expl_var_class_0,expl_var_class_1,expl_var_class_2,expl_var_class_3,expl_var_class_4,expl_var_class_5,expl_var_mean,mae_class_0,mae_class_1,mae_class_2,mae_class_3,mae_class_4,mae_class_5,mae_mean,mse_class_0,mse_class_1,mse_class_2,mse_class_3,mse_class_4,mse_class_5,mse_mean,r2_class_0,r2_class_1,r2_class_2,r2_class_3,r2_class_4,r2_class_5,r2_mean,time
0.956467310840599,0.9679275869648174,0.9775476760589166,0.9705150195452864,0.851387854715767,0.9396574932600191,0.9439171568975676,0.029569723235673806,0.03565132029741957,0.026239852673272994,0.014617597570343385,0.01628895346252181,0.024294578875902424,0.024443671019188998,0.0042487299381965184,0.004226923278715461,0.0026831161462217484,0.0011861826104061382,0.0019683393285588146,0.0026406491460447402,0.0028256567413572366,0.9564627202205451,0.9679091813830357,0.9775469469817668,0.9704838929161124,0.851134380504012,0.9396338040353255,0.9438618210067996,10.803949117660522
