expl_var_class_0,expl_var_class_1,expl_var_class_2,expl_var_class_3,expl_var_class_4,expl_var_class_5,expl_var_mean,mae_class_0,mae_class_1,mae_class_2,mae_class_3,mae_class_4,mae_class_5,mae_mean,mse_class_0,mse_class_1,mse_class_2,mse_class_3,mse_class_4,mse_class_5,mse_mean,r2_class_0,r2_class_1,r2_class_2,r2_class_3,r2_class_4,r2_class_5,r2_mean,time
0.9053374200884728,0.9526977647058673,0.9770256774811953,0.8621453714343523,0.48880611784745764,0.8954501522357496,0.8469104172988491,0.04434044054255417,0.04475992369964424,0.02648765471581335,0.031145572311812583,0.028122339940329057,0.034074101547752506,0.034821672126317656,0.009237983533236037,0.0062310809838089475,0.0027456575343915665,0.005540789884930916,0.0067598553466844975,0.004576016593095369,0.005848563979357888,0.905337199696148,0.9526936079852873,0.9770235834641687,0.8621270062988472,0.4887517414874508,0.8953906031741646,0.8468872903510113,3.2249066829681396
