expl_var_class_0,expl_var_class_1,expl_var_class_2,expl_var_class_3,expl_var_class_4,expl_var_class_5,expl_var_mean,mae_class_0,mae_class_1,mae_class_2,mae_class_3,mae_class_4,mae_class_5,mae_mean,mse_class_0,mse_class_1,mse_class_2,mse_class_3,mse_class_4,mse_class_5,mse_mean,r2_class_0,r2_class_1,r2_class_2,r2_class_3,r2_class_4,r2_class_5,r2_mean,time
0.9002508652657566,0.9511100971874061,0.9756396299752551,0.859254409160685,0.505653652263951,0.888552861310874,0.8467435858606546,0.045165912025185835,0.044823686103915,0.026802614050815486,0.031114147591709464,0.02796130244503415,0.03500803362938195,0.03514594930767365,0.009738003988921834,0.006441612896656699,0.002911090003789288,0.005597097634385005,0.006508216846378915,0.004894675107969341,0.006015116079683514,0.9002424921056427,0.9511066640677023,0.9756382887608082,0.8591183351027402,0.5055878586938409,0.8884021824293069,0.8466826368600069,3.498661994934082
