expl_var_class_0,expl_var_class_1,expl_var_class_2,expl_var_class_3,expl_var_class_4,expl_var_class_5,expl_var_mean,mae_class_0,mae_class_1,mae_class_2,mae_class_3,mae_class_4,mae_class_5,mae_mean,mse_class_0,mse_class_1,mse_class_2,mse_class_3,mse_class_4,mse_class_5,mse_mean,r2_class_0,r2_class_1,r2_class_2,r2_class_3,r2_class_4,r2_class_5,r2_mean,time
0.9551232923381565,0.9665500513261025,0.9761371465297609,0.9660175598187994,0.8254895095013779,0.9377406004577509,0.9378430266619914,0.029872296421972505,0.036453378787519926,0.026767617532423717,0.014951884360770419,0.017582021896471095,0.024715801076983,0.025057166679356774,0.004380873452296593,0.004407440395758963,0.0028514792551129304,0.0013528931716380531,0.002297176975134897,0.002731037260936249,0.0030034834184796146,0.9551217047663128,0.9665465051488475,0.976137146523404,0.9659470220284185,0.8254894982690125,0.937732782809527,0.9378291099242538,9.93218183517456
