expl_var_class_0,expl_var_class_1,expl_var_class_2,expl_var_class_3,expl_var_class_4,expl_var_class_5,expl_var_mean,mae_class_0,mae_class_1,mae_class_2,mae_class_3,mae_class_4,mae_class_5,mae_mean,mse_class_0,mse_class_1,mse_class_2,mse_class_3,mse_class_4,mse_class_5,mse_mean,r2_class_0,r2_class_1,r2_class_2,r2_class_3,r2_class_4,r2_class_5,r2_mean,time
0.9022589354177109,0.9534104343641918,0.9792881975783856,0.8765605142217866,0.48623990791756333,0.8976185088475497,0.8492294163911979,0.04533988695935813,0.043714538673257405,0.025548500360782836,0.029307151585666325,0.027970078912305536,0.03313829754021606,0.034169742338597715,0.00954120780480832,0.006138125482569939,0.002475631183548528,0.004964075045512786,0.006793107371033262,0.00447856825869116,0.005731785857694,0.9022300217537045,0.9533993265264141,0.9792832381497613,0.876477559753095,0.4862368889250124,0.8976183073960173,0.8492075570840009,5.195162296295166
