expl_var_class_0,expl_var_class_1,expl_var_class_2,expl_var_class_3,expl_var_class_4,expl_var_class_5,expl_var_mean,mae_class_0,mae_class_1,mae_class_2,mae_class_3,mae_class_4,mae_class_5,mae_mean,mse_class_0,mse_class_1,mse_class_2,mse_class_3,mse_class_4,mse_class_5,mse_mean,r2_class_0,r2_class_1,r2_class_2,r2_class_3,r2_class_4,r2_class_5,r2_mean,time
0.9564174615845878,0.9681903987990679,0.9769515105588734,0.9591886931882575,0.8297533296695879,0.938672586106014,0.9381956633177314,0.029843929782978566,0.03546709277564763,0.02605424235182688,0.01614667942364543,0.01743544167311079,0.024505406106115325,0.0249087986855541,0.004268219424239645,0.00418826957150863,0.0027431200933223186,0.0016265151625803743,0.002249984380278628,0.0026944205022796813,0.0029617548557015465,0.9563894256922443,0.9681845784758256,0.9769501963907614,0.959106583431142,0.8295533746993864,0.938666791194046,0.9381418249805674,10.739546060562134
