expl_var_class_0,expl_var_class_1,expl_var_class_2,expl_var_class_3,expl_var_class_4,expl_var_class_5,expl_var_mean,mae_class_0,mae_class_1,mae_class_2,mae_class_3,mae_class_4,mae_class_5,mae_mean,mse_class_0,mse_class_1,mse_class_2,mse_class_3,mse_class_4,mse_class_5,mse_mean,r2_class_0,r2_class_1,r2_class_2,r2_class_3,r2_class_4,r2_class_5,r2_mean,time
0.9293753589090016,0.9698108560263373,0.9787726072801863,0.8759231568102551,0.5292671361419777,0.9157709250626004,0.8664866733717265,0.038123152958876,0.03500237706481025,0.024765061435942082,0.028674910661416458,0.026887642660924412,0.02884757827380629,0.03038345384262925,0.006902408891544108,0.003979689200142088,0.0025347242558475835,0.0049236825806953,0.006227444566321766,0.0037175116471789365,0.00471424352362163,0.9293438087856192,0.9698072838370572,0.978772201264366,0.8758790396430071,0.5292670727466364,0.9156194225693348,0.8664481381410035,5.2932164669036865
