expl_var_class_0,expl_var_class_1,expl_var_class_2,expl_var_class_3,expl_var_class_4,expl_var_class_5,expl_var_mean,mae_class_0,mae_class_1,mae_class_2,mae_class_3,mae_class_4,mae_class_5,mae_mean,mse_class_0,mse_class_1,mse_class_2,mse_class_3,mse_class_4,mse_class_5,mse_mean,r2_class_0,r2_class_1,r2_class_2,r2_class_3,r2_class_4,r2_class_5,r2_mean,time
0.9035004331432778,0.95569423198899,0.9784864644913015,0.873730917315472,0.5038800234500244,0.8973518169994205,0.8521073145647478,0.04462471468762032,0.042246283576758026,0.025453885606599422,0.02921197004125652,0.02803904660890836,0.032881982950906385,0.033742980578674836,0.009432847049097139,0.005840937482455378,0.0025696916471343806,0.005009248313100828,0.006563308720595272,0.004530186299693591,0.005657703252012765,0.9034410949467935,0.9556865477015208,0.9784793564932499,0.8737220157679376,0.5038790801572418,0.8971732244264212,0.8520635532488607,5.418871641159058
