expl_var_class_0,expl_var_class_1,expl_var_class_2,expl_var_class_3,expl_var_class_4,expl_var_class_5,expl_var_mean,mae_class_0,mae_class_1,mae_class_2,mae_class_3,mae_class_4,mae_class_5,mae_mean,mse_class_0,mse_class_1,mse_class_2,mse_class_3,mse_class_4,mse_class_5,mse_mean,r2_class_0,r2_class_1,r2_class_2,r2_class_3,r2_class_4,r2_class_5,r2_mean,time
0.9336183048713592,0.9691589026151832,0.9788548022166498,0.88614190890502,0.5398521017123394,0.9135556134901264,0.8701969389684464,0.03669271649394903,0.03484409198982446,0.025533999828307015,0.02779072966571187,0.026526014530334183,0.028349283707297897,0.02995613936923741,0.006475660367183259,0.004059873933516148,0.0025251515273459293,0.004545376487833664,0.0060351154947588075,0.003799689857229474,0.004573477944644547,0.9335985216639948,0.9691580977480524,0.9788455333572679,0.8860149265928275,0.5394315609439455,0.9135483392990474,0.8700994966008558,6.251847982406616
