expl_var_class_0,expl_var_class_1,expl_var_class_2,expl_var_class_3,expl_var_class_4,expl_var_class_5,expl_var_mean,mae_class_0,mae_class_1,mae_class_2,mae_class_3,mae_class_4,mae_class_5,mae_mean,mse_class_0,mse_class_1,mse_class_2,mse_class_3,mse_class_4,mse_class_5,mse_mean,r2_class_0,r2_class_1,r2_class_2,r2_class_3,r2_class_4,r2_class_5,r2_mean,time
0.9576394547771502,0.9639723654453727,0.9751579262715868,0.9691761342750689,0.8429850434781957,0.9362212784760393,0.9408587004539023,0.028894275681788564,0.0376004471115053,0.027529765535388214,0.01475518118254949,0.0171951233705828,0.0251153088678211,0.025181683624939246,0.00413185151331353,0.004742617196476559,0.00296667330594483,0.0012305017613283586,0.0020577776351315227,0.0028035878390965476,0.0029888348752152246,0.9576319582572211,0.963971458624713,0.9751466829570992,0.9691425267042036,0.8429611771042236,0.9362119452592328,0.9408442914844488,10.230637550354004
