expl_var_class_0,expl_var_class_1,expl_var_class_2,expl_var_class_3,expl_var_class_4,expl_var_class_5,expl_var_mean,mae_class_0,mae_class_1,mae_class_2,mae_class_3,mae_class_4,mae_class_5,mae_mean,mse_class_0,mse_class_1,mse_class_2,mse_class_3,mse_class_4,mse_class_5,mse_mean,r2_class_0,r2_class_1,r2_class_2,r2_class_3,r2_class_4,r2_class_5,r2_mean,time
0.8612311074156429,0.8945266328812187,0.9679649510778038,0.8515502464376362,0.47906782312763985,0.8358983034108564,0.8150398440584663,0.05622602984739459,0.06780731282401439,0.031126075637769618,0.03255208398766806,0.028464876689898964,0.04671636323743033,0.043815457037362664,0.013587265157903667,0.013891921505997886,0.003813121620018624,0.005904710546541676,0.006876582640180712,0.007211717319736265,0.008547553131729805,0.8611719834639249,0.894472566546173,0.9679592210732847,0.8515453199248451,0.4790673593589835,0.8358393710830713,0.8150093035750471,0.6497957706451416
