expl_var_class_0,expl_var_class_1,expl_var_class_2,expl_var_class_3,expl_var_class_4,expl_var_class_5,expl_var_mean,mae_class_0,mae_class_1,mae_class_2,mae_class_3,mae_class_4,mae_class_5,mae_mean,mse_class_0,mse_class_1,mse_class_2,mse_class_3,mse_class_4,mse_class_5,mse_mean,r2_class_0,r2_class_1,r2_class_2,r2_class_3,r2_class_4,r2_class_5,r2_mean,time
0.9577017907501245,0.9675888317267594,0.9762443369671444,0.968008055144922,0.8534476412075406,0.9384314364983213,0.9435703487158021,0.029426777547192855,0.035675602882799244,0.026428702123758682,0.014559990007019137,0.016437916897215167,0.024419233831198397,0.024491370548197246,0.004143393801840786,0.004267202634769916,0.0028272439711033806,0.001274331417554052,0.0019367152713065825,0.0027050795522795086,0.0028589944414757046,0.9576648327273704,0.9675849779398583,0.9762433229051924,0.9679610945512805,0.8532849449730444,0.9384241587843092,0.9435272219801757,10.07727861404419
