expl_var_class_0,expl_var_class_1,expl_var_class_2,expl_var_class_3,expl_var_class_4,expl_var_class_5,expl_var_mean,mae_class_0,mae_class_1,mae_class_2,mae_class_3,mae_class_4,mae_class_5,mae_mean,mse_class_0,mse_class_1,mse_class_2,mse_class_3,mse_class_4,mse_class_5,mse_mean,r2_class_0,r2_class_1,r2_class_2,r2_class_3,r2_class_4,r2_class_5,r2_mean,time
0.9350611119502469,0.9688623113896825,0.9777614250493156,0.8857272291373094,0.5442850853064679,0.9167037063680976,0.8714001448668532,0.03601444371599459,0.03496588098398811,0.026186189545837995,0.02779299154784084,0.0259109355593625,0.027955203854788873,0.02980427420130215,0.006334070094673474,0.004099124155953188,0.002655381062201642,0.004569927508323424,0.0059748980772016584,0.0036627821403719067,0.004549363839787548,0.935050389563104,0.96885992308953,0.9777545349276017,0.8853992570481294,0.5440270391965769,0.9166633039224344,0.8712924079578962,6.778848648071289
