expl_var_class_0,expl_var_class_1,expl_var_class_2,expl_var_class_3,expl_var_class_4,expl_var_class_5,expl_var_mean,mae_class_0,mae_class_1,mae_class_2,mae_class_3,mae_class_4,mae_class_5,mae_mean,mse_class_0,mse_class_1,mse_class_2,mse_class_3,mse_class_4,mse_class_5,mse_mean,r2_class_0,r2_class_1,r2_class_2,r2_class_3,r2_class_4,r2_class_5,r2_mean,time
0.9019930138295164,0.950379990675424,0.9782757280629949,0.8653700477261372,0.47888571081104514,0.8932627405413391,0.8446945386077428,0.045159145903868506,0.04505910331480991,0.02598864793169512,0.03063460898631761,0.02884101898404593,0.03467928785105901,0.03506030216196601,0.009559787933116567,0.0065328259715667905,0.0025933476834580525,0.005375874925896743,0.0068321396607731975,0.004691731298503213,0.005930951245552427,0.9019738504887405,0.9503716658833427,0.9782742197968683,0.8651883953515662,0.478606846595066,0.8932523501762887,0.8446112213819786,3.981041193008423
