expl_var_class_0,expl_var_class_1,expl_var_class_2,expl_var_class_3,expl_var_class_4,expl_var_class_5,expl_var_mean,mae_class_0,mae_class_1,mae_class_2,mae_class_3,mae_class_4,mae_class_5,mae_mean,mse_class_0,mse_class_1,mse_class_2,mse_class_3,mse_class_4,mse_class_5,mse_mean,r2_class_0,r2_class_1,r2_class_2,r2_class_3,r2_class_4,r2_class_5,r2_mean,time
0.9546551337470053,0.9676629730982871,0.9770468628324916,0.9671914761835725,0.8409856032330729,0.9343805661406293,0.9403204358725099,0.030324980998302983,0.03569664949133826,0.026201121480742048,0.015292517586400546,0.016728608976947328,0.02515531689769211,0.024899865905237212,0.004425559831637037,0.00425993147316646,0.0027430508098963227,0.0013200728574678724,0.002103437978536264,0.002871911413964798,0.0029539940607781257,0.9546507216571911,0.9676585830373468,0.9770453972508653,0.9671522651927813,0.8409168616391678,0.9343470648237162,0.9402951489335113,8.854576587677002
