expl_var_class_0,expl_var_class_1,expl_var_class_2,expl_var_class_3,expl_var_class_4,expl_var_class_5,expl_var_mean,mae_class_0,mae_class_1,mae_class_2,mae_class_3,mae_class_4,mae_class_5,mae_mean,mse_class_0,mse_class_1,mse_class_2,mse_class_3,mse_class_4,mse_class_5,mse_mean,r2_class_0,r2_class_1,r2_class_2,r2_class_3,r2_class_4,r2_class_5,r2_mean,time
0.9528341115315546,0.9689239621924194,0.9764030678861277,0.9535292903359659,0.8154331431295627,0.9335122534039988,0.9334393047466049,0.03098835414360354,0.03510381597510899,0.026107081333944744,0.017113180308783584,0.018001346917786487,0.025473002110546563,0.025464463464962322,0.0046185429311985295,0.004091676682795428,0.0028082863412540074,0.0018510994175368358,0.002438016947636983,0.002921459257498722,0.0031215135963200843,0.9528099917846949,0.968918328636406,0.9764026194835626,0.9534601451414606,0.8153090462348158,0.9334986983261689,0.9333998049345181,9.29046893119812
