expl_var_class_0,expl_var_class_1,expl_var_class_2,expl_var_class_3,expl_var_class_4,expl_var_class_5,expl_var_mean,mae_class_0,mae_class_1,mae_class_2,mae_class_3,mae_class_4,mae_class_5,mae_mean,mse_class_0,mse_class_1,mse_class_2,mse_class_3,mse_class_4,mse_class_5,mse_mean,r2_class_0,r2_class_1,r2_class_2,r2_class_3,r2_class_4,r2_class_5,r2_mean,time
0.8726521756196685,0.8766139165224685,0.8923145019833605,0.9060884538833285,0.7504430114824967,0.87811370754772,0.8627042945065071,0.06210031761845032,0.09414210862303382,0.07344230038031163,0.03030191665424118,0.0223350857384474,0.03993118395573179,0.053708818828369365,0.012886174336602217,0.016696428875909722,0.013331090140129804,0.003779415691186291,0.0029505417854946013,0.005404161671663894,0.009174635416831087,0.8712211838520636,0.8764986369517817,0.8918008778731729,0.90410807873,0.7411129999598514,0.8776086264009431,0.860391733961302,7.885348320007324
