expl_var_class_0,expl_var_class_1,expl_var_class_2,expl_var_class_3,expl_var_class_4,expl_var_class_5,expl_var_mean,mae_class_0,mae_class_1,mae_class_2,mae_class_3,mae_class_4,mae_class_5,mae_mean,mse_class_0,mse_class_1,mse_class_2,mse_class_3,mse_class_4,mse_class_5,mse_mean,r2_class_0,r2_class_1,r2_class_2,r2_class_3,r2_class_4,r2_class_5,r2_mean,time
0.8726333697264155,0.8663026758154629,0.8706768021033969,0.8986261257207436,0.7572072750776397,0.8898243752527316,0.8592117706160652,0.061274393446530545,0.09814848907524161,0.08364459768646569,0.029989892979349057,0.02358105748076367,0.03762073473763162,0.055709860900997034,0.012915204628197494,0.01808943233758295,0.015947512837764723,0.004062204404666145,0.002892114855642005,0.0048662909720580344,0.009795460005985225,0.8709310677565946,0.8661947673323475,0.870565207270015,0.8969331196186504,0.7462395067815669,0.8897901149912313,0.8567756306250676,8.583510398864746
