expl_var_class_0,expl_var_class_1,expl_var_class_2,expl_var_class_3,expl_var_class_4,expl_var_class_5,expl_var_mean,mae_class_0,mae_class_1,mae_class_2,mae_class_3,mae_class_4,mae_class_5,mae_mean,mse_class_0,mse_class_1,mse_class_2,mse_class_3,mse_class_4,mse_class_5,mse_mean,r2_class_0,r2_class_1,r2_class_2,r2_class_3,r2_class_4,r2_class_5,r2_mean,time
0.8735612868531242,0.87744725645521,0.9023252811917319,0.8899971295861971,0.7726808757303008,0.8891713711416311,0.8675305334930327,0.06588513544419103,0.09220521738340873,0.07075673572383122,0.030944774049749203,0.0212215190248409,0.037249279225777074,0.05304377680863303,0.012665850983010481,0.016610289719855727,0.012126313664267427,0.004431961412811557,0.002687044212528996,0.004893639180789127,0.008902516528877219,0.8734229995270771,0.8771357973447949,0.9015792047524548,0.8875515874424474,0.7642328542585731,0.8891707432856025,0.865515531101825,7.459845066070557
