expl_var_class_0,expl_var_class_1,expl_var_class_2,expl_var_class_3,expl_var_class_4,expl_var_class_5,expl_var_mean,mae_class_0,mae_class_1,mae_class_2,mae_class_3,mae_class_4,mae_class_5,mae_mean,mse_class_0,mse_class_1,mse_class_2,mse_class_3,mse_class_4,mse_class_5,mse_mean,r2_class_0,r2_class_1,r2_class_2,r2_class_3,r2_class_4,r2_class_5,r2_mean,time
0.8410123855775884,0.8616645585264991,0.8865324852339592,0.8940291288591343,0.747878519169857,0.8759302192645952,0.8511745494386056,0.07301564626798995,0.09891224508927098,0.07518468221830721,0.030733677519307112,0.022894051508044563,0.04026457973626075,0.056834147056530095,0.01591930259077455,0.01875590041677015,0.014076068795037843,0.004261389076965473,0.0029905716283938795,0.005478375617039067,0.010246934687496828,0.8409094205936936,0.8612649876279876,0.8857544078833233,0.8918793752107886,0.737600693850099,0.8759278575293715,0.8488894571158774,9.84132719039917
