expl_var_class_0,expl_var_class_1,expl_var_class_2,expl_var_class_3,expl_var_class_4,expl_var_class_5,expl_var_mean,mae_class_0,mae_class_1,mae_class_2,mae_class_3,mae_class_4,mae_class_5,mae_mean,mse_class_0,mse_class_1,mse_class_2,mse_class_3,mse_class_4,mse_class_5,mse_mean,r2_class_0,r2_class_1,r2_class_2,r2_class_3,r2_class_4,r2_class_5,r2_mean,time
0.8590538692386891,0.8686633554231997,0.8812271206901747,0.8991093991415863,0.7691806125646709,0.8812397901682444,0.8597456912044276,0.06367447257284434,0.09726075892655546,0.07784485868430097,0.03164929030208611,0.02265767930768127,0.0398400657294794,0.055487854253824596,0.014339730770363844,0.0177667177018327,0.014698619544274113,0.004091092650598896,0.002745908423574607,0.005271771931293783,0.009818973503656325,0.856694973678704,0.8685818464908297,0.8807015994604026,0.8962001625610101,0.7590679794270263,0.8806069382869995,0.8569755833174955,7.224694490432739
