expl_var_class_0,expl_var_class_1,expl_var_class_2,expl_var_class_3,expl_var_class_4,expl_var_class_5,expl_var_mean,mae_class_0,mae_class_1,mae_class_2,mae_class_3,mae_class_4,mae_class_5,mae_mean,mse_class_0,mse_class_1,mse_class_2,mse_class_3,mse_class_4,mse_class_5,mse_mean,r2_class_0,r2_class_1,r2_class_2,r2_class_3,r2_class_4,r2_class_5,r2_mean,time
0.873594444092454,0.8716003144465176,0.885587414394852,0.907089862854987,0.7593152516544894,0.8875198985009422,0.8641178643240405,0.06038947175101322,0.09570431866705376,0.07897598284866096,0.029411170703337156,0.024890177612627126,0.03801943363745421,0.05456509253669107,0.012872746329817261,0.01738294437963811,0.014116005334998332,0.003720813478548708,0.00290047262496967,0.004983152845605171,0.009329355832262876,0.8713553775058063,0.8714205689951947,0.8854302709583541,0.9055949431608156,0.7455061777913102,0.8871434722566535,0.8610751351113556,11.121870279312134
