expl_var_class_0,expl_var_class_1,expl_var_class_2,expl_var_class_3,expl_var_class_4,expl_var_class_5,expl_var_mean,mae_class_0,mae_class_1,mae_class_2,mae_class_3,mae_class_4,mae_class_5,mae_mean,mse_class_0,mse_class_1,mse_class_2,mse_class_3,mse_class_4,mse_class_5,mse_mean,r2_class_0,r2_class_1,r2_class_2,r2_class_3,r2_class_4,r2_class_5,r2_mean,time
0.858048480412829,0.8662042482165537,0.8940974514315871,0.901536896183652,0.8051657944421049,0.8835763972212525,0.8681048779846631,0.07022456146052797,0.09819748540041565,0.07547916435782225,0.02856000458772586,0.020863868257537905,0.03878943084921662,0.0553524191522077,0.014226055533038904,0.01811769577387177,0.013073965518044501,0.0039274296353427425,0.0023083954325789874,0.005141701273685425,0.009465873861093722,0.8578309945104616,0.8659857062850996,0.8938877783512572,0.9003526459754047,0.7974563277209861,0.8835527284792307,0.8665110302204067,4.844057559967041
