expl_var_class_0,expl_var_class_1,expl_var_class_2,expl_var_class_3,expl_var_class_4,expl_var_class_5,expl_var_mean,mae_class_0,mae_class_1,mae_class_2,mae_class_3,mae_class_4,mae_class_5,mae_mean,mse_class_0,mse_class_1,mse_class_2,mse_class_3,mse_class_4,mse_class_5,mse_mean,r2_class_0,r2_class_1,r2_class_2,r2_class_3,r2_class_4,r2_class_5,r2_mean,time
0.865384477974013,0.8815252176638881,0.895699371576247,0.9009959923900164,0.753469562261052,0.8814592935344789,0.8630889858999492,0.061788866055180615,0.09091397272879462,0.07433681021614023,0.030471599761504316,0.02340840075152279,0.03967042775008788,0.05343167954387174,0.013701194635162823,0.016052991339451164,0.01286165562639606,0.003977486797979025,0.0029334065926634196,0.0052562492877417126,0.009130497379899034,0.8630762258184719,0.8812580626576987,0.8956109490487572,0.8990825878789344,0.7426164793170944,0.880958489143849,0.8604337989774674,8.384650230407715
