expl_var_class_0,expl_var_class_1,expl_var_class_2,expl_var_class_3,expl_var_class_4,expl_var_class_5,expl_var_mean,mae_class_0,mae_class_1,mae_class_2,mae_class_3,mae_class_4,mae_class_5,mae_mean,mse_class_0,mse_class_1,mse_class_2,mse_class_3,mse_class_4,mse_class_5,mse_mean,r2_class_0,r2_class_1,r2_class_2,r2_class_3,r2_class_4,r2_class_5,r2_mean,time
0.8577173149375764,0.8841916838173529,0.8784566403195515,0.8841061298273274,0.7345331496149132,0.884216565125236,0.8538702472736596,0.06599178022810048,0.09110954935354768,0.0776450832928498,0.03280079105730867,0.023510156805109518,0.038187203029651985,0.054874093961094696,0.014361957785360037,0.015700199290739444,0.0150363281894578,0.004696999459461883,0.0031416598504427086,0.005124297367824055,0.009676906990547655,0.8564728465676666,0.8838676206184034,0.877960654904524,0.8808270010038041,0.7243438822570836,0.8839468854408055,0.8512364817987145,11.27687382698059
