expl_var_class_0,expl_var_class_1,expl_var_class_2,expl_var_class_3,expl_var_class_4,expl_var_class_5,expl_var_mean,mae_class_0,mae_class_1,mae_class_2,mae_class_3,mae_class_4,mae_class_5,mae_mean,mse_class_0,mse_class_1,mse_class_2,mse_class_3,mse_class_4,mse_class_5,mse_mean,r2_class_0,r2_class_1,r2_class_2,r2_class_3,r2_class_4,r2_class_5,r2_mean,time
0.8595004108555995,0.8698743445195012,0.8884515085373085,0.9015206464913884,0.7740373814088531,0.8785136438164828,0.8619829892715223,0.06714433000316777,0.09550147466722474,0.07523732227655018,0.028617245404478908,0.021182659077384088,0.03958671294192836,0.054544957395122336,0.014130325807029874,0.017593894345462414,0.013821781066028936,0.003929464941108486,0.0026592816359291478,0.0053707723483552685,0.00958425335731902,0.8587876757149516,0.8698601989000143,0.8878182832871484,0.900301005881751,0.7666688035491929,0.8783648149444341,0.860300130379582,7.216977834701538
