expl_var_class_0,expl_var_class_1,expl_var_class_2,expl_var_class_3,expl_var_class_4,expl_var_class_5,expl_var_mean,mae_class_0,mae_class_1,mae_class_2,mae_class_3,mae_class_4,mae_class_5,mae_mean,mse_class_0,mse_class_1,mse_class_2,mse_class_3,mse_class_4,mse_class_5,mse_mean,r2_class_0,r2_class_1,r2_class_2,r2_class_3,r2_class_4,r2_class_5,r2_mean,time
0.8394142514136724,0.8574119481600029,0.8863945743666383,0.9165832822946615,0.7651216197121411,0.8781692437428535,0.8571824866149949,0.06952152630837703,0.10259416687578267,0.07716140418827896,0.026180477647197248,0.023028512378898434,0.0399302319641392,0.05640271989377892,0.016193571728169,0.019282937380115685,0.014096679879028146,0.0033105767406836203,0.002785732986696257,0.005391312826101237,0.010176801923465659,0.8381684942413898,0.8573665621722375,0.8855871221497192,0.9160035333196486,0.7555736850146714,0.8778996221100133,0.85509983650128,5.098911285400391
