expl_var_class_0,expl_var_class_1,expl_var_class_2,expl_var_class_3,expl_var_class_4,expl_var_class_5,expl_var_mean,mae_class_0,mae_class_1,mae_class_2,mae_class_3,mae_class_4,mae_class_5,mae_mean,mse_class_0,mse_class_1,mse_class_2,mse_class_3,mse_class_4,mse_class_5,mse_mean,r2_class_0,r2_class_1,r2_class_2,r2_class_3,r2_class_4,r2_class_5,r2_mean,time
0.8546722895835689,0.8791820085340227,0.8970706850950524,0.908827221586384,0.7573689174702111,0.8845958743253454,0.8636194994324308,0.06544015337227872,0.09289176263152023,0.07489683171122816,0.029377740985183115,0.023596775271110072,0.03823430787539292,0.054072928641118866,0.014672872668435732,0.016408712627059067,0.012687876192468917,0.003657057850874875,0.00290538123115964,0.005103192395545304,0.009239182160923922,0.8533656985872506,0.8786268374890501,0.8970213950060621,0.9072125608374516,0.7450754859308706,0.8844248627301435,0.8609544734301381,5.3472607135772705
