expl_var_class_0,expl_var_class_1,expl_var_class_2,expl_var_class_3,expl_var_class_4,expl_var_class_5,expl_var_mean,mae_class_0,mae_class_1,mae_class_2,mae_class_3,mae_class_4,mae_class_5,mae_mean,mse_class_0,mse_class_1,mse_class_2,mse_class_3,mse_class_4,mse_class_5,mse_mean,r2_class_0,r2_class_1,r2_class_2,r2_class_3,r2_class_4,r2_class_5,r2_mean,time
0.8894676850254261,0.8637761769310309,0.8777727244622615,0.8930598504046444,0.767613148588403,0.879541909372539,0.8618719157973841,0.05902708488369366,0.09598255406203825,0.0794753697886875,0.03186534930556825,0.022108518616482872,0.03967127402862894,0.05468835844751657,0.011185818641270311,0.01848143775873491,0.015084691534078078,0.004321283490373804,0.0027521791331688375,0.005333153663286885,0.009526427370152137,0.8882137983981262,0.8632951530379153,0.8775681235079147,0.8903597248615407,0.7585177736299235,0.8792167884452735,0.859528560313449,8.931132078170776
