expl_var_class_0,expl_var_class_1,expl_var_class_2,expl_var_class_3,expl_var_class_4,expl_var_class_5,expl_var_mean,mae_class_0,mae_class_1,mae_class_2,mae_class_3,mae_class_4,mae_class_5,mae_mean,mse_class_0,mse_class_1,mse_class_2,mse_class_3,mse_class_4,mse_class_5,mse_mean,r2_class_0,r2_class_1,r2_class_2,r2_class_3,r2_class_4,r2_class_5,r2_mean,time
0.8619940255138548,0.8655494932858014,0.8988522939073443,0.8996738638567424,0.7435646037831469,0.8768833413316812,0.8577529369464286,0.06847832063947121,0.09615243379167177,0.07224536424378752,0.029728351679746808,0.02291459147762567,0.040302134258984566,0.05497019934854792,0.013818191041008223,0.01826527769101721,0.012508411793243641,0.004029099285098536,0.003036036776795835,0.005436209274435204,0.009515537643599773,0.8619070146744368,0.8648940615948373,0.898477981845179,0.8977730678483766,0.7336114821283645,0.876882824627783,0.8555910721198295,8.787246942520142
