expl_var_class_0,expl_var_class_1,expl_var_class_2,expl_var_class_3,expl_var_class_4,expl_var_class_5,expl_var_mean,mae_class_0,mae_class_1,mae_class_2,mae_class_3,mae_class_4,mae_class_5,mae_mean,mse_class_0,mse_class_1,mse_class_2,mse_class_3,mse_class_4,mse_class_5,mse_mean,r2_class_0,r2_class_1,r2_class_2,r2_class_3,r2_class_4,r2_class_5,r2_mean,time
0.8736051452888155,0.870822112207488,0.8827236842942493,0.9089807325617912,0.7656937890723117,0.8707725489555894,0.8620996687300408,0.06386474023041115,0.09524777784739875,0.07855511976586327,0.02798715997162631,0.022779243696154163,0.04090863560495281,0.05489044618606773,0.012726146870472403,0.017516217893141187,0.014470758806974017,0.003627138414886933,0.0027928972605121105,0.005717136619167388,0.009475049310859006,0.8728204286784211,0.8704347617487359,0.8825509854808922,0.9079716814091551,0.7549450759352234,0.8705204902469313,0.8598739039165598,10.213624477386475
