expl_var_class_0,expl_var_class_1,expl_var_class_2,expl_var_class_3,expl_var_class_4,expl_var_class_5,expl_var_mean,mae_class_0,mae_class_1,mae_class_2,mae_class_3,mae_class_4,mae_class_5,mae_mean,mse_class_0,mse_class_1,mse_class_2,mse_class_3,mse_class_4,mse_class_5,mse_mean,r2_class_0,r2_class_1,r2_class_2,r2_class_3,r2_class_4,r2_class_5,r2_mean,time
0.8520222534020434,0.8598356808106937,0.8865981408107415,0.9075452280411997,0.7722284759081592,0.8870595001557622,0.8608815465214333,0.06910638025585089,0.09985900731597717,0.07798654768463181,0.02901706752104294,0.026106160118604897,0.038700921079771286,0.05679601399597983,0.014867937380889252,0.01901685959498745,0.013988722847134785,0.003695305300443655,0.0027960463576450585,0.004988352099527352,0.009892203930104591,0.851416306775078,0.8593347057426031,0.8864633337689865,0.9062421406131347,0.7546687672540205,0.8870257215549003,0.8575251626181206,6.267111539840698
