expl_var_class_0,expl_var_class_1,expl_var_class_2,expl_var_class_3,expl_var_class_4,expl_var_class_5,expl_var_mean,mae_class_0,mae_class_1,mae_class_2,mae_class_3,mae_class_4,mae_class_5,mae_mean,mse_class_0,mse_class_1,mse_class_2,mse_class_3,mse_class_4,mse_class_5,mse_mean,r2_class_0,r2_class_1,r2_class_2,r2_class_3,r2_class_4,r2_class_5,r2_mean,time
0.8642791929575132,0.8834004103092712,0.8971300039744334,0.900991177860378,0.7411048670355143,0.8817904080825685,0.8614493433699463,0.06575854620478148,0.09043880793515142,0.07373216807045244,0.02831846781970155,0.024338806866635712,0.03902951087037285,0.05360271796118258,0.013643843919481733,0.015787340876787213,0.01270392778239352,0.003940952975002536,0.0031063790453437754,0.00521970896438211,0.009067025593898482,0.8636493639025711,0.8832230453780889,0.8968911154925095,0.900009529703493,0.72743949738647,0.8817860403237452,0.8588330986978129,7.911008596420288
