expl_var_class_0,expl_var_class_1,expl_var_class_2,expl_var_class_3,expl_var_class_4,expl_var_class_5,expl_var_mean,mae_class_0,mae_class_1,mae_class_2,mae_class_3,mae_class_4,mae_class_5,mae_mean,mse_class_0,mse_class_1,mse_class_2,mse_class_3,mse_class_4,mse_class_5,mse_mean,r2_class_0,r2_class_1,r2_class_2,r2_class_3,r2_class_4,r2_class_5,r2_mean,time
0.8571208962396286,0.8692864389320715,0.8904818088803221,0.9078293670841353,0.7837748271997591,0.8640706619280061,0.862094000043987,0.06552603122673199,0.09754059915115487,0.07611876357318513,0.02748186823966249,0.021391379026800716,0.042188832937581945,0.05504124569251953,0.014418405031397791,0.01769409775907324,0.013510510019325935,0.0036604656613866845,0.00256349906870697,0.006023627718507904,0.009645100876399753,0.8559087373658452,0.8691190069807724,0.8903446523719526,0.907126097340445,0.7750729758290771,0.8635791977906268,0.8601917779464533,5.001710891723633
