expl_var_class_0,expl_var_class_1,expl_var_class_2,expl_var_class_3,expl_var_class_4,expl_var_class_5,expl_var_mean,mae_class_0,mae_class_1,mae_class_2,mae_class_3,mae_class_4,mae_class_5,mae_mean,mse_class_0,mse_class_1,mse_class_2,mse_class_3,mse_class_4,mse_class_5,mse_mean,r2_class_0,r2_class_1,r2_class_2,r2_class_3,r2_class_4,r2_class_5,r2_mean,time
0.8575657966476113,0.8472544167110982,0.8606281770183746,0.893211264744426,0.7898501292146064,0.8729856960282278,0.8535825800607241,0.0651475948968739,0.10232740314641209,0.0840968855641972,0.030346494610213458,0.020553688283422904,0.041020399236747065,0.05724874428964443,0.014373012514837614,0.02065785009543704,0.017212464480609174,0.00426232474361482,0.002468453169702541,0.005626518457940162,0.010766770577023558,0.8563623704140952,0.8471965075050677,0.8602984807045215,0.8918556353313984,0.7834125112257095,0.8725727754855049,0.851949713444383,7.644399881362915
