expl_var_class_0,expl_var_class_1,expl_var_class_2,expl_var_class_3,expl_var_class_4,expl_var_class_5,expl_var_mean,mae_class_0,mae_class_1,mae_class_2,mae_class_3,mae_class_4,mae_class_5,mae_mean,mse_class_0,mse_class_1,mse_class_2,mse_class_3,mse_class_4,mse_class_5,mse_mean,r2_class_0,r2_class_1,r2_class_2,r2_class_3,r2_class_4,r2_class_5,r2_mean,time
0.8534529038927139,0.878034177235001,0.8931842004329352,0.9030309841953684,0.747783871393711,0.8801851603258609,0.8592785495792651,0.06525010614818827,0.09284011350344878,0.07657789989739004,0.02879046380191708,0.023482268653293233,0.0390889084841678,0.0543382934147342,0.01489719057011694,0.01654127721408592,0.013162688354218535,0.003871806116179956,0.003009989549361321,0.005317728608509666,0.009466780068745389,0.8511239631377121,0.8776462740816642,0.8931676772278138,0.9017639345332515,0.7358969229253856,0.8795661291491099,0.8565274835091561,6.5321972370147705
