expl_var_class_0,expl_var_class_1,expl_var_class_2,expl_var_class_3,expl_var_class_4,expl_var_class_5,expl_var_mean,mae_class_0,mae_class_1,mae_class_2,mae_class_3,mae_class_4,mae_class_5,mae_mean,mse_class_0,mse_class_1,mse_class_2,mse_class_3,mse_class_4,mse_class_5,mse_mean,r2_class_0,r2_class_1,r2_class_2,r2_class_3,r2_class_4,r2_class_5,r2_mean,time
0.8713464797412481,0.8664146861057507,0.8812459072731254,0.903700865432488,0.7303663222479684,0.8789332048260743,0.8553345776044425,0.06388664645266098,0.09463308156169377,0.08031268978912316,0.030971511867751468,0.025794279367060073,0.04026628358378925,0.05597741543701312,0.012974131481825357,0.01834153406517512,0.01463851367513255,0.0038724823909816308,0.0032514283523252733,0.0053498451129118585,0.0097379891797253,0.8703421784360486,0.8643300028838632,0.881189436704576,0.9017467759840636,0.7147125534309726,0.8788387669183323,0.8518599523929761,5.9528584480285645
