expl_var_class_0,expl_var_class_1,expl_var_class_2,expl_var_class_3,expl_var_class_4,expl_var_class_5,expl_var_mean,mae_class_0,mae_class_1,mae_class_2,mae_class_3,mae_class_4,mae_class_5,mae_mean,mse_class_0,mse_class_1,mse_class_2,mse_class_3,mse_class_4,mse_class_5,mse_mean,r2_class_0,r2_class_1,r2_class_2,r2_class_3,r2_class_4,r2_class_5,r2_mean,time
0.867257154701454,0.8807275434460966,0.896142622264316,0.8947136315497118,0.7830801367125244,0.8702967409187102,0.8653696382654688,0.06598063261088855,0.09085945928768789,0.07329601249170489,0.03211681125861878,0.02084161472760149,0.04066046827988768,0.05395916644273155,0.013345939837634642,0.016184185688773233,0.012861618540272813,0.004267765287653371,0.002549952722220445,0.00574354157149806,0.009158833941342094,0.8666264875999384,0.8802876347245208,0.8956112500508461,0.8917175970039852,0.776261561945919,0.869922481049221,0.863404502062405,9.55275821685791
