expl_var_class_0,expl_var_class_1,expl_var_class_2,expl_var_class_3,expl_var_class_4,expl_var_class_5,expl_var_mean,mae_class_0,mae_class_1,mae_class_2,mae_class_3,mae_class_4,mae_class_5,mae_mean,mse_class_0,mse_class_1,mse_class_2,mse_class_3,mse_class_4,mse_class_5,mse_mean,r2_class_0,r2_class_1,r2_class_2,r2_class_3,r2_class_4,r2_class_5,r2_mean,time
0.8646196429470602,0.8621897040577914,0.8818952296248926,0.9213631095247108,0.7116587045899059,0.8971186492219979,0.8564741733277265,0.06476687943872994,0.09951013374580943,0.07759141543605458,0.026369217387229093,0.026018818929258218,0.036034132694108593,0.05504843293853164,0.013648391557441516,0.018632325887186742,0.01464673940322738,0.0031243260015848765,0.0034748678180115556,0.004548012776891295,0.009679110574057228,0.8636039167886773,0.8621790527226866,0.8811226742305878,0.9207291159677246,0.6951074852206275,0.8969983570572191,0.8532901003312539,7.370648622512817
