expl_var_class_0,expl_var_class_1,expl_var_class_2,expl_var_class_3,expl_var_class_4,expl_var_class_5,expl_var_mean,mae_class_0,mae_class_1,mae_class_2,mae_class_3,mae_class_4,mae_class_5,mae_mean,mse_class_0,mse_class_1,mse_class_2,mse_class_3,mse_class_4,mse_class_5,mse_mean,r2_class_0,r2_class_1,r2_class_2,r2_class_3,r2_class_4,r2_class_5,r2_mean,time
0.8704863802950425,0.8586110367836056,0.8777114543225637,0.8983467356465694,0.778988027912748,0.8819807492931132,0.8610207307089404,0.06434363356728916,0.10116844839603367,0.07932512290697641,0.029668315466058914,0.02116034354610354,0.03755736119867999,0.05553720418019028,0.013004389899892315,0.019120944872187528,0.015092639467188045,0.004058128970474148,0.0026072756960639253,0.005216599283186482,0.009849996364832074,0.8700397889793031,0.8585648001715975,0.8775036157012626,0.8970365221672485,0.7712319186428905,0.8818564671866171,0.85937218547482,7.9762282371521
