expl_var_class_0,expl_var_class_1,expl_var_class_2,expl_var_class_3,expl_var_class_4,expl_var_class_5,expl_var_mean,mae_class_0,mae_class_1,mae_class_2,mae_class_3,mae_class_4,mae_class_5,mae_mean,mse_class_0,mse_class_1,mse_class_2,mse_class_3,mse_class_4,mse_class_5,mse_mean,r2_class_0,r2_class_1,r2_class_2,r2_class_3,r2_class_4,r2_class_5,r2_mean,time
0.8635065085651669,0.8754368122282558,0.8993957208274144,0.8933448849665947,0.7531101728337163,0.8860444994960877,0.8618064331528726,0.0650230929599482,0.09384175460117743,0.07352681343793685,0.031861850791056516,0.026339101786071774,0.03756749624523844,0.05469335163690486,0.013805604984291035,0.01689215317211136,0.012432909689400902,0.004299108179227388,0.003012205109548994,0.005034366052798386,0.009246057864563012,0.8620327942457566,0.8750508892003189,0.8990907795435399,0.8909223602963113,0.7357025248208696,0.8859836152509579,0.858130493892959,8.476344347000122
