expl_var_class_0,expl_var_class_1,expl_var_class_2,expl_var_class_3,expl_var_class_4,expl_var_class_5,expl_var_mean,mae_class_0,mae_class_1,mae_class_2,mae_class_3,mae_class_4,mae_class_5,mae_mean,mse_class_0,mse_class_1,mse_class_2,mse_class_3,mse_class_4,mse_class_5,mse_mean,r2_class_0,r2_class_1,r2_class_2,r2_class_3,r2_class_4,r2_class_5,r2_mean,time
0.8676528920665131,0.872281591368689,0.8870589053835815,0.9096016399302765,0.7657790388581988,0.8818510417396755,0.8640375182244892,0.06266006187841913,0.09454872765880538,0.07876464715616623,0.028516241671468916,0.022620851154457985,0.038947604582248586,0.05434302235026104,0.01335304216239503,0.01730006968133786,0.013919780287956337,0.0036067010277390133,0.0027807735347135975,0.0052182909151117715,0.009363109601542269,0.8665555100583773,0.8720335826089657,0.8870228922373393,0.9084902219666077,0.7560088381963501,0.8818181557578444,0.8619882001375808,6.933667421340942
