expl_var_class_0,expl_var_class_1,expl_var_class_2,expl_var_class_3,expl_var_class_4,expl_var_class_5,expl_var_mean,mae_class_0,mae_class_1,mae_class_2,mae_class_3,mae_class_4,mae_class_5,mae_mean,mse_class_0,mse_class_1,mse_class_2,mse_class_3,mse_class_4,mse_class_5,mse_mean,r2_class_0,r2_class_1,r2_class_2,r2_class_3,r2_class_4,r2_class_5,r2_mean,time
0.8527574279994395,0.8651374797959168,0.8862993211332907,0.8939789894384033,0.745826103054541,0.8889970575757306,0.8554993964995538,0.06775171743164737,0.09764276153901547,0.07710214967833132,0.03055294804412946,0.023450750654362463,0.03749170271404781,0.05566533834358898,0.014821151600367684,0.018256913036966374,0.014063937720939815,0.0042634319317106,0.003034173604301356,0.0049019360182718874,0.009890257318759619,0.8518838634967817,0.8649559338780891,0.8858528673156777,0.8918275435832589,0.7337749609647002,0.88898283970356,0.8528796681570112,6.37981104850769
