expl_var_class_0,expl_var_class_1,expl_var_class_2,expl_var_class_3,expl_var_class_4,expl_var_class_5,expl_var_mean,mae_class_0,mae_class_1,mae_class_2,mae_class_3,mae_class_4,mae_class_5,mae_mean,mse_class_0,mse_class_1,mse_class_2,mse_class_3,mse_class_4,mse_class_5,mse_mean,r2_class_0,r2_class_1,r2_class_2,r2_class_3,r2_class_4,r2_class_5,r2_mean,time
0.8745410578010762,0.8739598315274968,0.8723905782443396,0.9065789401010969,0.7848320729640246,0.8665223280637981,0.863137468116972,0.059030784368657885,0.09412703427666161,0.08100669890173562,0.029973483415211496,0.021910488678950613,0.04144415335478759,0.054582107166000794,0.01280728556959096,0.017059572077730147,0.015741474588950755,0.0037506138601593646,0.0025606587629465297,0.005930029729016226,0.009641605764732332,0.8720095638442715,0.8738125128266865,0.8722374754350252,0.9048388432552431,0.7753221904787838,0.8656989690328646,0.8606532591454791,8.91556715965271
