expl_var_class_0,expl_var_class_1,expl_var_class_2,expl_var_class_3,expl_var_class_4,expl_var_class_5,expl_var_mean,mae_class_0,mae_class_1,mae_class_2,mae_class_3,mae_class_4,mae_class_5,mae_mean,mse_class_0,mse_class_1,mse_class_2,mse_class_3,mse_class_4,mse_class_5,mse_mean,r2_class_0,r2_class_1,r2_class_2,r2_class_3,r2_class_4,r2_class_5,r2_mean,time
0.872897551747931,0.8778683744725019,0.8940331455480272,0.9025103673144366,0.7434673444470719,0.8698657475294815,0.8601070885099084,0.061004899497413966,0.09264283204397823,0.07538643971431638,0.030911594366996812,0.02592886998790985,0.04068301475476905,0.054426275060897374,0.012905729548075708,0.016596489411606265,0.01308076439247133,0.0039313650122475945,0.003119848939057373,0.005765860368065665,0.00923334294525399,0.8710257575822261,0.8772378764715327,0.8938325966491832,0.9002527969820251,0.7262576194034105,0.8694170135345628,0.8563372767704901,7.5329296588897705
