expl_var_class_0,expl_var_class_1,expl_var_class_2,expl_var_class_3,expl_var_class_4,expl_var_class_5,expl_var_mean,mae_class_0,mae_class_1,mae_class_2,mae_class_3,mae_class_4,mae_class_5,mae_mean,mse_class_0,mse_class_1,mse_class_2,mse_class_3,mse_class_4,mse_class_5,mse_mean,r2_class_0,r2_class_1,r2_class_2,r2_class_3,r2_class_4,r2_class_5,r2_mean,time
0.8597995282914811,0.8624853875618166,0.8790695022654297,0.8983218507482343,0.7710581503327678,0.8843218715566286,0.859176048459393,0.06698848503956356,0.09877052740758936,0.07836164786024878,0.029847862348552415,0.02183315427219659,0.03791006251249843,0.05561862324010819,0.014073426382716686,0.01859737978106084,0.014937980689398495,0.0040692285389140655,0.00270801635677181,0.005113534266921341,0.009916594335963874,0.8593563037895958,0.8624375446296598,0.8787588726840103,0.8967549021947607,0.7623927123788263,0.8841906440075737,0.8573151632807378,9.378032445907593
