expl_var_class_0,expl_var_class_1,expl_var_class_2,expl_var_class_3,expl_var_class_4,expl_var_class_5,expl_var_mean,mae_class_0,mae_class_1,mae_class_2,mae_class_3,mae_class_4,mae_class_5,mae_mean,mse_class_0,mse_class_1,mse_class_2,mse_class_3,mse_class_4,mse_class_5,mse_mean,r2_class_0,r2_class_1,r2_class_2,r2_class_3,r2_class_4,r2_class_5,r2_mean,time
0.8687508861993252,0.8763536280707293,0.8835707979574503,0.9011094536641564,0.7490801436569561,0.8920496316571582,0.8618190902009625,0.06534988980067324,0.09254414432540517,0.07763342668048329,0.030609004437027746,0.023842808033064697,0.03622681066378892,0.05436768065674052,0.013178038614778283,0.01674165351303706,0.014401659742146751,0.003980625940827455,0.0030014000764022977,0.0047695787938525505,0.009345492780174066,0.8683044193230735,0.8761641160569186,0.8831118141959864,0.8990029410595652,0.736650582099853,0.8919804151808779,0.8592023813193791,10.242472648620605
