expl_var_class_0,expl_var_class_1,expl_var_class_2,expl_var_class_3,expl_var_class_4,expl_var_class_5,expl_var_mean,mae_class_0,mae_class_1,mae_class_2,mae_class_3,mae_class_4,mae_class_5,mae_mean,mse_class_0,mse_class_1,mse_class_2,mse_class_3,mse_class_4,mse_class_5,mse_mean,r2_class_0,r2_class_1,r2_class_2,r2_class_3,r2_class_4,r2_class_5,r2_mean,time
0.8704411779507572,0.8785474418000158,0.8878796089440447,0.8871586879314252,0.7452832407798442,0.8740627919356481,0.8572288248902892,0.06147860729757877,0.09319837554673917,0.07619733060893977,0.03392817023123447,0.02389093397812272,0.041361258245021106,0.05500911265127267,0.013196102440136769,0.016479000399933375,0.013886246966404019,0.004610071717115882,0.003034418235085332,0.005612791637265182,0.009469771899323427,0.868123897316774,0.8781069277634366,0.8872950587230369,0.8830325451689142,0.7337534965237992,0.8728836552370061,0.853865930122161,8.178602457046509
