expl_var_class_0,expl_var_class_1,expl_var_class_2,expl_var_class_3,expl_var_class_4,expl_var_class_5,expl_var_mean,mae_class_0,mae_class_1,mae_class_2,mae_class_3,mae_class_4,mae_class_5,mae_mean,mse_class_0,mse_class_1,mse_class_2,mse_class_3,mse_class_4,mse_class_5,mse_mean,r2_class_0,r2_class_1,r2_class_2,r2_class_3,r2_class_4,r2_class_5,r2_mean,time
0.7531829091807557,0.6705138243420155,0.6470986357002639,0.8136081785181954,0.7408669977620905,0.8043855015313165,0.7382760078391062,0.07850284031779706,0.1568012936311543,0.1472901255557204,0.03912218010533582,0.02246000779941351,0.05109058655042631,0.08254450565997457,0.025357761367515996,0.04481460530449592,0.04373553429934197,0.007514519291577102,0.003035377256484057,0.008654534969279145,0.022185388748115698,0.7465855727409294,0.6685120584343158,0.645029298639904,0.8093404507024128,0.7336693498853375,0.8039954229524344,0.7345220255592224,4.292241811752319
