expl_var_class_0,expl_var_class_1,expl_var_class_2,expl_var_class_3,expl_var_class_4,expl_var_class_5,expl_var_mean,mae_class_0,mae_class_1,mae_class_2,mae_class_3,mae_class_4,mae_class_5,mae_mean,mse_class_0,mse_class_1,mse_class_2,mse_class_3,mse_class_4,mse_class_5,mse_mean,r2_class_0,r2_class_1,r2_class_2,r2_class_3,r2_class_4,r2_class_5,r2_mean,time
0.8658510952280373,0.8488447826355106,0.8640139509673479,0.891601420187587,0.7832318065500765,0.8754233745264006,0.8548277383491599,0.06568213551460363,0.10190249058762228,0.08427864057695038,0.03126262798834449,0.021493683348407778,0.04062766704699541,0.05754120751048733,0.013510262081501016,0.02050923083225411,0.01676347486477497,0.00435130410394193,0.0025683187089425388,0.005505132167341428,0.010534620459792665,0.864984322634672,0.8482958253121706,0.8639426149626108,0.8895980371965756,0.7746500900363751,0.8753218854761206,0.8527987959364207,7.165826797485352
