expl_var_class_0,expl_var_class_1,expl_var_class_2,expl_var_class_3,expl_var_class_4,expl_var_class_5,expl_var_mean,mae_class_0,mae_class_1,mae_class_2,mae_class_3,mae_class_4,mae_class_5,mae_mean,mse_class_0,mse_class_1,mse_class_2,mse_class_3,mse_class_4,mse_class_5,mse_mean,r2_class_0,r2_class_1,r2_class_2,r2_class_3,r2_class_4,r2_class_5,r2_mean,time
0.8644002837247304,0.8752609834459858,0.8921419806382989,0.9071820439635825,0.7234642375106102,0.8851119291083926,0.8579269097319333,0.0657048847209686,0.0941932220430547,0.07547635677450587,0.029309620576257515,0.025102424093235463,0.03821577248926977,0.054667046782881985,0.013632601839944393,0.016902286536945973,0.013351820861563786,0.0037238904816456597,0.003327611643230219,0.005073430362556143,0.00933527362098103,0.8637617123510742,0.8749759339881211,0.8916326211262275,0.9055168729608615,0.7080280645914896,0.8850989017985421,0.8548356844693861,12.520206689834595
