expl_var_class_0,expl_var_class_1,expl_var_class_2,expl_var_class_3,expl_var_class_4,expl_var_class_5,expl_var_mean,mae_class_0,mae_class_1,mae_class_2,mae_class_3,mae_class_4,mae_class_5,mae_mean,mse_class_0,mse_class_1,mse_class_2,mse_class_3,mse_class_4,mse_class_5,mse_mean,r2_class_0,r2_class_1,r2_class_2,r2_class_3,r2_class_4,r2_class_5,r2_mean,time
0.8672391058337141,0.879004797514122,0.8979796083614634,0.9166924602555762,0.7604069563795715,0.8803603493738811,0.8669472129530548,0.06555243524175325,0.0940577026637718,0.07359832097233421,0.027303427658008122,0.022558388876348475,0.038830988741692246,0.05365021069231801,0.0133452358693547,0.016382875001106408,0.012590912500071378,0.003315750380206144,0.002837922405255414,0.005284510865693424,0.008959534503614577,0.866633522752446,0.87881795512545,0.8978083813879191,0.9158722669350245,0.7509944710984194,0.880318431803647,0.865074171517151,9.353577375411987
