expl_var_class_0,expl_var_class_1,expl_var_class_2,expl_var_class_3,expl_var_class_4,expl_var_class_5,expl_var_mean,mae_class_0,mae_class_1,mae_class_2,mae_class_3,mae_class_4,mae_class_5,mae_mean,mse_class_0,mse_class_1,mse_class_2,mse_class_3,mse_class_4,mse_class_5,mse_mean,r2_class_0,r2_class_1,r2_class_2,r2_class_3,r2_class_4,r2_class_5,r2_mean,time
0.8555539551343011,0.8801010202810876,0.8915704020664731,0.8954586265710781,0.7774585087450343,0.8749719613801629,0.8625190790296894,0.06396122536543236,0.09259407478758397,0.07430554407534411,0.031659469248230564,0.02179549485636638,0.0400467885679487,0.05406043281681768,0.014685621842042952,0.016212604354639365,0.013410914310931055,0.0042100308840739365,0.0026351344469093567,0.005543306247397937,0.009449602014332432,0.853238288896747,0.8800774254638122,0.8911530009843056,0.8931824432487421,0.7687875308132734,0.8744573336033492,0.8601493371683716,7.770899295806885
