expl_var_class_0,expl_var_class_1,expl_var_class_2,expl_var_class_3,expl_var_class_4,expl_var_class_5,expl_var_mean,mae_class_0,mae_class_1,mae_class_2,mae_class_3,mae_class_4,mae_class_5,mae_mean,mse_class_0,mse_class_1,mse_class_2,mse_class_3,mse_class_4,mse_class_5,mse_mean,r2_class_0,r2_class_1,r2_class_2,r2_class_3,r2_class_4,r2_class_5,r2_mean,time
0.8734260701083825,0.8606669875197775,0.8639261667359515,0.9021366407345561,0.7621592550986435,0.880998015021164,0.8572188558697458,0.06073420670925013,0.09896579305404764,0.08361883167475984,0.030477699753450025,0.023651567177106068,0.039186051403297124,0.05610569162865181,0.012821241588446119,0.01888806104188292,0.01678765231656985,0.003928000386289806,0.0028476082626818005,0.005272370262324339,0.010090822309699139,0.8718700934677766,0.860287412275555,0.8637463835192726,0.9003381647938273,0.7501446127489253,0.8805933875161037,0.8544966757202435,5.4132914543151855
