expl_var_class_0,expl_var_class_1,expl_var_class_2,expl_var_class_3,expl_var_class_4,expl_var_class_5,expl_var_mean,mae_class_0,mae_class_1,mae_class_2,mae_class_3,mae_class_4,mae_class_5,mae_mean,mse_class_0,mse_class_1,mse_class_2,mse_class_3,mse_class_4,mse_class_5,mse_mean,r2_class_0,r2_class_1,r2_class_2,r2_class_3,r2_class_4,r2_class_5,r2_mean,time
0.8636288746335741,0.8710056618992745,0.8829855964769637,0.8981027845656404,0.7782768212368342,0.8877788026051989,0.8636297569029144,0.0670248872429649,0.09580427975063519,0.07506746482032672,0.031752090562740504,0.022605705781403126,0.0376245131228586,0.05497982354682151,0.013687961112985399,0.017450137058502322,0.014546829343123869,0.004104255544389611,0.002638647288175283,0.0049566542394658035,0.009564080764440382,0.8632084758777183,0.87092355328673,0.8819335742156007,0.8958661915776096,0.7684793064249852,0.8877436024897779,0.8613591173120702,4.689004182815552
