expl_var_class_0,expl_var_class_1,expl_var_class_2,expl_var_class_3,expl_var_class_4,expl_var_class_5,expl_var_mean,mae_class_0,mae_class_1,mae_class_2,mae_class_3,mae_class_4,mae_class_5,mae_mean,mse_class_0,mse_class_1,mse_class_2,mse_class_3,mse_class_4,mse_class_5,mse_mean,r2_class_0,r2_class_1,r2_class_2,r2_class_3,r2_class_4,r2_class_5,r2_mean,time
0.8738812014494002,0.8692679166259605,0.8912887024650634,0.8999604024277222,0.7558925104992662,0.8845601572177173,0.8624751484475217,0.06220237717905442,0.096670605901388,0.07473678890216798,0.03297686269934801,0.02536193964454074,0.03793944158322376,0.054981335984953826,0.012696824196503342,0.01770173361046363,0.013487252749384277,0.004057860895940324,0.0029580580960597027,0.005097312401124573,0.009333173658245974,0.8731134667160412,0.8690625255582026,0.8905334153436453,0.8970433237959108,0.740453502404814,0.8845580305807061,0.8591273773998868,12.030988931655884
