expl_var_class_0,expl_var_class_1,expl_var_class_2,expl_var_class_3,expl_var_class_4,expl_var_class_5,expl_var_mean,mae_class_0,mae_class_1,mae_class_2,mae_class_3,mae_class_4,mae_class_5,mae_mean,mse_class_0,mse_class_1,mse_class_2,mse_class_3,mse_class_4,mse_class_5,mse_mean,r2_class_0,r2_class_1,r2_class_2,r2_class_3,r2_class_4,r2_class_5,r2_mean,time
0.8294785279926764,0.864027608953577,0.8877148726503634,0.8976856799856432,0.75713366989154,0.8750990510059855,0.8518565684132976,0.0719647778268895,0.09890504424196218,0.07535087733274035,0.02928628486156372,0.02325467228769465,0.041714838670703414,0.05674608253692564,0.01716391827665148,0.018383115146621345,0.013920079094780043,0.004081753241778732,0.002892400847770747,0.005518793814980236,0.010326676737097097,0.8284712732894841,0.8640224329074452,0.8870204670316231,0.8964371234905474,0.7462144132056653,0.875012481738459,0.8495296986105373,5.4731972217559814
