expl_var_class_0,expl_var_class_1,expl_var_class_2,expl_var_class_3,expl_var_class_4,expl_var_class_5,expl_var_mean,mae_class_0,mae_class_1,mae_class_2,mae_class_3,mae_class_4,mae_class_5,mae_mean,mse_class_0,mse_class_1,mse_class_2,mse_class_3,mse_class_4,mse_class_5,mse_mean,r2_class_0,r2_class_1,r2_class_2,r2_class_3,r2_class_4,r2_class_5,r2_mean,time
0.8344052818017691,0.8907035101732916,0.906601592107796,0.8880838873324916,0.7814441299675478,0.8772640026542448,0.8630837340061901,0.07190853916248412,0.0882257007067678,0.06971287599295795,0.03177309271511209,0.02183133644293175,0.04061040633018499,0.054010325225073104,0.01662545148799482,0.014841351712247448,0.011571212702717559,0.0045118010665670056,0.0025845623942561606,0.005433673597159735,0.009261342160157122,0.833852475946445,0.8902204070365496,0.9060845704877486,0.8855258833607305,0.7732248335017571,0.8769402516707924,0.8609747370006705,6.763207197189331
