expl_var_class_0,expl_var_class_1,expl_var_class_2,expl_var_class_3,expl_var_class_4,expl_var_class_5,expl_var_mean,mae_class_0,mae_class_1,mae_class_2,mae_class_3,mae_class_4,mae_class_5,mae_mean,mse_class_0,mse_class_1,mse_class_2,mse_class_3,mse_class_4,mse_class_5,mse_mean,r2_class_0,r2_class_1,r2_class_2,r2_class_3,r2_class_4,r2_class_5,r2_mean,time
0.711272476095901,0.7035168542920933,0.6333892397615317,0.8712025016989751,-0.32051932526685567,0.8425822659565005,0.573574002089691,0.08150296634926227,0.14466806502186655,0.15090259099850845,0.03501004107602264,0.05565523129351184,0.04510607937669438,0.08547416235264436,0.03074810698728737,0.040416779643653755,0.04541042150794602,0.005207123541516402,0.016442654609319155,0.00695909019457083,0.024197362747382253,0.6927168053775502,0.7010422160865369,0.6314354121889459,0.8678840536512864,-0.44271453650651815,0.8423932036713085,0.5487928590781851,4.400409698486328
