expl_var_class_0,expl_var_class_1,expl_var_class_2,expl_var_class_3,expl_var_class_4,expl_var_class_5,expl_var_mean,mae_class_0,mae_class_1,mae_class_2,mae_class_3,mae_class_4,mae_class_5,mae_mean,mse_class_0,mse_class_1,mse_class_2,mse_class_3,mse_class_4,mse_class_5,mse_mean,r2_class_0,r2_class_1,r2_class_2,r2_class_3,r2_class_4,r2_class_5,r2_mean,time
0.8615808138995276,0.861468010463875,0.8845967653740008,0.9059528745825283,0.7136515778813253,0.8880885150335641,0.8525564262058035,0.06366054079579672,0.09954616820593255,0.07762246406741434,0.02944578596314204,0.026449033320013273,0.03750271516920953,0.05570445125358475,0.013975478706239625,0.018735042531220512,0.014262113264153867,0.0037649527681486257,0.003465806694848089,0.00494377903809905,0.009857862167118295,0.8603351502254484,0.8614192707573219,0.8842444152253103,0.9044750342571457,0.6959025280172815,0.8880351950949555,0.8490685989295773,8.772857666015625
