expl_var_class_0,expl_var_class_1,expl_var_class_2,expl_var_class_3,expl_var_class_4,expl_var_class_5,expl_var_mean,mae_class_0,mae_class_1,mae_class_2,mae_class_3,mae_class_4,mae_class_5,mae_mean,mse_class_0,mse_class_1,mse_class_2,mse_class_3,mse_class_4,mse_class_5,mse_mean,r2_class_0,r2_class_1,r2_class_2,r2_class_3,r2_class_4,r2_class_5,r2_mean,time
0.8623471033233288,0.800204577621085,0.8064355201438435,0.9107668035810852,0.7883899836075406,0.8801797773292163,0.8413872942676832,0.06195651999164239,0.11816391510899951,0.10670817329671797,0.02855512492586126,0.021949391425774057,0.039523818390832494,0.06280949052330463,0.01411449371362708,0.027097338568682603,0.02392619074660659,0.003575120965917411,0.002515138789414426,0.005291984642416051,0.012753377904444028,0.858945894763701,0.7995644294307804,0.8058078666178278,0.9092914761945988,0.7793162126775435,0.8801491685849222,0.8388458413782289,4.944260120391846
