expl_var_class_0,expl_var_class_1,expl_var_class_2,expl_var_class_3,expl_var_class_4,expl_var_class_5,expl_var_mean,mae_class_0,mae_class_1,mae_class_2,mae_class_3,mae_class_4,mae_class_5,mae_mean,mse_class_0,mse_class_1,mse_class_2,mse_class_3,mse_class_4,mse_class_5,mse_mean,r2_class_0,r2_class_1,r2_class_2,r2_class_3,r2_class_4,r2_class_5,r2_mean,time
0.8674871342122654,0.8748568670187759,0.8818557441147408,0.8972104343712792,0.7686268313726343,0.8815984282622563,0.861939239891992,0.062250753081945595,0.09406112720470473,0.07758860816629078,0.03067881349499438,0.02379317810404466,0.03912557364630135,0.05458300894971358,0.013424609686539909,0.016935576337672537,0.014606044896853883,0.004124946031359937,0.0027760696382283312,0.005241320055542004,0.009518094441032767,0.8658402953799729,0.8747296935617467,0.8814529630380832,0.8953412293321961,0.7564215683788396,0.8812966006487809,0.85918039172327,9.191380500793457
