expl_var_class_0,expl_var_class_1,expl_var_class_2,expl_var_class_3,expl_var_class_4,expl_var_class_5,expl_var_mean,mae_class_0,mae_class_1,mae_class_2,mae_class_3,mae_class_4,mae_class_5,mae_mean,mse_class_0,mse_class_1,mse_class_2,mse_class_3,mse_class_4,mse_class_5,mse_mean,r2_class_0,r2_class_1,r2_class_2,r2_class_3,r2_class_4,r2_class_5,r2_mean,time
0.8748184680865223,0.8754026900405131,0.8931617460786611,0.9163583482547787,0.752820016531141,0.8838132391868925,0.8660624180297515,0.06410474095568149,0.09449374152630013,0.07256052112497731,0.027717159748028717,0.023040043793986203,0.03838470279468953,0.05338348499061057,0.012590875782927355,0.016854940514597468,0.013245156392082706,0.003335488729215168,0.0029396765279578836,0.00513914799987553,0.009017547657776017,0.8741722690352302,0.8753261464999349,0.8924983419216512,0.9153714624816836,0.7420663414587494,0.8836105540417794,0.8638408525731714,7.4417359828948975
