expl_var_class_0,expl_var_class_1,expl_var_class_2,expl_var_class_3,expl_var_class_4,expl_var_class_5,expl_var_mean,mae_class_0,mae_class_1,mae_class_2,mae_class_3,mae_class_4,mae_class_5,mae_mean,mse_class_0,mse_class_1,mse_class_2,mse_class_3,mse_class_4,mse_class_5,mse_mean,r2_class_0,r2_class_1,r2_class_2,r2_class_3,r2_class_4,r2_class_5,r2_mean,time
0.8713535310643461,0.874160886321909,0.8821668163544596,0.8790613188793754,0.781738296904906,0.8880625272387719,0.8627572294606279,0.06489354876327003,0.09473872797813924,0.07786642096167784,0.03322904355989785,0.022128255622880434,0.0379419026137084,0.05513298324992897,0.01294105923178924,0.017025055190462542,0.01457473346864548,0.004891317612289216,0.0025897215483163963,0.004946374491855407,0.00949471025722638,0.8706726881044535,0.8740678298562988,0.8817070959716298,0.8758967306829963,0.7727721580223025,0.8879764142572135,0.860515486149149,8.057912826538086
