expl_var_class_0,expl_var_class_1,expl_var_class_2,expl_var_class_3,expl_var_class_4,expl_var_class_5,expl_var_mean,mae_class_0,mae_class_1,mae_class_2,mae_class_3,mae_class_4,mae_class_5,mae_mean,mse_class_0,mse_class_1,mse_class_2,mse_class_3,mse_class_4,mse_class_5,mse_mean,r2_class_0,r2_class_1,r2_class_2,r2_class_3,r2_class_4,r2_class_5,r2_mean,time
0.8501973643783365,0.8714290876886939,0.8885947982877487,0.9092706091001528,0.7498233017267334,0.8822636440958633,0.8585964675462548,0.06899292943631397,0.09355665757489554,0.0759818770212847,0.030130773627532574,0.023577749655480245,0.03883318120393047,0.05517886141990625,0.01506142254912121,0.01741021383102884,0.01375637018638112,0.0036392164086780565,0.002987276955813583,0.005198727954865627,0.009675537980981407,0.8494827002401795,0.8712188603279485,0.8883491775861924,0.9076652366768598,0.7378897756399656,0.8822612101521539,0.8561444934372165,4.399797677993774
