expl_var_class_0,expl_var_class_1,expl_var_class_2,expl_var_class_3,expl_var_class_4,expl_var_class_5,expl_var_mean,mae_class_0,mae_class_1,mae_class_2,mae_class_3,mae_class_4,mae_class_5,mae_mean,mse_class_0,mse_class_1,mse_class_2,mse_class_3,mse_class_4,mse_class_5,mse_mean,r2_class_0,r2_class_1,r2_class_2,r2_class_3,r2_class_4,r2_class_5,r2_mean,time
0.8792655606442912,0.8786598138948977,0.8899173116647632,0.8892611184840795,0.7348354634223162,0.8868645401984808,0.8598006347181381,0.061855977983295896,0.09217482572330249,0.07743752818079241,0.03253876713638159,0.023415351149101853,0.03728116451111317,0.05411726911399791,0.012138985926792273,0.016509198625458046,0.01357659868719929,0.004502889130878311,0.0031401872861864344,0.004996717740986725,0.009144096232916845,0.8786882595210209,0.8778835553260338,0.8898082569405765,0.8857519983756563,0.72447308827089,0.8868362597268765,0.8572402363601758,8.366561889648438
