expl_var_class_0,expl_var_class_1,expl_var_class_2,expl_var_class_3,expl_var_class_4,expl_var_class_5,expl_var_mean,mae_class_0,mae_class_1,mae_class_2,mae_class_3,mae_class_4,mae_class_5,mae_mean,mse_class_0,mse_class_1,mse_class_2,mse_class_3,mse_class_4,mse_class_5,mse_mean,r2_class_0,r2_class_1,r2_class_2,r2_class_3,r2_class_4,r2_class_5,r2_mean,time
0.8658292863191162,0.8926468446939938,0.8879448960193166,0.8943527112414512,0.7419799014375581,0.8800649018475907,0.8604697569265043,0.0631907500722507,0.08791654588488423,0.07573602286270001,0.033316083360757386,0.02303861184945882,0.038244018477165354,0.05357367208453608,0.013572756410569797,0.014563171094723298,0.013849425688130376,0.004305582311562014,0.0030530437565361333,0.005306328310281746,0.009108384595300561,0.8643597815177186,0.8922780737204353,0.8875939112506935,0.8907580976062952,0.7321192524685932,0.8798243187156564,0.8578222392132321,9.208887100219727
