expl_var_class_0,expl_var_class_1,expl_var_class_2,expl_var_class_3,expl_var_class_4,expl_var_class_5,expl_var_mean,mae_class_0,mae_class_1,mae_class_2,mae_class_3,mae_class_4,mae_class_5,mae_mean,mse_class_0,mse_class_1,mse_class_2,mse_class_3,mse_class_4,mse_class_5,mse_mean,r2_class_0,r2_class_1,r2_class_2,r2_class_3,r2_class_4,r2_class_5,r2_mean,time
0.873449635900842,0.8751591281908762,0.8820467316092423,0.8980590848830518,0.780946377145012,0.8869481914246449,0.8661015248589449,0.06374987397585008,0.09384388621679264,0.07879407362477124,0.03169652331576622,0.02293200528482714,0.038788658584216124,0.05496750350037057,0.012779127769939683,0.016918656120485053,0.01456001089946558,0.004110913492838067,0.002613023253389193,0.004995575653967714,0.009329551198347549,0.8722909606351037,0.8748548502585025,0.8818265887545884,0.8956972650766354,0.7707276153719412,0.8868621252741193,0.8637099008951484,10.364874601364136
