expl_var_class_0,expl_var_class_1,expl_var_class_2,expl_var_class_3,expl_var_class_4,expl_var_class_5,expl_var_mean,mae_class_0,mae_class_1,mae_class_2,mae_class_3,mae_class_4,mae_class_5,mae_mean,mse_class_0,mse_class_1,mse_class_2,mse_class_3,mse_class_4,mse_class_5,mse_mean,r2_class_0,r2_class_1,r2_class_2,r2_class_3,r2_class_4,r2_class_5,r2_mean,time
0.8393136224043329,0.8736936783541811,0.889049958616697,0.8928598975618429,0.7543322012140641,0.8817430143685034,0.8551653954199369,0.06825803635365507,0.09667017878429211,0.07820403584787261,0.03019555544511663,0.022914655465128136,0.0391562554648422,0.0558997862268178,0.016299339615138485,0.017080164862459505,0.013691322001755215,0.004300435656908456,0.002913046533065006,0.005226164690084294,0.009918412226568493,0.8371114960265116,0.8736601906144377,0.8888771281437601,0.8908886793266373,0.7444029155492415,0.8816398335327064,0.8527633738655491,4.780764818191528
