expl_var_class_0,expl_var_class_1,expl_var_class_2,expl_var_class_3,expl_var_class_4,expl_var_class_5,expl_var_mean,mae_class_0,mae_class_1,mae_class_2,mae_class_3,mae_class_4,mae_class_5,mae_mean,mse_class_0,mse_class_1,mse_class_2,mse_class_3,mse_class_4,mse_class_5,mse_mean,r2_class_0,r2_class_1,r2_class_2,r2_class_3,r2_class_4,r2_class_5,r2_mean,time
0.8717433573696541,0.886606445344001,0.8894997257238921,0.8971351545990933,0.7616275704616217,0.8908617475075887,0.8662456668343084,0.06333855719661917,0.08948887102482504,0.07629310957431777,0.030848865648809398,0.02479550480133707,0.03646508694449787,0.05353833253173438,0.012919851130717117,0.015418301515177186,0.01364803874690729,0.004151129529996146,0.002888647866137648,0.004821214753548983,0.008974530590414061,0.8708846326333318,0.8859527826480175,0.8892284280095707,0.8946768975425885,0.7465437080358471,0.8908109838391974,0.8630162387847587,5.362826347351074
