expl_var_class_0,expl_var_class_1,expl_var_class_2,expl_var_class_3,expl_var_class_4,expl_var_class_5,expl_var_mean,mae_class_0,mae_class_1,mae_class_2,mae_class_3,mae_class_4,mae_class_5,mae_mean,mse_class_0,mse_class_1,mse_class_2,mse_class_3,mse_class_4,mse_class_5,mse_mean,r2_class_0,r2_class_1,r2_class_2,r2_class_3,r2_class_4,r2_class_5,r2_mean,time
0.877394778629484,0.867148361758174,0.8764902826319041,0.9204296709337181,0.7723220981100206,0.8788239564716716,0.865434858089162,0.061636046453551314,0.09630689008288373,0.08330024105025399,0.026228164192733796,0.022366108895602203,0.040379841374031854,0.05503621534150948,0.012434400656514518,0.01799494420585572,0.015219507761836872,0.00316586945374601,0.002704259527065098,0.005352508877712057,0.009478581747121712,0.8757360133250157,0.8668936840376453,0.8764739146068705,0.9196750690542799,0.7627223448474171,0.8787784389983608,0.8633799108115983,5.449680328369141
