expl_var_class_0,expl_var_class_1,expl_var_class_2,expl_var_class_3,expl_var_class_4,expl_var_class_5,expl_var_mean,mae_class_0,mae_class_1,mae_class_2,mae_class_3,mae_class_4,mae_class_5,mae_mean,mse_class_0,mse_class_1,mse_class_2,mse_class_3,mse_class_4,mse_class_5,mse_mean,r2_class_0,r2_class_1,r2_class_2,r2_class_3,r2_class_4,r2_class_5,r2_mean,time
0.8625681949628762,0.8498437201971797,0.8612912119078066,0.9199544115791234,0.6886255508455545,0.8865890691725071,0.8448120264441746,0.06462849897082262,0.10252686693788411,0.08422691471575773,0.027293874685656284,0.02749380594319416,0.039229316329041114,0.057566546263726,0.013927812506496245,0.020333063355624084,0.017122025578543174,0.003197847595088798,0.0037851062636562044,0.00501506501840438,0.01056348671963548,0.8608115054735523,0.8495989137540328,0.861032509932949,0.9188637146909177,0.6678864843573578,0.8864207376493776,0.8407689776430312,7.820009231567383
