expl_var_class_0,expl_var_class_1,expl_var_class_2,expl_var_class_3,expl_var_class_4,expl_var_class_5,expl_var_mean,mae_class_0,mae_class_1,mae_class_2,mae_class_3,mae_class_4,mae_class_5,mae_mean,mse_class_0,mse_class_1,mse_class_2,mse_class_3,mse_class_4,mse_class_5,mse_mean,r2_class_0,r2_class_1,r2_class_2,r2_class_3,r2_class_4,r2_class_5,r2_mean,time
0.8536080435206148,0.865017231895157,0.8821324737676375,0.8969886505421978,0.7584587603854019,0.880186016358269,0.856065196078213,0.06807897532203086,0.09773699420871548,0.07600096535469374,0.029572456833652817,0.0233415627513781,0.03925895435475891,0.05566498480420499,0.014740190343179776,0.018251853731464613,0.014625048284133859,0.004118606619624834,0.00288982029283208,0.005294950961069314,0.009986745038717411,0.8526929550535282,0.864993356918081,0.881298725852713,0.8955020738702599,0.746440836749231,0.8800819885417327,0.8535016561642577,8.629969120025635
