expl_var_class_0,expl_var_class_1,expl_var_class_2,expl_var_class_3,expl_var_class_4,expl_var_class_5,expl_var_mean,mae_class_0,mae_class_1,mae_class_2,mae_class_3,mae_class_4,mae_class_5,mae_mean,mse_class_0,mse_class_1,mse_class_2,mse_class_3,mse_class_4,mse_class_5,mse_mean,r2_class_0,r2_class_1,r2_class_2,r2_class_3,r2_class_4,r2_class_5,r2_mean,time
0.8739171642965748,0.8775000568573866,0.8916312668921198,0.8944315913543195,0.7942834585233267,0.8849094904846638,0.8694455047347319,0.06113476776928672,0.09259629548671933,0.07559495288903194,0.030694811071023353,0.020518354706093995,0.03875378780686256,0.053215494954836316,0.012761924705100848,0.016598696304082457,0.01336638587917116,0.00423358071371339,0.0024114236268911295,0.005109728480746385,0.009080289951617563,0.8724628805755136,0.8772215523682807,0.8915144070790406,0.8925849333175179,0.7884164082471621,0.8842768359881022,0.8677461695959363,8.365809917449951
