expl_var_class_0,expl_var_class_1,expl_var_class_2,expl_var_class_3,expl_var_class_4,expl_var_class_5,expl_var_mean,mae_class_0,mae_class_1,mae_class_2,mae_class_3,mae_class_4,mae_class_5,mae_mean,mse_class_0,mse_class_1,mse_class_2,mse_class_3,mse_class_4,mse_class_5,mse_mean,r2_class_0,r2_class_1,r2_class_2,r2_class_3,r2_class_4,r2_class_5,r2_mean,time
0.8762707156760597,0.8645799900008089,0.891513735295957,0.9155309824032043,0.7866651539865435,0.870810626807623,0.8675618673616995,0.06386888958139622,0.09655614723901763,0.07632191521170067,0.027026278136152253,0.021184449285526617,0.04082424754089538,0.05429698783244813,0.012432553391525072,0.018379625416697572,0.013375938434578362,0.003359716939106694,0.0025182960039719622,0.005719508146104802,0.009297606388664078,0.8757544740870882,0.8640482459963075,0.8914368756770125,0.9147567405814572,0.7790391917557242,0.8704667808176004,0.865917051485865,6.57290506362915
