expl_var_class_0,expl_var_class_1,expl_var_class_2,expl_var_class_3,expl_var_class_4,expl_var_class_5,expl_var_mean,mae_class_0,mae_class_1,mae_class_2,mae_class_3,mae_class_4,mae_class_5,mae_mean,mse_class_0,mse_class_1,mse_class_2,mse_class_3,mse_class_4,mse_class_5,mse_mean,r2_class_0,r2_class_1,r2_class_2,r2_class_3,r2_class_4,r2_class_5,r2_mean,time
0.8683585405133714,0.8888100843425314,0.8785508461438689,0.8861702574400203,0.7491083910217925,0.8814684712122295,0.8587444317789689,0.06427169066117168,0.08867022127996647,0.07811874394390472,0.03358831389628404,0.023079138622648834,0.038106538084373365,0.054305774414724846,0.013262651624445461,0.015110565601900407,0.01501455355545236,0.004643717099473559,0.0029697347979094953,0.005239698887072071,0.009373486927708893,0.8674588337418895,0.8882290660994691,0.8781373843586989,0.8821788893078599,0.7394289630042479,0.8813333162483364,0.8561277421267502,9.956494092941284
