expl_var_class_0,expl_var_class_1,expl_var_class_2,expl_var_class_3,expl_var_class_4,expl_var_class_5,expl_var_mean,mae_class_0,mae_class_1,mae_class_2,mae_class_3,mae_class_4,mae_class_5,mae_mean,mse_class_0,mse_class_1,mse_class_2,mse_class_3,mse_class_4,mse_class_5,mse_mean,r2_class_0,r2_class_1,r2_class_2,r2_class_3,r2_class_4,r2_class_5,r2_mean,time
0.8659949107318039,0.8581016192749571,0.8762425587347529,0.9044149935417036,0.7530751229004445,0.8818803856394349,0.8566182651371829,0.06485861784298062,0.10021132644593149,0.07913455750001386,0.029562334205302944,0.02392094255293488,0.039637921290228105,0.05622094997289864,0.013497235962860904,0.019184831895809062,0.015326980564856816,0.003812343159873609,0.002954423156470284,0.005216261472041337,0.009998679368652003,0.8651144999932625,0.8580922359749664,0.8756016331342351,0.9032726378859701,0.7407724399674874,0.8818641178034164,0.8541195941265562,9.479567289352417
