expl_var_class_0,expl_var_class_1,expl_var_class_2,expl_var_class_3,expl_var_class_4,expl_var_class_5,expl_var_mean,mae_class_0,mae_class_1,mae_class_2,mae_class_3,mae_class_4,mae_class_5,mae_mean,mse_class_0,mse_class_1,mse_class_2,mse_class_3,mse_class_4,mse_class_5,mse_mean,r2_class_0,r2_class_1,r2_class_2,r2_class_3,r2_class_4,r2_class_5,r2_mean,time
0.875310864259212,0.8593671073955872,0.8764112895703702,0.8935831491212248,0.7557219633957978,0.8799891663684343,0.8567305900184378,0.06314490790820987,0.09886211804381029,0.08125321071085449,0.03146975364039992,0.022770022647567428,0.03924848613207038,0.05612474984715207,0.012569442574950946,0.01910386730605938,0.015248012227664804,0.004291868389858937,0.002895024583983639,0.005310080078228382,0.009903049193457681,0.8743864631845064,0.8586911207584755,0.8762425638210865,0.8911060493553767,0.7459842008425015,0.8797393501191725,0.8543582913468533,7.230522394180298
