expl_var_class_0,expl_var_class_1,expl_var_class_2,expl_var_class_3,expl_var_class_4,expl_var_class_5,expl_var_mean,mae_class_0,mae_class_1,mae_class_2,mae_class_3,mae_class_4,mae_class_5,mae_mean,mse_class_0,mse_class_1,mse_class_2,mse_class_3,mse_class_4,mse_class_5,mse_mean,r2_class_0,r2_class_1,r2_class_2,r2_class_3,r2_class_4,r2_class_5,r2_mean,time
0.8749478029332902,0.8725229803542971,0.8902756474344581,0.9081328075456934,0.717741880039916,0.8798561114204827,0.8572462049546896,0.0628674595748222,0.09444269443118687,0.07680850862123477,0.02694855202856859,0.026351911222125966,0.03910168164019821,0.05442013458635611,0.012634850116895593,0.017275421340550868,0.013531254732134497,0.003640940492399969,0.0034199105378257635,0.005309902405414371,0.00930204660420351,0.8737328086863787,0.8722159032540985,0.8901762820668189,0.9076214929571865,0.6999295573795821,0.8797433739846818,0.8539032363881244,9.82937479019165
