expl_var_class_0,expl_var_class_1,expl_var_class_2,expl_var_class_3,expl_var_class_4,expl_var_class_5,expl_var_mean,mae_class_0,mae_class_1,mae_class_2,mae_class_3,mae_class_4,mae_class_5,mae_mean,mse_class_0,mse_class_1,mse_class_2,mse_class_3,mse_class_4,mse_class_5,mse_mean,r2_class_0,r2_class_1,r2_class_2,r2_class_3,r2_class_4,r2_class_5,r2_mean,time
0.8585041060293881,0.862911314801435,0.8858370107772441,0.8957810872483658,0.7234023409815675,0.876869290133603,0.8505508583286007,0.0677145524076735,0.09773300251635365,0.07877877366007385,0.031045585332566853,0.025097835333247255,0.039075423252816134,0.056574195417121886,0.01422227673477478,0.018633454401152025,0.014079261068017246,0.004189532394436058,0.0033213248109699336,0.005436977004116165,0.009980471068911034,0.8578687581751618,0.8621707052482676,0.8857284984392846,0.8937025341080496,0.7085796850266322,0.8768654373814505,0.8474859363964744,10.688016176223755
