expl_var_class_0,expl_var_class_1,expl_var_class_2,expl_var_class_3,expl_var_class_4,expl_var_class_5,expl_var_mean,mae_class_0,mae_class_1,mae_class_2,mae_class_3,mae_class_4,mae_class_5,mae_mean,mse_class_0,mse_class_1,mse_class_2,mse_class_3,mse_class_4,mse_class_5,mse_mean,r2_class_0,r2_class_1,r2_class_2,r2_class_3,r2_class_4,r2_class_5,r2_mean,time
0.8626149874870375,0.8777552781833426,0.8954325423595597,0.900341218126347,0.7338230388611922,0.8824227277067632,0.858731632120707,0.06669348408565602,0.0921407430302885,0.07388045767214839,0.02972308035024775,0.02604008976535391,0.03980731399593241,0.0547141948166045,0.013823515049272398,0.01656834095554131,0.01292301029412326,0.003992407105549159,0.003224412459844862,0.005191739022137512,0.009287237481078082,0.8618538088537244,0.8774460870246733,0.8951129761810708,0.8987040275204705,0.7170829870211848,0.8824194928106965,0.8554365632353034,5.702518701553345
