expl_var_class_0,expl_var_class_1,expl_var_class_2,expl_var_class_3,expl_var_class_4,expl_var_class_5,expl_var_mean,mae_class_0,mae_class_1,mae_class_2,mae_class_3,mae_class_4,mae_class_5,mae_mean,mse_class_0,mse_class_1,mse_class_2,mse_class_3,mse_class_4,mse_class_5,mse_mean,r2_class_0,r2_class_1,r2_class_2,r2_class_3,r2_class_4,r2_class_5,r2_mean,time
0.8650274265520409,0.8606503706213615,0.8673413069060605,0.8994759092692615,0.7458666792145712,0.8891536333625296,0.8545858876543043,0.06388846957233044,0.09886084310994041,0.08184826806907165,0.03126518694903305,0.024704345611367046,0.0372023513597262,0.05629491077857813,0.013659146788587264,0.018873439946027176,0.016373608166279155,0.004065874356230103,0.0030576172775434716,0.004894926980316995,0.010154102252497361,0.8634964336910436,0.8603955626639324,0.8671068899078945,0.8968400050381992,0.731717961716152,0.8891415776975407,0.8514497384524605,9.969112396240234
