expl_var_class_0,expl_var_class_1,expl_var_class_2,expl_var_class_3,expl_var_class_4,expl_var_class_5,expl_var_mean,mae_class_0,mae_class_1,mae_class_2,mae_class_3,mae_class_4,mae_class_5,mae_mean,mse_class_0,mse_class_1,mse_class_2,mse_class_3,mse_class_4,mse_class_5,mse_mean,r2_class_0,r2_class_1,r2_class_2,r2_class_3,r2_class_4,r2_class_5,r2_mean,time
0.8845241482519188,0.8767149176338167,0.8808382847762907,0.8808353747462297,0.7853457755886082,0.870820557060362,0.8631798430095378,0.060749735751700146,0.09250603927134449,0.07694182588122307,0.03321481853617214,0.022038831874116642,0.04161578482652738,0.05451117269018065,0.011645092336089305,0.016725814373827974,0.014756126982828736,0.004804953760363027,0.002544130202418892,0.005733906465618843,0.009368337353524464,0.8836240170431834,0.8762812761572233,0.8802348518574709,0.8780879677328909,0.7767724425887585,0.8701406932188371,0.860856874766394,9.525308609008789
