expl_var_class_0,expl_var_class_1,expl_var_class_2,expl_var_class_3,expl_var_class_4,expl_var_class_5,expl_var_mean,mae_class_0,mae_class_1,mae_class_2,mae_class_3,mae_class_4,mae_class_5,mae_mean,mse_class_0,mse_class_1,mse_class_2,mse_class_3,mse_class_4,mse_class_5,mse_mean,r2_class_0,r2_class_1,r2_class_2,r2_class_3,r2_class_4,r2_class_5,r2_mean,time
0.8873445698846459,0.8701601706942657,0.8853737575596532,0.9003989572280748,0.7889597964974997,0.8855280399790928,0.8696275486405387,0.059918664259942106,0.0958256301759926,0.07842909310824805,0.030334734207407413,0.021253834817033548,0.03842080042652436,0.05403045949919134,0.011351207948986022,0.01758021816141254,0.014138763575115577,0.004001271450024503,0.002489312513063601,0.005054503000533216,0.009102546108189244,0.8865609696613103,0.8699613598958182,0.8852455582622465,0.8984791199971933,0.7815822667424419,0.8855275614089196,0.867892805994655,8.754835367202759
