expl_var_class_0,expl_var_class_1,expl_var_class_2,expl_var_class_3,expl_var_class_4,expl_var_class_5,expl_var_mean,mae_class_0,mae_class_1,mae_class_2,mae_class_3,mae_class_4,mae_class_5,mae_mean,mse_class_0,mse_class_1,mse_class_2,mse_class_3,mse_class_4,mse_class_5,mse_mean,r2_class_0,r2_class_1,r2_class_2,r2_class_3,r2_class_4,r2_class_5,r2_mean,time
0.8681778423764969,0.8556777553016368,0.8812061681974888,0.9117967133609721,0.7153183449532579,0.878853358940769,0.8518383638551036,0.06462490607750541,0.09884118193204039,0.08059371131427784,0.028808755485574798,0.026538721145032345,0.04053789330869495,0.05665752821052097,0.013290748582990508,0.019641881903698588,0.014645509891162535,0.0035345282017933623,0.003457708445481235,0.005354106810514809,0.009987413972606838,0.867178044970585,0.8547114951366067,0.881132653318919,0.9103214021036732,0.6966130861576436,0.8787422496312526,0.8481164885531133,8.722855567932129
