expl_var_class_0,expl_var_class_1,expl_var_class_2,expl_var_class_3,expl_var_class_4,expl_var_class_5,expl_var_mean,mae_class_0,mae_class_1,mae_class_2,mae_class_3,mae_class_4,mae_class_5,mae_mean,mse_class_0,mse_class_1,mse_class_2,mse_class_3,mse_class_4,mse_class_5,mse_mean,r2_class_0,r2_class_1,r2_class_2,r2_class_3,r2_class_4,r2_class_5,r2_mean,time
0.8624786473452442,0.8803317522948457,0.8867857058466087,0.8818471431200937,0.7500752642410313,0.8824418622570195,0.8573267291841405,0.06711458960540935,0.09232908774796353,0.07333138901529174,0.03181728643339865,0.022610506219877667,0.03833054624764173,0.05425556754493044,0.01382270213400855,0.016182133045876335,0.014128332604572769,0.004757209763767429,0.0029508351542771147,0.005200255444937837,0.009506911357906673,0.8618619327749575,0.8803028178632328,0.885330219144725,0.8792993358217034,0.7410872591401878,0.8822266161448952,0.8550180301482837,8.343928337097168
