expl_var_class_0,expl_var_class_1,expl_var_class_2,expl_var_class_3,expl_var_class_4,expl_var_class_5,expl_var_mean,mae_class_0,mae_class_1,mae_class_2,mae_class_3,mae_class_4,mae_class_5,mae_mean,mse_class_0,mse_class_1,mse_class_2,mse_class_3,mse_class_4,mse_class_5,mse_mean,r2_class_0,r2_class_1,r2_class_2,r2_class_3,r2_class_4,r2_class_5,r2_mean,time
0.8761301907050781,0.8773533547068022,0.8832249800824511,0.8820898526781243,0.7743541278619763,0.8797632568029937,0.8621526271395709,0.06348088328009288,0.09296483716992517,0.07770070103346575,0.03185818034431794,0.021033895564381965,0.04000218439532732,0.0545067802979185,0.012471399621717307,0.016596645279364167,0.014435887363285835,0.004743156370724394,0.0026521283199715993,0.005309819155713781,0.009368172685129515,0.8753662617747842,0.8772367235375311,0.8828340125668015,0.8796559006902892,0.7672964511621477,0.8797452593918599,0.8603557681872355,9.326422214508057
