expl_var_class_0,expl_var_class_1,expl_var_class_2,expl_var_class_3,expl_var_class_4,expl_var_class_5,expl_var_mean,mae_class_0,mae_class_1,mae_class_2,mae_class_3,mae_class_4,mae_class_5,mae_mean,mse_class_0,mse_class_1,mse_class_2,mse_class_3,mse_class_4,mse_class_5,mse_mean,r2_class_0,r2_class_1,r2_class_2,r2_class_3,r2_class_4,r2_class_5,r2_mean,time
0.8666497437901506,0.8740837860742353,0.8876158801837026,0.8867887967348137,0.7542069698270234,0.8842769631986134,0.8589370233014231,0.06633903387473915,0.09306423496785889,0.07624239117923491,0.0326226841974963,0.0232380950587973,0.037410170688674436,0.054819434994466835,0.013388437784825142,0.01706751398070833,0.01390035430619996,0.0045851450708886505,0.0029337596713003224,0.005113356992753257,0.009498094634445942,0.8662017816177785,0.8737537675794068,0.8871805593261068,0.8836649879042081,0.7425854994239997,0.8841946588447036,0.8562635424493671,10.33682632446289
