expl_var_class_0,expl_var_class_1,expl_var_class_2,expl_var_class_3,expl_var_class_4,expl_var_class_5,expl_var_mean,mae_class_0,mae_class_1,mae_class_2,mae_class_3,mae_class_4,mae_class_5,mae_mean,mse_class_0,mse_class_1,mse_class_2,mse_class_3,mse_class_4,mse_class_5,mse_mean,r2_class_0,r2_class_1,r2_class_2,r2_class_3,r2_class_4,r2_class_5,r2_mean,time
0.8640465403192267,0.8681377207703409,0.8789972284624809,0.8935425016992897,0.7547235526731837,0.881128406150793,0.8567626583458859,0.060750805608265034,0.09633414976652203,0.08174671687606508,0.030649774220683802,0.024639274533279312,0.03857840394642655,0.05544985415854029,0.013836554947509301,0.017913033670676037,0.01490942887648319,0.004263373018650768,0.0029707572849499674,0.005253465734641616,0.009857768922151813,0.8617234937878426,0.8674995658593142,0.8789906077529426,0.8918290383345528,0.7393392477513444,0.8810215299831327,0.8534005805781882,4.876649856567383
