expl_var_class_0,expl_var_class_1,expl_var_class_2,expl_var_class_3,expl_var_class_4,expl_var_class_5,expl_var_mean,mae_class_0,mae_class_1,mae_class_2,mae_class_3,mae_class_4,mae_class_5,mae_mean,mse_class_0,mse_class_1,mse_class_2,mse_class_3,mse_class_4,mse_class_5,mse_mean,r2_class_0,r2_class_1,r2_class_2,r2_class_3,r2_class_4,r2_class_5,r2_mean,time
0.8671233622963461,0.8861012195586322,0.9014898995965916,0.8774405688794439,0.7619544583756427,0.8900319031648816,0.8640235686452563,0.06722354783865007,0.0883092886687029,0.07046496260964796,0.03251554551821873,0.02131349759581011,0.037139119254188634,0.05282766024753641,0.013309588405384034,0.015423279508077968,0.01224052295767324,0.004940996739774019,0.002797802445560936,0.004856427706225614,0.008928102960449304,0.8669897679877583,0.885915961067004,0.9006522479053148,0.8746362641530393,0.7545146842532025,0.8900134944396539,0.8621204033009954,7.577719211578369
