expl_var_class_0,expl_var_class_1,expl_var_class_2,expl_var_class_3,expl_var_class_4,expl_var_class_5,expl_var_mean,mae_class_0,mae_class_1,mae_class_2,mae_class_3,mae_class_4,mae_class_5,mae_mean,mse_class_0,mse_class_1,mse_class_2,mse_class_3,mse_class_4,mse_class_5,mse_mean,r2_class_0,r2_class_1,r2_class_2,r2_class_3,r2_class_4,r2_class_5,r2_mean,time
0.8619032385533577,0.8679377318953562,0.8905724140038064,0.9191043148365551,0.7184639614479751,0.8784717718919504,0.8560755721048334,0.06644634471427038,0.0959113837423577,0.07463716563071698,0.025402877556761422,0.025147261227411,0.03989258465917349,0.05457293625511517,0.01385783612329469,0.01786224835165644,0.013551495017453907,0.0031963590933000445,0.0033760320665349557,0.005369003966692344,0.009535495769822063,0.8615108189820941,0.8678752184116278,0.8900120058463346,0.9189014811892338,0.7037795505756353,0.8784048645717255,0.8534139899294418,10.590393304824829
