expl_var_class_0,expl_var_class_1,expl_var_class_2,expl_var_class_3,expl_var_class_4,expl_var_class_5,expl_var_mean,mae_class_0,mae_class_1,mae_class_2,mae_class_3,mae_class_4,mae_class_5,mae_mean,mse_class_0,mse_class_1,mse_class_2,mse_class_3,mse_class_4,mse_class_5,mse_mean,r2_class_0,r2_class_1,r2_class_2,r2_class_3,r2_class_4,r2_class_5,r2_mean,time
0.8611947233469336,0.8716830575581977,0.8840530086103409,0.8927791139051704,0.7767759942321676,0.8846247082811303,0.8618517676556569,0.06759737252354289,0.09582292288974398,0.07735510177845814,0.03183604130667075,0.02206221198417884,0.03938000575887362,0.05567560937357804,0.013937125260628121,0.01740767877383473,0.014354597412623123,0.004343391807110645,0.0026412367421703538,0.005099521288172912,0.009630591880756647,0.8607184378631931,0.8712376118239242,0.8834937861642331,0.8897987892193234,0.7682521020587154,0.8845080045569864,0.8596681219477293,9.545757532119751
