expl_var_class_0,expl_var_class_1,expl_var_class_2,expl_var_class_3,expl_var_class_4,expl_var_class_5,expl_var_mean,mae_class_0,mae_class_1,mae_class_2,mae_class_3,mae_class_4,mae_class_5,mae_mean,mse_class_0,mse_class_1,mse_class_2,mse_class_3,mse_class_4,mse_class_5,mse_mean,r2_class_0,r2_class_1,r2_class_2,r2_class_3,r2_class_4,r2_class_5,r2_mean,time
0.8674479194824336,0.8605867125734521,0.8775425258968879,0.9121820016509439,0.7721997696504378,0.890526129147747,0.8634141764003171,0.06536400748994373,0.09957286877112655,0.0786033308259985,0.027807521526315035,0.021460877366067204,0.03722871674663263,0.055006220454347284,0.013323334891590632,0.018847599355620324,0.015176259166178312,0.003510132732166037,0.0026912985941745337,0.004833908018661019,0.009730422126398476,0.8668523915893301,0.8605867022280234,0.8768249331683149,0.9109403677438654,0.763859565492878,0.8905235116562935,0.8615979119797843,7.660150766372681
