expl_var_class_0,expl_var_class_1,expl_var_class_2,expl_var_class_3,expl_var_class_4,expl_var_class_5,expl_var_mean,mae_class_0,mae_class_1,mae_class_2,mae_class_3,mae_class_4,mae_class_5,mae_mean,mse_class_0,mse_class_1,mse_class_2,mse_class_3,mse_class_4,mse_class_5,mse_mean,r2_class_0,r2_class_1,r2_class_2,r2_class_3,r2_class_4,r2_class_5,r2_mean,time
0.8750714892316694,0.860837361761455,0.8830689077536809,0.9004720301770811,0.727461488449097,0.8814153307527188,0.8547211013542837,0.06390505178659157,0.09839560600415322,0.07887404292167637,0.03034052156553389,0.02458695906133599,0.038455234199446964,0.05575956925645634,0.012574414068298602,0.018847625496199456,0.014442683428894623,0.0039955401019931445,0.003260037422721582,0.00523639493808602,0.009726115909365571,0.8743367802443975,0.8605865088694807,0.8827788536619364,0.8986245366486285,0.7139571747344255,0.8814081428133567,0.8519486661620377,12.908964395523071
