expl_var_class_0,expl_var_class_1,expl_var_class_2,expl_var_class_3,expl_var_class_4,expl_var_class_5,expl_var_mean,mae_class_0,mae_class_1,mae_class_2,mae_class_3,mae_class_4,mae_class_5,mae_mean,mse_class_0,mse_class_1,mse_class_2,mse_class_3,mse_class_4,mse_class_5,mse_mean,r2_class_0,r2_class_1,r2_class_2,r2_class_3,r2_class_4,r2_class_5,r2_mean,time
0.8729822790208053,0.8808463553451045,0.8911632257762533,0.9053285631427581,0.7227602667003501,0.8770986011833296,0.8583632151947668,0.061849335761670385,0.09279201505674088,0.07365925471632363,0.03101463076481374,0.023795314990230087,0.03990551333408189,0.053836010770643435,0.012858004779763958,0.01612464550813987,0.01350704421748701,0.003826371403534918,0.0032925887925588653,0.005449324620743699,0.009176329887038053,0.8715026981391037,0.880728045875852,0.8903727818581758,0.9029167111113992,0.7111010462342968,0.8765857933123912,0.8555345127552031,8.527542114257812
