expl_var_class_0,expl_var_class_1,expl_var_class_2,expl_var_class_3,expl_var_class_4,expl_var_class_5,expl_var_mean,mae_class_0,mae_class_1,mae_class_2,mae_class_3,mae_class_4,mae_class_5,mae_mean,mse_class_0,mse_class_1,mse_class_2,mse_class_3,mse_class_4,mse_class_5,mse_mean,r2_class_0,r2_class_1,r2_class_2,r2_class_3,r2_class_4,r2_class_5,r2_mean,time
0.8587719837259323,0.85752210123367,0.8760048140387139,0.9100704847692054,0.7837812475995207,0.8726580213170259,0.8598014421140113,0.06686630145534916,0.1008233936904934,0.07933015254559378,0.027774942608060058,0.021094048741657514,0.04185816224878423,0.056291166881656356,0.014250561189526069,0.019262240481995867,0.015387304602273945,0.0035778185754996466,0.002545597285708674,0.005673990937728009,0.010116252178788702,0.8575860956484013,0.8575196544980076,0.875112025170965,0.9092230320257607,0.7766437174869593,0.871497637034364,0.857930360310743,6.7993292808532715
