expl_var_class_0,expl_var_class_1,expl_var_class_2,expl_var_class_3,expl_var_class_4,expl_var_class_5,expl_var_mean,mae_class_0,mae_class_1,mae_class_2,mae_class_3,mae_class_4,mae_class_5,mae_mean,mse_class_0,mse_class_1,mse_class_2,mse_class_3,mse_class_4,mse_class_5,mse_mean,r2_class_0,r2_class_1,r2_class_2,r2_class_3,r2_class_4,r2_class_5,r2_mean,time
0.87003927047333,0.8820329206993373,0.8754115302676728,0.8891098501680351,0.7740044383195174,0.870825276467468,0.8602372143992266,0.06057738301716773,0.09111146645394756,0.08011637363908088,0.03322913658271722,0.022316309638581052,0.0415548268540433,0.05481758269758963,0.01322847826348405,0.016021977083067785,0.015365947716509133,0.004493346040867963,0.00268324118775741,0.005740219770907732,0.00958886834376568,0.8678003474334982,0.8814874711716834,0.8752853640552442,0.8859941271359508,0.7645665399833558,0.8699977119105041,0.8575219269483728,8.473458051681519
