expl_var_class_0,expl_var_class_1,expl_var_class_2,expl_var_class_3,expl_var_class_4,expl_var_class_5,expl_var_mean,mae_class_0,mae_class_1,mae_class_2,mae_class_3,mae_class_4,mae_class_5,mae_mean,mse_class_0,mse_class_1,mse_class_2,mse_class_3,mse_class_4,mse_class_5,mse_mean,r2_class_0,r2_class_1,r2_class_2,r2_class_3,r2_class_4,r2_class_5,r2_mean,time
0.8667382905675602,0.8792987271974374,0.8943278081637922,0.9064816209363561,0.7444635672156392,0.8865323765295189,0.862973731768384,0.06516011074687117,0.09227635427363957,0.07272295647596766,0.030088716373601262,0.02698887777500224,0.03785180235125737,0.054181469666056546,0.013442591600619197,0.016344539798203085,0.013112915445986957,0.0037523849779085984,0.003144905693404682,0.0050133568868722354,0.00913511573383246,0.8656605919593364,0.8791015157506878,0.8935716490650565,0.9047939061809315,0.7240590848848999,0.886459422754896,0.8589410284326346,5.04246187210083
