expl_var_class_0,expl_var_class_1,expl_var_class_2,expl_var_class_3,expl_var_class_4,expl_var_class_5,expl_var_mean,mae_class_0,mae_class_1,mae_class_2,mae_class_3,mae_class_4,mae_class_5,mae_mean,mse_class_0,mse_class_1,mse_class_2,mse_class_3,mse_class_4,mse_class_5,mse_mean,r2_class_0,r2_class_1,r2_class_2,r2_class_3,r2_class_4,r2_class_5,r2_mean,time
0.858675319799731,0.8735131831500391,0.9016665207380683,0.8880710158169668,0.7717779680355358,0.8858406177377729,0.8632574375463523,0.06975098331660512,0.0943693759809131,0.07164251626615999,0.030435405437883655,0.021026923473594403,0.03814444494650935,0.054228274903610936,0.014147456759431352,0.017137072357523417,0.01218120242052044,0.004494131136669038,0.0026754583851994057,0.005041895247517995,0.009279536051143608,0.8586164764348454,0.8732392531037707,0.9011337111597492,0.8859742075634831,0.7652494201296571,0.8858130969467667,0.8616710275563787,10.099891662597656
