expl_var_class_0,expl_var_class_1,expl_var_class_2,expl_var_class_3,expl_var_class_4,expl_var_class_5,expl_var_mean,mae_class_0,mae_class_1,mae_class_2,mae_class_3,mae_class_4,mae_class_5,mae_mean,mse_class_0,mse_class_1,mse_class_2,mse_class_3,mse_class_4,mse_class_5,mse_mean,r2_class_0,r2_class_1,r2_class_2,r2_class_3,r2_class_4,r2_class_5,r2_mean,time
0.8696248931963938,0.8707432243321551,0.891372344914956,0.89421388664371,0.7888787808595734,0.8909548869800703,0.8676313361544764,0.06362569189985762,0.09485189419616342,0.07557928084200057,0.030690055316644867,0.021818932854277075,0.03691650765749318,0.053913727127739446,0.013148679417369677,0.017495028297356614,0.01340081373281706,0.004248578981200541,0.0025047615415925966,0.004814863138031562,0.009268787518061343,0.8685978223600472,0.8705914984965331,0.8912349803028324,0.8922043949479445,0.7802267351349694,0.8909548327828414,0.8656350440041947,6.327360153198242
