expl_var_class_0,expl_var_class_1,expl_var_class_2,expl_var_class_3,expl_var_class_4,expl_var_class_5,expl_var_mean,mae_class_0,mae_class_1,mae_class_2,mae_class_3,mae_class_4,mae_class_5,mae_mean,mse_class_0,mse_class_1,mse_class_2,mse_class_3,mse_class_4,mse_class_5,mse_mean,r2_class_0,r2_class_1,r2_class_2,r2_class_3,r2_class_4,r2_class_5,r2_mean,time
0.8731332358393133,0.8651203265820131,0.88747099889158,0.9145026010639776,0.7739608483100209,0.8768538925928107,0.8651736505466193,0.06502011711379044,0.09647997428694378,0.07617837222507491,0.02697794623355908,0.02099323580937279,0.04047898010601739,0.05435477096245974,0.012724533541822292,0.018273662473066873,0.013918438698176801,0.003405176394246996,0.002656818913739365,0.0054542758928020855,0.009405484318975735,0.8728365515825657,0.8648320404273354,0.8870337809819862,0.913603336232881,0.7668848881892342,0.8764736588084466,0.8636107093704082,7.661574125289917
