expl_var_class_0,expl_var_class_1,expl_var_class_2,expl_var_class_3,expl_var_class_4,expl_var_class_5,expl_var_mean,mae_class_0,mae_class_1,mae_class_2,mae_class_3,mae_class_4,mae_class_5,mae_mean,mse_class_0,mse_class_1,mse_class_2,mse_class_3,mse_class_4,mse_class_5,mse_mean,r2_class_0,r2_class_1,r2_class_2,r2_class_3,r2_class_4,r2_class_5,r2_mean,time
0.8780363612333674,0.8827840184348257,0.8924687009289284,0.9121893442601952,0.753447251076881,0.8835800829269483,0.8670842931435243,0.06115970869008261,0.0904335142233796,0.07616975226652588,0.027771753336891903,0.024031022941888493,0.03895558093570729,0.05308688873241263,0.012332251913667585,0.01587101080069742,0.013267914215301086,0.0035088406730748966,0.0029584106162154453,0.0051427744341595435,0.008846867108852663,0.8767568433891771,0.8826041495815177,0.8923136326092196,0.910973150067581,0.7404225715140798,0.8835284239538483,0.8644331285192371,11.679107904434204
