expl_var_class_0,expl_var_class_1,expl_var_class_2,expl_var_class_3,expl_var_class_4,expl_var_class_5,expl_var_mean,mae_class_0,mae_class_1,mae_class_2,mae_class_3,mae_class_4,mae_class_5,mae_mean,mse_class_0,mse_class_1,mse_class_2,mse_class_3,mse_class_4,mse_class_5,mse_mean,r2_class_0,r2_class_1,r2_class_2,r2_class_3,r2_class_4,r2_class_5,r2_mean,time
0.8575447503131777,0.862921464531615,0.8884400137435577,0.8845569102868037,0.7297585688425754,0.8851997910294858,0.8514035831245358,0.0689534889350874,0.09699544085041281,0.0764837853730278,0.031944614403520054,0.02433877485723413,0.03787677532656235,0.056098813290974096,0.014270566612526027,0.01861212097437421,0.013783001158224225,0.004639834033097905,0.003227011823050028,0.005075318848389514,0.009934642241610317,0.857386170160574,0.8623285058956474,0.888133032638966,0.882277411070377,0.7168549131991131,0.8850561320982239,0.8486726941771502,10.512458801269531
