expl_var_class_0,expl_var_class_1,expl_var_class_2,expl_var_class_3,expl_var_class_4,expl_var_class_5,expl_var_mean,mae_class_0,mae_class_1,mae_class_2,mae_class_3,mae_class_4,mae_class_5,mae_mean,mse_class_0,mse_class_1,mse_class_2,mse_class_3,mse_class_4,mse_class_5,mse_mean,r2_class_0,r2_class_1,r2_class_2,r2_class_3,r2_class_4,r2_class_5,r2_mean,time
0.8828197612308142,0.8649490190474066,0.8827774220027278,0.8923125578882535,0.7788105034552886,0.8842411013440351,0.8643183941614209,0.061583223836123205,0.09589052858807239,0.07669812428874254,0.03126468499670756,0.02154181738794268,0.03835240930137015,0.054221798066493083,0.011793493880831927,0.01826464698615574,0.014535213577069835,0.004321132842860501,0.002612926743729978,0.005115723690618025,0.009440522953544334,0.8821409566136658,0.864898726838564,0.8820278512534624,0.8903635471136202,0.7707360833408654,0.8841410587823514,0.8623847039904214,5.506683349609375
