expl_var_class_0,expl_var_class_1,expl_var_class_2,expl_var_class_3,expl_var_class_4,expl_var_class_5,expl_var_mean,mae_class_0,mae_class_1,mae_class_2,mae_class_3,mae_class_4,mae_class_5,mae_mean,mse_class_0,mse_class_1,mse_class_2,mse_class_3,mse_class_4,mse_class_5,mse_mean,r2_class_0,r2_class_1,r2_class_2,r2_class_3,r2_class_4,r2_class_5,r2_mean,time
0.8635972802824448,0.8674019267259487,0.8897505579545137,0.9009856990625147,0.7100970459375455,0.8894130475843662,0.8535409262578889,0.06560081553024667,0.09729875327571737,0.07679745954416325,0.02820136861738505,0.024906473692624213,0.037571245622493366,0.055062686047104986,0.013705726476103462,0.01795230196475571,0.013615486606100548,0.00393359087057392,0.0034663222820787406,0.004882942423832131,0.009592728437240752,0.86303093657311,0.8672091032771979,0.8894926309383346,0.9001963221592413,0.6958572892641621,0.8894129993202224,0.8508665469220446,9.907378673553467
