expl_var_class_0,expl_var_class_1,expl_var_class_2,expl_var_class_3,expl_var_class_4,expl_var_class_5,expl_var_mean,mae_class_0,mae_class_1,mae_class_2,mae_class_3,mae_class_4,mae_class_5,mae_mean,mse_class_0,mse_class_1,mse_class_2,mse_class_3,mse_class_4,mse_class_5,mse_mean,r2_class_0,r2_class_1,r2_class_2,r2_class_3,r2_class_4,r2_class_5,r2_mean,time
0.8439266742746176,0.8772997519303222,0.8892216595242016,0.8846458868555942,0.7637091879804043,0.825958188194083,0.8474602247932038,0.06768554744769015,0.09391332256437769,0.07526182064513293,0.0312061102317726,0.021766488857139936,0.045192448669109736,0.05583762306920385,0.01577863838340728,0.016647945629276937,0.013677546483757363,0.004596705164542966,0.0027882571267383795,0.007764731424216315,0.010208970701989874,0.8423151574420376,0.8768572613671374,0.8889889343755493,0.883371683414533,0.7553522114377171,0.8241473511755624,0.8451720998687561,5.493188858032227
