expl_var_class_0,expl_var_class_1,expl_var_class_2,expl_var_class_3,expl_var_class_4,expl_var_class_5,expl_var_mean,mae_class_0,mae_class_1,mae_class_2,mae_class_3,mae_class_4,mae_class_5,mae_mean,mse_class_0,mse_class_1,mse_class_2,mse_class_3,mse_class_4,mse_class_5,mse_mean,r2_class_0,r2_class_1,r2_class_2,r2_class_3,r2_class_4,r2_class_5,r2_mean,time
0.875902992303362,0.870200652148023,0.8850662274685502,0.8960172583541532,0.7918757367842452,0.8795613525142272,0.8664373699287601,0.060805914666486785,0.09513251643686536,0.07708366817512836,0.030090970709397084,0.021102213792900545,0.03933294909814056,0.053924705479819784,0.012563104846767845,0.017564363805766186,0.014196913516092343,0.004166256199730357,0.002453750159285741,0.005341361749678344,0.009380958379553469,0.8744497996807518,0.8700786325501761,0.8847735959171362,0.8942931013312818,0.7847025855697088,0.8790308948637884,0.8645547683188072,10.671594858169556
