expl_var_class_0,expl_var_class_1,expl_var_class_2,expl_var_class_3,expl_var_class_4,expl_var_class_5,expl_var_mean,mae_class_0,mae_class_1,mae_class_2,mae_class_3,mae_class_4,mae_class_5,mae_mean,mse_class_0,mse_class_1,mse_class_2,mse_class_3,mse_class_4,mse_class_5,mse_mean,r2_class_0,r2_class_1,r2_class_2,r2_class_3,r2_class_4,r2_class_5,r2_mean,time
0.8661575958669818,0.8519543004667215,0.8733385449872582,0.9023828945719653,0.7458017002950774,0.8810132611067114,0.8534413828824525,0.06209699381762741,0.10202153448939524,0.08043528142092003,0.030520459462946004,0.024540693674052688,0.039529925730804015,0.056524148099290905,0.013589672156763832,0.020014982630315512,0.0156576224605999,0.0039023468117888468,0.003045182561827986,0.00525883642690196,0.01024477384136634,0.8641907329147567,0.8519517164657345,0.8729180444343088,0.9009890512660608,0.7328090109138825,0.8808998966118796,0.8506264087677704,12.58685040473938
