expl_var_class_0,expl_var_class_1,expl_var_class_2,expl_var_class_3,expl_var_class_4,expl_var_class_5,expl_var_mean,mae_class_0,mae_class_1,mae_class_2,mae_class_3,mae_class_4,mae_class_5,mae_mean,mse_class_0,mse_class_1,mse_class_2,mse_class_3,mse_class_4,mse_class_5,mse_mean,r2_class_0,r2_class_1,r2_class_2,r2_class_3,r2_class_4,r2_class_5,r2_mean,time
0.8653788871442667,0.8631368401743142,0.8582953466193943,0.8999452134723191,0.7872245612964717,0.8765649756630177,0.8584243040616307,0.06032281869641637,0.09836742229349696,0.08648371340094613,0.029279807903670484,0.021496013443353904,0.04037868803290465,0.05605474396179808,0.013733645149771906,0.018521325932620136,0.01746088018585057,0.003994001292074996,0.0025223549392727976,0.0054733644687769666,0.010284261994727895,0.8627519295032436,0.8630001052836355,0.8582822644050965,0.8986635795726087,0.7786830518804795,0.8760413480865329,0.8562370464552661,4.7973952293396
