expl_var_class_0,expl_var_class_1,expl_var_class_2,expl_var_class_3,expl_var_class_4,expl_var_class_5,expl_var_mean,mae_class_0,mae_class_1,mae_class_2,mae_class_3,mae_class_4,mae_class_5,mae_mean,mse_class_0,mse_class_1,mse_class_2,mse_class_3,mse_class_4,mse_class_5,mse_mean,r2_class_0,r2_class_1,r2_class_2,r2_class_3,r2_class_4,r2_class_5,r2_mean,time
0.8527851898372795,0.8824962302900742,0.899933590855611,0.8979311439640736,0.7386747137981398,0.8830064759150945,0.859137890776712,0.06808003030114143,0.09090385540654912,0.07316135134933324,0.029319654339528666,0.02406868750529081,0.03821096202082094,0.05395742348711071,0.014782086183962144,0.015924970515269494,0.012356617589176713,0.004081887828245159,0.0031311139802973017,0.005167696173732627,0.009240728711780572,0.8522742662606759,0.8822050164286218,0.8997099890892484,0.8964337087418409,0.7252692000065828,0.8829640059878165,0.8564760310857977,8.00994610786438
