expl_var_class_0,expl_var_class_1,expl_var_class_2,expl_var_class_3,expl_var_class_4,expl_var_class_5,expl_var_mean,mae_class_0,mae_class_1,mae_class_2,mae_class_3,mae_class_4,mae_class_5,mae_mean,mse_class_0,mse_class_1,mse_class_2,mse_class_3,mse_class_4,mse_class_5,mse_mean,r2_class_0,r2_class_1,r2_class_2,r2_class_3,r2_class_4,r2_class_5,r2_mean,time
0.868619723922531,0.8120987459153208,0.8436780581933013,0.9146385707560171,0.7637325097633393,0.8715255819940599,0.8457155317574284,0.06343188255727453,0.11331063479343845,0.09266661586245604,0.02786014977075623,0.02225871134302292,0.04014947453114971,0.059946244809682976,0.013236110927013451,0.025594621196462743,0.019284263228682142,0.0033971043495305427,0.0027950585030672077,0.00567941624167013,0.011664429074404369,0.8677240699171698,0.8106798389069446,0.8434831412680146,0.9138081414037553,0.7547554437787839,0.8713747668387608,0.8436375670189049,5.203983783721924
