expl_var_class_0,expl_var_class_1,expl_var_class_2,expl_var_class_3,expl_var_class_4,expl_var_class_5,expl_var_mean,mae_class_0,mae_class_1,mae_class_2,mae_class_3,mae_class_4,mae_class_5,mae_mean,mse_class_0,mse_class_1,mse_class_2,mse_class_3,mse_class_4,mse_class_5,mse_mean,r2_class_0,r2_class_1,r2_class_2,r2_class_3,r2_class_4,r2_class_5,r2_mean,time
0.8746117212445617,0.8738964836452634,0.8716098729380464,0.884151360179589,0.7521742055382356,0.8801938168346111,0.8561062433967178,0.059754441538800426,0.09279270044995565,0.08226468232244842,0.03141126674599583,0.02264260591587984,0.03986651524652446,0.05478870203660077,0.012779891422327714,0.017063388724637404,0.015834263063776693,0.004642222288817644,0.0029394177184263477,0.005303247767108975,0.009760405164182464,0.8722833290256041,0.8737842815744334,0.8714843763700483,0.8822168158757325,0.7420890499740228,0.8798940856718013,0.8536253230819404,10.985247611999512
