expl_var_class_0,expl_var_class_1,expl_var_class_2,expl_var_class_3,expl_var_class_4,expl_var_class_5,expl_var_mean,mae_class_0,mae_class_1,mae_class_2,mae_class_3,mae_class_4,mae_class_5,mae_mean,mse_class_0,mse_class_1,mse_class_2,mse_class_3,mse_class_4,mse_class_5,mse_mean,r2_class_0,r2_class_1,r2_class_2,r2_class_3,r2_class_4,r2_class_5,r2_mean,time
0.877284846070389,0.8612612198480861,0.8773932813254043,0.9016269469440652,0.7668802436488913,0.8792471229001351,0.8606156101228284,0.061792209863620676,0.09992966200814102,0.07974800631814755,0.030509264693689694,0.022611425127473054,0.03763599326617541,0.055371093546207895,0.012374416988810689,0.018769837483970188,0.01513436610244228,0.00395129198356366,0.0027715805362226215,0.005332177177929941,0.009722278378823229,0.8763354639853385,0.8611618969126681,0.8771649498265023,0.8997472067742462,0.7568154520231404,0.8792389035098103,0.8584106455052843,7.614790439605713
