expl_var_class_0,expl_var_class_1,expl_var_class_2,expl_var_class_3,expl_var_class_4,expl_var_class_5,expl_var_mean,mae_class_0,mae_class_1,mae_class_2,mae_class_3,mae_class_4,mae_class_5,mae_mean,mse_class_0,mse_class_1,mse_class_2,mse_class_3,mse_class_4,mse_class_5,mse_mean,r2_class_0,r2_class_1,r2_class_2,r2_class_3,r2_class_4,r2_class_5,r2_mean,time
0.8615410629812227,0.8651868205905826,0.892394122494085,0.899365639608238,0.7714465264956937,0.8787240629686082,0.8614430391897384,0.06699540247743146,0.09755776096023652,0.07695214938902717,0.02868307712217763,0.022230114510799964,0.03900057501547846,0.05523651324585854,0.0139297446010394,0.018317236611667852,0.013258050910893684,0.004006687949263252,0.002705094451664303,0.00535927767966742,0.009596015367365986,0.8607921969618518,0.8645097280603694,0.8923936861432467,0.898341691738171,0.7626490867340052,0.878625141776836,0.8595519219024134,8.215171098709106
