expl_var_class_0,expl_var_class_1,expl_var_class_2,expl_var_class_3,expl_var_class_4,expl_var_class_5,expl_var_mean,mae_class_0,mae_class_1,mae_class_2,mae_class_3,mae_class_4,mae_class_5,mae_mean,mse_class_0,mse_class_1,mse_class_2,mse_class_3,mse_class_4,mse_class_5,mse_mean,r2_class_0,r2_class_1,r2_class_2,r2_class_3,r2_class_4,r2_class_5,r2_mean,time
0.8484514199849711,0.8657094869437408,0.8881153319254355,0.8954189981217919,0.7881788326617919,0.8821067228919236,0.8613301320882759,0.06826755974645053,0.09747521536354317,0.07801108964380297,0.03012521283094954,0.020754205318753393,0.038917335323877505,0.055591769704562845,0.015285132805869014,0.01816287433597877,0.013799514775352826,0.004175291261521222,0.0024882895449121283,0.005208249833495815,0.009853225426188295,0.8472470373295589,0.865651526201308,0.8879990031741832,0.8940638623417895,0.7816720242090784,0.8820455623096952,0.8597798359276023,7.2488322257995605
