expl_var_class_0,expl_var_class_1,expl_var_class_2,expl_var_class_3,expl_var_class_4,expl_var_class_5,expl_var_mean,mae_class_0,mae_class_1,mae_class_2,mae_class_3,mae_class_4,mae_class_5,mae_mean,mse_class_0,mse_class_1,mse_class_2,mse_class_3,mse_class_4,mse_class_5,mse_mean,r2_class_0,r2_class_1,r2_class_2,r2_class_3,r2_class_4,r2_class_5,r2_mean,time
0.6316621916929035,0.6750962046845859,0.6911453210811049,0.6097959015882373,0.5070390216216816,0.7186386808704422,0.6388962202564926,0.09950998038152517,0.1570154515535687,0.13161222341405945,0.062328657231488546,0.033108079363880404,0.058716798469190985,0.09038186506895222,0.037818856501908846,0.04392915511411024,0.038053943681748505,0.015839171503948923,0.005851242620080238,0.012476838318856664,0.02566153462344223,0.6220548130758348,0.6750616209926733,0.6911427905333467,0.5981260832512558,0.4865991541395156,0.7174293678101515,0.631735638300463,4.158880710601807
