expl_var_class_0,expl_var_class_1,expl_var_class_2,expl_var_class_3,expl_var_class_4,expl_var_class_5,expl_var_mean,mae_class_0,mae_class_1,mae_class_2,mae_class_3,mae_class_4,mae_class_5,mae_mean,mse_class_0,mse_class_1,mse_class_2,mse_class_3,mse_class_4,mse_class_5,mse_mean,r2_class_0,r2_class_1,r2_class_2,r2_class_3,r2_class_4,r2_class_5,r2_mean,time
0.8624734872340037,0.8868986548619553,0.9001183431074173,0.8910813674933794,0.7584906019581605,0.8824662293698061,0.8635881140041204,0.06445551570228616,0.08864304986462987,0.07223910509222979,0.032054280565378894,0.024685037699376217,0.03984259923786835,0.05365326469362822,0.013921514770661201,0.01538559357642831,0.012335514902344453,0.0043920439005594196,0.0029074924788038184,0.005218827649479738,0.009026831213046156,0.8608744423036824,0.8861947191152708,0.8998812648188224,0.8885643807562665,0.7448902404374393,0.8818060000044557,0.8603685079059895,4.82631778717041
