expl_var_class_0,expl_var_class_1,expl_var_class_2,expl_var_class_3,expl_var_class_4,expl_var_class_5,expl_var_mean,mae_class_0,mae_class_1,mae_class_2,mae_class_3,mae_class_4,mae_class_5,mae_mean,mse_class_0,mse_class_1,mse_class_2,mse_class_3,mse_class_4,mse_class_5,mse_mean,r2_class_0,r2_class_1,r2_class_2,r2_class_3,r2_class_4,r2_class_5,r2_mean,time
0.8708495088121992,0.8809108901354434,0.883427650928456,0.8898123751603072,0.7783853547099577,0.880401055584066,0.8639644725550717,0.06037945751780416,0.09091643633861453,0.07904179139939321,0.03135752785202483,0.024066623490006323,0.039876095785553976,0.054272988730566164,0.013129652545625413,0.01619539836605258,0.014368122370580272,0.004444245509925496,0.0026728653127590075,0.005298958930560445,0.009351540505917204,0.8687879686326508,0.8802046959753003,0.8833840135528126,0.8872399134246701,0.7654769419862468,0.8799912175912752,0.8608474585271594,5.379828929901123
