expl_var_class_0,expl_var_class_1,expl_var_class_2,expl_var_class_3,expl_var_class_4,expl_var_class_5,expl_var_mean,mae_class_0,mae_class_1,mae_class_2,mae_class_3,mae_class_4,mae_class_5,mae_mean,mse_class_0,mse_class_1,mse_class_2,mse_class_3,mse_class_4,mse_class_5,mse_mean,r2_class_0,r2_class_1,r2_class_2,r2_class_3,r2_class_4,r2_class_5,r2_mean,time
0.873212723595038,0.8652997590634628,0.8743485393452242,0.912968872071344,0.7594338249236869,0.8848921548911837,0.8616926456483233,0.059604667730292396,0.09728922188355178,0.08137780260171493,0.029496255102617705,0.024313637228188998,0.03998483561893971,0.05534440336088426,0.01297908178163112,0.01823978145620151,0.015505233054622222,0.003510976064303632,0.002890121185273498,0.005121324285496935,0.00970775297125482,0.8702927072949704,0.8650826540043721,0.874154882515433,0.9109189705900326,0.7464144357872529,0.8840142186650773,0.8584796448095231,8.395275354385376
