expl_var_class_0,expl_var_class_1,expl_var_class_2,expl_var_class_3,expl_var_class_4,expl_var_class_5,expl_var_mean,mae_class_0,mae_class_1,mae_class_2,mae_class_3,mae_class_4,mae_class_5,mae_mean,mse_class_0,mse_class_1,mse_class_2,mse_class_3,mse_class_4,mse_class_5,mse_mean,r2_class_0,r2_class_1,r2_class_2,r2_class_3,r2_class_4,r2_class_5,r2_mean,time
0.8534114586049126,0.8634537878389545,0.878498642920511,0.8994893612922485,0.7576371132925428,0.8674601724575156,0.8533250894011141,0.068439811579686,0.097749465220214,0.07820808537197158,0.03140947569804258,0.02197887430057999,0.04116242231365847,0.05649135574735876,0.014708125771982179,0.01854368933474838,0.014998353235139815,0.004062113764770045,0.0028606450083643164,0.00585294744200416,0.010170979092834816,0.8530133944183278,0.8628346860394509,0.878268871012646,0.8969354193481565,0.7490007401230147,0.867444699001868,0.8512496349905773,4.905180931091309
