expl_var_class_0,expl_var_class_1,expl_var_class_2,expl_var_class_3,expl_var_class_4,expl_var_class_5,expl_var_mean,mae_class_0,mae_class_1,mae_class_2,mae_class_3,mae_class_4,mae_class_5,mae_mean,mse_class_0,mse_class_1,mse_class_2,mse_class_3,mse_class_4,mse_class_5,mse_mean,r2_class_0,r2_class_1,r2_class_2,r2_class_3,r2_class_4,r2_class_5,r2_mean,time
0.877303487146188,0.8706044208526663,0.8834120103372928,0.9107598280986862,0.7767277323629977,0.8925334048785949,0.868556813946071,0.061320333438183355,0.09620147173765865,0.0780600986875321,0.02846186681975496,0.02183555394472215,0.03779934680873303,0.053946445239430714,0.012386049874577355,0.017504643798519265,0.014395330341083484,0.003562197721336436,0.002625901769500798,0.004758157626278439,0.009205380188549295,0.8762192099895222,0.8705203738561201,0.8831631855115679,0.9096193667610696,0.7695976261552173,0.8922390773883447,0.8668931399436404,8.56098198890686
