expl_var_class_0,expl_var_class_1,expl_var_class_2,expl_var_class_3,expl_var_class_4,expl_var_class_5,expl_var_mean,mae_class_0,mae_class_1,mae_class_2,mae_class_3,mae_class_4,mae_class_5,mae_mean,mse_class_0,mse_class_1,mse_class_2,mse_class_3,mse_class_4,mse_class_5,mse_mean,r2_class_0,r2_class_1,r2_class_2,r2_class_3,r2_class_4,r2_class_5,r2_mean,time
0.8586771455536388,0.8778250523122813,0.8915114794999672,0.9002277880837338,0.755183021544543,0.8872139704801745,0.8617730762457231,0.06999030718047895,0.09295908669899536,0.07266758856376246,0.030226511888161143,0.02270859476626173,0.03850135055127896,0.05450890660815644,0.01415411164384155,0.016542692628532897,0.013508264440403296,0.004011020809164331,0.0029012780102834514,0.004981276377239375,0.009349773984910817,0.8585499704173448,0.8776358044408338,0.8903628781633577,0.8982317577445442,0.7454355115195135,0.8871859697899914,0.8595669820125975,8.747313261032104
