expl_var_class_0,expl_var_class_1,expl_var_class_2,expl_var_class_3,expl_var_class_4,expl_var_class_5,expl_var_mean,mae_class_0,mae_class_1,mae_class_2,mae_class_3,mae_class_4,mae_class_5,mae_mean,mse_class_0,mse_class_1,mse_class_2,mse_class_3,mse_class_4,mse_class_5,mse_mean,r2_class_0,r2_class_1,r2_class_2,r2_class_3,r2_class_4,r2_class_5,r2_mean,time
0.8435485669597933,0.8676343038714913,0.8890577031028948,0.9016796394277308,0.7409261126788034,0.8752033249261552,0.8530082751611449,0.06990420803997029,0.09599899750498349,0.07568784405000502,0.02880581372383065,0.02475744245772828,0.04035277729514487,0.05591784717861043,0.01569790166375524,0.017946836558551123,0.013713362998883543,0.003919342965519785,0.0031274100783967875,0.005510650653290459,0.009985917486399489,0.843122005068406,0.8672495301924918,0.8886982368066664,0.9005578222167502,0.7255941884735081,0.8751969049302886,0.8500697812813519,5.865467548370361
