expl_var_class_0,expl_var_class_1,expl_var_class_2,expl_var_class_3,expl_var_class_4,expl_var_class_5,expl_var_mean,mae_class_0,mae_class_1,mae_class_2,mae_class_3,mae_class_4,mae_class_5,mae_mean,mse_class_0,mse_class_1,mse_class_2,mse_class_3,mse_class_4,mse_class_5,mse_mean,r2_class_0,r2_class_1,r2_class_2,r2_class_3,r2_class_4,r2_class_5,r2_mean,time
0.8691310914208548,0.8808604047950911,0.8933361112350418,0.9020733180718534,0.6692671688888256,0.895217176200038,0.8516475451019508,0.06276265768149436,0.09108693661317999,0.07328552341009172,0.02954034334494674,0.027339311755812525,0.03619105506771795,0.05336763797887389,0.013252774822550084,0.01611084942791934,0.013216110098031492,0.0039031113413845234,0.003971730073906749,0.004632250013484028,0.009181137629546038,0.8675575382000312,0.880830093728397,0.8927340903476496,0.9009696535025471,0.651511702407362,0.8950905845438925,0.8481156104549799,5.2626729011535645
