expl_var_class_0,expl_var_class_1,expl_var_class_2,expl_var_class_3,expl_var_class_4,expl_var_class_5,expl_var_mean,mae_class_0,mae_class_1,mae_class_2,mae_class_3,mae_class_4,mae_class_5,mae_mean,mse_class_0,mse_class_1,mse_class_2,mse_class_3,mse_class_4,mse_class_5,mse_mean,r2_class_0,r2_class_1,r2_class_2,r2_class_3,r2_class_4,r2_class_5,r2_mean,time
0.8505974871813188,0.8772327492912282,0.8932822535384738,0.8896594446060996,0.7686775422225535,0.882250257006745,0.8602832889744031,0.06451283581459778,0.0927710784856499,0.07603536084912046,0.03188233261199244,0.021792770691578655,0.039676962994932,0.05444522357464521,0.01512964785352534,0.016712332484572996,0.01314879679066437,0.004454841500486345,0.002726680833572793,0.005222421066077142,0.009565786754816497,0.848800886250783,0.8763809999791153,0.8932804253201101,0.8869710703082572,0.7607550502958557,0.8817246176883833,0.8579855083070842,7.462382793426514
