expl_var_class_0,expl_var_class_1,expl_var_class_2,expl_var_class_3,expl_var_class_4,expl_var_class_5,expl_var_mean,mae_class_0,mae_class_1,mae_class_2,mae_class_3,mae_class_4,mae_class_5,mae_mean,mse_class_0,mse_class_1,mse_class_2,mse_class_3,mse_class_4,mse_class_5,mse_mean,r2_class_0,r2_class_1,r2_class_2,r2_class_3,r2_class_4,r2_class_5,r2_mean,time
0.8666726987643614,0.8696444571208672,0.8782000606038664,0.8992912088889223,0.7650667861152759,0.8716443645812004,0.858419929345749,0.06187866464321671,0.09723650537617026,0.08069293039605656,0.0303223983426533,0.0228102945925025,0.04094800205668934,0.05564813256788145,0.013608288028748725,0.01765437479004069,0.015016363148147738,0.004030198416792301,0.0028094132585643468,0.00570037827442623,0.00980316931945334,0.8640046939948138,0.8694128327357469,0.878122697162154,0.8977451805085188,0.7534959260843611,0.8709000267887175,0.8556135595457187,7.016942501068115
