expl_var_class_0,expl_var_class_1,expl_var_class_2,expl_var_class_3,expl_var_class_4,expl_var_class_5,expl_var_mean,mae_class_0,mae_class_1,mae_class_2,mae_class_3,mae_class_4,mae_class_5,mae_mean,mse_class_0,mse_class_1,mse_class_2,mse_class_3,mse_class_4,mse_class_5,mse_mean,r2_class_0,r2_class_1,r2_class_2,r2_class_3,r2_class_4,r2_class_5,r2_mean,time
0.8734305216567891,0.8809024865771803,0.8912858540122687,0.9078955826613089,0.7582705809326573,0.8678908213598703,0.8632793078666791,0.06124639131661464,0.09185142829777282,0.07591270376014239,0.0276506348190715,0.02406264126338084,0.04165496814878332,0.053729794600960924,0.012877952599894152,0.016125983894075754,0.013419615320146218,0.003663338736966474,0.0029070695370371747,0.005875431439898705,0.00914489858800308,0.8713033483092787,0.8807181460051314,0.8910823809863307,0.9070532012210946,0.7449273502745875,0.8669354900711396,0.8603366528112605,10.248405933380127
