expl_var_class_0,expl_var_class_1,expl_var_class_2,expl_var_class_3,expl_var_class_4,expl_var_class_5,expl_var_mean,mae_class_0,mae_class_1,mae_class_2,mae_class_3,mae_class_4,mae_class_5,mae_mean,mse_class_0,mse_class_1,mse_class_2,mse_class_3,mse_class_4,mse_class_5,mse_mean,r2_class_0,r2_class_1,r2_class_2,r2_class_3,r2_class_4,r2_class_5,r2_mean,time
0.8606650348437912,0.8655615560026346,0.8845053198014934,0.8972595589877304,0.7531545185816955,0.882659501529758,0.8573009149578507,0.06537185126876463,0.09779074301808445,0.07800059122313474,0.030935943572893105,0.02398858928748705,0.038370301070205726,0.05574300324009495,0.014070491013932823,0.018190285115881635,0.014268767236361364,0.004123095043564082,0.0029483532996988186,0.005182677109112056,0.00979727813642513,0.8593856385872689,0.8654487721450138,0.8841904095930673,0.8953881928817219,0.7413050224979106,0.8826247235291697,0.854723793205692,6.395205497741699
