expl_var_class_0,expl_var_class_1,expl_var_class_2,expl_var_class_3,expl_var_class_4,expl_var_class_5,expl_var_mean,mae_class_0,mae_class_1,mae_class_2,mae_class_3,mae_class_4,mae_class_5,mae_mean,mse_class_0,mse_class_1,mse_class_2,mse_class_3,mse_class_4,mse_class_5,mse_mean,r2_class_0,r2_class_1,r2_class_2,r2_class_3,r2_class_4,r2_class_5,r2_mean,time
0.86489237847247,0.8831624235155184,0.8835154730438678,0.9006079811917356,0.7962415200194122,0.8877926686230069,0.8693687408110019,0.06172108333013543,0.0921885450416562,0.07806231891506726,0.030681019734381303,0.02191899756105295,0.03841454118510994,0.053831084294567184,0.013742303816333819,0.015817341066044197,0.014372846116747258,0.0040073195219448455,0.002432449762807497,0.004972034561925656,0.009224049140967212,0.8626653985592927,0.8830011377897969,0.8833456742134903,0.898325667378109,0.7865715290196976,0.8873952748662488,0.8668841136377724,9.881374835968018
