expl_var_class_0,expl_var_class_1,expl_var_class_2,expl_var_class_3,expl_var_class_4,expl_var_class_5,expl_var_mean,mae_class_0,mae_class_1,mae_class_2,mae_class_3,mae_class_4,mae_class_5,mae_mean,mse_class_0,mse_class_1,mse_class_2,mse_class_3,mse_class_4,mse_class_5,mse_mean,r2_class_0,r2_class_1,r2_class_2,r2_class_3,r2_class_4,r2_class_5,r2_mean,time
0.8545955676275738,0.8792615749734846,0.8967647739678364,0.9082310511887688,0.7833989142110017,0.8591398470733311,0.8635652881736662,0.06855563620060862,0.09179983936862329,0.074150943213157,0.02928549539291704,0.021278631781311032,0.04339699953486212,0.054744590915246506,0.01459577763023746,0.016449339381435453,0.01274731772891173,0.0036870756492516895,0.002558720510877451,0.00624913737384,0.009381228045758964,0.8541361528346259,0.8783263265487168,0.8965389496851336,0.9064509445999573,0.7754922569614726,0.8584719419102809,0.861569428756698,8.451340913772583
