expl_var_class_0,expl_var_class_1,expl_var_class_2,expl_var_class_3,expl_var_class_4,expl_var_class_5,expl_var_mean,mae_class_0,mae_class_1,mae_class_2,mae_class_3,mae_class_4,mae_class_5,mae_mean,mse_class_0,mse_class_1,mse_class_2,mse_class_3,mse_class_4,mse_class_5,mse_mean,r2_class_0,r2_class_1,r2_class_2,r2_class_3,r2_class_4,r2_class_5,r2_mean,time
0.8391078582212003,0.882045731900524,0.9013084573517934,0.8822631096636362,0.7780646002097316,0.8899266933263462,0.8621194084455386,0.07020639991939132,0.09163475586358727,0.07275213150351148,0.03216943385350849,0.021866701969976997,0.037844194514792776,0.054412269604128045,0.01617844203047606,0.01600178048830423,0.012190711364256361,0.0047512695168103755,0.0026281671771587996,0.004862274578535623,0.009435440859256908,0.8383196938532125,0.8816368628170926,0.9010565337231131,0.8794500526890907,0.7693988543244535,0.889881076725907,0.8599571790221451,7.739595651626587
