expl_var_class_0,expl_var_class_1,expl_var_class_2,expl_var_class_3,expl_var_class_4,expl_var_class_5,expl_var_mean,mae_class_0,mae_class_1,mae_class_2,mae_class_3,mae_class_4,mae_class_5,mae_mean,mse_class_0,mse_class_1,mse_class_2,mse_class_3,mse_class_4,mse_class_5,mse_mean,r2_class_0,r2_class_1,r2_class_2,r2_class_3,r2_class_4,r2_class_5,r2_mean,time
0.8784653717893218,0.8717339244706805,0.8819556531813282,0.9117761060777758,0.7821087616226637,0.8849149729184552,0.8684924650100375,0.06398414897979014,0.09540200484784148,0.07712305682939344,0.0290096462020084,0.021367438007177716,0.03819099627493607,0.05417954852352453,0.012190471538707653,0.017342076837639882,0.014639239067059785,0.003542514294230648,0.002575407503022338,0.005083242304335767,0.009228825257499346,0.8781737347305032,0.8717228610109738,0.8811835492063369,0.9101187777273609,0.7740281037143227,0.8848766847175139,0.8666839518511686,8.723972082138062
