expl_var_class_0,expl_var_class_1,expl_var_class_2,expl_var_class_3,expl_var_class_4,expl_var_class_5,expl_var_mean,mae_class_0,mae_class_1,mae_class_2,mae_class_3,mae_class_4,mae_class_5,mae_mean,mse_class_0,mse_class_1,mse_class_2,mse_class_3,mse_class_4,mse_class_5,mse_mean,r2_class_0,r2_class_1,r2_class_2,r2_class_3,r2_class_4,r2_class_5,r2_mean,time
0.863566995827623,0.8889548343913127,0.9034996457925626,0.8986438470304282,0.7973073773695893,0.8908702700081135,0.8738071617366048,0.06703428548291718,0.08953066207852131,0.070557714721271,0.02931855623387491,0.021497905771627725,0.03817603178025523,0.05268585934474457,0.013733989525637416,0.015018494898770508,0.011943765950206568,0.004066610614352671,0.002411100146893273,0.004818710367262106,0.008665445250520425,0.8627484879607724,0.8889101013925763,0.9030608166986667,0.8968213245828874,0.7884447910908248,0.8908677022159405,0.8718088706569446,4.77170205116272
