expl_var_class_0,expl_var_class_1,expl_var_class_2,expl_var_class_3,expl_var_class_4,expl_var_class_5,expl_var_mean,mae_class_0,mae_class_1,mae_class_2,mae_class_3,mae_class_4,mae_class_5,mae_mean,mse_class_0,mse_class_1,mse_class_2,mse_class_3,mse_class_4,mse_class_5,mse_mean,r2_class_0,r2_class_1,r2_class_2,r2_class_3,r2_class_4,r2_class_5,r2_mean,time
0.8802805793018371,0.8605176197116068,0.8730345121195414,0.9176680174228922,0.677039057013214,0.8905426971796194,0.8498470804581185,0.05642011825897126,0.09964888740009349,0.08188854881865341,0.028646955186520672,0.031079475745348927,0.037270552653921006,0.05582575634391812,0.012372340678885749,0.01885951263367118,0.01566974001590678,0.0033046374299508523,0.004047701605769914,0.004833159282023513,0.009847848607701331,0.8763562137227785,0.8604985812239099,0.8728196947245142,0.916154226433008,0.6448457937701073,0.8905404687554878,0.8435358297716342,8.907372951507568
