expl_var_class_0,expl_var_class_1,expl_var_class_2,expl_var_class_3,expl_var_class_4,expl_var_class_5,expl_var_mean,mae_class_0,mae_class_1,mae_class_2,mae_class_3,mae_class_4,mae_class_5,mae_mean,mse_class_0,mse_class_1,mse_class_2,mse_class_3,mse_class_4,mse_class_5,mse_mean,r2_class_0,r2_class_1,r2_class_2,r2_class_3,r2_class_4,r2_class_5,r2_mean,time
0.8731766548945923,0.8699392825353716,0.8850833643654783,0.9145885089105703,0.7422929285608515,0.8779900105929515,0.8605117916433027,0.05864581169314973,0.09556053271801815,0.07876922045763206,0.02803462296947798,0.024355326706470157,0.04032802301236518,0.05428225625951888,0.012982979848276456,0.01761392401232598,0.014174656295992702,0.0034072477262627856,0.0030957966990270095,0.005445694855364629,0.009453383239541594,0.8702537517139936,0.8697120419990724,0.8849542421846546,0.913550782075622,0.7283680156351529,0.876667998841681,0.8572511387416961,9.663183212280273
