expl_var_class_0,expl_var_class_1,expl_var_class_2,expl_var_class_3,expl_var_class_4,expl_var_class_5,expl_var_mean,mae_class_0,mae_class_1,mae_class_2,mae_class_3,mae_class_4,mae_class_5,mae_mean,mse_class_0,mse_class_1,mse_class_2,mse_class_3,mse_class_4,mse_class_5,mse_mean,r2_class_0,r2_class_1,r2_class_2,r2_class_3,r2_class_4,r2_class_5,r2_mean,time
0.8372449812952736,0.8713764416641115,0.8821531371614059,0.9064887775271468,0.7308260228490067,0.8947155167999861,0.8538008128828217,0.06899692793656188,0.09473239099399372,0.0797237577626033,0.029632763704175436,0.024688114132953173,0.03655665403992426,0.0557217680950353,0.016527620054658975,0.01741514858001349,0.014526468186076677,0.0037553203722099195,0.003227090848555244,0.004654014939396427,0.010017610496818456,0.8348301606989523,0.8711823586166882,0.882098831467246,0.9047194289013099,0.7168479793281635,0.894597660878661,0.8507127366485037,6.609742164611816
