expl_var_class_0,expl_var_class_1,expl_var_class_2,expl_var_class_3,expl_var_class_4,expl_var_class_5,expl_var_mean,mae_class_0,mae_class_1,mae_class_2,mae_class_3,mae_class_4,mae_class_5,mae_mean,mse_class_0,mse_class_1,mse_class_2,mse_class_3,mse_class_4,mse_class_5,mse_mean,r2_class_0,r2_class_1,r2_class_2,r2_class_3,r2_class_4,r2_class_5,r2_mean,time
0.8641117610184246,0.8798524607410252,0.890821252658975,0.8961583534692534,0.7889773096536492,0.8837497581741047,0.8672784826192387,0.06681779646347415,0.09124456922566643,0.07698434625141329,0.030945838972119888,0.023184151603245728,0.0397389241136792,0.0548192711049331,0.013679037975064434,0.01634555002475507,0.013459381753885972,0.004178971476793357,0.002531777361529024,0.005134858864860886,0.00922159624281479,0.8632976498332905,0.879094043233236,0.89075962469442,0.893970487348942,0.7778563079099253,0.883707692720799,0.8647809676234354,8.272021770477295
