expl_var_class_0,expl_var_class_1,expl_var_class_2,expl_var_class_3,expl_var_class_4,expl_var_class_5,expl_var_mean,mae_class_0,mae_class_1,mae_class_2,mae_class_3,mae_class_4,mae_class_5,mae_mean,mse_class_0,mse_class_1,mse_class_2,mse_class_3,mse_class_4,mse_class_5,mse_mean,r2_class_0,r2_class_1,r2_class_2,r2_class_3,r2_class_4,r2_class_5,r2_mean,time
0.8554121190551887,0.8635724083326181,0.8844571571683677,0.8913517180572706,0.7445624670475597,0.8846779127679527,0.8540056304048264,0.06434315909400506,0.09925985068290158,0.07866469927958979,0.030571038257417874,0.024285400625014802,0.0371870309879876,0.055718529821152774,0.014661227673648101,0.018452685157278246,0.014247603680249674,0.0043522690693954,0.0030638985431112333,0.005092226023578856,0.009978318357876917,0.8534820735953506,0.8635078323777592,0.8843621793559521,0.8895735539433818,0.7311668297148064,0.8846732249017287,0.8511276156481631,8.16107988357544
