expl_var_class_0,expl_var_class_1,expl_var_class_2,expl_var_class_3,expl_var_class_4,expl_var_class_5,expl_var_mean,mae_class_0,mae_class_1,mae_class_2,mae_class_3,mae_class_4,mae_class_5,mae_mean,mse_class_0,mse_class_1,mse_class_2,mse_class_3,mse_class_4,mse_class_5,mse_mean,r2_class_0,r2_class_1,r2_class_2,r2_class_3,r2_class_4,r2_class_5,r2_mean,time
0.8669289493867658,0.8836198214583224,0.8966348914093477,0.9107382995989151,0.770629352666033,0.8778080929382461,0.867726567909605,0.06694457665473445,0.09038623389673274,0.07323681031088282,0.027690831883289795,0.022851401638703042,0.04083931179935266,0.05365819436394925,0.013353048890842613,0.015788096329431633,0.012780833964621865,0.003544281165743665,0.0027357310062137616,0.005411987816216974,0.008935663195511753,0.8665554428172014,0.8832174573908613,0.8962669218732507,0.9100739483892134,0.759960968322035,0.8774313828912127,0.8655843536139624,8.445831775665283
