expl_var_class_0,expl_var_class_1,expl_var_class_2,expl_var_class_3,expl_var_class_4,expl_var_class_5,expl_var_mean,mae_class_0,mae_class_1,mae_class_2,mae_class_3,mae_class_4,mae_class_5,mae_mean,mse_class_0,mse_class_1,mse_class_2,mse_class_3,mse_class_4,mse_class_5,mse_mean,r2_class_0,r2_class_1,r2_class_2,r2_class_3,r2_class_4,r2_class_5,r2_mean,time
0.9451255951133578,0.9682216145073149,0.9782845604650168,0.8840923869589081,0.6209006597319753,0.9250307789187397,0.8869425992825523,0.03252229627567834,0.03589141704899968,0.025891408899818592,0.026853730871979297,0.023971597388532866,0.02676782290821762,0.0286497122322044,0.005260724685967763,0.004168901660218512,0.002611226261887545,0.004647183511395781,0.005024980169650729,0.003245444405588158,0.004159743449118081,0.9451251303083722,0.9682215186099705,0.9782838898317926,0.8840824544375545,0.6208774271674027,0.9250292034049763,0.8869366039600116,9.559170961380005
