expl_var_class_0,expl_var_class_1,expl_var_class_2,expl_var_class_3,expl_var_class_4,expl_var_class_5,expl_var_mean,mae_class_0,mae_class_1,mae_class_2,mae_class_3,mae_class_4,mae_class_5,mae_mean,mse_class_0,mse_class_1,mse_class_2,mse_class_3,mse_class_4,mse_class_5,mse_mean,r2_class_0,r2_class_1,r2_class_2,r2_class_3,r2_class_4,r2_class_5,r2_mean,time
0.9807747249552511,0.9885278288500415,0.9924717635344156,0.9903439036298749,0.943333900451274,0.9697824397668657,0.9775390935312873,0.019038747566006202,0.02029616438166548,0.01431729869074727,0.008334477078747371,0.010545601559840218,0.015937059746776533,0.014744891503963844,0.001885836574167659,0.0015031726646607037,0.0008956868496037739,0.00038364380770359105,0.0007781698812068704,0.0013429526911822847,0.0011315770780874804,0.9807726211269275,0.9885264804123708,0.9924717560971774,0.9903425738975841,0.9433338991739029,0.9697804453575105,0.977537962677579,103.50352072715759
