expl_var_class_0,expl_var_class_1,expl_var_class_2,expl_var_class_3,expl_var_class_4,expl_var_class_5,expl_var_mean,mae_class_0,mae_class_1,mae_class_2,mae_class_3,mae_class_4,mae_class_5,mae_mean,mse_class_0,mse_class_1,mse_class_2,mse_class_3,mse_class_4,mse_class_5,mse_mean,r2_class_0,r2_class_1,r2_class_2,r2_class_3,r2_class_4,r2_class_5,r2_mean,time
0.981052516406206,0.9895133630091678,0.9930953109238385,0.9907612751913379,0.9369457545297406,0.9730305211107969,0.9773997901951813,0.018921106600758453,0.01959752505971828,0.013971827448402602,0.00827065380260662,0.010986367447034637,0.015179263445730602,0.014487790634041868,0.0018484305628515272,0.0013766426550828137,0.0008345176408358015,0.0003632052878239243,0.0008588979008580475,0.0011515904105113162,0.0010722140763272385,0.981043873503165,0.9895128795283714,0.9930952423473257,0.9907563910766426,0.9369222750233152,0.9730303879235754,0.9773935082337326,47.47115683555603
