expl_var_class_0,expl_var_class_1,expl_var_class_2,expl_var_class_3,expl_var_class_4,expl_var_class_5,expl_var_mean,mae_class_0,mae_class_1,mae_class_2,mae_class_3,mae_class_4,mae_class_5,mae_mean,mse_class_0,mse_class_1,mse_class_2,mse_class_3,mse_class_4,mse_class_5,mse_mean,r2_class_0,r2_class_1,r2_class_2,r2_class_3,r2_class_4,r2_class_5,r2_mean,time
0.9821518835426402,0.9891786647892338,0.9928705238651954,0.9908608894476644,0.9416643318204564,0.9724470243094414,0.9781955529624385,0.018458358113867198,0.019806042092700357,0.014070041549683367,0.008034405461341907,0.010562209932606217,0.015212298404379217,0.014357225925763046,0.001740520875262403,0.0014208399241139491,0.0008617261984203249,0.0003593828177150644,0.0007945657470116575,0.001176593378773325,0.0010589381568827875,0.9821505148503075,0.9891761893327458,0.9928701200886616,0.9908536733024031,0.9416468481110203,0.9724448322011323,0.978190362981045,224.38926005363464
