expl_var_class_0,expl_var_class_1,expl_var_class_2,expl_var_class_3,expl_var_class_4,expl_var_class_5,expl_var_mean,mae_class_0,mae_class_1,mae_class_2,mae_class_3,mae_class_4,mae_class_5,mae_mean,mse_class_0,mse_class_1,mse_class_2,mse_class_3,mse_class_4,mse_class_5,mse_mean,r2_class_0,r2_class_1,r2_class_2,r2_class_3,r2_class_4,r2_class_5,r2_mean,time
0.9820025366169437,0.9891918611521936,0.992807689424915,0.9906239965731181,0.9402646959706358,0.9721998334542947,0.9778484355320168,0.018468278764842198,0.019878692287001287,0.014135362284861508,0.008054138404733673,0.010667133896010107,0.01522446200329537,0.014404677940124023,0.0017550970846109972,0.0014190109920682028,0.000869289782145816,0.000368521685560456,0.0008137019552960285,0.0011870850395543251,0.001068784423205971,0.9820010321086728,0.9891901219467232,0.9928075393713051,0.9906210882514773,0.9402414791119201,0.9721991232939391,0.9778433973473396,216.44009232521057
