expl_var_class_0,expl_var_class_1,expl_var_class_2,expl_var_class_3,expl_var_class_4,expl_var_class_5,expl_var_mean,mae_class_0,mae_class_1,mae_class_2,mae_class_3,mae_class_4,mae_class_5,mae_mean,mse_class_0,mse_class_1,mse_class_2,mse_class_3,mse_class_4,mse_class_5,mse_mean,r2_class_0,r2_class_1,r2_class_2,r2_class_3,r2_class_4,r2_class_5,r2_mean,time
0.9803764788298688,0.9895880933938532,0.993423225871937,0.9921414271801282,0.9377017855563266,0.9707367268107449,0.9773279562738098,0.018924911784305387,0.019631524364770586,0.01384768902994962,0.00763286487298672,0.010563228065848954,0.015652571822117396,0.014375464989996443,0.0018814849138798844,0.001365930591444402,0.0007908242565309676,0.00031508626456346604,0.0008262333436798028,0.0012670531416677654,0.0010744354186277146,0.9803741412753804,0.9895878570860765,0.9934231564191978,0.9921406102558523,0.9376626970773222,0.9707306699829773,0.9773198553494677,242.0135154724121
