expl_var_class_0,expl_var_class_1,expl_var_class_2,expl_var_class_3,expl_var_class_4,expl_var_class_5,expl_var_mean,mae_class_0,mae_class_1,mae_class_2,mae_class_3,mae_class_4,mae_class_5,mae_mean,mse_class_0,mse_class_1,mse_class_2,mse_class_3,mse_class_4,mse_class_5,mse_mean,r2_class_0,r2_class_1,r2_class_2,r2_class_3,r2_class_4,r2_class_5,r2_mean,time
0.9813503426671214,0.9901367773306984,0.9934871097474742,0.9915295938491,0.9373705529231021,0.9698990003155934,0.977295562805515,0.018821282073277778,0.019105119074016765,0.013400071235907819,0.007829118268934872,0.010816262531176568,0.015968873534406024,0.014323454452953306,0.0018315218842423293,0.0013026396432051649,0.0007663397387079626,0.00033453658349292533,0.0008413993974879481,0.0013360699269149975,0.0010687511956752214,0.9813494446771592,0.9901349959683503,0.993487020759439,0.9915202678693886,0.937338419655916,0.9698913197045052,0.9772869114391264,154.980548620224
