expl_var_class_0,expl_var_class_1,expl_var_class_2,expl_var_class_3,expl_var_class_4,expl_var_class_5,expl_var_mean,mae_class_0,mae_class_1,mae_class_2,mae_class_3,mae_class_4,mae_class_5,mae_mean,mse_class_0,mse_class_1,mse_class_2,mse_class_3,mse_class_4,mse_class_5,mse_mean,r2_class_0,r2_class_1,r2_class_2,r2_class_3,r2_class_4,r2_class_5,r2_mean,time
0.9822275359863626,0.9890313349341512,0.9923124146217375,0.9903659350475779,0.941485978325552,0.9717635069238714,0.9778644509732087,0.01870224158573328,0.02014467645918322,0.014324209457833947,0.0080370841539561,0.010629683181105498,0.01585885666374949,0.014616125250260256,0.001757231265198969,0.0014533530121721614,0.000896325188336292,0.0003828305492105083,0.0008281996849817003,0.0012456576510631989,0.0010939328918271383,0.9822274268996951,0.9890302290786005,0.992311865745371,0.9903614772858351,0.9414609413905015,0.971749628004723,0.9778569280674544,121.97775220870972
