expl_var_class_0,expl_var_class_1,expl_var_class_2,expl_var_class_3,expl_var_class_4,expl_var_class_5,expl_var_mean,mae_class_0,mae_class_1,mae_class_2,mae_class_3,mae_class_4,mae_class_5,mae_mean,mse_class_0,mse_class_1,mse_class_2,mse_class_3,mse_class_4,mse_class_5,mse_mean,r2_class_0,r2_class_1,r2_class_2,r2_class_3,r2_class_4,r2_class_5,r2_mean,time
0.9815549288361565,0.9900212211200873,0.9934327742166215,0.99222347346199,0.940048603424399,0.9703645819322843,0.9779409304985899,0.018759756827951553,0.01925458786373407,0.013592623955538091,0.007656035090699422,0.010649736383763106,0.015910256023555336,0.014303832690873597,0.0018114373729071671,0.001317822349006994,0.0007727340638514109,0.00030709158591428617,0.0008054270097621761,0.0013152128140277517,0.0010549541992449644,0.9815539670981095,0.9900200160084452,0.9934326765765483,0.9922159353666836,0.9400173931260383,0.9703613401212203,0.9779335547161742,196.24588894844055
