expl_var_class_0,expl_var_class_1,expl_var_class_2,expl_var_class_3,expl_var_class_4,expl_var_class_5,expl_var_mean,mae_class_0,mae_class_1,mae_class_2,mae_class_3,mae_class_4,mae_class_5,mae_mean,mse_class_0,mse_class_1,mse_class_2,mse_class_3,mse_class_4,mse_class_5,mse_mean,r2_class_0,r2_class_1,r2_class_2,r2_class_3,r2_class_4,r2_class_5,r2_mean,time
0.9817605507393705,0.9894288900167189,0.9930833470408309,0.991502033827568,0.9468650763901585,0.9701828010226597,0.9788037831728844,0.018863727565808737,0.019524481000605956,0.01383575359611269,0.007852734868670188,0.010286235039571177,0.01590339845951077,0.014377721755046586,0.0017889455475081542,0.0013854509414174471,0.0008229695090854869,0.00033764362470928776,0.0007298248315436058,0.0013251172099170774,0.0010649919440301767,0.9817604906509904,0.9894250348694037,0.9930829450139605,0.991500531771645,0.9468543714060234,0.9701817851099888,0.9788008598036687,205.07015752792358
