expl_var_class_0,expl_var_class_1,expl_var_class_2,expl_var_class_3,expl_var_class_4,expl_var_class_5,expl_var_mean,mae_class_0,mae_class_1,mae_class_2,mae_class_3,mae_class_4,mae_class_5,mae_mean,mse_class_0,mse_class_1,mse_class_2,mse_class_3,mse_class_4,mse_class_5,mse_mean,r2_class_0,r2_class_1,r2_class_2,r2_class_3,r2_class_4,r2_class_5,r2_mean,time
0.9823589168335496,0.990046847502056,0.9929668040171249,0.9909622181160673,0.9441048257892086,0.9721520272736263,0.9787652732552722,0.0184999704610393,0.019317710076621634,0.013782152324962134,0.007776298111342559,0.010439071969389866,0.015692204267587436,0.014251234535157156,0.0017442408108046155,0.0013187756279549037,0.0008200308039277536,0.0003591180016899133,0.0007911481813561949,0.0012285430222211667,0.001043642741325758,0.9823588118829367,0.9900460064318659,0.9929662727372082,0.9909584879694373,0.9440798268859136,0.9721377720753959,0.9787578629971262,156.44846558570862
