expl_var_class_0,expl_var_class_1,expl_var_class_2,expl_var_class_3,expl_var_class_4,expl_var_class_5,expl_var_mean,mae_class_0,mae_class_1,mae_class_2,mae_class_3,mae_class_4,mae_class_5,mae_mean,mse_class_0,mse_class_1,mse_class_2,mse_class_3,mse_class_4,mse_class_5,mse_mean,r2_class_0,r2_class_1,r2_class_2,r2_class_3,r2_class_4,r2_class_5,r2_mean,time
0.9829946241447489,0.9897474389633242,0.9930243384792512,0.9915671263470465,0.9471099352393257,0.9734561627108974,0.9796499376474325,0.018219289503921474,0.019662800087412953,0.013882189387768695,0.007746648869893329,0.010149763103618717,0.015499924552767589,0.014193435917563793,0.0016813917062155066,0.0013587902068722291,0.0008134727500981359,0.00033511881251204297,0.0007485091538798809,0.0011710615642890959,0.0010180573656444819,0.9829944654407353,0.9897439801790815,0.9930225237485011,0.9915627154285298,0.9470936514185119,0.9734413987725272,0.979643122497981,162.48879528045654
