expl_var_class_0,expl_var_class_1,expl_var_class_2,expl_var_class_3,expl_var_class_4,expl_var_class_5,expl_var_mean,mae_class_0,mae_class_1,mae_class_2,mae_class_3,mae_class_4,mae_class_5,mae_mean,mse_class_0,mse_class_1,mse_class_2,mse_class_3,mse_class_4,mse_class_5,mse_mean,r2_class_0,r2_class_1,r2_class_2,r2_class_3,r2_class_4,r2_class_5,r2_mean,time
0.9823807834072013,0.9896084396838041,0.9928121871701554,0.9913496104075314,0.9462789144683129,0.9717209004947346,0.9790251392719566,0.01848744654930508,0.019744237260847054,0.0140418994262161,0.007864378418960006,0.010372141890457232,0.015738283704786412,0.01437473120842865,0.0017420876948147628,0.0013770744856127291,0.0008381720707531849,0.00034365491452179443,0.0007602255262492762,0.0012474023908447135,0.0010514361804660768,0.9823805884197426,0.9896059721744422,0.9928106679447536,0.9913478020333447,0.9462655112715642,0.9717100589081733,0.9790201001253368,225.3643946647644
