expl_var_class_0,expl_var_class_1,expl_var_class_2,expl_var_class_3,expl_var_class_4,expl_var_class_5,expl_var_mean,mae_class_0,mae_class_1,mae_class_2,mae_class_3,mae_class_4,mae_class_5,mae_mean,mse_class_0,mse_class_1,mse_class_2,mse_class_3,mse_class_4,mse_class_5,mse_mean,r2_class_0,r2_class_1,r2_class_2,r2_class_3,r2_class_4,r2_class_5,r2_mean,time
0.8664243303364817,0.7816452085821872,0.8252519369513555,0.9127813279993705,0.7987944869782886,0.8548244622599777,0.8399536255179435,0.0639922816696479,0.12397778945564378,0.09884042456285484,0.027889879584175062,0.02203673805645041,0.041544166901335354,0.06304688003835122,0.01343193181419957,0.029695440818144642,0.021558568032960294,0.003474048331753138,0.002397094966158547,0.006410220753497774,0.012827884119452326,0.8657671212239305,0.780346597190608,0.8250242020001022,0.9118559067494155,0.7896736363297766,0.8548237875251766,0.8379152085031683,4.960480690002441
