expl_var_class_0,expl_var_class_1,expl_var_class_2,expl_var_class_3,expl_var_class_4,expl_var_class_5,expl_var_mean,mae_class_0,mae_class_1,mae_class_2,mae_class_3,mae_class_4,mae_class_5,mae_mean,mse_class_0,mse_class_1,mse_class_2,mse_class_3,mse_class_4,mse_class_5,mse_mean,r2_class_0,r2_class_1,r2_class_2,r2_class_3,r2_class_4,r2_class_5,r2_mean,time
0.8825986916457537,0.8836732551078262,0.8993591984269232,0.9201860234531832,0.779978941107667,0.8959963161454443,0.8769654043144662,0.06058901929961131,0.09155887240686207,0.07347290296359636,0.027863958026880263,0.022989958716494736,0.03753652637903027,0.05233520629874583,0.011893944888413817,0.01579803769310882,0.012416462228434191,0.0031986429850947057,0.0026397622793553717,0.004626589836791701,0.008428906651866434,0.881137092976611,0.8831439223868305,0.8992242720650896,0.9188435339322878,0.7683814746562221,0.895218774047145,0.8743248450106976,11.514913320541382
