expl_var_class_0,expl_var_class_1,expl_var_class_2,expl_var_class_3,expl_var_class_4,expl_var_class_5,expl_var_mean,mae_class_0,mae_class_1,mae_class_2,mae_class_3,mae_class_4,mae_class_5,mae_mean,mse_class_0,mse_class_1,mse_class_2,mse_class_3,mse_class_4,mse_class_5,mse_mean,r2_class_0,r2_class_1,r2_class_2,r2_class_3,r2_class_4,r2_class_5,r2_mean,time
0.8439388133765331,0.8863574987171077,0.9032103036859891,0.8950931282939625,0.7521517226801666,0.8971035498798005,0.8629758361055933,0.06770491674375637,0.08930049715192027,0.07312372710886425,0.030400814709873374,0.024416806934466604,0.03632737171586854,0.05354568906079157,0.015794594838693797,0.015403537973238566,0.011939075060472705,0.004214023616755635,0.0030083844099934812,0.0045442264946845695,0.009150640398973125,0.8421556955747649,0.8860619866919714,0.9030988893653326,0.893081139015694,0.7360377613699143,0.8970841073193817,0.8595865965561765,12.465576410293579
