expl_var_class_0,expl_var_class_1,expl_var_class_2,expl_var_class_3,expl_var_class_4,expl_var_class_5,expl_var_mean,mae_class_0,mae_class_1,mae_class_2,mae_class_3,mae_class_4,mae_class_5,mae_mean,mse_class_0,mse_class_1,mse_class_2,mse_class_3,mse_class_4,mse_class_5,mse_mean,r2_class_0,r2_class_1,r2_class_2,r2_class_3,r2_class_4,r2_class_5,r2_mean,time
0.8840731620699406,0.879862920377158,0.8826909214658337,0.9057229749071124,0.8151814570441767,0.8906538461318889,0.8763642136660182,0.05838173752968207,0.0926805389782007,0.08120401610201555,0.029132949651283466,0.021794992227020898,0.037144970654403475,0.053389867523767696,0.011796285528409698,0.01632192711350716,0.01445991586907881,0.0037800878674250737,0.0022140785788555056,0.004832314639355211,0.008900768266105244,0.8821130581031554,0.8792687789063531,0.8826389900138452,0.9040910241701856,0.8057318950875416,0.8905595978975555,0.8740672240297727,8.512935876846313
