expl_var_class_0,expl_var_class_1,expl_var_class_2,expl_var_class_3,expl_var_class_4,expl_var_class_5,expl_var_mean,mae_class_0,mae_class_1,mae_class_2,mae_class_3,mae_class_4,mae_class_5,mae_mean,mse_class_0,mse_class_1,mse_class_2,mse_class_3,mse_class_4,mse_class_5,mse_mean,r2_class_0,r2_class_1,r2_class_2,r2_class_3,r2_class_4,r2_class_5,r2_mean,time
0.8752166224382583,0.7693974746884518,0.8233760786101032,0.9216356487849185,0.7780596547396978,0.8640468727271859,0.8386220586647691,0.06247368561798072,0.12520094588022412,0.10017065501484784,0.02657409835801753,0.02446138662092936,0.041799551880432606,0.06344672056207203,0.01255113491838327,0.031613880565772204,0.021854512165173062,0.0031126618027361268,0.0026935962433920577,0.00600562183086867,0.012971901254387566,0.8745694219337553,0.766156142122714,0.8226222307458821,0.9210250618305441,0.7636579647170498,0.8639869882038174,0.8353363015922938,5.177433013916016
