expl_var_class_0,expl_var_class_1,expl_var_class_2,expl_var_class_3,expl_var_class_4,expl_var_class_5,expl_var_mean,mae_class_0,mae_class_1,mae_class_2,mae_class_3,mae_class_4,mae_class_5,mae_mean,mse_class_0,mse_class_1,mse_class_2,mse_class_3,mse_class_4,mse_class_5,mse_mean,r2_class_0,r2_class_1,r2_class_2,r2_class_3,r2_class_4,r2_class_5,r2_mean,time
0.8893745802186697,0.8741005451947796,0.8822514879266258,0.9177000668492029,0.8045578042419419,0.8951179343491455,0.8771837364633943,0.05864262414826401,0.09487665172702912,0.07867509966319639,0.027865810477987155,0.021021437506032727,0.03658729424169133,0.052944819627366795,0.011197744712995596,0.01702946316100644,0.014541636487925369,0.003292432578152466,0.0023100511106497706,0.004647442974367948,0.008836461837516265,0.8880946144294819,0.8740352246582356,0.8819757209843874,0.9164638898263447,0.7973110548999454,0.8947465002132238,0.875437834168603,13.31929898262024
