expl_var_class_0,expl_var_class_1,expl_var_class_2,expl_var_class_3,expl_var_class_4,expl_var_class_5,expl_var_mean,mae_class_0,mae_class_1,mae_class_2,mae_class_3,mae_class_4,mae_class_5,mae_mean,mse_class_0,mse_class_1,mse_class_2,mse_class_3,mse_class_4,mse_class_5,mse_mean,r2_class_0,r2_class_1,r2_class_2,r2_class_3,r2_class_4,r2_class_5,r2_mean,time
0.8693309474885887,0.8787470688994945,0.8844256593786683,0.9109595009858398,0.7885106738446097,0.8923472188848776,0.8707201782470131,0.06487674987719153,0.09355507189123172,0.07705383297348932,0.02758930136120758,0.021729125967817092,0.037481215095500696,0.05371421619440631,0.01318503934523205,0.01640243410560693,0.014270274206496732,0.003550011528798917,0.002515232810455409,0.004759831469162773,0.009113803910958803,0.8682344570707821,0.8786732789145208,0.8841781785718976,0.9099285567287447,0.7793079630654347,0.892201168838925,0.8687539338650508,10.30000638961792
