expl_var_class_0,expl_var_class_1,expl_var_class_2,expl_var_class_3,expl_var_class_4,expl_var_class_5,expl_var_mean,mae_class_0,mae_class_1,mae_class_2,mae_class_3,mae_class_4,mae_class_5,mae_mean,mse_class_0,mse_class_1,mse_class_2,mse_class_3,mse_class_4,mse_class_5,mse_mean,r2_class_0,r2_class_1,r2_class_2,r2_class_3,r2_class_4,r2_class_5,r2_mean,time
0.8615736179123784,0.7748900225151503,0.81990265227892,0.9096117859863599,0.7903891018254818,0.8350394772657793,0.8319011096306782,0.06274505881929678,0.12487587770986894,0.10151319404910852,0.02874054680039297,0.023013702757655387,0.044228470062086384,0.06418614169973484,0.014020202396823403,0.030788382830516357,0.022272284956726233,0.003601736566271887,0.002512769357438374,0.007312403708008101,0.013417963302630724,0.8598882011328238,0.772262243987671,0.8192314615875178,0.9086161810531574,0.7795241118298601,0.8343914952014392,0.8289856157987449,5.1987457275390625
