expl_var_class_0,expl_var_class_1,expl_var_class_2,expl_var_class_3,expl_var_class_4,expl_var_class_5,expl_var_mean,mae_class_0,mae_class_1,mae_class_2,mae_class_3,mae_class_4,mae_class_5,mae_mean,mse_class_0,mse_class_1,mse_class_2,mse_class_3,mse_class_4,mse_class_5,mse_mean,r2_class_0,r2_class_1,r2_class_2,r2_class_3,r2_class_4,r2_class_5,r2_mean,time
0.8728586213937416,0.8810123181704635,0.8896291054815727,0.9054345181840068,0.804719956693974,0.8689112707121798,0.8704276317726564,0.0641138230913557,0.09141206101284964,0.07572698004724299,0.028800234380185825,0.0216221133091896,0.04132393128303546,0.053833190520643205,0.01278881170941396,0.016113101572505017,0.01364814614556892,0.003783163723959992,0.0023380619422159227,0.005793406367959232,0.009077448576937175,0.8721941835600331,0.8808134349010406,0.8892275563298518,0.9040129830609813,0.7948533231747275,0.8687931623308117,0.8683157738929078,10.625866174697876
