expl_var_class_0,expl_var_class_1,expl_var_class_2,expl_var_class_3,expl_var_class_4,expl_var_class_5,expl_var_mean,mae_class_0,mae_class_1,mae_class_2,mae_class_3,mae_class_4,mae_class_5,mae_mean,mse_class_0,mse_class_1,mse_class_2,mse_class_3,mse_class_4,mse_class_5,mse_mean,r2_class_0,r2_class_1,r2_class_2,r2_class_3,r2_class_4,r2_class_5,r2_mean,time
0.871072084551372,0.875683924580465,0.8871228133134607,0.898346947593856,0.7921360714272305,0.8887086966813889,0.8688450896912956,0.06255184574003154,0.09403050654620675,0.07547355579249411,0.029891377803285945,0.022491222521585426,0.03818581538513944,0.05377072063145719,0.013038753604848994,0.016837725043555574,0.013961101526583452,0.004084468280909667,0.002492830785535863,0.0049359447659029325,0.009225137334556079,0.8696963730726746,0.8754534871519385,0.8866875166830784,0.8963682370964956,0.7812735658082116,0.8882126226764172,0.8662819670814693,9.550885677337646
