expl_var_class_0,expl_var_class_1,expl_var_class_2,expl_var_class_3,expl_var_class_4,expl_var_class_5,expl_var_mean,mae_class_0,mae_class_1,mae_class_2,mae_class_3,mae_class_4,mae_class_5,mae_mean,mse_class_0,mse_class_1,mse_class_2,mse_class_3,mse_class_4,mse_class_5,mse_mean,r2_class_0,r2_class_1,r2_class_2,r2_class_3,r2_class_4,r2_class_5,r2_mean,time
0.8862388275712212,0.8801004403612074,0.8926339839367223,0.9128423653758069,0.8106844369298987,0.8849728731178224,0.8779121545487799,0.05911969535167257,0.0916480259743177,0.07613137809917292,0.02760461331446408,0.021497785293435177,0.038757698779982856,0.05245986613550755,0.011497279261891192,0.01628105579157549,0.013234162894616732,0.003473592809844331,0.002261603919010645,0.005105261124364356,0.008642159300217124,0.8851011965542779,0.8795710988818197,0.8925875684411945,0.9118674643219572,0.8015619176281005,0.8843780109560571,0.8758445427972346,11.650615215301514
