expl_var_class_0,expl_var_class_1,expl_var_class_2,expl_var_class_3,expl_var_class_4,expl_var_class_5,expl_var_mean,mae_class_0,mae_class_1,mae_class_2,mae_class_3,mae_class_4,mae_class_5,mae_mean,mse_class_0,mse_class_1,mse_class_2,mse_class_3,mse_class_4,mse_class_5,mse_mean,r2_class_0,r2_class_1,r2_class_2,r2_class_3,r2_class_4,r2_class_5,r2_mean,time
0.8898138197539881,0.8819821807293929,0.8906020936469631,0.9150937157728025,0.7872073349405592,0.8915859329013713,0.8760475129575128,0.05902754621433471,0.0918593570225183,0.0758589113436096,0.028875872766794593,0.022555021415938133,0.03813179614600175,0.05271808415153285,0.011157319315552234,0.016005761509342065,0.013511311679603037,0.003415015431736703,0.0025437506282003385,0.00481324610695777,0.008574400778565357,0.8884986082517817,0.8816074157102802,0.8903381458569328,0.9133536986472258,0.7768057472622314,0.8909914546802417,0.8735991784014489,7.655756235122681
