expl_var_class_0,expl_var_class_1,expl_var_class_2,expl_var_class_3,expl_var_class_4,expl_var_class_5,expl_var_mean,mae_class_0,mae_class_1,mae_class_2,mae_class_3,mae_class_4,mae_class_5,mae_mean,mse_class_0,mse_class_1,mse_class_2,mse_class_3,mse_class_4,mse_class_5,mse_mean,r2_class_0,r2_class_1,r2_class_2,r2_class_3,r2_class_4,r2_class_5,r2_mean,time
0.8824127097264147,0.877389414577564,0.8830947316520225,0.89981880101354,0.7781527490218911,0.8862562851531021,0.8678541151907558,0.06151799849428484,0.0916468771319383,0.07868267442262596,0.03117952585403687,0.02136894293069425,0.03812642397523266,0.053753740468135476,0.011871920530336843,0.016655350999233747,0.014434073660245418,0.004060053948942901,0.0026213521141188567,0.005042448176928054,0.009114199904967637,0.8813571948226271,0.8768024847864482,0.8828487331241385,0.8969876813148906,0.7699968228854036,0.8858005744142978,0.8656322485579676,11.452415466308594
