expl_var_class_0,expl_var_class_1,expl_var_class_2,expl_var_class_3,expl_var_class_4,expl_var_class_5,expl_var_mean,mae_class_0,mae_class_1,mae_class_2,mae_class_3,mae_class_4,mae_class_5,mae_mean,mse_class_0,mse_class_1,mse_class_2,mse_class_3,mse_class_4,mse_class_5,mse_mean,r2_class_0,r2_class_1,r2_class_2,r2_class_3,r2_class_4,r2_class_5,r2_mean,time
0.8552064879757787,0.8739628292005364,0.8954801865878846,0.8939636843403573,0.7920473759009828,0.8948665135796322,0.8675878462641954,0.0647899493831527,0.09475819675359227,0.07552636415547681,0.030230575006853822,0.021816620472225927,0.03723158891022292,0.054058882446920746,0.014675347988941106,0.01707500390133946,0.012883218420974864,0.004260430385954572,0.0024822746971897816,0.004647772645846998,0.009337341340041131,0.8533409613117845,0.8736983655881222,0.8954359389468448,0.8919036992678523,0.7821997801250231,0.8947390339404494,0.865219629863346,10.219072580337524
