expl_var_class_0,expl_var_class_1,expl_var_class_2,expl_var_class_3,expl_var_class_4,expl_var_class_5,expl_var_mean,mae_class_0,mae_class_1,mae_class_2,mae_class_3,mae_class_4,mae_class_5,mae_mean,mse_class_0,mse_class_1,mse_class_2,mse_class_3,mse_class_4,mse_class_5,mse_mean,r2_class_0,r2_class_1,r2_class_2,r2_class_3,r2_class_4,r2_class_5,r2_mean,time
0.8624487957097632,0.8685381769536429,0.8965586556828238,0.9066991879180885,0.8075663610322219,0.8781844646466446,0.8699992736571974,0.0677171201920661,0.09481128459187864,0.07523207034184998,0.028525697517122268,0.021656367858327856,0.04065583481726518,0.054766395886418344,0.013805412490151313,0.01792879169995701,0.01275985513632767,0.0037387803648222945,0.0023004100033930013,0.005399943316825226,0.009322198835246086,0.862034717948384,0.8673830057188424,0.8964371923298167,0.9051390845348296,0.7981569867715226,0.8777041620777789,0.867809191563529,9.097822427749634
