expl_var_class_0,expl_var_class_1,expl_var_class_2,expl_var_class_3,expl_var_class_4,expl_var_class_5,expl_var_mean,mae_class_0,mae_class_1,mae_class_2,mae_class_3,mae_class_4,mae_class_5,mae_mean,mse_class_0,mse_class_1,mse_class_2,mse_class_3,mse_class_4,mse_class_5,mse_mean,r2_class_0,r2_class_1,r2_class_2,r2_class_3,r2_class_4,r2_class_5,r2_mean,time
0.87517477700489,0.8764747259845499,0.8911367985309705,0.9077823102614219,0.7759146625869039,0.8953511792479494,0.8703057422694477,0.06181931358762944,0.09309138060639158,0.07691178339805228,0.028368826081470854,0.02387383711396246,0.03655113805254168,0.05343604647334138,0.012632515595685241,0.016734492580670588,0.013422985075902422,0.0036817592852142053,0.002696507608884682,0.004625503043569275,0.00896562719832107,0.8737561388749893,0.8762170845638088,0.8910550310388943,0.9065858322131177,0.76340251513077,0.8952433873217642,0.8677099981905574,15.038679599761963
