expl_var_class_0,expl_var_class_1,expl_var_class_2,expl_var_class_3,expl_var_class_4,expl_var_class_5,expl_var_mean,mae_class_0,mae_class_1,mae_class_2,mae_class_3,mae_class_4,mae_class_5,mae_mean,mse_class_0,mse_class_1,mse_class_2,mse_class_3,mse_class_4,mse_class_5,mse_mean,r2_class_0,r2_class_1,r2_class_2,r2_class_3,r2_class_4,r2_class_5,r2_mean,time
0.8601323576460926,0.8722724620956174,0.8922752277031702,0.9165136351859604,0.7980228565375393,0.8727528584968633,0.8686615662775404,0.0661794137763058,0.09569119566483751,0.07600651866040924,0.02653320712836699,0.022762774213582544,0.040653781341836386,0.05463781513088974,0.01405458997287623,0.017306042471459854,0.01331190718660993,0.0033166813490745762,0.0024409589897793796,0.0056288780555115055,0.009343176337551912,0.8595445466688529,0.8719894026392997,0.8919565724719516,0.9158486462484605,0.7858249108039376,0.8725193362278654,0.866280569176728,8.055288076400757
