expl_var_class_0,expl_var_class_1,expl_var_class_2,expl_var_class_3,expl_var_class_4,expl_var_class_5,expl_var_mean,mae_class_0,mae_class_1,mae_class_2,mae_class_3,mae_class_4,mae_class_5,mae_mean,mse_class_0,mse_class_1,mse_class_2,mse_class_3,mse_class_4,mse_class_5,mse_mean,r2_class_0,r2_class_1,r2_class_2,r2_class_3,r2_class_4,r2_class_5,r2_mean,time
0.8655930805469289,0.8792933768183542,0.8945791311500282,0.9104411803205692,0.7455766327860334,0.895506068592076,0.8651649117023318,0.06501612552516736,0.09314191627029575,0.07287775799636621,0.029700256371022877,0.02597307692769673,0.03709936922858657,0.05396808371985592,0.01353402179887972,0.016365398809824853,0.013039968533365665,0.0035993294380661086,0.00310991486809925,0.004614033432502916,0.00904377781345642,0.8647468783633068,0.8789472242919409,0.8941637080658225,0.9086772550834457,0.7271292565519429,0.8955031466587986,0.8615279115025429,12.062837362289429
