expl_var_class_0,expl_var_class_1,expl_var_class_2,expl_var_class_3,expl_var_class_4,expl_var_class_5,expl_var_mean,mae_class_0,mae_class_1,mae_class_2,mae_class_3,mae_class_4,mae_class_5,mae_mean,mse_class_0,mse_class_1,mse_class_2,mse_class_3,mse_class_4,mse_class_5,mse_mean,r2_class_0,r2_class_1,r2_class_2,r2_class_3,r2_class_4,r2_class_5,r2_mean,time
0.8691738010685546,0.8769048036743137,0.8973420230579638,0.8989284480282237,0.7677192436442684,0.8909751639154017,0.8668405805647875,0.06405061870288098,0.09254140904858726,0.07325881518409515,0.031037505023845356,0.023942407191470196,0.037612356670646496,0.0537405186369209,0.013229738404810492,0.01667321178816121,0.012705733533009076,0.004066299233785624,0.0028092867050114887,0.004823933708317809,0.009051367228849283,0.8677877541297015,0.8766703708000352,0.8968764594794356,0.8968292249789434,0.753507030170331,0.8907494059980579,0.8637367075927508,7.961660146713257
