expl_var_class_0,expl_var_class_1,expl_var_class_2,expl_var_class_3,expl_var_class_4,expl_var_class_5,expl_var_mean,mae_class_0,mae_class_1,mae_class_2,mae_class_3,mae_class_4,mae_class_5,mae_mean,mse_class_0,mse_class_1,mse_class_2,mse_class_3,mse_class_4,mse_class_5,mse_mean,r2_class_0,r2_class_1,r2_class_2,r2_class_3,r2_class_4,r2_class_5,r2_mean,time
0.8784566465842463,0.8826140878658739,0.8882141089615527,0.8976284783389724,0.8079854703677477,0.8847307362711979,0.8732715880649318,0.062032969192487616,0.09159257502138927,0.07617227316474358,0.03226006065164197,0.020682930319974105,0.039133760110808685,0.05364576141017421,0.012285003700316564,0.01589215264880483,0.013824259356258797,0.0041674488401449595,0.0022689086034946254,0.005095904822160105,0.008922279661863312,0.8772290214632519,0.8824477660172221,0.8877981687410439,0.8942628414736518,0.800920988609032,0.8845899088873478,0.8712081158652584,8.335339307785034
