expl_var_class_0,expl_var_class_1,expl_var_class_2,expl_var_class_3,expl_var_class_4,expl_var_class_5,expl_var_mean,mae_class_0,mae_class_1,mae_class_2,mae_class_3,mae_class_4,mae_class_5,mae_mean,mse_class_0,mse_class_1,mse_class_2,mse_class_3,mse_class_4,mse_class_5,mse_mean,r2_class_0,r2_class_1,r2_class_2,r2_class_3,r2_class_4,r2_class_5,r2_mean,time
0.8397589262491718,0.8807233248035485,0.8940764318612708,0.9052675466805022,0.7713041824569997,0.8849460828515973,0.8626794158171817,0.0680191660701916,0.09260055133755259,0.07468430788887714,0.028312769189906606,0.024154064532967902,0.03863203471226264,0.05440048228862641,0.0161635255693251,0.01617102919909261,0.013070945891210108,0.0037837429834175276,0.0027785173920823187,0.0050860956188129745,0.009508976108990106,0.8384687624718701,0.8803849516071047,0.893912286547451,0.9039982860001562,0.7562067970933724,0.8848120639494109,0.8596305246115609,10.835553646087646
