expl_var_class_0,expl_var_class_1,expl_var_class_2,expl_var_class_3,expl_var_class_4,expl_var_class_5,expl_var_mean,mae_class_0,mae_class_1,mae_class_2,mae_class_3,mae_class_4,mae_class_5,mae_mean,mse_class_0,mse_class_1,mse_class_2,mse_class_3,mse_class_4,mse_class_5,mse_mean,r2_class_0,r2_class_1,r2_class_2,r2_class_3,r2_class_4,r2_class_5,r2_mean,time
0.8681908930159917,0.8695946111077685,0.8782604089426479,0.9014569664955465,0.7887827341469421,0.8802827606584025,0.8644280623945497,0.06231291080060302,0.0966450509960153,0.08056792556336258,0.029129928686035367,0.021714845227512353,0.03885402398466076,0.0548707808763649,0.0133589663123799,0.01767620970913838,0.015003626583240443,0.0039502159808527445,0.0025193953665677256,0.005296059337169094,0.00963407888155805,0.8664963066825881,0.8692513226133936,0.8782260709393466,0.8997745072819628,0.7789427312731876,0.880056886466414,0.8621246375428154,6.455259323120117
