expl_var_class_0,expl_var_class_1,expl_var_class_2,expl_var_class_3,expl_var_class_4,expl_var_class_5,expl_var_mean,mae_class_0,mae_class_1,mae_class_2,mae_class_3,mae_class_4,mae_class_5,mae_mean,mse_class_0,mse_class_1,mse_class_2,mse_class_3,mse_class_4,mse_class_5,mse_mean,r2_class_0,r2_class_1,r2_class_2,r2_class_3,r2_class_4,r2_class_5,r2_mean,time
0.8522589593085588,0.8766062875676375,0.8822400970415378,0.9018328588375667,0.7562482872237947,0.887695910534197,0.8594804000855487,0.06344984054382868,0.09406596483521254,0.08122860988024026,0.029785961035207996,0.023640194072927743,0.0386758428139771,0.05514106886356571,0.015051793074064065,0.0167267834401372,0.014512066014859177,0.003936508593131597,0.002925858359689332,0.004978487372647994,0.009688582809088226,0.849578933021577,0.8762741080968577,0.8822157238043372,0.9001222932498412,0.7432787778142289,0.8872491340925516,0.856453161679899,7.060305833816528
