expl_var_class_0,expl_var_class_1,expl_var_class_2,expl_var_class_3,expl_var_class_4,expl_var_class_5,expl_var_mean,mae_class_0,mae_class_1,mae_class_2,mae_class_3,mae_class_4,mae_class_5,mae_mean,mse_class_0,mse_class_1,mse_class_2,mse_class_3,mse_class_4,mse_class_5,mse_mean,r2_class_0,r2_class_1,r2_class_2,r2_class_3,r2_class_4,r2_class_5,r2_mean,time
0.8707886107091658,0.8837305240903456,0.8955468574006881,0.918686836638055,0.7428652204999535,0.8777025154336899,0.8648867607953162,0.061495890737987884,0.09052001958354354,0.0741745577965435,0.02831175102573961,0.026137019657908222,0.039885946361831535,0.053420864193925714,0.013125483718567756,0.015753717606054606,0.012903495851839388,0.0032728554460722536,0.003152075437994032,0.005406829532821568,0.008935742932224934,0.8688296300753093,0.8834717524397293,0.8952713612419859,0.9169606038587562,0.7234299957878005,0.8775482057082441,0.8609185915186376,14.567713499069214
