expl_var_class_0,expl_var_class_1,expl_var_class_2,expl_var_class_3,expl_var_class_4,expl_var_class_5,expl_var_mean,mae_class_0,mae_class_1,mae_class_2,mae_class_3,mae_class_4,mae_class_5,mae_mean,mse_class_0,mse_class_1,mse_class_2,mse_class_3,mse_class_4,mse_class_5,mse_mean,r2_class_0,r2_class_1,r2_class_2,r2_class_3,r2_class_4,r2_class_5,r2_mean,time
0.8733296500078066,0.775974502642771,0.8197101410909853,0.900848227018091,0.8067267873726265,0.8701502568264536,0.8411232608264557,0.06231595754631363,0.12541062883570345,0.09976662371840342,0.0294852822753965,0.021494169943436142,0.038791030217186794,0.06287728208940664,0.012805354935860122,0.03046660015330825,0.02224345594929532,0.003969587555314293,0.0022977358025684743,0.005736500756281678,0.012919872525438025,0.8720288577572498,0.774642429567226,0.8194654464501978,0.8992830086893432,0.7983916270102646,0.8700819387223896,0.8389822180327785,4.880920886993408
