expl_var_class_0,expl_var_class_1,expl_var_class_2,expl_var_class_3,expl_var_class_4,expl_var_class_5,expl_var_mean,mae_class_0,mae_class_1,mae_class_2,mae_class_3,mae_class_4,mae_class_5,mae_mean,mse_class_0,mse_class_1,mse_class_2,mse_class_3,mse_class_4,mse_class_5,mse_mean,r2_class_0,r2_class_1,r2_class_2,r2_class_3,r2_class_4,r2_class_5,r2_mean,time
0.8621258753281171,0.7822256782764103,0.83781955110995,0.8980465311240733,0.7952141162801256,0.8692161539891743,0.8407746510179751,0.06631554981672394,0.12121106806028674,0.09535012214906567,0.02962591958274751,0.022852547846658935,0.040642626068641115,0.06266630558735399,0.013841850000668421,0.029729970450397387,0.02000845157412745,0.004065675681560296,0.0024533707244406423,0.005775355020384544,0.012645778908596458,0.8616705773318442,0.7800911858879598,0.8376054116594067,0.8968450458427446,0.7847358780142495,0.8692019823031238,0.838358346839888,5.7334067821502686
