expl_var_class_0,expl_var_class_1,expl_var_class_2,expl_var_class_3,expl_var_class_4,expl_var_class_5,expl_var_mean,mae_class_0,mae_class_1,mae_class_2,mae_class_3,mae_class_4,mae_class_5,mae_mean,mse_class_0,mse_class_1,mse_class_2,mse_class_3,mse_class_4,mse_class_5,mse_mean,r2_class_0,r2_class_1,r2_class_2,r2_class_3,r2_class_4,r2_class_5,r2_mean,time
0.8792852359269318,0.8739245844802772,0.8883450097385717,0.9122248230516419,0.7928466874039123,0.8886716226238763,0.8725496605375352,0.05913465685913194,0.09444526382371979,0.07852378749528552,0.028303071923833373,0.021326181363705943,0.03916520496271689,0.05348302773806557,0.01229665192750638,0.017096978383543876,0.01375779039719513,0.0035221859268505934,0.0024539921784690636,0.004944651218623278,0.009012041672031387,0.8771126141519318,0.8735358231352004,0.8883376507296716,0.9106345522183495,0.7846813502763703,0.8880154422861255,0.8703862387996081,10.37734580039978
