expl_var_class_0,expl_var_class_1,expl_var_class_2,expl_var_class_3,expl_var_class_4,expl_var_class_5,expl_var_mean,mae_class_0,mae_class_1,mae_class_2,mae_class_3,mae_class_4,mae_class_5,mae_mean,mse_class_0,mse_class_1,mse_class_2,mse_class_3,mse_class_4,mse_class_5,mse_mean,r2_class_0,r2_class_1,r2_class_2,r2_class_3,r2_class_4,r2_class_5,r2_mean,time
0.8730838210848383,0.8692693830636893,0.8991276286050378,0.919575571645974,0.8147170136188046,0.8922829281566499,0.8780093910291656,0.06519802955774265,0.09690825568472067,0.07193550108358022,0.026635248924375687,0.0209554274735877,0.038288695912067405,0.05332019310601239,0.01275167017935928,0.017688396541323457,0.012511548220048121,0.0031980856630820656,0.002199928035984688,0.004785750936532556,0.008855896596055029,0.872565359841327,0.8691611781641054,0.8984525256654298,0.9188576743928576,0.8069734947187603,0.8916141547177566,0.8762707312500395,8.060617923736572
