expl_var_class_0,expl_var_class_1,expl_var_class_2,expl_var_class_3,expl_var_class_4,expl_var_class_5,expl_var_mean,mae_class_0,mae_class_1,mae_class_2,mae_class_3,mae_class_4,mae_class_5,mae_mean,mse_class_0,mse_class_1,mse_class_2,mse_class_3,mse_class_4,mse_class_5,mse_mean,r2_class_0,r2_class_1,r2_class_2,r2_class_3,r2_class_4,r2_class_5,r2_mean,time
0.8766789928025489,0.8625747790182245,0.8857578958740112,0.9208455793186764,0.8063969154569942,0.8800782301904412,0.872055398776816,0.06248843219709361,0.09705154062942982,0.0773395726181058,0.026589765913020817,0.021756619038094175,0.04073471180797511,0.05432677370061989,0.01243076467275802,0.018642983675465075,0.014099015073910145,0.003146724424025393,0.00232317699479083,0.0053357284982048035,0.009329732223192376,0.875772349763703,0.8621002184169057,0.8855681690083353,0.9201608197185855,0.7961593610704055,0.8791584745750488,0.8698198987588307,9.245630264282227
