expl_var_class_0,expl_var_class_1,expl_var_class_2,expl_var_class_3,expl_var_class_4,expl_var_class_5,expl_var_mean,mae_class_0,mae_class_1,mae_class_2,mae_class_3,mae_class_4,mae_class_5,mae_mean,mse_class_0,mse_class_1,mse_class_2,mse_class_3,mse_class_4,mse_class_5,mse_mean,r2_class_0,r2_class_1,r2_class_2,r2_class_3,r2_class_4,r2_class_5,r2_mean,time
0.8353045424737008,0.8738465246659259,0.8879353686620599,0.9076585072673623,0.7501193757329189,0.8879292590503285,0.8571322629753827,0.07055585115040003,0.0960333053768226,0.07822678681406918,0.027978645191705707,0.02379580955050147,0.03844149550512639,0.055838648931437564,0.016593146129319947,0.01705937453742768,0.01383090237011512,0.003691383762824851,0.003004193238912613,0.004952976468040029,0.009855329417773373,0.8341753216364625,0.8738139740072055,0.8877442520500625,0.9063416384740016,0.7364055039021893,0.887826895241537,0.8543845975519098,12.16081714630127
