expl_var_class_0,expl_var_class_1,expl_var_class_2,expl_var_class_3,expl_var_class_4,expl_var_class_5,expl_var_mean,mae_class_0,mae_class_1,mae_class_2,mae_class_3,mae_class_4,mae_class_5,mae_mean,mse_class_0,mse_class_1,mse_class_2,mse_class_3,mse_class_4,mse_class_5,mse_mean,r2_class_0,r2_class_1,r2_class_2,r2_class_3,r2_class_4,r2_class_5,r2_mean,time
0.8759826447781518,0.8783353514378572,0.8973868226108059,0.901677911418695,0.7968079952058985,0.8902543428566505,0.8734075113846765,0.06322726055342386,0.09387096566176341,0.07501596797981182,0.02876649363790153,0.02186755924144444,0.037222491697616114,0.05332845646199352,0.012485209911438123,0.016484299668506286,0.012658884494559451,0.003933631165386097,0.002430016402539685,0.004845933916728507,0.008806329259859693,0.8752282477518126,0.8780677297470957,0.8972567003134149,0.9001952997930153,0.7867850373803817,0.8902511537453599,0.8712973614551799,6.743565559387207
