expl_var_class_0,expl_var_class_1,expl_var_class_2,expl_var_class_3,expl_var_class_4,expl_var_class_5,expl_var_mean,mae_class_0,mae_class_1,mae_class_2,mae_class_3,mae_class_4,mae_class_5,mae_mean,mse_class_0,mse_class_1,mse_class_2,mse_class_3,mse_class_4,mse_class_5,mse_mean,r2_class_0,r2_class_1,r2_class_2,r2_class_3,r2_class_4,r2_class_5,r2_mean,time
0.8799383675726208,0.8707329785146859,0.8834378670244731,0.9052123229702809,0.7795368864428245,0.891070331762217,0.8683214590478503,0.062051738096195845,0.09448344547665152,0.07897613320189523,0.029192179945761364,0.02256080811544429,0.03720593097472148,0.05407837263511162,0.012110214470603203,0.017548539359156984,0.014374733907868678,0.0038044116252187684,0.002634976670562773,0.0048167212984377645,0.009214932888641362,0.8789757889281279,0.8701956839711864,0.883330352335088,0.9034738780137618,0.7688013744555648,0.8909127498811261,0.865948304597476,11.309351921081543
