expl_var_class_0,expl_var_class_1,expl_var_class_2,expl_var_class_3,expl_var_class_4,expl_var_class_5,expl_var_mean,mae_class_0,mae_class_1,mae_class_2,mae_class_3,mae_class_4,mae_class_5,mae_mean,mse_class_0,mse_class_1,mse_class_2,mse_class_3,mse_class_4,mse_class_5,mse_mean,r2_class_0,r2_class_1,r2_class_2,r2_class_3,r2_class_4,r2_class_5,r2_mean,time
0.8701031286086403,0.7877559150025252,0.8394202297469957,0.9027751323416628,0.7786218412476521,0.8617156050847489,0.8400653086720374,0.06414413833247674,0.12147098850777144,0.09592763750226087,0.0289795554087804,0.022731323267587082,0.04112067223935978,0.062395719209706046,0.013063173688070556,0.029143441353631245,0.019887572054109383,0.0038813524099742527,0.002645462756105142,0.006107012203082443,0.012454669077495503,0.8694523293925751,0.7844296670959129,0.8385865060644093,0.9015217244860536,0.7678813023381069,0.8616907380768031,0.8372603779089767,9.698961734771729
