expl_var_class_0,expl_var_class_1,expl_var_class_2,expl_var_class_3,expl_var_class_4,expl_var_class_5,expl_var_mean,mae_class_0,mae_class_1,mae_class_2,mae_class_3,mae_class_4,mae_class_5,mae_mean,mse_class_0,mse_class_1,mse_class_2,mse_class_3,mse_class_4,mse_class_5,mse_mean,r2_class_0,r2_class_1,r2_class_2,r2_class_3,r2_class_4,r2_class_5,r2_mean,time
0.8868149800871745,0.8767134298741092,0.8823936380617744,0.9047757955324022,0.792694369410159,0.892132108123236,0.8725873868481425,0.05747249083138564,0.09389736734260122,0.07839412855983827,0.030615016764951566,0.022871979570247652,0.03814021079492294,0.053565198977324556,0.011479448119015426,0.016670171892186503,0.014541225388740961,0.003840513710511794,0.0024955773585493292,0.004762991312033938,0.008964987963506324,0.8852793932331466,0.8766928565243294,0.8819790575885504,0.9025578903046895,0.7810325754750655,0.8921296059337316,0.8699452298432521,9.070699691772461
