expl_var_class_0,expl_var_class_1,expl_var_class_2,expl_var_class_3,expl_var_class_4,expl_var_class_5,expl_var_mean,mae_class_0,mae_class_1,mae_class_2,mae_class_3,mae_class_4,mae_class_5,mae_mean,mse_class_0,mse_class_1,mse_class_2,mse_class_3,mse_class_4,mse_class_5,mse_mean,r2_class_0,r2_class_1,r2_class_2,r2_class_3,r2_class_4,r2_class_5,r2_mean,time
0.8810688212010918,0.8845008352042332,0.8898424469101938,0.9068657677501851,0.7884394212285755,0.8882761959662718,0.8731655813767585,0.06195349407469362,0.09075976556437228,0.07753579382711867,0.028952348275357837,0.022061416250198525,0.038368729771022694,0.053271924627127265,0.011990944421424036,0.015661518400911827,0.013587806127875524,0.003729730440370066,0.0025167115253609566,0.004938508440645644,0.008737536559431342,0.880167721873779,0.8841537382458993,0.8897172939938325,0.905368700622072,0.7791782173801867,0.8881545615575454,0.8711233722788858,10.644259691238403
