expl_var_class_0,expl_var_class_1,expl_var_class_2,expl_var_class_3,expl_var_class_4,expl_var_class_5,expl_var_mean,mae_class_0,mae_class_1,mae_class_2,mae_class_3,mae_class_4,mae_class_5,mae_mean,mse_class_0,mse_class_1,mse_class_2,mse_class_3,mse_class_4,mse_class_5,mse_mean,r2_class_0,r2_class_1,r2_class_2,r2_class_3,r2_class_4,r2_class_5,r2_mean,time
0.8676969411733135,0.7778654379427968,0.8365414554593734,0.8993881079853936,0.7781513755142606,0.8659356803079816,0.83759649973052,0.06515245252210447,0.12334173654902901,0.0966062113647469,0.02970469548005939,0.02269323697137758,0.03987752887241255,0.06289597695995498,0.013285067561684589,0.030389798971380142,0.02018088767255011,0.00403640978683429,0.002650649659326591,0.005919604951452715,0.012743736433871404,0.8672348186242063,0.7752105181520563,0.8362058686155753,0.8975875846641574,0.7674261920864571,0.8659350653828595,0.8349333412542187,5.033805847167969
