expl_var_class_0,expl_var_class_1,expl_var_class_2,expl_var_class_3,expl_var_class_4,expl_var_class_5,expl_var_mean,mae_class_0,mae_class_1,mae_class_2,mae_class_3,mae_class_4,mae_class_5,mae_mean,mse_class_0,mse_class_1,mse_class_2,mse_class_3,mse_class_4,mse_class_5,mse_mean,r2_class_0,r2_class_1,r2_class_2,r2_class_3,r2_class_4,r2_class_5,r2_mean,time
0.8654347158852007,0.8796347053963317,0.8955762359655571,0.8995834973154087,0.7901158038228899,0.8874518446687611,0.8696328005090249,0.06528053625295421,0.09244878986099128,0.07569712011426598,0.030689314471292483,0.021747403795688014,0.03789838848472245,0.05396025882998573,0.013543329624613513,0.016328777845779057,0.01287674068958475,0.0040496331300288995,0.0024920626360537875,0.004969538809946327,0.009043347122667723,0.8646538600052124,0.8792181049101504,0.8954885141558049,0.8972520799491029,0.7813409649265615,0.8874517976965176,0.8675675536072248,9.688432216644287
