expl_var_class_0,expl_var_class_1,expl_var_class_2,expl_var_class_3,expl_var_class_4,expl_var_class_5,expl_var_mean,mae_class_0,mae_class_1,mae_class_2,mae_class_3,mae_class_4,mae_class_5,mae_mean,mse_class_0,mse_class_1,mse_class_2,mse_class_3,mse_class_4,mse_class_5,mse_mean,r2_class_0,r2_class_1,r2_class_2,r2_class_3,r2_class_4,r2_class_5,r2_mean,time
0.8651189810759624,0.8916929783663519,0.8972355874280235,0.884447820129703,0.7597081413951434,0.8929637266929732,0.8651945391813597,0.06412383370823078,0.08787177624618298,0.07292759376281886,0.032095674100807214,0.02651813075529835,0.03702759773497269,0.053427434384718475,0.013629003533087918,0.014702280940976559,0.012724795757323219,0.0046643717814546255,0.0029539835671135123,0.004730299666150539,0.008900789207684395,0.8637976722632258,0.8912490958621525,0.8967217447550662,0.8816548355121888,0.7408110105006633,0.8928699937474165,0.8611840587734522,10.334333896636963
