expl_var_class_0,expl_var_class_1,expl_var_class_2,expl_var_class_3,expl_var_class_4,expl_var_class_5,expl_var_mean,mae_class_0,mae_class_1,mae_class_2,mae_class_3,mae_class_4,mae_class_5,mae_mean,mse_class_0,mse_class_1,mse_class_2,mse_class_3,mse_class_4,mse_class_5,mse_mean,r2_class_0,r2_class_1,r2_class_2,r2_class_3,r2_class_4,r2_class_5,r2_mean,time
0.8822973331589744,0.8800611103136086,0.8896933651122199,0.9027268973149486,0.7907322992932043,0.8928271982161824,0.8730563672348564,0.0589269122472786,0.09211224478639868,0.07726579841392736,0.02943100906718681,0.021771968969669257,0.03712140541369983,0.052771556483026755,0.011945732018651711,0.016287212946725214,0.013592466280612761,0.00390955385430692,0.0024868711457353807,0.004748046794568813,0.008828313840100134,0.8806195549432483,0.8795255551874679,0.8896794707978413,0.9008061930651636,0.7817964776601474,0.8924680636134716,0.87081588587789,11.878774404525757
