expl_var_class_0,expl_var_class_1,expl_var_class_2,expl_var_class_3,expl_var_class_4,expl_var_class_5,expl_var_mean,mae_class_0,mae_class_1,mae_class_2,mae_class_3,mae_class_4,mae_class_5,mae_mean,mse_class_0,mse_class_1,mse_class_2,mse_class_3,mse_class_4,mse_class_5,mse_mean,r2_class_0,r2_class_1,r2_class_2,r2_class_3,r2_class_4,r2_class_5,r2_mean,time
0.8730640686286013,0.8673200483625301,0.8942989557492914,0.8957613844361214,0.7982429977775759,0.8879535894198434,0.8694401740623272,0.06173014982206691,0.09695674820129961,0.07541967532402201,0.02932004698123652,0.02275088064707106,0.03787863311921744,0.0540093556824856,0.012858266517358505,0.017969068221549315,0.013053615272443465,0.004178260626048041,0.0024321413053093755,0.004961613222808457,0.009242160860919526,0.871500082447535,0.8670850854059144,0.894052947042336,0.8939885231643363,0.7865985937563237,0.8876312933436351,0.8668094208600134,8.181213140487671
