expl_var_class_0,expl_var_class_1,expl_var_class_2,expl_var_class_3,expl_var_class_4,expl_var_class_5,expl_var_mean,mae_class_0,mae_class_1,mae_class_2,mae_class_3,mae_class_4,mae_class_5,mae_mean,mse_class_0,mse_class_1,mse_class_2,mse_class_3,mse_class_4,mse_class_5,mse_mean,r2_class_0,r2_class_1,r2_class_2,r2_class_3,r2_class_4,r2_class_5,r2_mean,time
0.8766930353926629,0.877251831618348,0.8871651619193812,0.9043948751015614,0.7713293242038629,0.8913174457079919,0.8680252789906348,0.06101259717422902,0.09334041634616133,0.0776283950462486,0.029626750333831532,0.022697025827741222,0.03783114532165324,0.05368938834164416,0.012468869421889385,0.01661858111022424,0.013919270060252956,0.0038308652796956145,0.002722311744502927,0.004801863249237611,0.00906029347763379,0.8753915474903073,0.8770744669836927,0.8870270333982654,0.9028026917882526,0.761138403742252,0.8912492492608808,0.8657805654439418,12.140637874603271
