expl_var_class_0,expl_var_class_1,expl_var_class_2,expl_var_class_3,expl_var_class_4,expl_var_class_5,expl_var_mean,mae_class_0,mae_class_1,mae_class_2,mae_class_3,mae_class_4,mae_class_5,mae_mean,mse_class_0,mse_class_1,mse_class_2,mse_class_3,mse_class_4,mse_class_5,mse_mean,r2_class_0,r2_class_1,r2_class_2,r2_class_3,r2_class_4,r2_class_5,r2_mean,time
0.8788312952896122,0.8775046106757074,0.8846917343631595,0.9014197550754579,0.8000960912762031,0.8951055822286907,0.8729415114848053,0.058425847388963996,0.09389215669786498,0.07825222339479192,0.029254919699939763,0.02105527496335767,0.036912616079417246,0.052965506370722594,0.012376131816243934,0.016562577112261362,0.014226732792373924,0.003947431606040463,0.002366391472354621,0.004651858407835145,0.009021853867851573,0.8763183267465442,0.8774887214410961,0.8845315737357384,0.8998451528716788,0.7923676281385783,0.8946465011754602,0.870866317351516,11.746158123016357
