expl_var_class_0,expl_var_class_1,expl_var_class_2,expl_var_class_3,expl_var_class_4,expl_var_class_5,expl_var_mean,mae_class_0,mae_class_1,mae_class_2,mae_class_3,mae_class_4,mae_class_5,mae_mean,mse_class_0,mse_class_1,mse_class_2,mse_class_3,mse_class_4,mse_class_5,mse_mean,r2_class_0,r2_class_1,r2_class_2,r2_class_3,r2_class_4,r2_class_5,r2_mean,time
0.8652600477179373,0.8837841016309119,0.9051371844703777,0.9116119413623935,0.7709987461984913,0.8935761482812166,0.8717280282768881,0.0641368910300521,0.09206907350593281,0.07161996962803423,0.029725095942287637,0.02418023004863005,0.03663176840263529,0.053060504759595346,0.013614526354862922,0.015764101707264503,0.011728627167309328,0.003576114863086933,0.0027860770950861504,0.004704082727249213,0.008695588319143176,0.863942350879569,0.8833949425624206,0.9048069475251955,0.9092662588814167,0.7555434921907005,0.8934637448893412,0.8684029561547738,7.0872416496276855
