expl_var_class_0,expl_var_class_1,expl_var_class_2,expl_var_class_3,expl_var_class_4,expl_var_class_5,expl_var_mean,mae_class_0,mae_class_1,mae_class_2,mae_class_3,mae_class_4,mae_class_5,mae_mean,mse_class_0,mse_class_1,mse_class_2,mse_class_3,mse_class_4,mse_class_5,mse_mean,r2_class_0,r2_class_1,r2_class_2,r2_class_3,r2_class_4,r2_class_5,r2_mean,time
0.8740173027516529,0.8720291926245652,0.8828700396538575,0.9079304552161075,0.810612133601788,0.8782120811412557,0.8709452008315378,0.06387689262750551,0.09651334922609374,0.07831675337109242,0.028534278322914344,0.020112233342893998,0.03935125147874562,0.054450793061540936,0.01264393531205036,0.017310929197413498,0.014467339459792266,0.003677312789989041,0.0022301985044035945,0.005377529426351322,0.009284540781666682,0.8736420152013658,0.8719532561482983,0.882578737927198,0.9066986493798171,0.8043174975058731,0.8782117832426275,0.8695669899008632,9.425425291061401
