expl_var_class_0,expl_var_class_1,expl_var_class_2,expl_var_class_3,expl_var_class_4,expl_var_class_5,expl_var_mean,mae_class_0,mae_class_1,mae_class_2,mae_class_3,mae_class_4,mae_class_5,mae_mean,mse_class_0,mse_class_1,mse_class_2,mse_class_3,mse_class_4,mse_class_5,mse_mean,r2_class_0,r2_class_1,r2_class_2,r2_class_3,r2_class_4,r2_class_5,r2_mean,time
0.8562344427243559,0.7798926556770351,0.8279035905924199,0.8929382383760524,0.7806511274108868,0.8653405305859622,0.8338267642277853,0.0646882972231397,0.12302883240898332,0.09965153827989094,0.030097813394831925,0.023609260810094238,0.039928607503969114,0.0635007249368182,0.014525046517920281,0.030208276995574563,0.02134277816833434,0.00429445453170853,0.002640516009246995,0.0059464233275711344,0.013159582591725972,0.8548430087773676,0.77655321314401,0.8267756172010324,0.8910404333631448,0.7683153407443276,0.8653276931223219,0.8304758843920341,5.914848327636719
