expl_var_class_0,expl_var_class_1,expl_var_class_2,expl_var_class_3,expl_var_class_4,expl_var_class_5,expl_var_mean,mae_class_0,mae_class_1,mae_class_2,mae_class_3,mae_class_4,mae_class_5,mae_mean,mse_class_0,mse_class_1,mse_class_2,mse_class_3,mse_class_4,mse_class_5,mse_mean,r2_class_0,r2_class_1,r2_class_2,r2_class_3,r2_class_4,r2_class_5,r2_mean,time
0.8636027506411477,0.8768991181974364,0.8931767372472669,0.8903897942178637,0.793267337613451,0.8876983307609897,0.8675056781130258,0.06355945994574115,0.0925152888506098,0.07395946384447119,0.03124047633691201,0.022136839076442406,0.03808896680285687,0.053583415809505576,0.013816142185372764,0.016679436723188064,0.013193718941825331,0.004421444445048142,0.0024716091767258324,0.004973858377904947,0.00925936830834418,0.8619274900456603,0.876624325746544,0.8929158236807413,0.887818425580184,0.7831355962555904,0.8873539697838957,0.8649626051821026,15.262333869934082
