expl_var_class_0,expl_var_class_1,expl_var_class_2,expl_var_class_3,expl_var_class_4,expl_var_class_5,expl_var_mean,mae_class_0,mae_class_1,mae_class_2,mae_class_3,mae_class_4,mae_class_5,mae_mean,mse_class_0,mse_class_1,mse_class_2,mse_class_3,mse_class_4,mse_class_5,mse_mean,r2_class_0,r2_class_1,r2_class_2,r2_class_3,r2_class_4,r2_class_5,r2_mean,time
0.8789642960850612,0.8815366692940819,0.8827094522114155,0.9157047863382897,0.7833977312954993,0.8946026090143886,0.8728192573731229,0.06000801337841161,0.09241068159917487,0.07802399371501684,0.028997737661244034,0.022962090642778245,0.03660629026768083,0.05316813454405107,0.012314688292895767,0.01602334915684538,0.01448999756935094,0.0033994085820201443,0.0025989629116282293,0.004663548232562209,0.008914992457550446,0.8769323665686084,0.8814773221162779,0.8823948379207069,0.9137496780595415,0.771961300560177,0.8943817545241933,0.8701495432915842,10.607489585876465
