expl_var_class_0,expl_var_class_1,expl_var_class_2,expl_var_class_3,expl_var_class_4,expl_var_class_5,expl_var_mean,mae_class_0,mae_class_1,mae_class_2,mae_class_3,mae_class_4,mae_class_5,mae_mean,mse_class_0,mse_class_1,mse_class_2,mse_class_3,mse_class_4,mse_class_5,mse_mean,r2_class_0,r2_class_1,r2_class_2,r2_class_3,r2_class_4,r2_class_5,r2_mean,time
0.8625961257791241,0.8798898741563143,0.8826225052491249,0.9009513228566487,0.7909812440790346,0.8939896086094139,0.8685051134549434,0.06323863336253835,0.09187937836051582,0.0799652918419843,0.029794858445027037,0.022487973102239725,0.036268498526317604,0.05393910560643714,0.013933363591087886,0.016265302887660177,0.014464077910439656,0.003974362179870223,0.002509048757457413,0.004681219797690398,0.009304562520700959,0.860756030350884,0.8796876211106129,0.8826052096390398,0.8991618661743563,0.7798505654229445,0.8939815357185598,0.8660071380693996,10.109023332595825
