expl_var_class_0,expl_var_class_1,expl_var_class_2,expl_var_class_3,expl_var_class_4,expl_var_class_5,expl_var_mean,mae_class_0,mae_class_1,mae_class_2,mae_class_3,mae_class_4,mae_class_5,mae_mean,mse_class_0,mse_class_1,mse_class_2,mse_class_3,mse_class_4,mse_class_5,mse_mean,r2_class_0,r2_class_1,r2_class_2,r2_class_3,r2_class_4,r2_class_5,r2_mean,time
0.8839297005207286,0.8717782093253229,0.8822606720373629,0.9129603338633786,0.7930283385135809,0.8974255496646446,0.8735638006541698,0.060908771055079886,0.0957291160446001,0.07772996819517698,0.029247835200567243,0.022851849597137885,0.03612875056664787,0.05376604844320166,0.011763769458216973,0.017345551597805497,0.014569200873102343,0.003507733188682332,0.002492171578831794,0.00453882900667647,0.009036209283885903,0.8824380095523461,0.8716971586515108,0.8817520001748538,0.9110012493334085,0.7813314060485572,0.897206347550417,0.8709043618851822,10.439109563827515
