expl_var_class_0,expl_var_class_1,expl_var_class_2,expl_var_class_3,expl_var_class_4,expl_var_class_5,expl_var_mean,mae_class_0,mae_class_1,mae_class_2,mae_class_3,mae_class_4,mae_class_5,mae_mean,mse_class_0,mse_class_1,mse_class_2,mse_class_3,mse_class_4,mse_class_5,mse_mean,r2_class_0,r2_class_1,r2_class_2,r2_class_3,r2_class_4,r2_class_5,r2_mean,time
0.8782848985871479,0.8837217980957781,0.8984452183348163,0.8982981107691022,0.7920334815264581,0.8886185850906095,0.8732336820673187,0.06296439024366034,0.09042019457057666,0.07358521134839785,0.03100945473859574,0.02186596266355641,0.03773899603718733,0.052930701600329054,0.012263681352191157,0.015800223427605304,0.012537548461399374,0.004098194204361389,0.0024762760652568237,0.004929443109825814,0.008684227770106644,0.8774421077274417,0.8831277547864662,0.8982414999158684,0.8960199808371855,0.7827261132320827,0.8883598696809101,0.8709862210299925,11.363635301589966
