expl_var_class_0,expl_var_class_1,expl_var_class_2,expl_var_class_3,expl_var_class_4,expl_var_class_5,expl_var_mean,mae_class_0,mae_class_1,mae_class_2,mae_class_3,mae_class_4,mae_class_5,mae_mean,mse_class_0,mse_class_1,mse_class_2,mse_class_3,mse_class_4,mse_class_5,mse_mean,r2_class_0,r2_class_1,r2_class_2,r2_class_3,r2_class_4,r2_class_5,r2_mean,time
0.8524099326404753,0.77458533643659,0.8196157334250587,0.8862573683284782,0.7721939560071723,0.8627975423256895,0.8279766448605774,0.0651002691639444,0.12475754043139999,0.10238463337433071,0.03137802038574865,0.024489005257395783,0.04034148815749088,0.06474182612838507,0.014995163178799545,0.030953448577778993,0.022408693508467054,0.004568695818181961,0.0027642853621419917,0.006059508456689038,0.013624965817009763,0.850144867540252,0.771041273627421,0.8181243289079091,0.8840823408958831,0.7574555465785843,0.862766584641993,0.8239358236986738,4.417346000671387
