expl_var_class_0,expl_var_class_1,expl_var_class_2,expl_var_class_3,expl_var_class_4,expl_var_class_5,expl_var_mean,mae_class_0,mae_class_1,mae_class_2,mae_class_3,mae_class_4,mae_class_5,mae_mean,mse_class_0,mse_class_1,mse_class_2,mse_class_3,mse_class_4,mse_class_5,mse_mean,r2_class_0,r2_class_1,r2_class_2,r2_class_3,r2_class_4,r2_class_5,r2_mean,time
0.8680689212750314,0.8698720691029603,0.881365351186485,0.9017510897741436,0.7863855785110685,0.8933523827527337,0.8667992321004037,0.06372895747535051,0.09613544951164672,0.0791825405477981,0.02866475589007987,0.021607353305033224,0.03686411411736535,0.054363861807878965,0.013342510758956372,0.017609033875254806,0.014627253757593765,0.003930597286109806,0.002534266458958101,0.004711465475765836,0.00945918793543978,0.8666607563193528,0.8697482137216768,0.8812808255692607,0.9002722758487012,0.7776379090486079,0.8932965432423913,0.8648160872916651,10.831352710723877
