expl_var_class_0,expl_var_class_1,expl_var_class_2,expl_var_class_3,expl_var_class_4,expl_var_class_5,expl_var_mean,mae_class_0,mae_class_1,mae_class_2,mae_class_3,mae_class_4,mae_class_5,mae_mean,mse_class_0,mse_class_1,mse_class_2,mse_class_3,mse_class_4,mse_class_5,mse_mean,r2_class_0,r2_class_1,r2_class_2,r2_class_3,r2_class_4,r2_class_5,r2_mean,time
0.8717710228299007,0.8700088978965711,0.8830763175658909,0.9041835719105814,0.7793014884143453,0.8852007426582671,0.8655903402125927,0.06150950850850185,0.0958338815781965,0.07832103033442646,0.03065321599189688,0.02440984361192381,0.03840634590106827,0.054855637654335626,0.012993320924572076,0.01764486331370922,0.014446189492120986,0.0038766360701388415,0.0026946786794843605,0.00508573522254552,0.0094569039504285,0.8701504074996239,0.8694831879177003,0.8827503974022288,0.901641388192069,0.7635629894030078,0.8848202260653677,0.862068099413333,11.82195234298706
