expl_var_class_0,expl_var_class_1,expl_var_class_2,expl_var_class_3,expl_var_class_4,expl_var_class_5,expl_var_mean,mae_class_0,mae_class_1,mae_class_2,mae_class_3,mae_class_4,mae_class_5,mae_mean,mse_class_0,mse_class_1,mse_class_2,mse_class_3,mse_class_4,mse_class_5,mse_mean,r2_class_0,r2_class_1,r2_class_2,r2_class_3,r2_class_4,r2_class_5,r2_mean,time
0.859648697764531,0.857750212066364,0.8798829282673364,0.8969651937739936,0.7916348206477216,0.8822284343691568,0.8613517144815174,0.06821143442008061,0.0995957131100473,0.07899435009946264,0.030203051610218135,0.021518852996516416,0.03907645177579825,0.05626664233535389,0.014100962455805891,0.0192513007750819,0.014862373086790249,0.004128665839131477,0.0024736704048556883,0.00520337306371125,0.010003390937562742,0.8590811202633479,0.8576005741201175,0.8793725266419639,0.8952468497923112,0.7829547395839241,0.8821560095148165,0.8594019699860801,7.729105710983276
