expl_var_class_0,expl_var_class_1,expl_var_class_2,expl_var_class_3,expl_var_class_4,expl_var_class_5,expl_var_mean,mae_class_0,mae_class_1,mae_class_2,mae_class_3,mae_class_4,mae_class_5,mae_mean,mse_class_0,mse_class_1,mse_class_2,mse_class_3,mse_class_4,mse_class_5,mse_mean,r2_class_0,r2_class_1,r2_class_2,r2_class_3,r2_class_4,r2_class_5,r2_mean,time
0.8643250306206803,0.8708383612568581,0.884906796566084,0.8860610961560373,0.7882827882393846,0.8928368336467738,0.8645418177476364,0.06297539066441703,0.09599929062167499,0.07965814764720855,0.031239224864906136,0.022174105814054802,0.03678699584858472,0.05480552591014104,0.013732738917582615,0.01751482728743131,0.014180518867697132,0.004568851345654504,0.002529314045815076,0.0047317658705645855,0.009543002722457538,0.8627609859932028,0.87044504788249,0.8849066597960309,0.8840783948287206,0.778072444627077,0.8928367877141564,0.8621833868069463,5.36822509765625
