expl_var_class_0,expl_var_class_1,expl_var_class_2,expl_var_class_3,expl_var_class_4,expl_var_class_5,expl_var_mean,mae_class_0,mae_class_1,mae_class_2,mae_class_3,mae_class_4,mae_class_5,mae_mean,mse_class_0,mse_class_1,mse_class_2,mse_class_3,mse_class_4,mse_class_5,mse_mean,r2_class_0,r2_class_1,r2_class_2,r2_class_3,r2_class_4,r2_class_5,r2_mean,time
0.8556578981642279,0.8735290889750651,0.8843371469020986,0.9006400613972239,0.7686146117227888,0.8923114173370664,0.8625150374164118,0.06621385779691207,0.09565396639736214,0.07841878982252036,0.03202671396884079,0.0241863316285025,0.03650213267804817,0.055500298715364334,0.014608002306813155,0.01711197305295476,0.014287423651134099,0.0040363006516501345,0.002789279332144401,0.004755398900025717,0.009598062982453711,0.8540139847391084,0.8734249094706998,0.8840389885405332,0.8975903536589814,0.7552625208960374,0.8923015559587445,0.8594387188773508,11.912127017974854
