expl_var_class_0,expl_var_class_1,expl_var_class_2,expl_var_class_3,expl_var_class_4,expl_var_class_5,expl_var_mean,mae_class_0,mae_class_1,mae_class_2,mae_class_3,mae_class_4,mae_class_5,mae_mean,mse_class_0,mse_class_1,mse_class_2,mse_class_3,mse_class_4,mse_class_5,mse_mean,r2_class_0,r2_class_1,r2_class_2,r2_class_3,r2_class_4,r2_class_5,r2_mean,time
0.8769516616999631,0.8596057685544511,0.8752703694857178,0.9035121072801268,0.7855221036940154,0.8812143305736928,0.8636793902146612,0.06133244220077252,0.09876791213774694,0.08307986730759484,0.030024569340076697,0.02218657654048502,0.03947270960808992,0.055810679522460986,0.012476677813406362,0.019094041441134846,0.015370840934602574,0.003862526324076563,0.002563325603227527,0.0052545663279550524,0.009770329740733821,0.8753135138249766,0.8587638014329075,0.875245649230986,0.9019993828582018,0.7750881960702559,0.8809966041693638,0.861234524597782,6.368133783340454
