expl_var_class_0,expl_var_class_1,expl_var_class_2,expl_var_class_3,expl_var_class_4,expl_var_class_5,expl_var_mean,mae_class_0,mae_class_1,mae_class_2,mae_class_3,mae_class_4,mae_class_5,mae_mean,mse_class_0,mse_class_1,mse_class_2,mse_class_3,mse_class_4,mse_class_5,mse_mean,r2_class_0,r2_class_1,r2_class_2,r2_class_3,r2_class_4,r2_class_5,r2_mean,time
0.8847575677971026,0.8899432385324544,0.8899197496415545,0.9006241646067066,0.7549266799393733,0.8888967305550415,0.8681780218453721,0.058245051057737515,0.08822178755886502,0.07901847256193548,0.030198059661789612,0.023121614635855613,0.03684628084632381,0.052608544387084503,0.011720535360757789,0.015003757013004071,0.013567241644343697,0.004007775032462029,0.0029201349444401676,0.004909798823513073,0.008688207136420137,0.8828700722997982,0.8890191156610844,0.889884201504152,0.8983141100945974,0.7437809628065326,0.8888047659166752,0.86544553804714,10.205956220626831
