expl_var_class_0,expl_var_class_1,expl_var_class_2,expl_var_class_3,expl_var_class_4,expl_var_class_5,expl_var_mean,mae_class_0,mae_class_1,mae_class_2,mae_class_3,mae_class_4,mae_class_5,mae_mean,mse_class_0,mse_class_1,mse_class_2,mse_class_3,mse_class_4,mse_class_5,mse_mean,r2_class_0,r2_class_1,r2_class_2,r2_class_3,r2_class_4,r2_class_5,r2_mean,time
0.8803226331903022,0.8648595006311174,0.8859508923048605,0.8977500779119172,0.8055255289504524,0.8870512506468067,0.8702433139392428,0.061275006205312524,0.09769301682976637,0.07707880616824087,0.03026050943210341,0.02284981886741824,0.03924461750643099,0.05473362916821206,0.012142691578320661,0.018327912075874517,0.014079140948343847,0.004102182339533759,0.0023602743298841568,0.005015099440958503,0.009337883452152572,0.8786512268529523,0.8644307630079924,0.8857294733665467,0.8959187932528574,0.7929043596198209,0.8864199580606202,0.8673424290267984,6.851048469543457
