expl_var_class_0,expl_var_class_1,expl_var_class_2,expl_var_class_3,expl_var_class_4,expl_var_class_5,expl_var_mean,mae_class_0,mae_class_1,mae_class_2,mae_class_3,mae_class_4,mae_class_5,mae_mean,mse_class_0,mse_class_1,mse_class_2,mse_class_3,mse_class_4,mse_class_5,mse_mean,r2_class_0,r2_class_1,r2_class_2,r2_class_3,r2_class_4,r2_class_5,r2_mean,time
0.8683355206396552,0.8691465900678459,0.8801791725468873,0.907445178499526,0.8156940240653914,0.8830116812776655,0.8706353611828285,0.06214507523339809,0.09625535416140893,0.08033751771563877,0.02936079325821055,0.02081306100600383,0.03974302140510558,0.05477580379662763,0.013357084466957013,0.01774387317480121,0.014763678523816146,0.003729033556115968,0.0021975001409166115,0.00517336354264907,0.009494088900876002,0.8665151130264573,0.8687508245547947,0.880173561288061,0.9053863820774843,0.8071865235508469,0.8828356535978403,0.8684746763492474,10.546069383621216
