expl_var_class_0,expl_var_class_1,expl_var_class_2,expl_var_class_3,expl_var_class_4,expl_var_class_5,expl_var_mean,mae_class_0,mae_class_1,mae_class_2,mae_class_3,mae_class_4,mae_class_5,mae_mean,mse_class_0,mse_class_1,mse_class_2,mse_class_3,mse_class_4,mse_class_5,mse_mean,r2_class_0,r2_class_1,r2_class_2,r2_class_3,r2_class_4,r2_class_5,r2_mean,time
0.8631034274765295,0.8791632994256974,0.8989972072013085,0.8961997448827367,0.8026817340693851,0.8858550983210041,0.8710000852294435,0.06529452206994027,0.09164510488516993,0.07279461153239095,0.03060799143500513,0.021518500507588592,0.038877430145134104,0.05345636009587149,0.013807868112442126,0.01640280465304976,0.012486329309422861,0.0041803357857472506,0.002349661991424362,0.0050714740529429645,0.00904974565083822,0.8620101775282984,0.8786705380221657,0.8986572099006997,0.8939358718904996,0.7938355094448373,0.8851432075457216,0.8687087523887037,6.32788610458374
