expl_var_class_0,expl_var_class_1,expl_var_class_2,expl_var_class_3,expl_var_class_4,expl_var_class_5,expl_var_mean,mae_class_0,mae_class_1,mae_class_2,mae_class_3,mae_class_4,mae_class_5,mae_mean,mse_class_0,mse_class_1,mse_class_2,mse_class_3,mse_class_4,mse_class_5,mse_mean,r2_class_0,r2_class_1,r2_class_2,r2_class_3,r2_class_4,r2_class_5,r2_mean,time
0.8743134037672234,0.8735609440103778,0.8824042773230254,0.9092474081118611,0.7920021755703922,0.8932949378094056,0.8708038577653809,0.06295362907804004,0.09543936205124201,0.0803671949102068,0.027647021942472524,0.022414489527295235,0.036544329093643774,0.0542276711004834,0.012730167612014334,0.017154170519149227,0.014490635059669656,0.0036265859868648614,0.0024929821982810955,0.004723064441019506,0.009202934302833114,0.8727802471379358,0.8731127801746132,0.8823896638582617,0.9079856976986369,0.7812602805222435,0.8930338543415081,0.8684270872888664,10.726391792297363
