expl_var_class_0,expl_var_class_1,expl_var_class_2,expl_var_class_3,expl_var_class_4,expl_var_class_5,expl_var_mean,mae_class_0,mae_class_1,mae_class_2,mae_class_3,mae_class_4,mae_class_5,mae_mean,mse_class_0,mse_class_1,mse_class_2,mse_class_3,mse_class_4,mse_class_5,mse_mean,r2_class_0,r2_class_1,r2_class_2,r2_class_3,r2_class_4,r2_class_5,r2_mean,time
0.8746170005053318,0.8733121805096349,0.8902527879323673,0.9079384119443938,0.7937916243219356,0.8859544829145737,0.8709777480213728,0.06173513444352894,0.09483412823989844,0.0778952649509923,0.02837879661937195,0.021341005557451116,0.03883884152036885,0.05383719522193527,0.012693032059938023,0.017171922535549892,0.013534823138492927,0.0036900019928044377,0.0024538688408296087,0.005054770103581375,0.009099736445199378,0.8731513636779165,0.872981470764761,0.8901473198115708,0.9063766969573327,0.784692172191053,0.8855215121618869,0.8688117559274201,9.109578132629395
