expl_var_class_0,expl_var_class_1,expl_var_class_2,expl_var_class_3,expl_var_class_4,expl_var_class_5,expl_var_mean,mae_class_0,mae_class_1,mae_class_2,mae_class_3,mae_class_4,mae_class_5,mae_mean,mse_class_0,mse_class_1,mse_class_2,mse_class_3,mse_class_4,mse_class_5,mse_mean,r2_class_0,r2_class_1,r2_class_2,r2_class_3,r2_class_4,r2_class_5,r2_mean,time
0.8745384777702417,0.7804449941003042,0.8343405547434436,0.8997623646673848,0.8088389704867491,0.8659888540167319,0.8439857026308092,0.06406811899055369,0.12319176504822098,0.09692123399868337,0.02943910915283342,0.02150552099964398,0.04009211898171401,0.0625363111952749,0.01259125147500025,0.029978441377268017,0.02046354587921581,0.004011092421657239,0.00227863868760303,0.005920261280010279,0.012540538520125773,0.8741685145322162,0.7782532780111052,0.8339117299141117,0.8982299407812638,0.8000672497135699,0.865920201106294,0.8417584856764267,5.142588138580322
