expl_var_class_0,expl_var_class_1,expl_var_class_2,expl_var_class_3,expl_var_class_4,expl_var_class_5,expl_var_mean,mae_class_0,mae_class_1,mae_class_2,mae_class_3,mae_class_4,mae_class_5,mae_mean,mse_class_0,mse_class_1,mse_class_2,mse_class_3,mse_class_4,mse_class_5,mse_mean,r2_class_0,r2_class_1,r2_class_2,r2_class_3,r2_class_4,r2_class_5,r2_mean,time
0.8745242772680173,0.8675801407411265,0.8820319863956835,0.9160660353978316,0.7566608266726855,0.8887746923461908,0.8642729931369226,0.06345325995886514,0.09574512503263782,0.07748006638004006,0.028318263721706257,0.024482185270076336,0.03859679816414401,0.05467928308791161,0.012680050285557437,0.017910772176903334,0.01463953779129182,0.003363916968522684,0.002945598930484085,0.004925079598897891,0.009410825958609542,0.8732810978792832,0.8675162938414193,0.8811811246709594,0.9146501767835058,0.7415466968868349,0.888458692796988,0.8611056804764984,9.290982723236084
