expl_var_class_0,expl_var_class_1,expl_var_class_2,expl_var_class_3,expl_var_class_4,expl_var_class_5,expl_var_mean,mae_class_0,mae_class_1,mae_class_2,mae_class_3,mae_class_4,mae_class_5,mae_mean,mse_class_0,mse_class_1,mse_class_2,mse_class_3,mse_class_4,mse_class_5,mse_mean,r2_class_0,r2_class_1,r2_class_2,r2_class_3,r2_class_4,r2_class_5,r2_mean,time
0.8651222985882573,0.8762142905869592,0.8880812828783038,0.901013192132861,0.7921744958172422,0.8829079493436667,0.867585584891215,0.060781475775395034,0.09346829923431005,0.07601749454106553,0.030689062670487523,0.023129373637111317,0.03988073309060023,0.05399440649149495,0.013802710660456135,0.016772049247261733,0.013818258286376593,0.003998585798452993,0.0025131264513312823,0.0052204531558112666,0.009354197266614999,0.8620617188580793,0.8759392826727561,0.8878468752223782,0.898547260765528,0.7794927796294072,0.8817691861626803,0.8642761838851382,12.979254961013794
