expl_var_class_0,expl_var_class_1,expl_var_class_2,expl_var_class_3,expl_var_class_4,expl_var_class_5,expl_var_mean,mae_class_0,mae_class_1,mae_class_2,mae_class_3,mae_class_4,mae_class_5,mae_mean,mse_class_0,mse_class_1,mse_class_2,mse_class_3,mse_class_4,mse_class_5,mse_mean,r2_class_0,r2_class_1,r2_class_2,r2_class_3,r2_class_4,r2_class_5,r2_mean,time
0.8626260758530646,0.7782651742501054,0.8382772489775023,0.9002222499733236,0.7861156478575018,0.8687328279608927,0.8390398708120651,0.06533430399447034,0.12393251490745703,0.09703005290943378,0.029686523632878492,0.0223497454978611,0.03982931582418316,0.06302707612771398,0.013837534063179129,0.030384888140796536,0.020019285024023968,0.00399458084868926,0.0025457001590493042,0.005799347694117282,0.012763555988309245,0.8617137089321097,0.7752468429419429,0.8375174841338939,0.898648874972277,0.7766346911546868,0.8686586054626676,0.8364033679329296,5.013912200927734
