expl_var_class_0,expl_var_class_1,expl_var_class_2,expl_var_class_3,expl_var_class_4,expl_var_class_5,expl_var_mean,mae_class_0,mae_class_1,mae_class_2,mae_class_3,mae_class_4,mae_class_5,mae_mean,mse_class_0,mse_class_1,mse_class_2,mse_class_3,mse_class_4,mse_class_5,mse_mean,r2_class_0,r2_class_1,r2_class_2,r2_class_3,r2_class_4,r2_class_5,r2_mean,time
0.8759390426613721,0.8737006732563614,0.8912348468741631,0.8953286900490083,0.7843549401801435,0.8907145501581935,0.8685454571965403,0.060689062725504055,0.09369272686617086,0.07527643256816288,0.029662829530386292,0.023531243384490332,0.03699237977589752,0.05330744580843533,0.012616521757065749,0.017103093675022458,0.013417358952942009,0.004187721668717994,0.002607263501181243,0.004837736467241527,0.00912828267036183,0.8739159743350162,0.8734905891011051,0.8911006943386617,0.8937484761218913,0.7712329886486124,0.8904368064263263,0.865654254828602,5.904215574264526
