expl_var_class_0,expl_var_class_1,expl_var_class_2,expl_var_class_3,expl_var_class_4,expl_var_class_5,expl_var_mean,mae_class_0,mae_class_1,mae_class_2,mae_class_3,mae_class_4,mae_class_5,mae_mean,mse_class_0,mse_class_1,mse_class_2,mse_class_3,mse_class_4,mse_class_5,mse_mean,r2_class_0,r2_class_1,r2_class_2,r2_class_3,r2_class_4,r2_class_5,r2_mean,time
0.886200383777275,0.8750960092176541,0.8900082495588231,0.9160709548839417,0.7838029571643765,0.8858165291899582,0.872832513965338,0.05972806145055966,0.0941085226921315,0.07776320545706866,0.02697954063947949,0.02225461404244082,0.04001016722667893,0.05347401858472651,0.011570503364452003,0.016932854849239273,0.013562923159101199,0.003341241525272797,0.002578701659818505,0.00509366926051713,0.008846648969733485,0.8843694267523987,0.8747498240659117,0.8899192516243781,0.9152255016475982,0.7737390671804854,0.8846405390270202,0.8704406017162988,7.914695978164673
