expl_var_class_0,expl_var_class_1,expl_var_class_2,expl_var_class_3,expl_var_class_4,expl_var_class_5,expl_var_mean,mae_class_0,mae_class_1,mae_class_2,mae_class_3,mae_class_4,mae_class_5,mae_mean,mse_class_0,mse_class_1,mse_class_2,mse_class_3,mse_class_4,mse_class_5,mse_mean,r2_class_0,r2_class_1,r2_class_2,r2_class_3,r2_class_4,r2_class_5,r2_mean,time
0.8766185619826572,0.8814467299455738,0.8897137922318783,0.9037609390053806,0.7785816231386364,0.8989720261828538,0.8715156120811635,0.060808447195476484,0.09305697600785844,0.07727587260701231,0.030213897602150767,0.023007298432633286,0.03554924053250158,0.0533186220629388,0.01253647056865185,0.016044067625919263,0.013605998188847581,0.003867197377287327,0.002653994924460262,0.004465081998626721,0.008862135113965502,0.8747159710606461,0.8813240702329013,0.8895696417758845,0.901880868171453,0.7671326711951236,0.8988765414051559,0.8689166273068607,6.0671985149383545
