expl_var_class_0,expl_var_class_1,expl_var_class_2,expl_var_class_3,expl_var_class_4,expl_var_class_5,expl_var_mean,mae_class_0,mae_class_1,mae_class_2,mae_class_3,mae_class_4,mae_class_5,mae_mean,mse_class_0,mse_class_1,mse_class_2,mse_class_3,mse_class_4,mse_class_5,mse_mean,r2_class_0,r2_class_1,r2_class_2,r2_class_3,r2_class_4,r2_class_5,r2_mean,time
0.8739351326787403,0.8886103637419998,0.9022791288678952,0.8933931399237988,0.7970795419526474,0.8827159765856812,0.8730022139584604,0.06358868400504478,0.08810290784609753,0.07149705563059833,0.030431779834413274,0.021541633946007284,0.039092311839735265,0.05237572885031608,0.012715331160685447,0.015137975445208597,0.012050252001116792,0.004275354416798145,0.002406487571347855,0.005193442415391045,0.008629807168424647,0.872928516173265,0.8880263189710467,0.9021965440018258,0.891525044441917,0.7888495085739943,0.8823809150158884,0.8709844745296561,5.810169696807861
