expl_var_class_0,expl_var_class_1,expl_var_class_2,expl_var_class_3,expl_var_class_4,expl_var_class_5,expl_var_mean,mae_class_0,mae_class_1,mae_class_2,mae_class_3,mae_class_4,mae_class_5,mae_mean,mse_class_0,mse_class_1,mse_class_2,mse_class_3,mse_class_4,mse_class_5,mse_mean,r2_class_0,r2_class_1,r2_class_2,r2_class_3,r2_class_4,r2_class_5,r2_mean,time
0.8671129421461143,0.774476464177137,0.8258714958697264,0.9013439478565196,0.804899130969891,0.8456243462206332,0.8365547212066703,0.06352198914652156,0.12400750551948297,0.09955511765660419,0.028781884260657264,0.022096489115139718,0.04256302143305599,0.06342100118857695,0.013386308731423407,0.030866886999116314,0.02151911837553807,0.003927706189624591,0.0023222865048548834,0.006837649719952209,0.01314332608675158,0.866223058450563,0.7716815586268002,0.8253443872405005,0.9003456291972599,0.7962374946081905,0.8451435408007524,0.8341626114873444,5.528392553329468
