expl_var_class_0,expl_var_class_1,expl_var_class_2,expl_var_class_3,expl_var_class_4,expl_var_class_5,expl_var_mean,mae_class_0,mae_class_1,mae_class_2,mae_class_3,mae_class_4,mae_class_5,mae_mean,mse_class_0,mse_class_1,mse_class_2,mse_class_3,mse_class_4,mse_class_5,mse_mean,r2_class_0,r2_class_1,r2_class_2,r2_class_3,r2_class_4,r2_class_5,r2_mean,time
0.8658005028098357,0.8676120180095857,0.87836549081421,0.9089676208760038,0.770035229257404,0.890082329636697,0.8634771985672893,0.06468409603869317,0.09803343728633526,0.07996755401614127,0.027679962144224107,0.024034542479207385,0.037728884263721174,0.055354746038053716,0.013549566450908851,0.017906678721789433,0.015023481888356898,0.003629154678264265,0.002774793742881012,0.004854900971328844,0.009623096075588217,0.8645915318785043,0.8675465726088072,0.8780649193335456,0.9079205244619345,0.7565335182317298,0.8900480713439899,0.8607841896430851,11.014180421829224
