expl_var_class_0,expl_var_class_1,expl_var_class_2,expl_var_class_3,expl_var_class_4,expl_var_class_5,expl_var_mean,mae_class_0,mae_class_1,mae_class_2,mae_class_3,mae_class_4,mae_class_5,mae_mean,mse_class_0,mse_class_1,mse_class_2,mse_class_3,mse_class_4,mse_class_5,mse_mean,r2_class_0,r2_class_1,r2_class_2,r2_class_3,r2_class_4,r2_class_5,r2_mean,time
0.8752101273046646,0.8744345256807811,0.8715877902946714,0.9123510478934758,0.762621941257029,0.8816848653871772,0.8629817163029664,0.05833927565192167,0.09541924678326416,0.08211817306729079,0.02821153517334948,0.02285086383150387,0.03867596056863547,0.05426917584599424,0.012767177435353903,0.016995389283966395,0.01582760512956138,0.0035116412222385837,0.0028304363206403927,0.005248455799103794,0.009530117531810742,0.8724103870762124,0.8742872647974809,0.871538414159134,0.9109020940997118,0.7516513165623804,0.8811349930749813,0.8603207449616502,9.285690546035767
