expl_var_class_0,expl_var_class_1,expl_var_class_2,expl_var_class_3,expl_var_class_4,expl_var_class_5,expl_var_mean,mae_class_0,mae_class_1,mae_class_2,mae_class_3,mae_class_4,mae_class_5,mae_mean,mse_class_0,mse_class_1,mse_class_2,mse_class_3,mse_class_4,mse_class_5,mse_mean,r2_class_0,r2_class_1,r2_class_2,r2_class_3,r2_class_4,r2_class_5,r2_mean,time
0.8556535219705901,0.7604442310662833,0.8038528840150247,0.9055873571725234,0.7850957199885567,0.848971772554318,0.8266009144612161,0.06399599013120211,0.12804391423798742,0.10583713156359088,0.028150708774513453,0.02300600327244611,0.04332562215481568,0.06539322835575928,0.014615789616879647,0.03280901288409378,0.024326199053789046,0.00376278541027636,0.002572487000373949,0.006680889208498411,0.0141278605289852,0.8539361617526157,0.7573159002103458,0.8025612793375952,0.9045300247973331,0.7742843550146662,0.8486937925305482,0.823553585607184,4.9319140911102295
