expl_var_class_0,expl_var_class_1,expl_var_class_2,expl_var_class_3,expl_var_class_4,expl_var_class_5,expl_var_mean,mae_class_0,mae_class_1,mae_class_2,mae_class_3,mae_class_4,mae_class_5,mae_mean,mse_class_0,mse_class_1,mse_class_2,mse_class_3,mse_class_4,mse_class_5,mse_mean,r2_class_0,r2_class_1,r2_class_2,r2_class_3,r2_class_4,r2_class_5,r2_mean,time
0.8811365777014019,0.8742138881439423,0.9007841127571714,0.89270370730911,0.7962098564039948,0.882303157870388,0.8712252166976681,0.06338932077977724,0.09391438082848855,0.07287639240620203,0.03056212677565458,0.023175633730945076,0.03860932807734838,0.053754530433069304,0.011930513252785834,0.017092384717558202,0.012252113722678206,0.004296892482096593,0.002468057280778289,0.00519699422751931,0.008872825947236073,0.8807716446636142,0.8735698018988531,0.9005581737834588,0.8909785773076657,0.7834472473872012,0.8823004749418204,0.8686043199971021,7.319676876068115
