expl_var_class_0,expl_var_class_1,expl_var_class_2,expl_var_class_3,expl_var_class_4,expl_var_class_5,expl_var_mean,mae_class_0,mae_class_1,mae_class_2,mae_class_3,mae_class_4,mae_class_5,mae_mean,mse_class_0,mse_class_1,mse_class_2,mse_class_3,mse_class_4,mse_class_5,mse_mean,r2_class_0,r2_class_1,r2_class_2,r2_class_3,r2_class_4,r2_class_5,r2_mean,time
0.8599948630926776,0.8841531523430928,0.9007638962411234,0.907969378421177,0.8102699228687117,0.8710715184441964,0.8723704552351633,0.06893857645294069,0.09122726017403772,0.0716433059639431,0.029014351513840908,0.02023214631358149,0.04070933323596219,0.05362749560905102,0.014034737028491128,0.015687714280883128,0.012310955988740092,0.0036877939288292604,0.002249805594849963,0.005697527978341016,0.00894475580002243,0.8597429483517871,0.8839599706500411,0.9000805923205082,0.9064327202990785,0.8025971284366633,0.8709645791974403,0.8706296565425865,6.601736307144165
