expl_var_class_0,expl_var_class_1,expl_var_class_2,expl_var_class_3,expl_var_class_4,expl_var_class_5,expl_var_mean,mae_class_0,mae_class_1,mae_class_2,mae_class_3,mae_class_4,mae_class_5,mae_mean,mse_class_0,mse_class_1,mse_class_2,mse_class_3,mse_class_4,mse_class_5,mse_mean,r2_class_0,r2_class_1,r2_class_2,r2_class_3,r2_class_4,r2_class_5,r2_mean,time
0.8786123734691298,0.8783875319036183,0.8806883896613251,0.8864528779035927,0.779172116355849,0.8977293750841939,0.8668404440629516,0.05929727677017247,0.09314362408585262,0.07953349459548986,0.03231385232647529,0.023627615555242842,0.036096267157812396,0.05400202174850758,0.012354001205890993,0.016469431841201834,0.014718459799286586,0.00456589400270863,0.002659750879178283,0.0045220798335710325,0.009214936260306226,0.8765394904315479,0.8781777051766508,0.8805405700057551,0.8841534289927571,0.766627631118538,0.8975856763765273,0.8639374170169628,10.261101484298706
