expl_var_class_0,expl_var_class_1,expl_var_class_2,expl_var_class_3,expl_var_class_4,expl_var_class_5,expl_var_mean,mae_class_0,mae_class_1,mae_class_2,mae_class_3,mae_class_4,mae_class_5,mae_mean,mse_class_0,mse_class_1,mse_class_2,mse_class_3,mse_class_4,mse_class_5,mse_mean,r2_class_0,r2_class_1,r2_class_2,r2_class_3,r2_class_4,r2_class_5,r2_mean,time
0.881682850614072,0.8799808206207864,0.8937617059884999,0.9182324684547969,0.7924181581128216,0.8911641979703304,0.8762067002935513,0.0604915701660094,0.09221331724738856,0.07503738827735167,0.026396268741009875,0.02184685979318159,0.03809167609129509,0.052346180052706026,0.01193912161400321,0.016231457235207462,0.013116395357876431,0.0032482674893386083,0.0024690128950767814,0.004811235585515076,0.008635915029502929,0.8806856164493754,0.8799379731015825,0.893543405057435,0.9175844533116733,0.7833633996951779,0.8910369881960711,0.874358639301886,11.70988392829895
