expl_var_class_0,expl_var_class_1,expl_var_class_2,expl_var_class_3,expl_var_class_4,expl_var_class_5,expl_var_mean,mae_class_0,mae_class_1,mae_class_2,mae_class_3,mae_class_4,mae_class_5,mae_mean,mse_class_0,mse_class_1,mse_class_2,mse_class_3,mse_class_4,mse_class_5,mse_mean,r2_class_0,r2_class_1,r2_class_2,r2_class_3,r2_class_4,r2_class_5,r2_mean,time
0.8922836477331765,0.8786435334807771,0.8892955724098978,0.9126694274633155,0.8027083618342323,0.8889886752711107,0.8774315363654183,0.058346431285170634,0.09233412264853907,0.08025821858001007,0.027084937413475934,0.020774023623611703,0.038196248326839724,0.05283233031294119,0.010920227308775296,0.016498724960865394,0.0136551458668181,0.0034688691075989873,0.002339358049651278,0.004909920582559105,0.008632040979378025,0.8908680025462659,0.8779610276923054,0.8891707444947856,0.9119873148281796,0.7947395998689541,0.8888020083646629,0.8755881162991922,6.435773849487305
