expl_var_class_0,expl_var_class_1,expl_var_class_2,expl_var_class_3,expl_var_class_4,expl_var_class_5,expl_var_mean,mae_class_0,mae_class_1,mae_class_2,mae_class_3,mae_class_4,mae_class_5,mae_mean,mse_class_0,mse_class_1,mse_class_2,mse_class_3,mse_class_4,mse_class_5,mse_mean,r2_class_0,r2_class_1,r2_class_2,r2_class_3,r2_class_4,r2_class_5,r2_mean,time
0.8712682869029633,0.872679900160384,0.8840768609946275,0.9046472404498189,0.7776585392609894,0.8959676712670573,0.8677164165059734,0.06383168930078609,0.09652246702693373,0.07897803382273691,0.028761121658572093,0.02375049123023911,0.03545010859589713,0.054548985272527516,0.012961997020492354,0.017233222200501986,0.014299867007347469,0.0037984345603512865,0.0026835359390529286,0.004594390094431846,0.009261907803696312,0.8704634449597071,0.8725280449314735,0.8839379945329581,0.9036255290308846,0.7645406778589725,0.8959480214191514,0.8651739521221913,6.000873565673828
