expl_var_class_0,expl_var_class_1,expl_var_class_2,expl_var_class_3,expl_var_class_4,expl_var_class_5,expl_var_mean,mae_class_0,mae_class_1,mae_class_2,mae_class_3,mae_class_4,mae_class_5,mae_mean,mse_class_0,mse_class_1,mse_class_2,mse_class_3,mse_class_4,mse_class_5,mse_mean,r2_class_0,r2_class_1,r2_class_2,r2_class_3,r2_class_4,r2_class_5,r2_mean,time
0.8837829377591734,0.8893379134366257,0.8966193521455766,0.9076845883307442,0.8228444463483688,0.8699299268856873,0.8783665274843626,0.06157143634528808,0.08877025963842292,0.07451229209240613,0.02759539895814974,0.019483119085795055,0.04172854465795815,0.052276841796336675,0.011714597138479686,0.015005168820792222,0.012757194206221026,0.0036800970428091666,0.002087088205016033,0.00577523832055313,0.008503230622311876,0.8829294163079593,0.8890086726982511,0.8964587892358876,0.9066280068853051,0.8168743086872754,0.8692046252759906,0.8768506365151115,6.27708888053894
