expl_var_class_0,expl_var_class_1,expl_var_class_2,expl_var_class_3,expl_var_class_4,expl_var_class_5,expl_var_mean,mae_class_0,mae_class_1,mae_class_2,mae_class_3,mae_class_4,mae_class_5,mae_mean,mse_class_0,mse_class_1,mse_class_2,mse_class_3,mse_class_4,mse_class_5,mse_mean,r2_class_0,r2_class_1,r2_class_2,r2_class_3,r2_class_4,r2_class_5,r2_mean,time
0.8767525519825107,0.8803659813342773,0.8902693306719176,0.900840074001839,0.8062259973493056,0.8866009163389041,0.873509141946459,0.06324554138990611,0.09142268805731726,0.07642747732994482,0.030234581359143458,0.022000230605421625,0.038378821792954584,0.05361822342244798,0.012425435503054263,0.016248369883568693,0.013536765086732894,0.003997349558250714,0.0023340178486224166,0.005010177036870463,0.00892535248618324,0.8758256071655954,0.8798128723904729,0.8901315583777667,0.8985786268437354,0.7952081608060572,0.8865314387738831,0.8710147107262518,6.291749000549316
