expl_var_class_0,expl_var_class_1,expl_var_class_2,expl_var_class_3,expl_var_class_4,expl_var_class_5,expl_var_mean,mae_class_0,mae_class_1,mae_class_2,mae_class_3,mae_class_4,mae_class_5,mae_mean,mse_class_0,mse_class_1,mse_class_2,mse_class_3,mse_class_4,mse_class_5,mse_mean,r2_class_0,r2_class_1,r2_class_2,r2_class_3,r2_class_4,r2_class_5,r2_mean,time
0.8752168166223122,0.8666208563232103,0.8810531288723361,0.9057428469595891,0.7916009349984329,0.8875299288329509,0.8679607521014719,0.06281699646665555,0.0970601179282783,0.08023075665279825,0.02924557519278959,0.021638910927083952,0.03729761649056199,0.05471499560969462,0.012593036417890308,0.01805954147625349,0.014676429727597645,0.0037756941431154093,0.002475623124847261,0.004971718045996323,0.009425340489283406,0.8741506765900723,0.8664158662358501,0.8808816986615415,0.9042025024250299,0.7827834036540207,0.8874024431971964,0.8659727651272849,7.4339118003845215
