expl_var_class_0,expl_var_class_1,expl_var_class_2,expl_var_class_3,expl_var_class_4,expl_var_class_5,expl_var_mean,mae_class_0,mae_class_1,mae_class_2,mae_class_3,mae_class_4,mae_class_5,mae_mean,mse_class_0,mse_class_1,mse_class_2,mse_class_3,mse_class_4,mse_class_5,mse_mean,r2_class_0,r2_class_1,r2_class_2,r2_class_3,r2_class_4,r2_class_5,r2_mean,time
0.8769491130813082,0.8731923286620882,0.8847633485849637,0.9078865193813128,0.8136767774595929,0.8934873978526636,0.874992580836988,0.06043711724431697,0.09460776625330201,0.07847494042043526,0.02835074579901894,0.021135588355347543,0.03771075876504325,0.05345281947291067,0.012502225770805146,0.01715766842490327,0.01421895332353318,0.0036859158801408097,0.0022216002323217324,0.004725518846488962,0.009085313746365517,0.8750581986613855,0.8730869066101732,0.8845947142359026,0.9064803704417697,0.8050719287346548,0.8929782679110815,0.8728783977658278,12.214185237884521
