expl_var_class_0,expl_var_class_1,expl_var_class_2,expl_var_class_3,expl_var_class_4,expl_var_class_5,expl_var_mean,mae_class_0,mae_class_1,mae_class_2,mae_class_3,mae_class_4,mae_class_5,mae_mean,mse_class_0,mse_class_1,mse_class_2,mse_class_3,mse_class_4,mse_class_5,mse_mean,r2_class_0,r2_class_1,r2_class_2,r2_class_3,r2_class_4,r2_class_5,r2_mean,time
0.8811017865134602,0.8572981221774628,0.8819317415806182,0.8922306369171102,0.7998444235902323,0.876429222402208,0.8648059888635152,0.05959331124883614,0.09780070538110255,0.07929140143931887,0.030951134154847217,0.022171511608300422,0.04032931350898055,0.055022896223564294,0.012086720186596038,0.019388939307958843,0.014559238121057421,0.004329585472674532,0.002402708747804254,0.005505256933186635,0.00971207479487962,0.879210580573938,0.856582479379943,0.8818328608557057,0.8901490856786048,0.7891810708300157,0.875319059827278,0.8620458561909142,6.4645349979400635
