expl_var_class_0,expl_var_class_1,expl_var_class_2,expl_var_class_3,expl_var_class_4,expl_var_class_5,expl_var_mean,mae_class_0,mae_class_1,mae_class_2,mae_class_3,mae_class_4,mae_class_5,mae_mean,mse_class_0,mse_class_1,mse_class_2,mse_class_3,mse_class_4,mse_class_5,mse_mean,r2_class_0,r2_class_1,r2_class_2,r2_class_3,r2_class_4,r2_class_5,r2_mean,time
0.8678559734138572,0.8787352497884715,0.8960860773411711,0.8961457981050819,0.8105203040068788,0.8882151035049007,0.8729264176933934,0.06497203150243963,0.0924200639558386,0.07325117065822567,0.029982281695701808,0.021404681654178723,0.03827514598742493,0.053384229242301566,0.01329478213420396,0.016425215277202768,0.01284272541930193,0.004161207286484875,0.0022653489948691653,0.0049391502751652714,0.008988071564537995,0.8671377354158195,0.8785047694826638,0.8957645922818112,0.8944212031414542,0.8012333164678994,0.8881400255363725,0.87086694038767,7.967523097991943
