expl_var_class_0,expl_var_class_1,expl_var_class_2,expl_var_class_3,expl_var_class_4,expl_var_class_5,expl_var_mean,mae_class_0,mae_class_1,mae_class_2,mae_class_3,mae_class_4,mae_class_5,mae_mean,mse_class_0,mse_class_1,mse_class_2,mse_class_3,mse_class_4,mse_class_5,mse_mean,r2_class_0,r2_class_1,r2_class_2,r2_class_3,r2_class_4,r2_class_5,r2_mean,time
0.8698443169287207,0.8762597001509286,0.8898673845837066,0.8951623134532048,0.8055771122141704,0.8932303399359103,0.8716568612111067,0.06259811324311988,0.09409394306320558,0.07733610992262842,0.03071441929403732,0.0204555541015613,0.03773485653339063,0.053822166026323864,0.013179818162851721,0.016789107000166077,0.013574373413191768,0.0042120534415643306,0.00230722140130234,0.004730370222076886,0.009132157273525518,0.8682866352943781,0.8758131086417772,0.8898263179312063,0.8931311266063084,0.7975593397971609,0.892868395823952,0.8695808206824639,10.594061851501465
