expl_var_class_0,expl_var_class_1,expl_var_class_2,expl_var_class_3,expl_var_class_4,expl_var_class_5,expl_var_mean,mae_class_0,mae_class_1,mae_class_2,mae_class_3,mae_class_4,mae_class_5,mae_mean,mse_class_0,mse_class_1,mse_class_2,mse_class_3,mse_class_4,mse_class_5,mse_mean,r2_class_0,r2_class_1,r2_class_2,r2_class_3,r2_class_4,r2_class_5,r2_mean,time
0.8611505162271096,0.8880238594455251,0.8924476994425055,0.892488975565996,0.8006767192228481,0.8937619632706713,0.8714249555291094,0.06374676588156511,0.08974518411486089,0.07814381196714357,0.03073391461051572,0.021817520224399502,0.037833038751884325,0.05367003925839484,0.014068326450730343,0.0152162445117292,0.01325164060931499,0.004323628279208932,0.0023853095126631797,0.004697587669523898,0.00899045617219509,0.8594072702895422,0.8874473726303862,0.8924457140716525,0.8903002325154361,0.7907077178379688,0.8936108424569019,0.8689865249669814,11.934030532836914
