expl_var_class_0,expl_var_class_1,expl_var_class_2,expl_var_class_3,expl_var_class_4,expl_var_class_5,expl_var_mean,mae_class_0,mae_class_1,mae_class_2,mae_class_3,mae_class_4,mae_class_5,mae_mean,mse_class_0,mse_class_1,mse_class_2,mse_class_3,mse_class_4,mse_class_5,mse_mean,r2_class_0,r2_class_1,r2_class_2,r2_class_3,r2_class_4,r2_class_5,r2_mean,time
0.8801341120883907,0.8776477802857917,0.8906018672555054,0.9008520033923805,0.7657010031272983,0.8945326685286111,0.868244905779663,0.06141330886887733,0.09287181781188014,0.07637069679434895,0.029131379616658758,0.0234213890339342,0.03585919227867323,0.05317796406739544,0.012120511617603382,0.01658723199798466,0.013493648416928789,0.003970644442435418,0.0028103703685176183,0.00466135206909436,0.008940626485427372,0.8788728837240117,0.877306352383901,0.8904815061894459,0.8992561931853364,0.7534119471603109,0.894431492389159,0.8656267291720274,11.054559707641602
