expl_var_class_0,expl_var_class_1,expl_var_class_2,expl_var_class_3,expl_var_class_4,expl_var_class_5,expl_var_mean,mae_class_0,mae_class_1,mae_class_2,mae_class_3,mae_class_4,mae_class_5,mae_mean,mse_class_0,mse_class_1,mse_class_2,mse_class_3,mse_class_4,mse_class_5,mse_mean,r2_class_0,r2_class_1,r2_class_2,r2_class_3,r2_class_4,r2_class_5,r2_mean,time
0.8608807949733949,0.8801739567879355,0.888021132238952,0.9018784471144907,0.7627525558463543,0.8927935177171664,0.8644167341130489,0.06523172862346649,0.09312006372228443,0.07765832118960449,0.030451374089086103,0.0226478449632352,0.037181722175259314,0.054381842460489334,0.01401992052493097,0.016263441166261446,0.01380302689876632,0.003961527442035244,0.002825246564222737,0.0047337547821619955,0.009267819563063119,0.8598910180378,0.8797013920272603,0.8879704977281809,0.8994875111339364,0.7521066771597158,0.8927917436097859,0.8619914732827798,8.885384559631348
