expl_var_class_0,expl_var_class_1,expl_var_class_2,expl_var_class_3,expl_var_class_4,expl_var_class_5,expl_var_mean,mae_class_0,mae_class_1,mae_class_2,mae_class_3,mae_class_4,mae_class_5,mae_mean,mse_class_0,mse_class_1,mse_class_2,mse_class_3,mse_class_4,mse_class_5,mse_mean,r2_class_0,r2_class_1,r2_class_2,r2_class_3,r2_class_4,r2_class_5,r2_mean,time
0.8419780346377775,0.7984842796569578,0.8535889156985086,0.8818092809546498,0.7678116991129275,0.8690333330358065,0.835450923849438,0.0697285171017262,0.11890595969038815,0.09107975165446688,0.03181032154780905,0.023194831016944986,0.03946464421115666,0.06236400420374865,0.015885882324692117,0.02747927475713889,0.018053600844962762,0.004760544701539525,0.0027752841781467255,0.005784599344872069,0.012456531025225348,0.841243408182952,0.7967392959712625,0.8534715659319595,0.8792147212631546,0.7564904863671147,0.8689926204000639,0.8326920163527513,7.211317777633667
