expl_var_class_0,expl_var_class_1,expl_var_class_2,expl_var_class_3,expl_var_class_4,expl_var_class_5,expl_var_mean,mae_class_0,mae_class_1,mae_class_2,mae_class_3,mae_class_4,mae_class_5,mae_mean,mse_class_0,mse_class_1,mse_class_2,mse_class_3,mse_class_4,mse_class_5,mse_mean,r2_class_0,r2_class_1,r2_class_2,r2_class_3,r2_class_4,r2_class_5,r2_mean,time
0.8787141191535247,0.88695535699099,0.8922918558284116,0.895278240456,0.7690536600217205,0.8795049610227555,0.8669663655789005,0.061068718331304596,0.08954895993703259,0.0734843137432987,0.03165741010752062,0.02211737768597127,0.04100606573163662,0.053147140922794066,0.01224697336547072,0.015364770373395143,0.013352636708385457,0.004241204100913804,0.002726787708146271,0.0053881898578586876,0.00888676035236168,0.8776090800726755,0.8863487457024374,0.8916259994689613,0.892391511554747,0.7607456728866475,0.87797034989281,0.8644485599297131,12.096524477005005
