expl_var_class_0,expl_var_class_1,expl_var_class_2,expl_var_class_3,expl_var_class_4,expl_var_class_5,expl_var_mean,mae_class_0,mae_class_1,mae_class_2,mae_class_3,mae_class_4,mae_class_5,mae_mean,mse_class_0,mse_class_1,mse_class_2,mse_class_3,mse_class_4,mse_class_5,mse_mean,r2_class_0,r2_class_1,r2_class_2,r2_class_3,r2_class_4,r2_class_5,r2_mean,time
0.8865616602051912,0.8758211218175554,0.8843610750326693,0.9094791923677271,0.8026725579339348,0.8886816400466947,0.8745962079006288,0.06001463047880655,0.09311875047948245,0.07748420082176101,0.02831727249451907,0.02058660439449004,0.038047894155858075,0.05292822547081954,0.011439310269874343,0.016814455691299638,0.014277131197146563,0.0036162414458647597,0.002327665139839437,0.004932165489216305,0.008901161538873508,0.8856805134229015,0.875625607594113,0.8841225251811438,0.9082481609977837,0.7957655613916174,0.888298214280257,0.8729567638113026,8.273188591003418
