expl_var_class_0,expl_var_class_1,expl_var_class_2,expl_var_class_3,expl_var_class_4,expl_var_class_5,expl_var_mean,mae_class_0,mae_class_1,mae_class_2,mae_class_3,mae_class_4,mae_class_5,mae_mean,mse_class_0,mse_class_1,mse_class_2,mse_class_3,mse_class_4,mse_class_5,mse_mean,r2_class_0,r2_class_1,r2_class_2,r2_class_3,r2_class_4,r2_class_5,r2_mean,time
0.8802085825988285,0.88527591463057,0.8958718031712447,0.9082261113207521,0.7994215628481802,0.8937697629390557,0.8771289562514385,0.06234186945507111,0.09031367661107553,0.0727074550678795,0.027962819924811807,0.020562273874274565,0.0370177667501757,0.051817643613881366,0.012070068047369922,0.015512161834907688,0.012894858092075613,0.0036674336204853314,0.0023725908552303136,0.004696046357783858,0.008535526467975455,0.8793769948036274,0.8852585097882933,0.8953414678884611,0.9069493052011579,0.7918236807040161,0.893645749491974,0.8753992846462548,8.539341688156128
