expl_var_class_0,expl_var_class_1,expl_var_class_2,expl_var_class_3,expl_var_class_4,expl_var_class_5,expl_var_mean,mae_class_0,mae_class_1,mae_class_2,mae_class_3,mae_class_4,mae_class_5,mae_mean,mse_class_0,mse_class_1,mse_class_2,mse_class_3,mse_class_4,mse_class_5,mse_mean,r2_class_0,r2_class_1,r2_class_2,r2_class_3,r2_class_4,r2_class_5,r2_mean,time
0.8714665048823134,0.8704964497272147,0.8833641862496218,0.897597318195844,0.7683734433103642,0.8886689783747677,0.8633278134566876,0.06607970519621617,0.09527483662975957,0.07712285570857952,0.031004195792422033,0.022183144262659486,0.03780998266646197,0.05491245337601646,0.012892517179716127,0.017536146611919087,0.014443302800550001,0.004134019911161965,0.0027428296823237518,0.004916208580851504,0.009444170794420408,0.8711577962394267,0.8702873515479579,0.8827738266559919,0.895111005446102,0.759338114929005,0.8886596001994465,0.8612212825029882,9.798747062683105
