expl_var_class_0,expl_var_class_1,expl_var_class_2,expl_var_class_3,expl_var_class_4,expl_var_class_5,expl_var_mean,mae_class_0,mae_class_1,mae_class_2,mae_class_3,mae_class_4,mae_class_5,mae_mean,mse_class_0,mse_class_1,mse_class_2,mse_class_3,mse_class_4,mse_class_5,mse_mean,r2_class_0,r2_class_1,r2_class_2,r2_class_3,r2_class_4,r2_class_5,r2_mean,time
0.8681094673602466,0.8956509742350528,0.8897183745338259,0.898989187151112,0.7785059762598748,0.8916272000836325,0.8704335299372907,0.06368301478404328,0.08727531350517076,0.07619194828157518,0.03230869260357139,0.023557573577446783,0.03720132816706311,0.053369645153145094,0.013347985374752288,0.01413468396479819,0.01362995995274298,0.004110169111382785,0.0026741747796494657,0.004785347402735615,0.008780386764343553,0.8666060453925373,0.8954475385795181,0.8893751609201676,0.8957161516384051,0.7653620464926161,0.8916232937958786,0.8673550394698538,8.331246852874756
