expl_var_class_0,expl_var_class_1,expl_var_class_2,expl_var_class_3,expl_var_class_4,expl_var_class_5,expl_var_mean,mae_class_0,mae_class_1,mae_class_2,mae_class_3,mae_class_4,mae_class_5,mae_mean,mse_class_0,mse_class_1,mse_class_2,mse_class_3,mse_class_4,mse_class_5,mse_mean,r2_class_0,r2_class_1,r2_class_2,r2_class_3,r2_class_4,r2_class_5,r2_mean,time
0.8712782420911042,0.8703013387588853,0.8821283507195695,0.9022417953973709,0.771769547501883,0.894694462321399,0.8654022894650354,0.06262959354480485,0.09557514280696545,0.07856075482297309,0.029617013645445465,0.023254529236300604,0.03663866947916556,0.05437928392260916,0.013043298350750326,0.017535833507540316,0.014565892943697041,0.0039209518466150305,0.002739522354448157,0.0046500663534304884,0.009409260892746893,0.8696509548607538,0.8702896675412665,0.8817788483211007,0.9005170014359934,0.7596283071222054,0.8946870869338952,0.8627586443692025,7.672350168228149
