expl_var_class_0,expl_var_class_1,expl_var_class_2,expl_var_class_3,expl_var_class_4,expl_var_class_5,expl_var_mean,mae_class_0,mae_class_1,mae_class_2,mae_class_3,mae_class_4,mae_class_5,mae_mean,mse_class_0,mse_class_1,mse_class_2,mse_class_3,mse_class_4,mse_class_5,mse_mean,r2_class_0,r2_class_1,r2_class_2,r2_class_3,r2_class_4,r2_class_5,r2_mean,time
0.8746496157020877,0.8905560318687753,0.906175345959856,0.8845930916033258,0.7528814017836858,0.8979950701030059,0.8678084261701228,0.062445055881363856,0.08744685078228148,0.07021951431854997,0.0326129103360417,0.02672910028458598,0.03501324301319573,0.052411112436003125,0.01265243982775065,0.014865228742954179,0.011607194949938377,0.004664387936534431,0.0030453715906303617,0.00450406453274334,0.008556447930091889,0.8735570247740142,0.8900437916740824,0.9057925277875253,0.8816544256229976,0.7327924251126547,0.8979936799759871,0.8636389791578769,11.99609375
