expl_var_class_0,expl_var_class_1,expl_var_class_2,expl_var_class_3,expl_var_class_4,expl_var_class_5,expl_var_mean,mae_class_0,mae_class_1,mae_class_2,mae_class_3,mae_class_4,mae_class_5,mae_mean,mse_class_0,mse_class_1,mse_class_2,mse_class_3,mse_class_4,mse_class_5,mse_mean,r2_class_0,r2_class_1,r2_class_2,r2_class_3,r2_class_4,r2_class_5,r2_mean,time
0.8863970833986522,0.8652975530296059,0.8818583368814659,0.8870882989422968,0.746792375230335,0.890425712825842,0.8596432267180331,0.05889576546450775,0.09720263981467482,0.08041384892518198,0.03240758868585899,0.02491040684776597,0.036225799466910596,0.05500934153415001,0.011499696955263376,0.018281597192735692,0.01456916037321974,0.004571440540156755,0.003056220492331761,0.004838516360022475,0.009469438652288302,0.8850770351792921,0.8647733483140825,0.8817523288840365,0.8840127013841119,0.7318405187105785,0.8904191437147866,0.8563125126978147,11.234198093414307
