expl_var_class_0,expl_var_class_1,expl_var_class_2,expl_var_class_3,expl_var_class_4,expl_var_class_5,expl_var_mean,mae_class_0,mae_class_1,mae_class_2,mae_class_3,mae_class_4,mae_class_5,mae_mean,mse_class_0,mse_class_1,mse_class_2,mse_class_3,mse_class_4,mse_class_5,mse_mean,r2_class_0,r2_class_1,r2_class_2,r2_class_3,r2_class_4,r2_class_5,r2_mean,time
0.869242511986285,0.8775761815123342,0.8978779170185466,0.9124630664325598,0.7888694717510217,0.884789221757224,0.8718030617429952,0.06472647503689376,0.09365125990940958,0.07377647683336318,0.027153144245238355,0.020712967418212852,0.03971829429486285,0.05328976962299675,0.013157956655285822,0.01658195381585847,0.012609684588555286,0.003491183748675923,0.0024939144669873107,0.005100308797272605,0.00890583367877257,0.8685051096832856,0.8773453944264746,0.8976560214928846,0.9114211442927955,0.78117848122363,0.8844901693539913,0.8700993867455104,13.280789852142334
