expl_var_class_0,expl_var_class_1,expl_var_class_2,expl_var_class_3,expl_var_class_4,expl_var_class_5,expl_var_mean,mae_class_0,mae_class_1,mae_class_2,mae_class_3,mae_class_4,mae_class_5,mae_mean,mse_class_0,mse_class_1,mse_class_2,mse_class_3,mse_class_4,mse_class_5,mse_mean,r2_class_0,r2_class_1,r2_class_2,r2_class_3,r2_class_4,r2_class_5,r2_mean,time
0.8764756958013046,0.8712650636289996,0.8864641197408282,0.9128032983027037,0.7730944595788938,0.8789925208023907,0.8665158596425201,0.06258352816933027,0.09535244554285606,0.07720494889653802,0.028763046582139164,0.024084846734348842,0.03998257883511297,0.05466189912672089,0.012468708084664526,0.017471273831317188,0.014024529791433999,0.0035034094606797863,0.0027487015260860724,0.005356622442822546,0.009262207522834019,0.8753931598242921,0.8707672072637285,0.886172713879803,0.9111109516310891,0.7588229064937932,0.8786852765589575,0.8634920359419439,9.335046768188477
