expl_var_class_0,expl_var_class_1,expl_var_class_2,expl_var_class_3,expl_var_class_4,expl_var_class_5,expl_var_mean,mae_class_0,mae_class_1,mae_class_2,mae_class_3,mae_class_4,mae_class_5,mae_mean,mse_class_0,mse_class_1,mse_class_2,mse_class_3,mse_class_4,mse_class_5,mse_mean,r2_class_0,r2_class_1,r2_class_2,r2_class_3,r2_class_4,r2_class_5,r2_mean,time
0.8738180800543789,0.8782321599793232,0.8977908931435015,0.9143567391855497,0.7976470478303292,0.8855122118920102,0.8745595220141822,0.06473396256847137,0.09437069491874936,0.07489175211029474,0.02688248911876395,0.022549722620020685,0.038658889548418306,0.053681251814119736,0.01268540135090729,0.01653760408705238,0.012608763524126012,0.003402352903135642,0.0024261784419787676,0.005072848814908545,0.008788858187018106,0.8732276216618362,0.877673443735646,0.8976634971277818,0.9136749742874057,0.7871217884478544,0.8851120724658403,0.8724122329543942,6.709919452667236
