expl_var_class_0,expl_var_class_1,expl_var_class_2,expl_var_class_3,expl_var_class_4,expl_var_class_5,expl_var_mean,mae_class_0,mae_class_1,mae_class_2,mae_class_3,mae_class_4,mae_class_5,mae_mean,mse_class_0,mse_class_1,mse_class_2,mse_class_3,mse_class_4,mse_class_5,mse_mean,r2_class_0,r2_class_1,r2_class_2,r2_class_3,r2_class_4,r2_class_5,r2_mean,time
0.8763022887425922,0.8725466694278528,0.885418676976009,0.8895145257878738,0.7899874457985884,0.8898571265681104,0.8672711222168378,0.06118195356123259,0.09471690568628284,0.07818276674144804,0.03145415850230565,0.02211350438545145,0.03766460657980826,0.05421898257608814,0.012539831016931985,0.017249399756451487,0.014136238396441196,0.004441673822172244,0.0025089216346644377,0.0048650684690050485,0.009290188849277735,0.8746823882035515,0.8724083816055371,0.8852660533690164,0.8873051626853272,0.7798617194552893,0.8898178017698614,0.8648902511814304,5.925894737243652
