expl_var_class_0,expl_var_class_1,expl_var_class_2,expl_var_class_3,expl_var_class_4,expl_var_class_5,expl_var_mean,mae_class_0,mae_class_1,mae_class_2,mae_class_3,mae_class_4,mae_class_5,mae_mean,mse_class_0,mse_class_1,mse_class_2,mse_class_3,mse_class_4,mse_class_5,mse_mean,r2_class_0,r2_class_1,r2_class_2,r2_class_3,r2_class_4,r2_class_5,r2_mean,time
0.8712120239750017,0.8837781794820586,0.8955575122520909,0.8884168312657008,0.7622667201532268,0.881866897435788,0.8638496940939779,0.0633290283343202,0.08972712900942732,0.07454004231767555,0.03038865350057182,0.02391780651832615,0.03994662987908376,0.053641548259900806,0.012996651852487537,0.01584162607171101,0.012883054959260714,0.0044633124702613495,0.0028597803835402596,0.005244629007172617,0.009048175790738916,0.8701171196562019,0.8828215046883849,0.8954372656510968,0.8867561435489065,0.7490766041992194,0.8812216607857921,0.8609050497549336,6.463519811630249
