expl_var_class_0,expl_var_class_1,expl_var_class_2,expl_var_class_3,expl_var_class_4,expl_var_class_5,expl_var_mean,mae_class_0,mae_class_1,mae_class_2,mae_class_3,mae_class_4,mae_class_5,mae_mean,mse_class_0,mse_class_1,mse_class_2,mse_class_3,mse_class_4,mse_class_5,mse_mean,r2_class_0,r2_class_1,r2_class_2,r2_class_3,r2_class_4,r2_class_5,r2_mean,time
0.8660365920575672,0.882387993428879,0.9008852081650908,0.9009881766461749,0.7766649868327009,0.8871057654898973,0.8690114537700517,0.06579105751874854,0.09135755899647316,0.0723010943053013,0.028458440699223105,0.022078511794100353,0.038812340245035985,0.05313316725981374,0.013454764999739903,0.015927020720285335,0.012279601005130798,0.003944732564243035,0.002663356577576262,0.0049943946468949205,0.008877311752311708,0.8655389363083797,0.8821898513226062,0.9003350787627395,0.899913633378903,0.7663112592420604,0.8868888722677608,0.866862938547075,7.5400474071502686
