expl_var_class_0,expl_var_class_1,expl_var_class_2,expl_var_class_3,expl_var_class_4,expl_var_class_5,expl_var_mean,mae_class_0,mae_class_1,mae_class_2,mae_class_3,mae_class_4,mae_class_5,mae_mean,mse_class_0,mse_class_1,mse_class_2,mse_class_3,mse_class_4,mse_class_5,mse_mean,r2_class_0,r2_class_1,r2_class_2,r2_class_3,r2_class_4,r2_class_5,r2_mean,time
0.8814049384871835,0.8860216113930011,0.8966050241205947,0.9200691877072815,0.7705869170036633,0.8937225998885877,0.8747350464333853,0.061423932569018916,0.09005913426391382,0.07294834448328774,0.02775857690995093,0.024028105782235337,0.03729327815555474,0.052251895360660244,0.011997820527937781,0.01547233734345503,0.012769295000033879,0.0032079105011772837,0.0027662521199365376,0.00471742078431022,0.008488506046141788,0.8800990050588875,0.8855530864917106,0.896360575567401,0.9186083970764423,0.7572829789410952,0.8931616697065429,0.8718442854736798,10.106382846832275
