expl_var_class_0,expl_var_class_1,expl_var_class_2,expl_var_class_3,expl_var_class_4,expl_var_class_5,expl_var_mean,mae_class_0,mae_class_1,mae_class_2,mae_class_3,mae_class_4,mae_class_5,mae_mean,mse_class_0,mse_class_1,mse_class_2,mse_class_3,mse_class_4,mse_class_5,mse_mean,r2_class_0,r2_class_1,r2_class_2,r2_class_3,r2_class_4,r2_class_5,r2_mean,time
0.8718552897628044,0.888639318689209,0.9043816182890287,0.8931988422867375,0.7901845174557323,0.8945448039961326,0.8738007317466074,0.0646531489032646,0.08873867127163072,0.07061981463192372,0.030159217579152773,0.02189087640395036,0.03716393534546594,0.052204277355898034,0.012864956420453391,0.015117990894495916,0.011820406102261077,0.004288323494733127,0.0025020633998459963,0.004658021640225336,0.008541960325335806,0.8714332264685454,0.8881741421535526,0.9040620421883379,0.8911959909844775,0.7804634760026616,0.8945069186603772,0.8716392994096586,6.1698713302612305
