expl_var_class_0,expl_var_class_1,expl_var_class_2,expl_var_class_3,expl_var_class_4,expl_var_class_5,expl_var_mean,mae_class_0,mae_class_1,mae_class_2,mae_class_3,mae_class_4,mae_class_5,mae_mean,mse_class_0,mse_class_1,mse_class_2,mse_class_3,mse_class_4,mse_class_5,mse_mean,r2_class_0,r2_class_1,r2_class_2,r2_class_3,r2_class_4,r2_class_5,r2_mean,time
0.8617934016531636,0.8798912160807966,0.8971244627441284,0.9056449133029054,0.7724097578868959,0.884350942092805,0.8668691156267824,0.067025299571814,0.09250042833664944,0.07418242062413549,0.028437572413636484,0.023376872922894396,0.03812084886263795,0.05394057378862796,0.013903489150906752,0.016284826188687682,0.012707479094073972,0.0037735882759374435,0.002747780848086559,0.005108238770936309,0.009087567054771453,0.8610545824998085,0.8795432097334246,0.8968622919827902,0.9042559328137816,0.7589036887984089,0.8843105743625249,0.8641550466984564,9.129498720169067
