expl_var_class_0,expl_var_class_1,expl_var_class_2,expl_var_class_3,expl_var_class_4,expl_var_class_5,expl_var_mean,mae_class_0,mae_class_1,mae_class_2,mae_class_3,mae_class_4,mae_class_5,mae_mean,mse_class_0,mse_class_1,mse_class_2,mse_class_3,mse_class_4,mse_class_5,mse_mean,r2_class_0,r2_class_1,r2_class_2,r2_class_3,r2_class_4,r2_class_5,r2_mean,time
0.8606442418820496,0.8781540841974866,0.893601952382936,0.8955696772618824,0.8008077537120726,0.8823568917828202,0.868522433536541,0.06563279681854928,0.09259803156807656,0.0746838586073472,0.031202222104619686,0.021814496954708818,0.03972868974884702,0.05427668263369143,0.01404594448161438,0.016541153873119118,0.013125426548990344,0.004224999595195592,0.002372173352890742,0.005197877340915053,0.009251262532120871,0.8596309459445911,0.8776471864191246,0.8934701052042338,0.8928026547878595,0.7918603132739166,0.8822804745295242,0.8662819466932082,9.048076391220093
