expl_var_class_0,expl_var_class_1,expl_var_class_2,expl_var_class_3,expl_var_class_4,expl_var_class_5,expl_var_mean,mae_class_0,mae_class_1,mae_class_2,mae_class_3,mae_class_4,mae_class_5,mae_mean,mse_class_0,mse_class_1,mse_class_2,mse_class_3,mse_class_4,mse_class_5,mse_mean,r2_class_0,r2_class_1,r2_class_2,r2_class_3,r2_class_4,r2_class_5,r2_mean,time
0.8602727976205217,0.8743855485437292,0.893267129378533,0.9008883464950895,0.8095518660863498,0.891214654194901,0.8715967237198541,0.06697687934499426,0.0941687519829748,0.07633244008757165,0.029756604278607438,0.021688063542023465,0.03701056502240386,0.05432221737642925,0.01404847508228752,0.01704803631899264,0.01315951442565809,0.00398780630873906,0.002278233636082441,0.004803400975395111,0.00922091112452581,0.8596056562231953,0.8738978413684043,0.8931934377830515,0.8988207596509218,0.8001027898213366,0.8912144234307021,0.8694724847129353,10.466391563415527
