expl_var_class_0,expl_var_class_1,expl_var_class_2,expl_var_class_3,expl_var_class_4,expl_var_class_5,expl_var_mean,mae_class_0,mae_class_1,mae_class_2,mae_class_3,mae_class_4,mae_class_5,mae_mean,mse_class_0,mse_class_1,mse_class_2,mse_class_3,mse_class_4,mse_class_5,mse_mean,r2_class_0,r2_class_1,r2_class_2,r2_class_3,r2_class_4,r2_class_5,r2_mean,time
0.8822384151267038,0.8664086276084807,0.8749142734969487,0.8962126924854019,0.7823415224922955,0.8946501790872313,0.8661276183828437,0.05882840105010352,0.09701068417897422,0.08068777883520264,0.03032648728343102,0.02217650729861002,0.037399493837357016,0.05440489208061308,0.011976197352388978,0.018088225017935403,0.015436411380683012,0.0041754528775757695,0.002588314483830398,0.004672155248490625,0.00948945939348403,0.8803150976613774,0.8662036977223857,0.874713459842962,0.8940597617941798,0.772895616942774,0.8941868261400943,0.8637290766839621,11.872751474380493
