expl_var_class_0,expl_var_class_1,expl_var_class_2,expl_var_class_3,expl_var_class_4,expl_var_class_5,expl_var_mean,mae_class_0,mae_class_1,mae_class_2,mae_class_3,mae_class_4,mae_class_5,mae_mean,mse_class_0,mse_class_1,mse_class_2,mse_class_3,mse_class_4,mse_class_5,mse_mean,r2_class_0,r2_class_1,r2_class_2,r2_class_3,r2_class_4,r2_class_5,r2_mean,time
0.8647713176826182,0.8838080901777582,0.8953891973977667,0.9058107508221847,0.7672750459092896,0.8795409768944998,0.8660992298140195,0.06733190840624663,0.09153531303095065,0.0728349236448167,0.026643824883724795,0.02302198279109416,0.039708321725235224,0.05351271241367802,0.013589695330171521,0.015735764802144482,0.012957830479446097,0.003738161393637562,0.0027952627231428518,0.005335885738921572,0.009025433411244016,0.864190501329809,0.8836045470492783,0.8948303651234137,0.9051547891677583,0.75473752506196,0.8791549134478139,0.8636121068633389,9.362879991531372
