acc;avg_acc;f1_macro;f1_micro;f1_weighted;precision_macro;precision_micro;precision_weighted;recall_macro;recall_micro;recall_weighted;time
0.8200093501636279;0.7544600597989137;0.7777483032387283;0.8200093501636279;0.809174324294107;0.8190449508372493;0.8200093501636279;0.8161236179106047;0.7544600597989137;0.8200093501636279;0.8200093501636279;1.6957600116729736
