acc;avg_acc;f1_macro;f1_micro;f1_weighted;precision_macro;precision_micro;precision_weighted;recall_macro;recall_micro;recall_weighted;time
0.8346497379493615;0.7795051115706209;0.798678141810906;0.8346497379493615;0.8265460813706416;0.8298060790587369;0.8346497379493615;0.8321237666834486;0.7795051115706209;0.8346497379493615;0.8346497379493615;1.846646785736084
