acc;avg_acc;f1_macro;f1_micro;f1_weighted;precision_macro;precision_micro;precision_weighted;recall_macro;recall_micro;recall_weighted;time
0.8320907457985778;0.7742112233835297;0.7951442665792;0.8320907457985778;0.8213723630022389;0.8331179362532288;0.8320907457985778;0.8294328165861893;0.7742112233835297;0.8320907457985778;0.8320907457985778;1.877098560333252
