acc;avg_acc;f1_macro;f1_micro;f1_weighted;precision_macro;precision_micro;precision_weighted;recall_macro;recall_micro;recall_weighted;time
0.8382175635442042;0.7820979537154885;0.8051553700128252;0.8382175635442042;0.8278409749191269;0.8467591242931864;0.8382175635442042;0.837534707621184;0.7820979537154885;0.8382175635442042;0.8382175635442042;1.849151849746704
