acc;avg_acc;f1_macro;f1_micro;f1_weighted;precision_macro;precision_micro;precision_weighted;recall_macro;recall_micro;recall_weighted;time
0.8330257621613641;0.7742628131480063;0.7978350980877171;0.8330257621613643;0.824361686820018;0.8380112107739784;0.8330257621613641;0.8307731617509009;0.7742628131480063;0.8330257621613641;0.8330257621613641;1.8243613243103027
