acc;avg_acc;f1_macro;f1_micro;f1_weighted;precision_macro;precision_micro;precision_weighted;recall_macro;recall_micro;recall_weighted;time
0.8271450013533131;0.764432977594405;0.7897607535794733;0.8271450013533131;0.8161237069499857;0.83469914168374;0.8271450013533131;0.8230688520741909;0.764432977594405;0.8271450013533131;0.8271450013533131;1.884718656539917
