acc;avg_acc;f1_macro;f1_micro;f1_weighted;precision_macro;precision_micro;precision_weighted;recall_macro;recall_micro;recall_weighted;time
0.8267513102531926;0.7632901962950219;0.7870106886630102;0.8267513102531925;0.8169406368157852;0.8320071643339181;0.8267513102531926;0.8275949692019328;0.7632901962950219;0.8267513102531926;0.8267513102531926;1.7169318199157715
