acc;avg_acc;f1_macro;f1_micro;f1_weighted;precision_macro;precision_micro;precision_weighted;recall_macro;recall_micro;recall_weighted;time
0.8305159813980956;0.7694003585589821;0.7916745035602091;0.8305159813980956;0.8206209922210335;0.8321450812660571;0.8305159813980956;0.8286617161471164;0.7694003585589821;0.8305159813980956;0.8305159813980956;1.912656307220459
