acc;avg_acc;f1_macro;f1_micro;f1_weighted;precision_macro;precision_micro;precision_weighted;recall_macro;recall_micro;recall_weighted;time
0.8300730789104599;0.7676229016228535;0.7928951052665755;0.8300730789104599;0.8190057609763405;0.836576508057935;0.8300730789104599;0.8267464028282127;0.7676229016228535;0.8300730789104599;0.8300730789104599;1.7932982444763184
