acc;avg_acc;f1_macro;f1_micro;f1_weighted;precision_macro;precision_micro;precision_weighted;recall_macro;recall_micro;recall_weighted;time
0.8113973573484904;0.7474197227545617;0.7659879031635456;0.8113973573484904;0.8015830464245641;0.7989756412868708;0.8113973573484904;0.8072458058502757;0.7474197227545617;0.8113973573484904;0.8113973573484904;1.445864200592041
