acc;avg_acc;f1_macro;f1_micro;f1_weighted;precision_macro;precision_micro;precision_weighted;recall_macro;recall_micro;recall_weighted;time
0.8203046184887183;0.7490494794130829;0.7744775821292591;0.8203046184887184;0.8101427805431062;0.8202059732130142;0.8203046184887183;0.818248569513119;0.7490494794130829;0.8203046184887183;0.8203046184887183;1.4093148708343506
