acc;avg_acc;f1_macro;f1_micro;f1_weighted;precision_macro;precision_micro;precision_weighted;recall_macro;recall_micro;recall_weighted;time
0.831180335129549;0.7728482609356246;0.7944182909989951;0.831180335129549;0.8209818368711312;0.8345007347993613;0.831180335129549;0.8292203362925039;0.7728482609356246;0.831180335129549;0.831180335129549;1.803826093673706
