acc;avg_acc;f1_macro;f1_micro;f1_weighted;precision_macro;precision_micro;precision_weighted;recall_macro;recall_micro;recall_weighted;time
0.8290150340788859;0.7709748190107535;0.7957765994244481;0.829015034078886;0.8189952461099312;0.8385287124644376;0.8290150340788859;0.8283541626869592;0.7709748190107535;0.8290150340788859;0.8290150340788859;1.6493232250213623
