acc;avg_acc;f1_macro;f1_micro;f1_weighted;precision_macro;precision_micro;precision_weighted;recall_macro;recall_micro;recall_weighted;time
0.8381929578504466;0.7694164580780556;0.7980857116704816;0.8381929578504466;0.8280312373470546;0.8512799214443263;0.8381929578504466;0.8369519452346221;0.7694164580780556;0.8381929578504466;0.8381929578504466;1.9059131145477295
