acc;avg_acc;f1_macro;f1_micro;f1_weighted;precision_macro;precision_micro;precision_weighted;recall_macro;recall_micro;recall_weighted;time
0.826037745134224;0.7581248131439259;0.7831193305280905;0.826037745134224;0.8142857236979082;0.8340391747941743;0.826037745134224;0.8241267489800248;0.7581248131439259;0.826037745134224;0.826037745134224;3.8038434982299805
