acc;avg_acc;f1_macro;f1_micro;f1_weighted;precision_macro;precision_micro;precision_weighted;recall_macro;recall_micro;recall_weighted;time
0.8314509977608818;0.7769515404049145;0.796701782743578;0.8314509977608818;0.8221664955419808;0.8299642397107418;0.8314509977608818;0.8285851334654348;0.7769515404049145;0.8314509977608818;0.8314509977608818;1.9815738201141357
