acc;avg_acc;f1_macro;f1_micro;f1_weighted;precision_macro;precision_micro;precision_weighted;recall_macro;recall_micro;recall_weighted;time
0.8347727664181491;0.775435069503005;0.7984292702942993;0.8347727664181491;0.825673154384036;0.837631148789565;0.8347727664181491;0.8340183584665981;0.775435069503005;0.8347727664181491;0.8347727664181491;1.825263500213623
