acc;avg_acc;f1_macro;f1_micro;f1_weighted;precision_macro;precision_micro;precision_weighted;recall_macro;recall_micro;recall_weighted;time
0.8168598213626633;0.7486552745381743;0.7709496979381176;0.8168598213626633;0.8078864091774893;0.8057875117347602;0.8168598213626633;0.8115482446098189;0.7486552745381743;0.8168598213626633;0.8168598213626633;1.319190263748169
