acc;avg_acc;f1_macro;f1_micro;f1_weighted;precision_macro;precision_micro;precision_weighted;recall_macro;recall_micro;recall_weighted;time
0.8219285942767156;0.7545121463440299;0.780615340503606;0.8219285942767156;0.8110780443032564;0.8264721151809291;0.8219285942767156;0.8189670265943348;0.7545121463440299;0.8219285942767156;0.8219285942767156;1.698777675628662
