acc;avg_acc;f1_macro;f1_micro;f1_weighted;precision_macro;precision_micro;precision_weighted;recall_macro;recall_micro;recall_weighted;time
0.8096503530917054;0.7365332932419646;0.7579749062292443;0.8096503530917053;0.7987506370818261;0.8011352445822298;0.8096503530917054;0.8053745596352699;0.7365332932419646;0.8096503530917054;0.8096503530917054;1.4371156692504883
