acc;avg_acc;f1_macro;f1_micro;f1_weighted;precision_macro;precision_micro;precision_weighted;recall_macro;recall_micro;recall_weighted;time
0.8123323737112768;0.7488704914315001;0.7679964575031368;0.8123323737112766;0.8020508087459377;0.8035074538304365;0.8123323737112768;0.8086104350241383;0.7488704914315001;0.8123323737112768;0.8123323737112768;1.524524211883545
