acc;avg_acc;f1_macro;f1_micro;f1_weighted;precision_macro;precision_micro;precision_weighted;recall_macro;recall_micro;recall_weighted;time
0.8275879038409488;0.7656330125113933;0.788816666397761;0.8275879038409489;0.8174953556472043;0.8309339631857028;0.8275879038409488;0.8248117200913249;0.7656330125113933;0.8275879038409488;0.8275879038409488;1.9924967288970947
