acc;avg_acc;f1_macro;f1_micro;f1_weighted;precision_macro;precision_micro;precision_weighted;recall_macro;recall_micro;recall_weighted;time
0.8240692896336212;0.7634269495932899;0.7844672118773217;0.8240692896336212;0.8113934879766291;0.8265578388546493;0.8240692896336212;0.8220578263567966;0.7634269495932899;0.8240692896336212;0.8240692896336212;1.9108541011810303
