acc;avg_acc;f1_macro;f1_micro;f1_weighted;precision_macro;precision_micro;precision_weighted;recall_macro;recall_micro;recall_weighted;time
0.8268989444157377;0.7619029485464206;0.785313178962566;0.8268989444157377;0.8155052389751545;0.8298851724326136;0.8268989444157377;0.8255082262661607;0.7619029485464206;0.8268989444157377;0.8268989444157377;1.9242069721221924
