acc;avg_acc;f1_macro;f1_micro;f1_weighted;precision_macro;precision_micro;precision_weighted;recall_macro;recall_micro;recall_weighted;time
0.8263330134593145;0.7614475296307266;0.7854807521105325;0.8263330134593145;0.8155790839376207;0.8293095073345681;0.8263330134593145;0.8249560026054087;0.7614475296307266;0.8263330134593145;0.8263330134593145;1.8694164752960205
