acc;avg_acc;f1_macro;f1_micro;f1_weighted;precision_macro;precision_micro;precision_weighted;recall_macro;recall_micro;recall_weighted;time
0.8293595137914913;0.768101214027231;0.7908999072858611;0.8293595137914913;0.8189723667339247;0.8315026800880604;0.8293595137914913;0.8284794760531974;0.768101214027231;0.8293595137914913;0.8293595137914913;2.0108704566955566
