acc;avg_acc;f1_macro;f1_micro;f1_weighted;precision_macro;precision_micro;precision_weighted;recall_macro;recall_micro;recall_weighted;time
0.8314756034546394;0.7692719815033083;0.7936883699008546;0.8314756034546394;0.8218436897131826;0.8360703187419241;0.8314756034546394;0.8301638820553228;0.7692719815033083;0.8314756034546394;0.8314756034546394;1.7380506992340088
