acc;avg_acc;f1_macro;f1_micro;f1_weighted;precision_macro;precision_micro;precision_weighted;recall_macro;recall_micro;recall_weighted;time
0.822814399251987;0.7595502690679508;0.7824131040660193;0.822814399251987;0.8116637975523984;0.8271307564781959;0.822814399251987;0.8202069521636816;0.7595502690679508;0.822814399251987;0.822814399251987;1.8677585124969482
