acc;avg_acc;f1_macro;f1_micro;f1_weighted;precision_macro;precision_micro;precision_weighted;recall_macro;recall_micro;recall_weighted;time
0.8272680298221008;0.7695926750401034;0.7920867551820179;0.8272680298221008;0.8180073612884522;0.8297573056322252;0.8272680298221008;0.824557402289834;0.7695926750401034;0.8272680298221008;0.8272680298221008;3.713711977005005
