acc;avg_acc;f1_macro;f1_micro;f1_weighted;precision_macro;precision_micro;precision_weighted;recall_macro;recall_micro;recall_weighted;time
0.8089121822789793;0.7392498385970041;0.7609736681969065;0.8089121822789793;0.7987955128204427;0.7953014636945918;0.8089121822789793;0.801775045688625;0.7392498385970041;0.8089121822789793;0.8089121822789793;1.533721923828125
