acc;avg_acc;f1_macro;f1_micro;f1_weighted;precision_macro;precision_micro;precision_weighted;recall_macro;recall_micro;recall_weighted;time
0.8357815998622081;0.7702640636760774;0.7949244469914938;0.8357815998622081;0.8253147657340982;0.8394723745928128;0.8357815998622081;0.8337861003303264;0.7702640636760774;0.8357815998622081;0.8357815998622081;1.9090135097503662
