acc;avg_acc;f1_macro;f1_micro;f1_weighted;precision_macro;precision_micro;precision_weighted;recall_macro;recall_micro;recall_weighted;time
0.8272434241283433;0.7663917158794749;0.788844943799305;0.8272434241283433;0.815661382360502;0.828876475338924;0.8272434241283433;0.8235890189548555;0.7663917158794749;0.8272434241283433;0.8272434241283433;1.7752087116241455
