acc;avg_acc;f1_macro;f1_micro;f1_weighted;precision_macro;precision_micro;precision_weighted;recall_macro;recall_micro;recall_weighted;time
0.8199109273885977;0.7511366978070076;0.774429509187999;0.8199109273885977;0.8106978734221119;0.8163841096484956;0.8199109273885977;0.817769255242545;0.7511366978070076;0.8199109273885977;0.8199109273885977;1.4346036911010742
