acc;avg_acc;f1_macro;f1_micro;f1_weighted;precision_macro;precision_micro;precision_weighted;recall_macro;recall_micro;recall_weighted;time
0.8269235501094954;0.7677868803198944;0.790264176023568;0.8269235501094954;0.8174064575254588;0.8280997209407941;0.8269235501094954;0.8232958650306087;0.7677868803198944;0.8269235501094954;0.8269235501094954;1.8184831142425537
