acc;avg_acc;f1_macro;f1_micro;f1_weighted;precision_macro;precision_micro;precision_weighted;recall_macro;recall_micro;recall_weighted;time
0.8369134617750548;0.7817463110883021;0.8024069694904054;0.8369134617750548;0.8299186399669483;0.8359240647337107;0.8369134617750548;0.8354348995427691;0.7817463110883021;0.8369134617750548;0.8369134617750548;1.965522289276123
