acc;avg_acc;f1_macro;f1_micro;f1_weighted;precision_macro;precision_micro;precision_weighted;recall_macro;recall_micro;recall_weighted;time
0.8324598312049408;0.7669449390509198;0.7904130294910795;0.8324598312049409;0.8229565999036307;0.8327670944007373;0.8324598312049408;0.8299119290457566;0.7669449390509198;0.8324598312049408;0.8324598312049408;1.9136152267456055
