acc;avg_acc;f1_macro;f1_micro;f1_weighted;precision_macro;precision_micro;precision_weighted;recall_macro;recall_micro;recall_weighted;time
0.8253241800152555;0.7679934171133748;0.7898606590970872;0.8253241800152554;0.8151067382863021;0.8286262491752259;0.8253241800152555;0.8234036423986667;0.7679934171133748;0.8253241800152555;0.8253241800152555;1.9068918228149414
