acc;avg_acc;f1_macro;f1_micro;f1_weighted;precision_macro;precision_micro;precision_weighted;recall_macro;recall_micro;recall_weighted;time
0.8277601436972516;0.7691468378917096;0.7915294338961331;0.8277601436972516;0.815517298069442;0.8348039409556984;0.8277601436972516;0.8265121349869163;0.7691468378917096;0.8277601436972516;0.8277601436972516;1.7692136764526367
