acc;avg_acc;f1_macro;f1_micro;f1_weighted;precision_macro;precision_micro;precision_weighted;recall_macro;recall_micro;recall_weighted;time
0.8353386973745724;0.7715890405956576;0.7939893552782653;0.8353386973745724;0.8263214086345775;0.8328888378521505;0.8353386973745724;0.833696827043639;0.7715890405956576;0.8353386973745724;0.8353386973745724;1.8894248008728027
