acc;avg_acc;f1_macro;f1_micro;f1_weighted;precision_macro;precision_micro;precision_weighted;recall_macro;recall_micro;recall_weighted;time
0.8365197706749342;0.7876110383858187;0.806037051530633;0.8365197706749342;0.8273531960161365;0.8381148538696374;0.8365197706749342;0.8335955313584704;0.7876110383858187;0.8365197706749342;0.8365197706749342;1.849735975265503
