acc;avg_acc;f1_macro;f1_micro;f1_weighted;precision_macro;precision_micro;precision_weighted;recall_macro;recall_micro;recall_weighted;time
0.8330749735488792;0.7773473222279867;0.7994422702474625;0.8330749735488792;0.8222780101753748;0.8397000973933624;0.8330749735488792;0.8321643406455327;0.7773473222279867;0.8330749735488792;0.8330749735488792;1.8544166088104248
