acc;avg_acc;f1_macro;f1_micro;f1_weighted;precision_macro;precision_micro;precision_weighted;recall_macro;recall_micro;recall_weighted;time
0.8259147166654364;0.7578453564569996;0.7827445320329646;0.8259147166654364;0.815471543224225;0.8287929632358331;0.8259147166654364;0.8231150997766163;0.7578453564569996;0.8259147166654364;0.8259147166654364;1.8881158828735352
