acc;avg_acc;f1_macro;f1_micro;f1_weighted;precision_macro;precision_micro;precision_weighted;recall_macro;recall_micro;recall_weighted;time
0.8005708520951749;0.7318364624859917;0.7513134662708505;0.800570852095175;0.7898586327909466;0.7905419269480053;0.8005708520951749;0.7987024077581648;0.7318364624859917;0.8005708520951749;0.8005708520951749;1.4112846851348877
