acc;avg_acc;f1_macro;f1_micro;f1_weighted;precision_macro;precision_micro;precision_weighted;recall_macro;recall_micro;recall_weighted;time
0.8284983145099776;0.7760038140252729;0.7956927250992032;0.8284983145099776;0.8198248061587734;0.8305161569665115;0.8284983145099776;0.8273089481287049;0.7760038140252729;0.8284983145099776;0.8284983145099776;2.032926321029663
