acc;avg_acc;f1_macro;f1_micro;f1_weighted;precision_macro;precision_micro;precision_weighted;recall_macro;recall_micro;recall_weighted;time
0.8279077778597967;0.7763161540781588;0.7963048643718339;0.8279077778597967;0.8191956806498338;0.8294740724560541;0.8279077778597967;0.8243919878028483;0.7763161540781588;0.8279077778597967;0.8279077778597967;1.9206953048706055
