acc;avg_acc;f1_macro;f1_micro;f1_weighted;precision_macro;precision_micro;precision_weighted;recall_macro;recall_micro;recall_weighted;time
0.8319431116360326;0.7669677575765662;0.7911876061556767;0.8319431116360326;0.8217238513242783;0.8360677438752403;0.8319431116360326;0.8305339324305021;0.7669677575765662;0.8319431116360326;0.8319431116360326;1.910111904144287
