acc;avg_acc;f1_macro;f1_micro;f1_weighted;precision_macro;precision_micro;precision_weighted;recall_macro;recall_micro;recall_weighted;time
0.827415663984646;0.7581883022467661;0.7850397886617309;0.827415663984646;0.8162732768749921;0.8327794674620784;0.827415663984646;0.824889388209104;0.7581883022467661;0.827415663984646;0.827415663984646;1.9593920707702637
