acc;avg_acc;f1_macro;f1_micro;f1_weighted;precision_macro;precision_micro;precision_weighted;recall_macro;recall_micro;recall_weighted;time
0.8279077778597967;0.7683231615493434;0.7913233921183777;0.8279077778597967;0.8170111166012953;0.833420401829176;0.8279077778597967;0.8259530141392531;0.7683231615493434;0.8279077778597967;0.8279077778597967;1.8301641941070557
