acc;avg_acc;f1_macro;f1_micro;f1_weighted;precision_macro;precision_micro;precision_weighted;recall_macro;recall_micro;recall_weighted;time
0.8234049359021678;0.7594690258540263;0.7827927988844312;0.8234049359021678;0.8114354538355306;0.8261048697631179;0.8234049359021678;0.8202025176358061;0.7594690258540263;0.8234049359021678;0.8234049359021678;1.6936075687408447
