acc;avg_acc;f1_macro;f1_micro;f1_weighted;precision_macro;precision_micro;precision_weighted;recall_macro;recall_micro;recall_weighted;time
0.833296424792697;0.7650313626514351;0.7916042141828064;0.833296424792697;0.821386435854636;0.8426485603466803;0.833296424792697;0.8322118993724084;0.7650313626514351;0.833296424792697;0.833296424792697;1.9090986251831055
