acc;avg_acc;f1_macro;f1_micro;f1_weighted;precision_macro;precision_micro;precision_weighted;recall_macro;recall_micro;recall_weighted;time
0.830220713073005;0.7684179539062306;0.7929077735220504;0.830220713073005;0.8200401905090279;0.8335854960679765;0.830220713073005;0.826295464761383;0.7684179539062306;0.830220713073005;0.830220713073005;1.9862184524536133
