acc;avg_acc;f1_macro;f1_micro;f1_weighted;precision_macro;precision_micro;precision_weighted;recall_macro;recall_micro;recall_weighted;time
0.8235525700647129;0.7748301633570992;0.7958412023264648;0.8235525700647129;0.8143378543975934;0.8294300491455611;0.8235525700647129;0.8191100663807095;0.7748301633570992;0.8235525700647129;0.8235525700647129;1.9233174324035645
