acc;avg_acc;f1_macro;f1_micro;f1_weighted;precision_macro;precision_micro;precision_weighted;recall_macro;recall_micro;recall_weighted;time
0.7762112152752146;0.6945068331317338;0.7129102586254364;0.7762112152752146;0.7650375731910949;0.7459028359153245;0.7762112152752146;0.7684797460562452;0.6945068331317338;0.7762112152752146;0.7762112152752146;1.4204661846160889
