acc;avg_acc;f1_macro;f1_micro;f1_weighted;precision_macro;precision_micro;precision_weighted;recall_macro;recall_micro;recall_weighted;time
0.8332472134051819;0.7706922833490335;0.7958544564798973;0.8332472134051819;0.8225455271009002;0.8393455776090138;0.8332472134051819;0.8309559756451812;0.7706922833490335;0.8332472134051819;0.8332472134051819;3.6187403202056885
