acc;avg_acc;f1_macro;f1_micro;f1_weighted;precision_macro;precision_micro;precision_weighted;recall_macro;recall_micro;recall_weighted;time
0.8303437415417928;0.7698214287739789;0.7906598411097978;0.8303437415417928;0.8206103026818473;0.8273792891644339;0.8303437415417928;0.8280419592589385;0.7698214287739789;0.8303437415417928;0.8303437415417928;3.7292606830596924
