acc;avg_acc;f1_macro;f1_micro;f1_weighted;precision_macro;precision_micro;precision_weighted;recall_macro;recall_micro;recall_weighted;time
0.825299574321498;0.7656090870980449;0.7903455481145224;0.8252995743214979;0.8147261420753096;0.8336998903974198;0.825299574321498;0.8219775838178629;0.7656090870980449;0.825299574321498;0.825299574321498;1.7856245040893555
