acc;avg_acc;f1_macro;f1_micro;f1_weighted;precision_macro;precision_micro;precision_weighted;recall_macro;recall_micro;recall_weighted;time
0.8316724490046997;0.7733826619823433;0.7963510273425106;0.8316724490046997;0.8235115689227248;0.8327402145663594;0.8316724490046997;0.8287827699195223;0.7733826619823433;0.8316724490046997;0.8316724490046997;1.9596457481384277
