acc;avg_acc;f1_macro;f1_micro;f1_weighted;precision_macro;precision_micro;precision_weighted;recall_macro;recall_micro;recall_weighted;time
0.8297778105853695;0.7673376409180926;0.7896450743183222;0.8297778105853694;0.8208879232844409;0.8278894603747562;0.8297778105853695;0.8275239285945809;0.7673376409180926;0.8297778105853695;0.8297778105853695;1.785423994064331
