acc;avg_acc;f1_macro;f1_micro;f1_weighted;precision_macro;precision_micro;precision_weighted;recall_macro;recall_micro;recall_weighted;time
0.8040648606087448;0.7313232444852945;0.7552501660387059;0.8040648606087448;0.793478628707069;0.7968643981293104;0.8040648606087448;0.8001393936596682;0.7313232444852945;0.8040648606087448;0.8040648606087448;1.3628804683685303
