acc;avg_acc;f1_macro;f1_micro;f1_weighted;precision_macro;precision_micro;precision_weighted;recall_macro;recall_micro;recall_weighted;time
0.8354371201496026;0.772378725074321;0.7974650252497398;0.8354371201496026;0.8264254858061016;0.8399767828408201;0.8354371201496026;0.8333665083234525;0.772378725074321;0.8354371201496026;0.8354371201496026;1.5407657623291016
