acc;avg_acc;f1_macro;f1_micro;f1_weighted;precision_macro;precision_micro;precision_weighted;recall_macro;recall_micro;recall_weighted;time
0.8332472134051819;0.7737296500215223;0.7972255537794459;0.8332472134051819;0.8256597698790695;0.835203753556126;0.8332472134051819;0.8314242219779292;0.7737296500215223;0.8332472134051819;0.8332472134051819;1.7413172721862793
