acc;avg_acc;f1_macro;f1_micro;f1_weighted;precision_macro;precision_micro;precision_weighted;recall_macro;recall_micro;recall_weighted;time
0.8307866440294284;0.7696733127108184;0.7931375377254395;0.8307866440294284;0.8198053503655911;0.8375088798971327;0.8307866440294284;0.8306637068150646;0.7696733127108184;0.8307866440294284;0.8307866440294284;1.7188045978546143
