acc;avg_acc;f1_macro;f1_micro;f1_weighted;precision_macro;precision_micro;precision_weighted;recall_macro;recall_micro;recall_weighted;time
0.830860461110701;0.775728623931642;0.7972569796367969;0.830860461110701;0.8187191470273556;0.8388784787319086;0.830860461110701;0.8295079822888689;0.775728623931642;0.830860461110701;0.830860461110701;3.6089189052581787
