acc;avg_acc;f1_macro;f1_micro;f1_weighted;precision_macro;precision_micro;precision_weighted;recall_macro;recall_micro;recall_weighted;time
0.8235525700647129;0.7684810919077173;0.7894458454558229;0.8235525700647129;0.8145810633526276;0.8225687448330816;0.8235525700647129;0.8181372571784999;0.7684810919077173;0.8235525700647129;0.8235525700647129;1.516840934753418
