acc;avg_acc;f1_macro;f1_micro;f1_weighted;precision_macro;precision_micro;precision_weighted;recall_macro;recall_micro;recall_weighted;time
0.8108560320858247;0.7442441225500596;0.7673155163188041;0.8108560320858247;0.8002290483058602;0.8083292781077296;0.8108560320858247;0.8071251838065252;0.7442441225500596;0.8108560320858247;0.8108560320858247;1.3932862281799316
