acc;avg_acc;f1_macro;f1_micro;f1_weighted;precision_macro;precision_micro;precision_weighted;recall_macro;recall_micro;recall_weighted;time
0.8244629807337418;0.7649980566106893;0.7870986595011602;0.8244629807337419;0.8130930454969028;0.8291500287151614;0.8244629807337418;0.8228004692190006;0.7649980566106893;0.8244629807337418;0.8244629807337418;1.9361555576324463
