acc;avg_acc;f1_macro;f1_micro;f1_weighted;precision_macro;precision_micro;precision_weighted;recall_macro;recall_micro;recall_weighted;time
0.8252503629339829;0.7669155872344283;0.7879658536076477;0.8252503629339829;0.8158690746559926;0.8218754913342043;0.8252503629339829;0.820989590933933;0.7669155872344283;0.8252503629339829;0.8252503629339829;1.8434007167816162
