acc;avg_acc;f1_macro;f1_micro;f1_weighted;precision_macro;precision_micro;precision_weighted;recall_macro;recall_micro;recall_weighted;time
0.8390541571319603;0.7779699969053787;0.8029213223247438;0.8390541571319603;0.8299406572968429;0.8447932353975638;0.8390541571319603;0.8370402597820945;0.7779699969053787;0.8390541571319603;0.8390541571319603;1.8907289505004883
