acc;avg_acc;f1_macro;f1_micro;f1_weighted;precision_macro;precision_micro;precision_weighted;recall_macro;recall_micro;recall_weighted;time
0.8353879087620876;0.7831458076033889;0.8014938521777492;0.8353879087620877;0.8268315162612245;0.8328131449544345;0.8353879087620876;0.8329582476839368;0.7831458076033889;0.8353879087620876;0.8353879087620876;2.078300714492798
