acc;avg_acc;f1_macro;f1_micro;f1_weighted;precision_macro;precision_micro;precision_weighted;recall_macro;recall_micro;recall_weighted;time
0.8084938854851013;0.7363941087095999;0.761494811957951;0.8084938854851013;0.7964186705158319;0.8110709589990147;0.8084938854851013;0.8060541570106257;0.7363941087095999;0.8084938854851013;0.8084938854851013;1.4366018772125244
