acc;avg_acc;f1_macro;f1_micro;f1_weighted;precision_macro;precision_micro;precision_weighted;recall_macro;recall_micro;recall_weighted;time
0.8353386973745724;0.782573582142055;0.8035661481283031;0.8353386973745724;0.8259718825511227;0.8407713346290165;0.8353386973745724;0.8330283563906625;0.782573582142055;0.8353386973745724;0.8353386973745724;1.8628203868865967
