acc;avg_acc;f1_macro;f1_micro;f1_weighted;precision_macro;precision_micro;precision_weighted;recall_macro;recall_micro;recall_weighted;time
0.831918505942275;0.7721358555688709;0.7936917968294501;0.831918505942275;0.8207857151499394;0.8337958988929258;0.831918505942275;0.8301072347066487;0.7721358555688709;0.831918505942275;0.831918505942275;1.92258882522583
