acc;avg_acc;f1_macro;f1_micro;f1_weighted;precision_macro;precision_micro;precision_weighted;recall_macro;recall_micro;recall_weighted;time
0.8065500356782559;0.7348296258477913;0.7537157833027094;0.806550035678256;0.7971648094610376;0.7888669163027333;0.8065500356782559;0.8019995140970114;0.7348296258477913;0.8065500356782559;0.8065500356782559;1.3882949352264404
