acc;avg_acc;f1_macro;f1_micro;f1_weighted;precision_macro;precision_micro;precision_weighted;recall_macro;recall_micro;recall_weighted;time
0.8300484732167024;0.7728292057543507;0.7930896824762393;0.8300484732167024;0.8195867269383788;0.8323813359350204;0.8300484732167024;0.8297703286347118;0.7728292057543507;0.8300484732167024;0.8300484732167024;1.8610115051269531
