expl_var_class_0,expl_var_class_1,expl_var_class_2,expl_var_class_3,expl_var_class_4,expl_var_class_5,expl_var_mean,mae_class_0,mae_class_1,mae_class_2,mae_class_3,mae_class_4,mae_class_5,mae_mean,mse_class_0,mse_class_1,mse_class_2,mse_class_3,mse_class_4,mse_class_5,mse_mean,r2_class_0,r2_class_1,r2_class_2,r2_class_3,r2_class_4,r2_class_5,r2_mean,time
0.9091428955873346,0.9222281869922919,0.9109853938356662,0.8511926000325467,0.871043916123184,0.8766986394913971,0.8902152720104034,0.05411857609117581,0.07091294604436249,0.06544081260022398,0.03397699390756477,0.018399527434993707,0.04353378721530636,0.04773044054893785,0.009091821604555116,0.010779087792442726,0.011112367736790698,0.005931023622027789,0.0015456531941647426,0.0055880457077344715,0.007341333276285923,0.9091402931328368,0.9202684571247542,0.909808693720263,0.849517148499883,0.8643810026663608,0.8734440915248636,0.8877599477781603,8.641213178634644
