expl_var_class_0,expl_var_class_1,expl_var_class_2,expl_var_class_3,expl_var_class_4,expl_var_class_5,expl_var_mean,mae_class_0,mae_class_1,mae_class_2,mae_class_3,mae_class_4,mae_class_5,mae_mean,mse_class_0,mse_class_1,mse_class_2,mse_class_3,mse_class_4,mse_class_5,mse_mean,r2_class_0,r2_class_1,r2_class_2,r2_class_3,r2_class_4,r2_class_5,r2_mean,time
0.9115608570718561,0.9128262279809458,0.9025731436984681,0.8713674444645962,0.8736717509191418,0.8731192456633676,0.8908531116330627,0.05678976623514449,0.07588898992636589,0.06820290569981403,0.03442064676805214,0.018441724223109364,0.043778636470185255,0.04958711155377853,0.008850309151013319,0.01204626014557036,0.01222930832371461,0.005202641243667345,0.001512538136455367,0.0057080773251067096,0.007591522387587952,0.911553863447787,0.9108953442278951,0.9007432692348942,0.8679977792077138,0.8672865903752633,0.8707256616520982,0.8882004180242754,11.222431659698486
