expl_var_class_0,expl_var_class_1,expl_var_class_2,expl_var_class_3,expl_var_class_4,expl_var_class_5,expl_var_mean,mae_class_0,mae_class_1,mae_class_2,mae_class_3,mae_class_4,mae_class_5,mae_mean,mse_class_0,mse_class_1,mse_class_2,mse_class_3,mse_class_4,mse_class_5,mse_mean,r2_class_0,r2_class_1,r2_class_2,r2_class_3,r2_class_4,r2_class_5,r2_mean,time
0.9143115567628061,0.9086099239857854,0.8987267822053433,0.8744452595655429,0.8615000176760034,0.8668613643488268,0.8874091507573847,0.05483124701845201,0.07826832837659892,0.06945300677407658,0.03413611535795341,0.019987010187190946,0.04604960045631459,0.050454218028431086,0.008576816863399072,0.012622787077167848,0.01272303164635415,0.0050669199026867765,0.001677616157521003,0.0060412114408871145,0.007784730514669328,0.9142870263015995,0.9066308477648801,0.8967360628082922,0.8714413221274084,0.8528022831689233,0.8631809684137633,0.8841797517641444,13.348157405853271
