expl_var_class_0,expl_var_class_1,expl_var_class_2,expl_var_class_3,expl_var_class_4,expl_var_class_5,expl_var_mean,mae_class_0,mae_class_1,mae_class_2,mae_class_3,mae_class_4,mae_class_5,mae_mean,mse_class_0,mse_class_1,mse_class_2,mse_class_3,mse_class_4,mse_class_5,mse_mean,r2_class_0,r2_class_1,r2_class_2,r2_class_3,r2_class_4,r2_class_5,r2_mean,time
0.9011955417513466,0.9149937194577092,0.8948060127108395,0.8503150426587799,0.8371877320979083,0.862852043340121,0.8768916820027841,0.05824854750610159,0.07490152447942158,0.07008542044430674,0.03708711262718154,0.022177443330865597,0.04602618002950808,0.05142103806956419,0.009888960694755958,0.011792869098131263,0.013225505857851922,0.006037884443146856,0.0019930553404746538,0.006190071082754888,0.008188057752852591,0.9011740321107641,0.912769645611474,0.8926578315455862,0.8468058591676474,0.8251249582208554,0.8598096525374841,0.873056996532302,10.29097843170166
