expl_var_class_0,expl_var_class_1,expl_var_class_2,expl_var_class_3,expl_var_class_4,expl_var_class_5,expl_var_mean,mae_class_0,mae_class_1,mae_class_2,mae_class_3,mae_class_4,mae_class_5,mae_mean,mse_class_0,mse_class_1,mse_class_2,mse_class_3,mse_class_4,mse_class_5,mse_mean,r2_class_0,r2_class_1,r2_class_2,r2_class_3,r2_class_4,r2_class_5,r2_mean,time
0.9237228629273782,0.9141370133611322,0.9009395781050733,0.8845380714428205,0.8747357613254778,0.8805868445725786,0.8964433552890766,0.04908294824428643,0.07568052426671246,0.06802820794424648,0.03302957596173747,0.018651014947081438,0.04506691411917597,0.04825653091387338,0.007680575480829054,0.011801086279277987,0.012413028493635781,0.004674432862867446,0.0015106805347198412,0.005497780200684684,0.007262930642002465,0.9232436724880727,0.9127088641665568,0.8992521412856034,0.8813995641936675,0.8674495804210047,0.8754883899873552,0.89325703542371,8.114296913146973
