expl_var_class_0,expl_var_class_1,expl_var_class_2,expl_var_class_3,expl_var_class_4,expl_var_class_5,expl_var_mean,mae_class_0,mae_class_1,mae_class_2,mae_class_3,mae_class_4,mae_class_5,mae_mean,mse_class_0,mse_class_1,mse_class_2,mse_class_3,mse_class_4,mse_class_5,mse_mean,r2_class_0,r2_class_1,r2_class_2,r2_class_3,r2_class_4,r2_class_5,r2_mean,time
0.9092018536212849,0.9206282994519253,0.8991036616918837,0.8645394842221601,0.8616884084845485,0.8697852399967804,0.8874911579114304,0.05571717620856032,0.07098994558292954,0.06895501204238579,0.034654890385424096,0.01927151363208801,0.04444614481360108,0.04900578044416481,0.00908713030395689,0.011048785395301375,0.012619201294711429,0.005460580411398011,0.0016690435905801562,0.005896106108656497,0.007630141184100728,0.9091871759485937,0.9182735382225489,0.89757878105412,0.8614533066263677,0.8535544589723196,0.86646725813033,0.8844190864923799,8.82205080986023
