expl_var_class_0,expl_var_class_1,expl_var_class_2,expl_var_class_3,expl_var_class_4,expl_var_class_5,expl_var_mean,mae_class_0,mae_class_1,mae_class_2,mae_class_3,mae_class_4,mae_class_5,mae_mean,mse_class_0,mse_class_1,mse_class_2,mse_class_3,mse_class_4,mse_class_5,mse_mean,r2_class_0,r2_class_1,r2_class_2,r2_class_3,r2_class_4,r2_class_5,r2_mean,time
0.9066022631789388,0.9052292320393023,0.8972427690678108,0.860760686815617,0.8453500489932653,0.8566816035810233,0.8786444339459929,0.055713831564744895,0.07628671255393529,0.06916994978013845,0.03541325455515547,0.02150149253609928,0.04923257832906391,0.051219636553189556,0.009352206902166609,0.01332455789710881,0.012914039901284289,0.005638150620743093,0.0018953651656883036,0.006627613582789961,0.008291989011630177,0.9065381158308046,0.9014399381725167,0.895185782577255,0.8569479677259326,0.8336965081674347,0.8499003583969981,0.873951445145157,10.918566942214966
