expl_var_class_0,expl_var_class_1,expl_var_class_2,expl_var_class_3,expl_var_class_4,expl_var_class_5,expl_var_mean,mae_class_0,mae_class_1,mae_class_2,mae_class_3,mae_class_4,mae_class_5,mae_mean,mse_class_0,mse_class_1,mse_class_2,mse_class_3,mse_class_4,mse_class_5,mse_mean,r2_class_0,r2_class_1,r2_class_2,r2_class_3,r2_class_4,r2_class_5,r2_mean,time
0.9013658694893636,0.9097774679973073,0.8937426796869785,0.8663130982566675,0.8394791179842381,0.842890395110471,0.8755947714208377,0.05667474679858359,0.07651186388476298,0.06894472534931216,0.03554372479986174,0.022738044154305945,0.051889944015306645,0.05205050816702219,0.009891659841170356,0.012538688786347217,0.013484663187578638,0.005409284370303139,0.00199270342675698,0.007274010372076513,0.00843183499737214,0.9011470580166089,0.9072529121370622,0.8905544330032004,0.8627547977392936,0.825155835901385,0.8352610126968827,0.8703543415824054,14.40195107460022
