expl_var_class_0,expl_var_class_1,expl_var_class_2,expl_var_class_3,expl_var_class_4,expl_var_class_5,expl_var_mean,mae_class_0,mae_class_1,mae_class_2,mae_class_3,mae_class_4,mae_class_5,mae_mean,mse_class_0,mse_class_1,mse_class_2,mse_class_3,mse_class_4,mse_class_5,mse_mean,r2_class_0,r2_class_1,r2_class_2,r2_class_3,r2_class_4,r2_class_5,r2_mean,time
0.9140514414738621,0.9134738694428617,0.901391690258189,0.8637054687013428,0.8668238401126739,0.8746150945710335,0.8890102340933271,0.05468726820612718,0.07407654418189798,0.06741975395188703,0.03522737881267636,0.019935239325640685,0.04510674211711981,0.049408821099224835,0.008601439468052747,0.012067640213286782,0.01243086759114638,0.0055266508904908964,0.0016274192108995077,0.005735794187864968,0.0076649685936235465,0.9140409587104781,0.9107371985834183,0.8991073538248712,0.8597769561803923,0.8572066732324369,0.8700979408119489,0.8851611802239242,12.048944234848022
