expl_var_class_0,expl_var_class_1,expl_var_class_2,expl_var_class_3,expl_var_class_4,expl_var_class_5,expl_var_mean,mae_class_0,mae_class_1,mae_class_2,mae_class_3,mae_class_4,mae_class_5,mae_mean,mse_class_0,mse_class_1,mse_class_2,mse_class_3,mse_class_4,mse_class_5,mse_mean,r2_class_0,r2_class_1,r2_class_2,r2_class_3,r2_class_4,r2_class_5,r2_mean,time
0.9193380960855161,0.9139471539777148,0.8985872975582174,0.8804075643983501,0.863633263638037,0.8701807635125115,0.8910156898617245,0.05078215618145571,0.0738292742789022,0.07020297297181735,0.0321503535741058,0.019723974603247547,0.04555550355512133,0.04870737252744165,0.008087334428979544,0.011943029880177654,0.012623040770592335,0.004788135384416897,0.001654452029510614,0.005935168051540033,0.007505193424202848,0.9191787006483225,0.9116589253851941,0.8975476187174037,0.8785146861766642,0.8548347545064374,0.8655825982819706,0.8878862139526653,8.456336736679077
