expl_var_class_0,expl_var_class_1,expl_var_class_2,expl_var_class_3,expl_var_class_4,expl_var_class_5,expl_var_mean,mae_class_0,mae_class_1,mae_class_2,mae_class_3,mae_class_4,mae_class_5,mae_mean,mse_class_0,mse_class_1,mse_class_2,mse_class_3,mse_class_4,mse_class_5,mse_mean,r2_class_0,r2_class_1,r2_class_2,r2_class_3,r2_class_4,r2_class_5,r2_mean,time
0.912809512869446,0.9070762157543684,0.8923312739604623,0.8581429345943888,0.8633370202978286,0.8569558440699901,0.881775466924414,0.05479542738568204,0.07863392303654917,0.07136280033952308,0.03587795156131472,0.019229738722691316,0.047704370908094436,0.05126736865897579,0.008728433658769843,0.012824003286588571,0.013515077895534593,0.0057268226744042715,0.0016340934817422705,0.0064983298593408925,0.008154460142730073,0.9127718340571075,0.905142477029105,0.8903075781199173,0.8546981666235145,0.8566210580873023,0.852828326407263,0.8787282400540349,14.560858726501465
