expl_var_class_0,expl_var_class_1,expl_var_class_2,expl_var_class_3,expl_var_class_4,expl_var_class_5,expl_var_mean,mae_class_0,mae_class_1,mae_class_2,mae_class_3,mae_class_4,mae_class_5,mae_mean,mse_class_0,mse_class_1,mse_class_2,mse_class_3,mse_class_4,mse_class_5,mse_mean,r2_class_0,r2_class_1,r2_class_2,r2_class_3,r2_class_4,r2_class_5,r2_mean,time
0.9138218605074453,0.9095919105384425,0.8950470344746831,0.8563856299331413,0.8621646015680671,0.8624324696965331,0.8832405844530521,0.05530088621977156,0.07729498235735821,0.069475041689743,0.036405993932047395,0.019999523933526105,0.04748022645181791,0.050992775764044034,0.008623702584472955,0.012508582759669939,0.01329704559190441,0.0058238782181188956,0.0016705066336914116,0.006266280000570032,0.008031665964737941,0.9138184708175264,0.907475602591305,0.892077193627734,0.8522356583108133,0.8534260883646352,0.8580837022979122,0.8795194526683209,15.617924928665161
