expl_var_class_0,expl_var_class_1,expl_var_class_2,expl_var_class_3,expl_var_class_4,expl_var_class_5,expl_var_mean,mae_class_0,mae_class_1,mae_class_2,mae_class_3,mae_class_4,mae_class_5,mae_mean,mse_class_0,mse_class_1,mse_class_2,mse_class_3,mse_class_4,mse_class_5,mse_mean,r2_class_0,r2_class_1,r2_class_2,r2_class_3,r2_class_4,r2_class_5,r2_mean,time
0.9202073510368207,0.9117250666750767,0.9018066553115609,0.8662971829018904,0.8568999006921503,0.8556974627330003,0.8854389365584167,0.052236619539987365,0.0757119724380142,0.06766775723446283,0.034540041805706724,0.02022990670779987,0.04917220613492374,0.04992641731014912,0.007991524206459297,0.012285396140229938,0.012350634690253093,0.005384412637798784,0.0017357133199503562,0.0066389045132335565,0.007731097584654171,0.9201361862999003,0.9091264856585658,0.8997585480896381,0.8633858471950913,0.8477047108633478,0.8496446457499378,0.8816260706427469,13.399242639541626
