expl_var_class_0,expl_var_class_1,expl_var_class_2,expl_var_class_3,expl_var_class_4,expl_var_class_5,expl_var_mean,mae_class_0,mae_class_1,mae_class_2,mae_class_3,mae_class_4,mae_class_5,mae_mean,mse_class_0,mse_class_1,mse_class_2,mse_class_3,mse_class_4,mse_class_5,mse_mean,r2_class_0,r2_class_1,r2_class_2,r2_class_3,r2_class_4,r2_class_5,r2_mean,time
0.9116598566131033,0.9055718007496792,0.8842373325731117,0.8702057656996147,0.8296573816457544,0.8574836523797402,0.876469298276834,0.053561181359241525,0.07842055194275813,0.07400083778896796,0.03326388490828268,0.02245118547411881,0.04867428454963522,0.05172865433716738,0.008854649117435186,0.013050580163593097,0.01450860352706771,0.005190868008065733,0.0020923613753658366,0.006531398908171661,0.008371410183283206,0.9115104917128305,0.903466516657385,0.8822438263927582,0.8682964915679434,0.8164116291687976,0.85207939131688,0.8723347244694324,11.267046689987183
