expl_var_class_0,expl_var_class_1,expl_var_class_2,expl_var_class_3,expl_var_class_4,expl_var_class_5,expl_var_mean,mae_class_0,mae_class_1,mae_class_2,mae_class_3,mae_class_4,mae_class_5,mae_mean,mse_class_0,mse_class_1,mse_class_2,mse_class_3,mse_class_4,mse_class_5,mse_mean,r2_class_0,r2_class_1,r2_class_2,r2_class_3,r2_class_4,r2_class_5,r2_mean,time
0.9033648733057664,0.9138460239765287,0.8967956679258741,0.8433160735280089,0.866184089828256,0.8706444534184147,0.8823585303304746,0.05617740372206969,0.07569223705540827,0.06906012393935275,0.03549478966049962,0.019391433058922325,0.04682112533373773,0.050439518794998396,0.009678363794851475,0.011886346131725872,0.012978381662948076,0.006270839591230264,0.0016166676177512011,0.005944772059259589,0.008062561809627748,0.9032786458421717,0.912078207870599,0.8946635655601216,0.8408952850089092,0.85815004156889,0.8653650904115056,0.8790718060436995,10.60924506187439
