expl_var_class_0,expl_var_class_1,expl_var_class_2,expl_var_class_3,expl_var_class_4,expl_var_class_5,expl_var_mean,mae_class_0,mae_class_1,mae_class_2,mae_class_3,mae_class_4,mae_class_5,mae_mean,mse_class_0,mse_class_1,mse_class_2,mse_class_3,mse_class_4,mse_class_5,mse_mean,r2_class_0,r2_class_1,r2_class_2,r2_class_3,r2_class_4,r2_class_5,r2_mean,time
0.9149932131391642,0.911791677260103,0.9029142401136243,0.8744951345755446,0.8740635458539637,0.8690343499933995,0.8912153601559666,0.05406004845247836,0.07535348324441092,0.06791278957630752,0.03446471226092999,0.01854764085592704,0.04586670558159434,0.04936756332860803,0.008508308680070811,0.0122638561690088,0.012154209176635835,0.005082328457032036,0.0015207936128211136,0.005947779920156613,0.0075795460026208674,0.9149716672598085,0.9092858140889506,0.9013527964154161,0.8710503738960176,0.8665622367935796,0.8652969695355681,0.8880866429982235,8.678416013717651
