expl_var_class_0,expl_var_class_1,expl_var_class_2,expl_var_class_3,expl_var_class_4,expl_var_class_5,expl_var_mean,mae_class_0,mae_class_1,mae_class_2,mae_class_3,mae_class_4,mae_class_5,mae_mean,mse_class_0,mse_class_1,mse_class_2,mse_class_3,mse_class_4,mse_class_5,mse_mean,r2_class_0,r2_class_1,r2_class_2,r2_class_3,r2_class_4,r2_class_5,r2_mean,time
0.9113845473672503,0.9205802623697347,0.8964506844750297,0.8489833013927226,0.8506063613506597,0.8692663030022489,0.8828785766596076,0.05328248608598919,0.07250905676135311,0.06897522452163654,0.03653298934117969,0.02117704028779628,0.045749568844052,0.04970439430700113,0.008888141001554118,0.010948612803191675,0.013043413700922352,0.0060927839156089975,0.001832643234262856,0.005934920986822367,0.007790085940393728,0.9111757884040953,0.9190145021590629,0.8941357460536168,0.8454129412350206,0.8391998678362542,0.8655881937086066,0.8790878398994427,11.586568832397461
