expl_var_class_0,expl_var_class_1,expl_var_class_2,expl_var_class_3,expl_var_class_4,expl_var_class_5,expl_var_mean,mae_class_0,mae_class_1,mae_class_2,mae_class_3,mae_class_4,mae_class_5,mae_mean,mse_class_0,mse_class_1,mse_class_2,mse_class_3,mse_class_4,mse_class_5,mse_mean,r2_class_0,r2_class_1,r2_class_2,r2_class_3,r2_class_4,r2_class_5,r2_mean,time
0.9108801758728583,0.9101088863300194,0.8993589014244014,0.8520459663383726,0.8680896054410576,0.8743226499904813,0.8858010308995318,0.05591319960047531,0.07533070901345529,0.06749712745370093,0.035997032326834384,0.019338860320736145,0.04510729473778569,0.04986403724216462,0.00891776568949605,0.012504303359624847,0.012715337950389342,0.0059966969657168365,0.0015993500484288393,0.005735578700466403,0.00791150545235372,0.9108797321703163,0.907507256769724,0.8967985071500941,0.8478508742349871,0.8596695230390031,0.8701028210876153,0.8821347857419566,11.18170690536499
