expl_var_class_0,expl_var_class_1,expl_var_class_2,expl_var_class_3,expl_var_class_4,expl_var_class_5,expl_var_mean,mae_class_0,mae_class_1,mae_class_2,mae_class_3,mae_class_4,mae_class_5,mae_mean,mse_class_0,mse_class_1,mse_class_2,mse_class_3,mse_class_4,mse_class_5,mse_mean,r2_class_0,r2_class_1,r2_class_2,r2_class_3,r2_class_4,r2_class_5,r2_mean,time
0.9099545259854511,0.9006517448832676,0.8914921692578532,0.8620193036403263,0.8483232528971146,0.8473624384009684,0.8766339058441636,0.0553572752093985,0.07995402489080115,0.07203072020895973,0.03627794792052006,0.02064903258375293,0.05115319703094976,0.052570366307397025,0.009026786041505428,0.013866622127176664,0.013610307593507705,0.005591849026516701,0.001841039524023508,0.007044531058311054,0.00849685589517351,0.9097902302358344,0.8974303579340949,0.8895346653563859,0.8581227389580537,0.8384631589788203,0.8404581718735947,0.8722998872227973,19.29436469078064
