expl_var_class_0,expl_var_class_1,expl_var_class_2,expl_var_class_3,expl_var_class_4,expl_var_class_5,expl_var_mean,mae_class_0,mae_class_1,mae_class_2,mae_class_3,mae_class_4,mae_class_5,mae_mean,mse_class_0,mse_class_1,mse_class_2,mse_class_3,mse_class_4,mse_class_5,mse_mean,r2_class_0,r2_class_1,r2_class_2,r2_class_3,r2_class_4,r2_class_5,r2_mean,time
0.9078953536994933,0.9052198344938831,0.8967172881720388,0.867179911016313,0.8585077859726351,0.8705627088426675,0.8843471470328385,0.05618549246828245,0.07939966510282583,0.06961017774091176,0.03574672193126089,0.020083289051271266,0.04617976634049166,0.05120085210584064,0.009230975729681772,0.013032303715669337,0.01299944371822464,0.005373736409257003,0.0017128119035006843,0.005894024817115122,0.008040549382241425,0.9077496473889707,0.9036017052205825,0.8944926196084285,0.8636567261220048,0.8497141313129998,0.8665143944201166,0.8809548706788505,16.833993673324585
