expl_var_class_0,expl_var_class_1,expl_var_class_2,expl_var_class_3,expl_var_class_4,expl_var_class_5,expl_var_mean,mae_class_0,mae_class_1,mae_class_2,mae_class_3,mae_class_4,mae_class_5,mae_mean,mse_class_0,mse_class_1,mse_class_2,mse_class_3,mse_class_4,mse_class_5,mse_mean,r2_class_0,r2_class_1,r2_class_2,r2_class_3,r2_class_4,r2_class_5,r2_mean,time
0.9025196661136176,0.9088359651298661,0.8894229150321853,0.8407464728248991,0.8457477745028988,0.8477161616606409,0.8724981592106845,0.05801107690698308,0.07655410119309838,0.07188691987318557,0.03770812234629513,0.020998789136676334,0.04907355328614029,0.05237209379039646,0.009756769860203551,0.012663649551330845,0.013907230499888809,0.006434162033760735,0.0018750221999012113,0.006904732932580949,0.008590261179611017,0.9024950897601949,0.9063285932352344,0.8871247500777343,0.8367514426585484,0.8354814445511289,0.8436242660199627,0.8686342643838006,9.054335832595825
