expl_var_class_0,expl_var_class_1,expl_var_class_2,expl_var_class_3,expl_var_class_4,expl_var_class_5,expl_var_mean,mae_class_0,mae_class_1,mae_class_2,mae_class_3,mae_class_4,mae_class_5,mae_mean,mse_class_0,mse_class_1,mse_class_2,mse_class_3,mse_class_4,mse_class_5,mse_mean,r2_class_0,r2_class_1,r2_class_2,r2_class_3,r2_class_4,r2_class_5,r2_mean,time
0.9161362354582021,0.9078351528378024,0.892965888911281,0.8378033001482232,0.8601313688572926,0.8521711528245206,0.8778405165062203,0.052711421433467694,0.07630368000854662,0.07048349366235285,0.03833753032301863,0.020191024177017878,0.05018535629523131,0.05136875098327249,0.008406695325276065,0.012819783137554396,0.013496127245214406,0.006576592851583624,0.001691368387260092,0.006815454635778086,0.008301003597111112,0.9159871468888647,0.9051736929353243,0.8904613872763196,0.8331376658514761,0.8515956324044709,0.8456462065247371,0.8736669553135322,20.87083101272583
