expl_var_class_0,expl_var_class_1,expl_var_class_2,expl_var_class_3,expl_var_class_4,expl_var_class_5,expl_var_mean,mae_class_0,mae_class_1,mae_class_2,mae_class_3,mae_class_4,mae_class_5,mae_mean,mse_class_0,mse_class_1,mse_class_2,mse_class_3,mse_class_4,mse_class_5,mse_mean,r2_class_0,r2_class_1,r2_class_2,r2_class_3,r2_class_4,r2_class_5,r2_mean,time
0.9143231945985854,0.9084735371112496,0.9068091948440266,0.87747411894647,0.866072097786984,0.8709486363888697,0.8906834632793642,0.05477492316295007,0.07503247671958381,0.06608284885237604,0.03396423705387937,0.0190498401473507,0.04685926574560876,0.049293931946958115,0.008574221073742203,0.012850388129264444,0.011704388423576696,0.004971315736358181,0.0016147239654850953,0.005968435250319323,0.007613912096457656,0.9143129674933178,0.9049473117001295,0.9050036764322662,0.8738670058678991,0.8583205818766962,0.864829175567817,0.8868801198230211,8.032045841217041
