expl_var_class_0,expl_var_class_1,expl_var_class_2,expl_var_class_3,expl_var_class_4,expl_var_class_5,expl_var_mean,mae_class_0,mae_class_1,mae_class_2,mae_class_3,mae_class_4,mae_class_5,mae_mean,mse_class_0,mse_class_1,mse_class_2,mse_class_3,mse_class_4,mse_class_5,mse_mean,r2_class_0,r2_class_1,r2_class_2,r2_class_3,r2_class_4,r2_class_5,r2_mean,time
0.9198546107929203,0.92199185818979,0.9087091965295386,0.895329410518637,0.899638582258229,0.8842833835571757,0.904967840307715,0.05137604382529708,0.06880859711683095,0.062131136952531175,0.029295230624011827,0.015949942323530843,0.04317005475476526,0.04512183426616118,0.00802051963738151,0.010756953409991391,0.01150359193026858,0.004208145294020343,0.0012047475430444394,0.005320193523607374,0.00683569188971894,0.9198464185868208,0.9204321823394865,0.9066334009389427,0.8932302847321196,0.8942928113210125,0.8795103047006676,0.9023242337698415,4.476583003997803
