expl_var_class_0,expl_var_class_1,expl_var_class_2,expl_var_class_3,expl_var_class_4,expl_var_class_5,expl_var_mean,mae_class_0,mae_class_1,mae_class_2,mae_class_3,mae_class_4,mae_class_5,mae_mean,mse_class_0,mse_class_1,mse_class_2,mse_class_3,mse_class_4,mse_class_5,mse_mean,r2_class_0,r2_class_1,r2_class_2,r2_class_3,r2_class_4,r2_class_5,r2_mean,time
0.9119367076105249,0.917889712355899,0.8996302452765945,0.8642635215559282,0.8648258229383339,0.8599413919911234,0.8864145669547341,0.05495841348185889,0.0724443189508967,0.06880112358391846,0.03501000239554571,0.018998878677468755,0.04653551005388695,0.049458041190595915,0.008815645816831062,0.011430508513389562,0.012558822735456826,0.005473054534729297,0.001624947975367701,0.006370705135154895,0.00771228078515489,0.9119002737184483,0.9154499808174724,0.89806883153296,0.8611368112339223,0.8574235048517576,0.8557187220407297,0.8832830206992152,9.203681707382202
