expl_var_class_0,expl_var_class_1,expl_var_class_2,expl_var_class_3,expl_var_class_4,expl_var_class_5,expl_var_mean,mae_class_0,mae_class_1,mae_class_2,mae_class_3,mae_class_4,mae_class_5,mae_mean,mse_class_0,mse_class_1,mse_class_2,mse_class_3,mse_class_4,mse_class_5,mse_mean,r2_class_0,r2_class_1,r2_class_2,r2_class_3,r2_class_4,r2_class_5,r2_mean,time
0.9095991224168141,0.9074943327190089,0.8952387307580711,0.8605362392912954,0.8473529109839613,0.8631544186221367,0.8805626257985479,0.057141361045905614,0.07743066832446253,0.06937997649979516,0.03521685715453492,0.021776071844311615,0.04735664990372149,0.0513835974621219,0.00904593519007807,0.012857129686529951,0.013254426927468043,0.005627094750777826,0.0018796133855619522,0.006237145900069229,0.008150224306747512,0.9095988619818429,0.9048974452575779,0.8924230994786255,0.8572284789739419,0.8350786038633,0.8587435201929917,0.8763283349580465,9.68507695198059
