expl_var_class_0,expl_var_class_1,expl_var_class_2,expl_var_class_3,expl_var_class_4,expl_var_class_5,expl_var_mean,mae_class_0,mae_class_1,mae_class_2,mae_class_3,mae_class_4,mae_class_5,mae_mean,mse_class_0,mse_class_1,mse_class_2,mse_class_3,mse_class_4,mse_class_5,mse_mean,r2_class_0,r2_class_1,r2_class_2,r2_class_3,r2_class_4,r2_class_5,r2_mean,time
0.9268177832343681,0.9190994581281455,0.9102446818831377,0.8896951612861679,0.8766619125001585,0.8756469951248353,0.8996943320261356,0.04758404868822098,0.07144549835013599,0.0624486957839414,0.030882280257363542,0.018618711235822864,0.0463231810413012,0.046217069226130995,0.007350623529270524,0.01118615014626323,0.011357743888480591,0.004437721335212525,0.0015177646096520142,0.005823855549072058,0.006945643176325157,0.9265410686428582,0.9172574686124153,0.9078171473482386,0.8874054457976734,0.8668280081673033,0.8681035609961762,0.8956587832607775,4.981210708618164
