expl_var_class_0,expl_var_class_1,expl_var_class_2,expl_var_class_3,expl_var_class_4,expl_var_class_5,expl_var_mean,mae_class_0,mae_class_1,mae_class_2,mae_class_3,mae_class_4,mae_class_5,mae_mean,mse_class_0,mse_class_1,mse_class_2,mse_class_3,mse_class_4,mse_class_5,mse_mean,r2_class_0,r2_class_1,r2_class_2,r2_class_3,r2_class_4,r2_class_5,r2_mean,time
0.9189540959375629,0.9158778525190674,0.8988698535073945,0.8669218207082972,0.8484965590773323,0.863613605616324,0.885455631227663,0.05091131740575315,0.07346852146353568,0.06933506995574547,0.03486641125412364,0.021696458486378595,0.047834300236753634,0.04968534646704836,0.008151336790264294,0.011713433371491642,0.012659193767825084,0.005362970880346532,0.0018732155905470196,0.006279681582563503,0.0076733053305063454,0.9185390889139452,0.9133572215888061,0.8972541901589199,0.8639298707917273,0.8356399604136227,0.8577801884268929,0.8810834200489857,9.08359694480896
