expl_var_class_0,expl_var_class_1,expl_var_class_2,expl_var_class_3,expl_var_class_4,expl_var_class_5,expl_var_mean,mae_class_0,mae_class_1,mae_class_2,mae_class_3,mae_class_4,mae_class_5,mae_mean,mse_class_0,mse_class_1,mse_class_2,mse_class_3,mse_class_4,mse_class_5,mse_mean,r2_class_0,r2_class_1,r2_class_2,r2_class_3,r2_class_4,r2_class_5,r2_mean,time
0.9136773956727704,0.9029239201652769,0.8906652915838882,0.8635906281656798,0.8601105870494783,0.8688103768918349,0.8832963665881547,0.055144656704046634,0.08041907461019976,0.07232443490218844,0.03468754489347873,0.019889270246830747,0.045855109137796564,0.05138668174909015,0.008640702429092283,0.01338562274733237,0.013708072414782635,0.005497429704352875,0.0016920909421873596,0.005945911349758729,0.008144971597917708,0.9136485817715155,0.9009882492339422,0.8887411767725085,0.8605183606485745,0.8515322338522442,0.8653392881987685,0.8801279817462588,12.916223049163818
