expl_var_class_0,expl_var_class_1,expl_var_class_2,expl_var_class_3,expl_var_class_4,expl_var_class_5,expl_var_mean,mae_class_0,mae_class_1,mae_class_2,mae_class_3,mae_class_4,mae_class_5,mae_mean,mse_class_0,mse_class_1,mse_class_2,mse_class_3,mse_class_4,mse_class_5,mse_mean,r2_class_0,r2_class_1,r2_class_2,r2_class_3,r2_class_4,r2_class_5,r2_mean,time
0.906897142754138,0.9097467196240918,0.8929609622564731,0.8727991078951125,0.8370618734249555,0.8552823597098514,0.879124694277437,0.05491954750953835,0.07601125690340903,0.06968856565278453,0.034943662046240095,0.02295579301288983,0.04983712817565971,0.051392658883420254,0.009341061600125466,0.012570619275973553,0.013521788099198698,0.005152406471483465,0.002029405476957536,0.006697449873988179,0.008218788466287815,0.9066494971271443,0.9070167263621902,0.8902531160963231,0.8692723436411808,0.8219355176132466,0.8483187329523652,0.8739076556320752,8.67189884185791
