expl_var_class_0,expl_var_class_1,expl_var_class_2,expl_var_class_3,expl_var_class_4,expl_var_class_5,expl_var_mean,mae_class_0,mae_class_1,mae_class_2,mae_class_3,mae_class_4,mae_class_5,mae_mean,mse_class_0,mse_class_1,mse_class_2,mse_class_3,mse_class_4,mse_class_5,mse_mean,r2_class_0,r2_class_1,r2_class_2,r2_class_3,r2_class_4,r2_class_5,r2_mean,time
0.9197737240224106,0.9190221777409349,0.910469504354926,0.8865339966188391,0.8809491656479694,0.8895263601017487,0.9010458214144714,0.05224028967380903,0.07303130789242018,0.06328435491793902,0.03269749600555677,0.018425113244168078,0.0425071521365881,0.047030952311746865,0.008034681939722914,0.011151953838096753,0.011334420873490418,0.004597685931256746,0.0014455499194223776,0.005066003837508939,0.006938382723249692,0.9197048867029727,0.9175104143591474,0.9080064439264449,0.883346799249311,0.8731642832894824,0.885267094879508,0.8978333204011445,5.903810262680054
