expl_var_class_0,expl_var_class_1,expl_var_class_2,expl_var_class_3,expl_var_class_4,expl_var_class_5,expl_var_mean,mae_class_0,mae_class_1,mae_class_2,mae_class_3,mae_class_4,mae_class_5,mae_mean,mse_class_0,mse_class_1,mse_class_2,mse_class_3,mse_class_4,mse_class_5,mse_mean,r2_class_0,r2_class_1,r2_class_2,r2_class_3,r2_class_4,r2_class_5,r2_mean,time
0.924196987844983,0.9333834128930213,0.9227852776516461,0.895434879473108,0.9007788077636347,0.8925937131597358,0.9115288464643547,0.05085495329479079,0.0640230993576087,0.05766522940746438,0.03078672732230051,0.01628635529385914,0.04002867651585694,0.04327417353198008,0.007585182744936243,0.009200127928472319,0.009794727739832578,0.004234740092392833,0.0011980109476196876,0.004883257739668964,0.006149341198820438,0.9241969859600545,0.9319478226254891,0.920503054755367,0.8925555173817926,0.8948838949615059,0.8894058581685078,0.908915522308786,5.3236610889434814
