expl_var_class_0,expl_var_class_1,expl_var_class_2,expl_var_class_3,expl_var_class_4,expl_var_class_5,expl_var_mean,mae_class_0,mae_class_1,mae_class_2,mae_class_3,mae_class_4,mae_class_5,mae_mean,mse_class_0,mse_class_1,mse_class_2,mse_class_3,mse_class_4,mse_class_5,mse_mean,r2_class_0,r2_class_1,r2_class_2,r2_class_3,r2_class_4,r2_class_5,r2_mean,time
0.9294062882839998,0.9240687790531891,0.9150104177684908,0.8841256448745156,0.894961662372799,0.881226255070882,0.9047998412373127,0.05011572936057898,0.0681790310116272,0.06042715556243601,0.03295008091141487,0.015924856757706402,0.04476925635167664,0.04539435165924002,0.00706428818636236,0.010592437678735737,0.010811115035433413,0.004729798205495509,0.0012499564538414475,0.00549655704061232,0.006657358766746797,0.9294025793998786,0.9216490843012146,0.9122537509123281,0.8799948261309141,0.8903260824480783,0.8755160916459073,0.9015237358063869,5.233958005905151
