expl_var_class_0,expl_var_class_1,expl_var_class_2,expl_var_class_3,expl_var_class_4,expl_var_class_5,expl_var_mean,mae_class_0,mae_class_1,mae_class_2,mae_class_3,mae_class_4,mae_class_5,mae_mean,mse_class_0,mse_class_1,mse_class_2,mse_class_3,mse_class_4,mse_class_5,mse_mean,r2_class_0,r2_class_1,r2_class_2,r2_class_3,r2_class_4,r2_class_5,r2_mean,time
0.9213508100852279,0.9140129214534253,0.9089044376885107,0.879525964202392,0.8611254200548482,0.8583169041159973,0.8905394096000668,0.05161800109549705,0.07406639142153172,0.06565823712165424,0.03274991964156947,0.020443721007897354,0.048395252404065316,0.04882192044870253,0.00788280985198988,0.012000661267550599,0.011422611606384829,0.004845475426807039,0.0016987490479755587,0.0065262810760659505,0.007396098046128977,0.9212226302281881,0.9112326333350906,0.9072906615126592,0.8770598457251848,0.85094803706441,0.8521952980086712,0.8866581843123673,11.12758493423462
