expl_var_class_0,expl_var_class_1,expl_var_class_2,expl_var_class_3,expl_var_class_4,expl_var_class_5,expl_var_mean,mae_class_0,mae_class_1,mae_class_2,mae_class_3,mae_class_4,mae_class_5,mae_mean,mse_class_0,mse_class_1,mse_class_2,mse_class_3,mse_class_4,mse_class_5,mse_mean,r2_class_0,r2_class_1,r2_class_2,r2_class_3,r2_class_4,r2_class_5,r2_mean,time
0.9105218901713859,0.9172891829828115,0.8928445075389478,0.8504524791432,0.8546715400822535,0.8567965633954732,0.8804293605523453,0.0555766040774357,0.07328947403724992,0.07040184268833484,0.036505434131118945,0.020151621823915635,0.04656619575429002,0.05041519541872417,0.00895750534246667,0.011434056819787292,0.013453642246667553,0.006040291569815767,0.001757492370131725,0.006456829744508121,0.008016636348896187,0.9104825913797288,0.9154237344458747,0.8908062082548,0.8467447851763528,0.8457937692888554,0.853768205035531,0.8771698822635238,12.578128814697266
