expl_var_class_0,expl_var_class_1,expl_var_class_2,expl_var_class_3,expl_var_class_4,expl_var_class_5,expl_var_mean,mae_class_0,mae_class_1,mae_class_2,mae_class_3,mae_class_4,mae_class_5,mae_mean,mse_class_0,mse_class_1,mse_class_2,mse_class_3,mse_class_4,mse_class_5,mse_mean,r2_class_0,r2_class_1,r2_class_2,r2_class_3,r2_class_4,r2_class_5,r2_mean,time
0.901779393658212,0.9167307360382767,0.9038798933970553,0.853504020023104,0.8692283344968668,0.8712726728748921,0.8860658417480679,0.05734921632716253,0.0744238305467312,0.06774248716330838,0.034555937886388874,0.018757236174494877,0.04499872005785538,0.04963790469265688,0.009828467932118612,0.011486250975500911,0.012046080275776513,0.005852671217961598,0.0015646313180746425,0.005832295884953853,0.007768399600731022,0.901778570444211,0.9150376609075336,0.9022304029747101,0.8515051178517465,0.8627158204989438,0.8679124075176216,0.8835299966991279,10.767974376678467
