expl_var_class_0,expl_var_class_1,expl_var_class_2,expl_var_class_3,expl_var_class_4,expl_var_class_5,expl_var_mean,mae_class_0,mae_class_1,mae_class_2,mae_class_3,mae_class_4,mae_class_5,mae_mean,mse_class_0,mse_class_1,mse_class_2,mse_class_3,mse_class_4,mse_class_5,mse_mean,r2_class_0,r2_class_1,r2_class_2,r2_class_3,r2_class_4,r2_class_5,r2_mean,time
0.925467912044523,0.9247288047839723,0.9144321539183403,0.884726547291766,0.8893383072525561,0.8782054183390476,0.9028165239383675,0.04917154190337569,0.0690646514668331,0.06246071591309733,0.0327431803495169,0.01673985972551677,0.04358425517988461,0.045627367423037406,0.007473859550524447,0.010427413642139055,0.01074175651414724,0.004678814140941845,0.001327945329056109,0.005577557465534533,0.0067045577737238704,0.9253095014989322,0.922869746132968,0.9128166854537868,0.8812884017266354,0.8834831676857494,0.8736816251975182,0.8999081879492651,5.9390881061553955
