expl_var_class_0,expl_var_class_1,expl_var_class_2,expl_var_class_3,expl_var_class_4,expl_var_class_5,expl_var_mean,mae_class_0,mae_class_1,mae_class_2,mae_class_3,mae_class_4,mae_class_5,mae_mean,mse_class_0,mse_class_1,mse_class_2,mse_class_3,mse_class_4,mse_class_5,mse_mean,r2_class_0,r2_class_1,r2_class_2,r2_class_3,r2_class_4,r2_class_5,r2_mean,time
0.9066806390207913,0.903913494278425,0.8926689539908932,0.8649806509229353,0.8610311782553863,0.8694095739455502,0.8831140817356635,0.05800374909383714,0.08021868105205573,0.0715469831856787,0.035479776788753574,0.01974172862969532,0.045301787660612935,0.051715451068438896,0.009338415149328125,0.013197545626455703,0.013521874089475854,0.005461899087105034,0.00167336934693072,0.0058879058506314825,0.008180168191654487,0.9066759446042444,0.9023794318011297,0.8902524181734675,0.8614198489817445,0.8531749076336443,0.866652974417985,0.8800925876020358,10.406251430511475
