expl_var_class_0,expl_var_class_1,expl_var_class_2,expl_var_class_3,expl_var_class_4,expl_var_class_5,expl_var_mean,mae_class_0,mae_class_1,mae_class_2,mae_class_3,mae_class_4,mae_class_5,mae_mean,mse_class_0,mse_class_1,mse_class_2,mse_class_3,mse_class_4,mse_class_5,mse_mean,r2_class_0,r2_class_1,r2_class_2,r2_class_3,r2_class_4,r2_class_5,r2_mean,time
0.9107239367059086,0.9032481483695626,0.8957656428816124,0.8636421659439688,0.8628140762868866,0.869703274952686,0.8843162075234375,0.056515693369772205,0.08067672424263647,0.06918679098593342,0.035367894086038194,0.020133210315558557,0.04612877507911042,0.05133484801317487,0.008933367061485528,0.013308823090684074,0.013210786616935642,0.0055067877589727214,0.001660945451638981,0.005917636558532908,0.008089724423041643,0.9107238188509239,0.9015563265364714,0.89277729731536,0.8602809266349147,0.8542650074236908,0.865979644788117,0.8809305035915797,17.465455293655396
