expl_var_class_0,expl_var_class_1,expl_var_class_2,expl_var_class_3,expl_var_class_4,expl_var_class_5,expl_var_mean,mae_class_0,mae_class_1,mae_class_2,mae_class_3,mae_class_4,mae_class_5,mae_mean,mse_class_0,mse_class_1,mse_class_2,mse_class_3,mse_class_4,mse_class_5,mse_mean,r2_class_0,r2_class_1,r2_class_2,r2_class_3,r2_class_4,r2_class_5,r2_mean,time
0.9212564874779788,0.91460003449207,0.8969787808882598,0.8805186793281954,0.8625304768442845,0.8747810802816249,0.8917775898854021,0.05016918353281575,0.0739467855738583,0.06967503426815654,0.033802953236781286,0.020457162493979858,0.04479203952652605,0.048807193105352954,0.007914391721009814,0.011807809124700216,0.012881511338184819,0.004844372171839984,0.0016948100270509246,0.005695224340688507,0.0074730197872457105,0.920907014778801,0.9126591361331325,0.8954497941422819,0.8770878376813722,0.8512936553895891,0.8710167510963758,0.8880690315369254,8.497992038726807
