expl_var_class_0,expl_var_class_1,expl_var_class_2,expl_var_class_3,expl_var_class_4,expl_var_class_5,expl_var_mean,mae_class_0,mae_class_1,mae_class_2,mae_class_3,mae_class_4,mae_class_5,mae_mean,mse_class_0,mse_class_1,mse_class_2,mse_class_3,mse_class_4,mse_class_5,mse_mean,r2_class_0,r2_class_1,r2_class_2,r2_class_3,r2_class_4,r2_class_5,r2_mean,time
0.9102748508827749,0.908827588386159,0.9016253201457816,0.8689030430913103,0.8578116859410596,0.8654607886679263,0.8854838795191685,0.05614319324185389,0.07685612374432056,0.06742154234160075,0.03466947405850535,0.020915207616321197,0.04690793620256838,0.050485579534195024,0.008980119769278318,0.012634343612090993,0.012436790225372269,0.005301637666298502,0.0017404466982749729,0.006140538805201137,0.007872312796086032,0.9102565926436729,0.9065453655443568,0.8990592839508261,0.8654860266140267,0.8472893938796875,0.8609314404956572,0.8815946838547045,13.408355474472046
