expl_var_class_0,expl_var_class_1,expl_var_class_2,expl_var_class_3,expl_var_class_4,expl_var_class_5,expl_var_mean,mae_class_0,mae_class_1,mae_class_2,mae_class_3,mae_class_4,mae_class_5,mae_mean,mse_class_0,mse_class_1,mse_class_2,mse_class_3,mse_class_4,mse_class_5,mse_mean,r2_class_0,r2_class_1,r2_class_2,r2_class_3,r2_class_4,r2_class_5,r2_mean,time
0.9114193775997248,0.9086859740804052,0.8998682905962286,0.8669910155875378,0.8583597062912884,0.8602013598506303,0.8842542873343026,0.0554376264515733,0.07692416409564082,0.06848450292839788,0.03484148570454012,0.020252515336117046,0.04830080019969672,0.05070684911932765,0.008869043337199537,0.012687785483911947,0.01260557832870395,0.005377626494766086,0.0017201801257014481,0.006406098526961789,0.007944385382874126,0.9113666421472258,0.9061500628084971,0.8976893491282444,0.8635580262689455,0.849067627355468,0.854917146125211,0.8804581423055987,11.14936089515686
