expl_var_class_0,expl_var_class_1,expl_var_class_2,expl_var_class_3,expl_var_class_4,expl_var_class_5,expl_var_mean,mae_class_0,mae_class_1,mae_class_2,mae_class_3,mae_class_4,mae_class_5,mae_mean,mse_class_0,mse_class_1,mse_class_2,mse_class_3,mse_class_4,mse_class_5,mse_mean,r2_class_0,r2_class_1,r2_class_2,r2_class_3,r2_class_4,r2_class_5,r2_mean,time
0.915606903357835,0.9062052357967136,0.9014751135276183,0.8702750449332819,0.867694300506786,0.8683482089392562,0.8882674678435819,0.0538955283061657,0.07834447746722512,0.0678327628231865,0.03560722434129926,0.0190250446079161,0.047923109325003065,0.05043802447846595,0.008454578348556228,0.013010923352747483,0.012409482863674636,0.005268590243058486,0.0015899903770884953,0.0060761887158473134,0.007801625650162108,0.9155086248007313,0.9037598530486564,0.8992809186807864,0.866324510963578,0.8604907611067288,0.8623888165524345,0.8846255808588194,14.727788209915161
