expl_var_class_0,expl_var_class_1,expl_var_class_2,expl_var_class_3,expl_var_class_4,expl_var_class_5,expl_var_mean,mae_class_0,mae_class_1,mae_class_2,mae_class_3,mae_class_4,mae_class_5,mae_mean,mse_class_0,mse_class_1,mse_class_2,mse_class_3,mse_class_4,mse_class_5,mse_mean,r2_class_0,r2_class_1,r2_class_2,r2_class_3,r2_class_4,r2_class_5,r2_mean,time
0.9141932990839436,0.9057878279270956,0.8936644896960023,0.8683774320534479,0.8651415535265233,0.86854960653501,0.8859523681370037,0.05531569381889445,0.07955915028749878,0.07112331108301578,0.03474563467719758,0.0191033373710374,0.04552443083393597,0.050895259678596656,0.008588217547566682,0.012963890328054308,0.01336901509414085,0.005323377501453218,0.0016185347671712046,0.00595226932213533,0.007969217426753598,0.9141730928274721,0.9041077503565812,0.8914930675825243,0.8649344401436789,0.8579862137883963,0.8651952952874243,0.8829816433310129,15.92972993850708
