expl_var_class_0,expl_var_class_1,expl_var_class_2,expl_var_class_3,expl_var_class_4,expl_var_class_5,expl_var_mean,mae_class_0,mae_class_1,mae_class_2,mae_class_3,mae_class_4,mae_class_5,mae_mean,mse_class_0,mse_class_1,mse_class_2,mse_class_3,mse_class_4,mse_class_5,mse_mean,r2_class_0,r2_class_1,r2_class_2,r2_class_3,r2_class_4,r2_class_5,r2_mean,time
0.9178644168160117,0.8986119371453284,0.8878084180140048,0.8740423066537178,0.8560223147084797,0.8613933784141465,0.8826237952919481,0.052386209075803165,0.08105198449646005,0.07285428518176693,0.03525967596011478,0.02026907689748419,0.04800895963098137,0.051638365207101744,0.00824222328160748,0.01409866180695371,0.013993466185506297,0.005112425505151809,0.0017467158024942076,0.006352172708280517,0.00825761088166567,0.9176308088881372,0.895713989904337,0.8864248354134616,0.8702867469217499,0.8467393289417038,0.8561384373118646,0.8788223578968757,16.077852487564087
