expl_var_class_0,expl_var_class_1,expl_var_class_2,expl_var_class_3,expl_var_class_4,expl_var_class_5,expl_var_mean,mae_class_0,mae_class_1,mae_class_2,mae_class_3,mae_class_4,mae_class_5,mae_mean,mse_class_0,mse_class_1,mse_class_2,mse_class_3,mse_class_4,mse_class_5,mse_mean,r2_class_0,r2_class_1,r2_class_2,r2_class_3,r2_class_4,r2_class_5,r2_mean,time
0.9186513490356126,0.9084783834989486,0.8987152176509987,0.8752899689809538,0.8691171934409364,0.863424174498282,0.8889460478509553,0.051216788645370125,0.07513888457729369,0.06845219944512654,0.033272235409370285,0.01928699251309121,0.04801619579785151,0.04923054939801722,0.008166730314613043,0.012687830150654233,0.012728100846763181,0.005036976437033156,0.001594758807610713,0.00633649510641414,0.007758481943848078,0.9183852527333849,0.9061497324142794,0.8966949196588291,0.8722010523835176,0.8600723685664619,0.8564934976049765,0.8849994705602415,6.298055648803711
