expl_var_class_0,expl_var_class_1,expl_var_class_2,expl_var_class_3,expl_var_class_4,expl_var_class_5,expl_var_mean,mae_class_0,mae_class_1,mae_class_2,mae_class_3,mae_class_4,mae_class_5,mae_mean,mse_class_0,mse_class_1,mse_class_2,mse_class_3,mse_class_4,mse_class_5,mse_mean,r2_class_0,r2_class_1,r2_class_2,r2_class_3,r2_class_4,r2_class_5,r2_mean,time
0.9168278376626209,0.9055389776113415,0.9008184207495061,0.8727250043538703,0.8653811216626163,0.8641297492041502,0.8875701852073509,0.05297927947877272,0.07919245763704989,0.06808868547715947,0.03478560086956187,0.019254361482746042,0.049211682071681515,0.05058534450282859,0.008343948126828812,0.013068062097975576,0.012473488880138071,0.00514088691456301,0.0016179546849878113,0.006305101451291365,0.007824907025964108,0.9166142150722965,0.9033372050099062,0.8987614266723023,0.8695646196265553,0.858037111469959,0.8572044890234823,0.8839198444790837,14.285459041595459
