expl_var_class_0,expl_var_class_1,expl_var_class_2,expl_var_class_3,expl_var_class_4,expl_var_class_5,expl_var_mean,mae_class_0,mae_class_1,mae_class_2,mae_class_3,mae_class_4,mae_class_5,mae_mean,mse_class_0,mse_class_1,mse_class_2,mse_class_3,mse_class_4,mse_class_5,mse_mean,r2_class_0,r2_class_1,r2_class_2,r2_class_3,r2_class_4,r2_class_5,r2_mean,time
0.9113160298634221,0.910979368812912,0.8926484813759082,0.857023874677367,0.867150564499064,0.8691532574062858,0.8847119294391598,0.05466027650486737,0.07558876590654785,0.07023924234640759,0.03587823354850562,0.019531779642474482,0.046113756823166395,0.050335342461994885,0.008879033204987013,0.01232689684559005,0.013472685509076075,0.005771860779145437,0.0016135942870622322,0.005955069062084094,0.008003189947990817,0.9112668077577832,0.9088195102138448,0.8906516474309383,0.8535554528426353,0.8584197023363158,0.8651318878546219,0.8813075014060233,9.957438468933105
