expl_var_class_0,expl_var_class_1,expl_var_class_2,expl_var_class_3,expl_var_class_4,expl_var_class_5,expl_var_mean,mae_class_0,mae_class_1,mae_class_2,mae_class_3,mae_class_4,mae_class_5,mae_mean,mse_class_0,mse_class_1,mse_class_2,mse_class_3,mse_class_4,mse_class_5,mse_mean,r2_class_0,r2_class_1,r2_class_2,r2_class_3,r2_class_4,r2_class_5,r2_mean,time
0.9039369685316799,0.9137243127187007,0.8972405246098312,0.8632171201283341,0.8503629576867476,0.8649404553253031,0.8822370565000993,0.056836956145531706,0.07479600657759335,0.0689407061849877,0.03636328366372976,0.020909762052280737,0.04593789259647782,0.05063076787010018,0.009619760939319539,0.01192103766607777,0.0129467328986588,0.005562528064424232,0.0018307528930726616,0.006092401607506668,0.007995535678176612,0.903864297266804,0.9118215989986937,0.8949204364143806,0.8588666749572317,0.839365730513471,0.8620216332221122,0.8784767285621156,12.519316673278809
