expl_var_class_0,expl_var_class_1,expl_var_class_2,expl_var_class_3,expl_var_class_4,expl_var_class_5,expl_var_mean,mae_class_0,mae_class_1,mae_class_2,mae_class_3,mae_class_4,mae_class_5,mae_mean,mse_class_0,mse_class_1,mse_class_2,mse_class_3,mse_class_4,mse_class_5,mse_mean,r2_class_0,r2_class_1,r2_class_2,r2_class_3,r2_class_4,r2_class_5,r2_mean,time
0.9121703152315495,0.9196189223710025,0.8977701945759727,0.8556067849130862,0.8603178578551903,0.8601452317849818,0.8842715511219638,0.054563790051699694,0.07200963724002736,0.0689964544195324,0.0364688545046123,0.019278564474041266,0.04671131333783034,0.04967143567129056,0.008795280834000154,0.011143208836599786,0.01284465570330919,0.005842806939348342,0.0016803236431629574,0.006351156319142635,0.007776238712593844,0.9121037924906868,0.9175751000241337,0.8957489255184149,0.8517553958591045,0.8525647224473828,0.8561614561018739,0.8809848987402661,9.898135423660278
