expl_var_class_0,expl_var_class_1,expl_var_class_2,expl_var_class_3,expl_var_class_4,expl_var_class_5,expl_var_mean,mae_class_0,mae_class_1,mae_class_2,mae_class_3,mae_class_4,mae_class_5,mae_mean,mse_class_0,mse_class_1,mse_class_2,mse_class_3,mse_class_4,mse_class_5,mse_mean,r2_class_0,r2_class_1,r2_class_2,r2_class_3,r2_class_4,r2_class_5,r2_mean,time
0.9031719065429965,0.9135289429655593,0.8918940504168343,0.8395415528932356,0.8500792575113476,0.841470786132698,0.8732810827437786,0.05731694987770755,0.0742635748829368,0.07101956953383548,0.03752816555208621,0.02050501264862577,0.05130946710074823,0.05199045659932334,0.009695451917433368,0.012044902374011802,0.013599426940264685,0.006465660398638763,0.001813030489971915,0.007255226457301323,0.008478949762936977,0.9031078745846359,0.9109053874916035,0.8896229759984029,0.8359522612580844,0.8409207329861729,0.8356864235692031,0.869365942648017,10.606811046600342
