expl_var_class_0,expl_var_class_1,expl_var_class_2,expl_var_class_3,expl_var_class_4,expl_var_class_5,expl_var_mean,mae_class_0,mae_class_1,mae_class_2,mae_class_3,mae_class_4,mae_class_5,mae_mean,mse_class_0,mse_class_1,mse_class_2,mse_class_3,mse_class_4,mse_class_5,mse_mean,r2_class_0,r2_class_1,r2_class_2,r2_class_3,r2_class_4,r2_class_5,r2_mean,time
0.9034719956103088,0.9160760290349296,0.9000914334858726,0.845259928514913,0.8651452420207901,0.868495956235555,0.8830900974837282,0.05697062661714498,0.07461322096800119,0.06801433954375835,0.03565903661382363,0.01921620503889674,0.045701755513933975,0.05002919738259314,0.009659835599791704,0.011592613622550875,0.01255657306819483,0.006194088271615197,0.0016196183534075603,0.0059880904445720135,0.00793513656002203,0.9034638085570962,0.9142509099210971,0.8980870905065523,0.8428426313976803,0.8578911375581955,0.864384032293226,0.8801532683723079,9.917380332946777
