expl_var_class_0,expl_var_class_1,expl_var_class_2,expl_var_class_3,expl_var_class_4,expl_var_class_5,expl_var_mean,mae_class_0,mae_class_1,mae_class_2,mae_class_3,mae_class_4,mae_class_5,mae_mean,mse_class_0,mse_class_1,mse_class_2,mse_class_3,mse_class_4,mse_class_5,mse_mean,r2_class_0,r2_class_1,r2_class_2,r2_class_3,r2_class_4,r2_class_5,r2_mean,time
0.9223746406355539,0.90667890151845,0.8836979132345353,0.8753059028747286,0.8534282435144819,0.8697421547388269,0.8852046260860961,0.050029821261905916,0.07740687648995612,0.07328857664858413,0.034870488705400556,0.020560605136127477,0.04600596616235082,0.0503603890673875,0.007803787405181863,0.012930036226235968,0.014531806056130723,0.005078572080882808,0.001791330123810042,0.005952040459756323,0.008014595391999621,0.9220123461580855,0.9043581648464348,0.8820555077144393,0.8711456812544546,0.8428247706524208,0.8652004784745001,0.881266158183389,10.957186222076416
