expl_var_class_0,expl_var_class_1,expl_var_class_2,expl_var_class_3,expl_var_class_4,expl_var_class_5,expl_var_mean,mae_class_0,mae_class_1,mae_class_2,mae_class_3,mae_class_4,mae_class_5,mae_mean,mse_class_0,mse_class_1,mse_class_2,mse_class_3,mse_class_4,mse_class_5,mse_mean,r2_class_0,r2_class_1,r2_class_2,r2_class_3,r2_class_4,r2_class_5,r2_mean,time
0.9080435437092546,0.9042357299980959,0.8931967307532149,0.8552685950872907,0.843967049210659,0.8475991452177793,0.8753851323293823,0.05614659877988019,0.07877913814528932,0.06923923719788257,0.03541879117185549,0.021269840597221937,0.052008874801452554,0.05214374678226367,0.009224509038301174,0.013255362714337138,0.013530630004521187,0.005827282012036306,0.0019103380427757668,0.007092447130328801,0.008473428157050062,0.9078142726872659,0.9019517661479589,0.8901813525433229,0.852149296723463,0.8323827551305518,0.8393729871163598,0.8706420717248203,17.59149932861328
