expl_var_class_0,expl_var_class_1,expl_var_class_2,expl_var_class_3,expl_var_class_4,expl_var_class_5,expl_var_mean,mae_class_0,mae_class_1,mae_class_2,mae_class_3,mae_class_4,mae_class_5,mae_mean,mse_class_0,mse_class_1,mse_class_2,mse_class_3,mse_class_4,mse_class_5,mse_mean,r2_class_0,r2_class_1,r2_class_2,r2_class_3,r2_class_4,r2_class_5,r2_mean,time
0.9066947539538976,0.912258353346412,0.8966752515474631,0.8600986753525124,0.8392294439398763,0.860797165766864,0.8792922739845043,0.05645272585262638,0.07614103497672677,0.0693677578066019,0.034473889696516144,0.0211724820674451,0.04787718803440671,0.05091417973905383,0.009340128171997957,0.012154486742432365,0.01299071130741104,0.005605833521916472,0.0019519624882305955,0.006359792382241616,0.008067152435705008,0.9066588254014699,0.9100948058415211,0.8945634944711854,0.8577679221711618,0.8287305350992639,0.8559658698686354,0.8756302421422063,13.423969507217407
