expl_var_class_0,expl_var_class_1,expl_var_class_2,expl_var_class_3,expl_var_class_4,expl_var_class_5,expl_var_mean,mae_class_0,mae_class_1,mae_class_2,mae_class_3,mae_class_4,mae_class_5,mae_mean,mse_class_0,mse_class_1,mse_class_2,mse_class_3,mse_class_4,mse_class_5,mse_mean,r2_class_0,r2_class_1,r2_class_2,r2_class_3,r2_class_4,r2_class_5,r2_mean,time
0.9181409577706652,0.9064671222287652,0.9020820661496134,0.8728323365985831,0.8674850718799034,0.8718452363872724,0.8898087985024672,0.0536857964905437,0.07602908917944708,0.06856162326281467,0.03459431521209902,0.019226092870618213,0.04635325713786656,0.049741695692231545,0.00819355007645523,0.01317506387117284,0.0122322735837967,0.005159524364593103,0.0016033573444383497,0.005906206313278186,0.007711662592289069,0.9181172277098839,0.9025457264885617,0.9007192022955526,0.8690917473529055,0.859317914108306,0.8662385125834006,0.8860050550897683,7.690875053405762
