expl_var_class_0,expl_var_class_1,expl_var_class_2,expl_var_class_3,expl_var_class_4,expl_var_class_5,expl_var_mean,mae_class_0,mae_class_1,mae_class_2,mae_class_3,mae_class_4,mae_class_5,mae_mean,mse_class_0,mse_class_1,mse_class_2,mse_class_3,mse_class_4,mse_class_5,mse_mean,r2_class_0,r2_class_1,r2_class_2,r2_class_3,r2_class_4,r2_class_5,r2_mean,time
0.9119352100590303,0.9157158878187238,0.8956165849910802,0.8759073969347568,0.8693783060771993,0.8654807959132117,0.889005696965667,0.05245937433547772,0.07402217787617008,0.0693146166624832,0.03380858036572655,0.019169414849782428,0.04764677551781663,0.049403489934576106,0.008844026124869729,0.011667672906913189,0.013075287612581536,0.005007742167703409,0.0015759881854671943,0.006217203958556698,0.007731320159348625,0.9116166532756648,0.913695705931246,0.8938770478358401,0.8729427888004699,0.8617193440743204,0.8591951576091609,0.885507782921117,9.376349449157715
