expl_var_class_0,expl_var_class_1,expl_var_class_2,expl_var_class_3,expl_var_class_4,expl_var_class_5,expl_var_mean,mae_class_0,mae_class_1,mae_class_2,mae_class_3,mae_class_4,mae_class_5,mae_mean,mse_class_0,mse_class_1,mse_class_2,mse_class_3,mse_class_4,mse_class_5,mse_mean,r2_class_0,r2_class_1,r2_class_2,r2_class_3,r2_class_4,r2_class_5,r2_mean,time
0.9064956520783531,0.9046599818168047,0.8919754856418395,0.8588769014908808,0.8392948787055252,0.8559186369504094,0.8762035894473023,0.05569914602214242,0.07907688198576669,0.07204481105865064,0.03459104172686329,0.021915582637777306,0.04994524401881216,0.052212117908335416,0.009371943707668333,0.013257774451537568,0.013535656684494973,0.005654324642758622,0.0019652505736556898,0.006651024659631472,0.008405995786624442,0.9063408747893084,0.9019339268343081,0.8901405545024531,0.856537597930054,0.827564609373727,0.8493701533390907,0.871981286128157,18.329609870910645
