expl_var_class_0,expl_var_class_1,expl_var_class_2,expl_var_class_3,expl_var_class_4,expl_var_class_5,expl_var_mean,mae_class_0,mae_class_1,mae_class_2,mae_class_3,mae_class_4,mae_class_5,mae_mean,mse_class_0,mse_class_1,mse_class_2,mse_class_3,mse_class_4,mse_class_5,mse_mean,r2_class_0,r2_class_1,r2_class_2,r2_class_3,r2_class_4,r2_class_5,r2_mean,time
0.9268845440226497,0.9195287061876325,0.9132927268897668,0.8850696558923201,0.856524414829932,0.8854093795828479,0.8977849045675249,0.04809805670525433,0.0704428908171454,0.0633107579201633,0.03093102221346725,0.02174449772062531,0.04338018712741449,0.04631790208401168,0.007325363278815434,0.011226688500635148,0.010891923693095985,0.004612447769712831,0.0017960840110818298,0.005265252094712523,0.006852959891342291,0.9267935085885113,0.9169576115556834,0.911597883633101,0.8829722595937943,0.8424076541688066,0.8807545970365528,0.8935805857627416,5.601568222045898
