expl_var_class_0,expl_var_class_1,expl_var_class_2,expl_var_class_3,expl_var_class_4,expl_var_class_5,expl_var_mean,mae_class_0,mae_class_1,mae_class_2,mae_class_3,mae_class_4,mae_class_5,mae_mean,mse_class_0,mse_class_1,mse_class_2,mse_class_3,mse_class_4,mse_class_5,mse_mean,r2_class_0,r2_class_1,r2_class_2,r2_class_3,r2_class_4,r2_class_5,r2_mean,time
0.9143620800155849,0.9249373289090489,0.9118578780477552,0.8734877147320981,0.8846991121207407,0.8791007285150005,0.8980741403900381,0.05306066482572077,0.06960466630324015,0.06336721334480075,0.032747891681839315,0.01713548441395951,0.0434517262679611,0.046561274472920265,0.008570526425933766,0.010339057800382209,0.011095411867525237,0.0050690351770632585,0.0013781641288227867,0.005511853030614882,0.00699400807172369,0.9143498901949999,0.9235233030684866,0.9099463126359056,0.8713876530577565,0.8790768601794035,0.8751696739514131,0.895575615514661,6.6051225662231445
