expl_var_class_0,expl_var_class_1,expl_var_class_2,expl_var_class_3,expl_var_class_4,expl_var_class_5,expl_var_mean,mae_class_0,mae_class_1,mae_class_2,mae_class_3,mae_class_4,mae_class_5,mae_mean,mse_class_0,mse_class_1,mse_class_2,mse_class_3,mse_class_4,mse_class_5,mse_mean,r2_class_0,r2_class_1,r2_class_2,r2_class_3,r2_class_4,r2_class_5,r2_mean,time
0.9195002089459245,0.904841314431467,0.8892179249429881,0.8793814846788363,0.8601495490883824,0.8714447046831426,0.8874225311284568,0.0517597658107468,0.0780327633637962,0.07153476334350979,0.034117903039222484,0.020351878107471886,0.045741950500567966,0.05025650402755252,0.008078108576025748,0.013151045015181304,0.013863675254058835,0.004884403108906143,0.0017125971893683875,0.005873319939900142,0.00792719151390676,0.9192708998061416,0.902723390914641,0.887478257503855,0.8760721665355746,0.8497329708013439,0.8669833105104379,0.883710166011999,11.667394876480103
