expl_var_class_0,expl_var_class_1,expl_var_class_2,expl_var_class_3,expl_var_class_4,expl_var_class_5,expl_var_mean,mae_class_0,mae_class_1,mae_class_2,mae_class_3,mae_class_4,mae_class_5,mae_mean,mse_class_0,mse_class_1,mse_class_2,mse_class_3,mse_class_4,mse_class_5,mse_mean,r2_class_0,r2_class_1,r2_class_2,r2_class_3,r2_class_4,r2_class_5,r2_mean,time
0.9111002891489777,0.9197615161611468,0.8982852865267215,0.8652365490835793,0.8575796380991321,0.8654594362944694,0.8862371192190044,0.05388609016634445,0.07312870754610162,0.06878258519255495,0.03517643740613092,0.02037599828349009,0.04678849583095551,0.04968971907092959,0.00891646343382757,0.011078795608659436,0.012775988878210603,0.00543125350833148,0.0017274866643536757,0.006142774612456006,0.007678793784306462,0.9108927463465123,0.9180515564872548,0.8963062460463541,0.8621973933608612,0.8484265356476157,0.8608808047934611,0.8827925471136765,10.384250164031982
