expl_var_class_0,expl_var_class_1,expl_var_class_2,expl_var_class_3,expl_var_class_4,expl_var_class_5,expl_var_mean,mae_class_0,mae_class_1,mae_class_2,mae_class_3,mae_class_4,mae_class_5,mae_mean,mse_class_0,mse_class_1,mse_class_2,mse_class_3,mse_class_4,mse_class_5,mse_mean,r2_class_0,r2_class_1,r2_class_2,r2_class_3,r2_class_4,r2_class_5,r2_mean,time
0.8977046992903259,0.9065852661444392,0.8934248454160489,0.8698378527728425,0.8334460826442548,0.8392936135437471,0.8733820599686098,0.057788228363879646,0.07848960824056705,0.07014874293856041,0.03500736873450009,0.02322180601710732,0.05283450359709741,0.05291504298195199,0.010264576872361982,0.01303195568873419,0.013449271273103707,0.005250968359209298,0.002068002125198388,0.00746561251935238,0.008588397806326656,0.8974202875614046,0.9036042795316036,0.8908416843859698,0.8667716161345271,0.818548963142538,0.8309216810087539,0.8680180852941328,9.229260444641113
