expl_var_class_0,expl_var_class_1,expl_var_class_2,expl_var_class_3,expl_var_class_4,expl_var_class_5,expl_var_mean,mae_class_0,mae_class_1,mae_class_2,mae_class_3,mae_class_4,mae_class_5,mae_mean,mse_class_0,mse_class_1,mse_class_2,mse_class_3,mse_class_4,mse_class_5,mse_mean,r2_class_0,r2_class_1,r2_class_2,r2_class_3,r2_class_4,r2_class_5,r2_mean,time
0.9184373917770026,0.9111071626257553,0.9062395095567761,0.8711308494771062,0.8724367627027529,0.8751118082014065,0.8924105807234666,0.05325146110368367,0.07345967698907997,0.06650018978933948,0.03473284465055328,0.018978941302390966,0.04552529857778711,0.048741402068805735,0.008163347332657606,0.012494403009237499,0.011742598448391638,0.0052365276456013705,0.0015483540103812966,0.005731216114171326,0.007486074426740122,0.9184190607822201,0.9075804884036608,0.9046935524215541,0.8671380081605757,0.8641440271348158,0.8702016232629645,0.8886961266942985,7.586493015289307
