expl_var_class_0,expl_var_class_1,expl_var_class_2,expl_var_class_3,expl_var_class_4,expl_var_class_5,expl_var_mean,mae_class_0,mae_class_1,mae_class_2,mae_class_3,mae_class_4,mae_class_5,mae_mean,mse_class_0,mse_class_1,mse_class_2,mse_class_3,mse_class_4,mse_class_5,mse_mean,r2_class_0,r2_class_1,r2_class_2,r2_class_3,r2_class_4,r2_class_5,r2_mean,time
0.9213458569724841,0.923900958467863,0.9102423439060174,0.8891145195364208,0.8818219232975296,0.8820623603126436,0.9014146604154932,0.05221871243106621,0.06987966013580324,0.06415759306152692,0.032007314608266585,0.01794558886622231,0.04374522238714463,0.04665901524833831,0.007877611073836287,0.010560897692308266,0.011297378569278125,0.004487782588102454,0.0014252791842663916,0.005430744493629371,0.006846615600236815,0.921274584553696,0.9218823815735394,0.9083070903668482,0.8861352839226531,0.8749428819993671,0.8770065888802018,0.8982581352160509,6.138323783874512
