expl_var_class_0,expl_var_class_1,expl_var_class_2,expl_var_class_3,expl_var_class_4,expl_var_class_5,expl_var_mean,mae_class_0,mae_class_1,mae_class_2,mae_class_3,mae_class_4,mae_class_5,mae_mean,mse_class_0,mse_class_1,mse_class_2,mse_class_3,mse_class_4,mse_class_5,mse_mean,r2_class_0,r2_class_1,r2_class_2,r2_class_3,r2_class_4,r2_class_5,r2_mean,time
0.9083339614391523,0.9062426096969397,0.8889541832274576,0.8560292445075299,0.8470369613687241,0.8619243133945643,0.8780868789390613,0.05570271294943126,0.0783678471422041,0.07187960597299632,0.03611776535755111,0.02174094590092164,0.047646980810291756,0.05190930968889936,0.009189471902913998,0.012990289296266989,0.013942245624137444,0.005816800005375802,0.0018892463758132306,0.006292429087190894,0.00835341371528306,0.9081644185644298,0.9039124805428046,0.8868405568373435,0.8524152478226725,0.8342333841955666,0.8574914878483207,0.8738429293018561,13.076510190963745
