expl_var_class_0,expl_var_class_1,expl_var_class_2,expl_var_class_3,expl_var_class_4,expl_var_class_5,expl_var_mean,mae_class_0,mae_class_1,mae_class_2,mae_class_3,mae_class_4,mae_class_5,mae_mean,mse_class_0,mse_class_1,mse_class_2,mse_class_3,mse_class_4,mse_class_5,mse_mean,r2_class_0,r2_class_1,r2_class_2,r2_class_3,r2_class_4,r2_class_5,r2_mean,time
0.9119786301364432,0.9089073719000755,0.8860272295599587,0.870182740963116,0.8473680543534097,0.8579192143208001,0.8803972068723005,0.05435142754999211,0.07729119046739552,0.07202788553655527,0.03392045472172347,0.021414552848371342,0.04912399383249465,0.05135491749275539,0.008818892875938178,0.01259715258921825,0.01434104830986808,0.005229086759684157,0.0018635122946414496,0.006518878085649661,0.008228095152499962,0.9118678240233833,0.906820462815281,0.8836037547420683,0.8673267994724753,0.8364913488534829,0.8523629580863742,0.8764121913321774,16.822835683822632
