expl_var_class_0,expl_var_class_1,expl_var_class_2,expl_var_class_3,expl_var_class_4,expl_var_class_5,expl_var_mean,mae_class_0,mae_class_1,mae_class_2,mae_class_3,mae_class_4,mae_class_5,mae_mean,mse_class_0,mse_class_1,mse_class_2,mse_class_3,mse_class_4,mse_class_5,mse_mean,r2_class_0,r2_class_1,r2_class_2,r2_class_3,r2_class_4,r2_class_5,r2_mean,time
0.9114423240322503,0.9034690749157788,0.8969056632804124,0.8679249803991528,0.8465580680624079,0.8518648647685748,0.8796941625764295,0.056281717045273835,0.07911322797014611,0.06996605282761349,0.034870676920243454,0.02117569181631524,0.04931681913070882,0.05178736428505015,0.008861968999037228,0.013477861801406173,0.012926082927482518,0.005321682789680593,0.0018597588957181095,0.006766992790087987,0.008202391367235435,0.9114373400029102,0.9003059686702924,0.8950880377680382,0.8649774386336981,0.8368206802976246,0.8467437517540475,0.8758955361877686,11.950165510177612
