expl_var_class_0,expl_var_class_1,expl_var_class_2,expl_var_class_3,expl_var_class_4,expl_var_class_5,expl_var_mean,mae_class_0,mae_class_1,mae_class_2,mae_class_3,mae_class_4,mae_class_5,mae_mean,mse_class_0,mse_class_1,mse_class_2,mse_class_3,mse_class_4,mse_class_5,mse_mean,r2_class_0,r2_class_1,r2_class_2,r2_class_3,r2_class_4,r2_class_5,r2_mean,time
0.9263896846986027,0.924065794195461,0.9118963834437073,0.8829688189638156,0.8621886148865182,0.8759891674962278,0.8972497439473889,0.05009681635016943,0.06895338628340668,0.06197367900956561,0.03248400426821427,0.019062053764199425,0.046037157872927,0.0464345162580804,0.007371893942228658,0.010540384022998468,0.011201412146166184,0.00473067372777887,0.0016677581598276091,0.005762423101021466,0.0068790908500035415,0.9263285013961196,0.9220341185790817,0.9090859826123598,0.8799726122437087,0.8536672454825539,0.8694948594356527,0.8934305532915795,5.526677846908569
