expl_var_class_0,expl_var_class_1,expl_var_class_2,expl_var_class_3,expl_var_class_4,expl_var_class_5,expl_var_mean,mae_class_0,mae_class_1,mae_class_2,mae_class_3,mae_class_4,mae_class_5,mae_mean,mse_class_0,mse_class_1,mse_class_2,mse_class_3,mse_class_4,mse_class_5,mse_mean,r2_class_0,r2_class_1,r2_class_2,r2_class_3,r2_class_4,r2_class_5,r2_mean,time
0.9182026757161175,0.9048489774308228,0.889081204254191,0.8761551799663695,0.855105791549015,0.8594117861303238,0.8838009358411401,0.05144169290131313,0.0787719402114913,0.07313609470594265,0.03461258878415916,0.02035928698277865,0.048379072211268005,0.051116779299492154,0.008224513619649938,0.013219342474398122,0.013817441264615872,0.005013133520778254,0.0017669394300714684,0.006438800535247599,0.008080028474126874,0.9178077915395976,0.9022182032862748,0.887853506415802,0.8728059985538196,0.8449648635539755,0.8541765236278245,0.8799711478295489,13.35527491569519
