expl_var_class_0,expl_var_class_1,expl_var_class_2,expl_var_class_3,expl_var_class_4,expl_var_class_5,expl_var_mean,mae_class_0,mae_class_1,mae_class_2,mae_class_3,mae_class_4,mae_class_5,mae_mean,mse_class_0,mse_class_1,mse_class_2,mse_class_3,mse_class_4,mse_class_5,mse_mean,r2_class_0,r2_class_1,r2_class_2,r2_class_3,r2_class_4,r2_class_5,r2_mean,time
0.9232653831951896,0.9216654958808767,0.8993176870118369,0.8815278647854479,0.8701090103330664,0.8688480692173056,0.8941222517372872,0.049816438703192495,0.07190832596688974,0.06881004565367836,0.033291926046587435,0.018152515474692935,0.04499619364630441,0.047829240915224225,0.007702702820145904,0.010757398968843373,0.01260191516846526,0.0048014337516451904,0.001550806445845294,0.005935207834578212,0.0072249108315872055,0.9230225414923796,0.9204288865972684,0.8977190804343769,0.8781772779401876,0.8639288450746301,0.8655816972910335,0.8914763881383126,7.266139268875122
