expl_var_class_0,expl_var_class_1,expl_var_class_2,expl_var_class_3,expl_var_class_4,expl_var_class_5,expl_var_mean,mae_class_0,mae_class_1,mae_class_2,mae_class_3,mae_class_4,mae_class_5,mae_mean,mse_class_0,mse_class_1,mse_class_2,mse_class_3,mse_class_4,mse_class_5,mse_mean,r2_class_0,r2_class_1,r2_class_2,r2_class_3,r2_class_4,r2_class_5,r2_mean,time
0.9142712223045927,0.9090293269600468,0.8939330708993517,0.8764742143787014,0.8414298176637274,0.8580691688264547,0.8822011368388124,0.05276354152392746,0.07628849776077236,0.0712367451070106,0.03353537835212364,0.020855538009460772,0.04858978100810686,0.05054491362690028,0.008591906308003244,0.012647157462676315,0.013272141190157285,0.004961027177295287,0.0019193929644595524,0.006536349840998895,0.007987995823931763,0.9141362289616213,0.9064505831196272,0.8922793252147091,0.8741280487846499,0.8315882564653106,0.851967264495712,0.878424951173605,11.915293216705322
