expl_var_class_0,expl_var_class_1,expl_var_class_2,expl_var_class_3,expl_var_class_4,expl_var_class_5,expl_var_mean,mae_class_0,mae_class_1,mae_class_2,mae_class_3,mae_class_4,mae_class_5,mae_mean,mse_class_0,mse_class_1,mse_class_2,mse_class_3,mse_class_4,mse_class_5,mse_mean,r2_class_0,r2_class_1,r2_class_2,r2_class_3,r2_class_4,r2_class_5,r2_mean,time
0.9202315349481067,0.928965097804952,0.9031672960802518,0.86863179570165,0.8593597573256028,0.8882899846838298,0.8947742444240655,0.04929030758774197,0.06610601559289593,0.06451146097950088,0.033006534294785284,0.020188485068424314,0.04155068732279148,0.04577558180768998,0.00798724555635344,0.009874306088885742,0.012195676296709968,0.005295861365617796,0.0017368265744294596,0.005090985940531192,0.0070301503037546,0.9201789452662895,0.926961012429895,0.9010162368436192,0.8656325838110553,0.8476070314765337,0.884701309825312,0.891016186608784,7.156839847564697
