expl_var_class_0,expl_var_class_1,expl_var_class_2,expl_var_class_3,expl_var_class_4,expl_var_class_5,expl_var_mean,mae_class_0,mae_class_1,mae_class_2,mae_class_3,mae_class_4,mae_class_5,mae_mean,mse_class_0,mse_class_1,mse_class_2,mse_class_3,mse_class_4,mse_class_5,mse_mean,r2_class_0,r2_class_1,r2_class_2,r2_class_3,r2_class_4,r2_class_5,r2_mean,time
0.9218561152260991,0.9227662777841914,0.8977234227227342,0.8755432551182573,0.8745421547312624,0.8677864062892948,0.8933696053119732,0.0516307857635365,0.07137395281186627,0.06829584747409924,0.033405248260425076,0.017984215502284774,0.04517126256410657,0.04797688539605307,0.007827543374194699,0.010584135897515862,0.012875645143502918,0.0050209879677695305,0.001494759529187894,0.005995188121927154,0.00729971000568301,0.9217749393462569,0.921710491522124,0.8954974059360763,0.8726067143061875,0.8688465243246808,0.8642232868282239,0.8907765603772583,8.117989301681519
