expl_var_class_0,expl_var_class_1,expl_var_class_2,expl_var_class_3,expl_var_class_4,expl_var_class_5,expl_var_mean,mae_class_0,mae_class_1,mae_class_2,mae_class_3,mae_class_4,mae_class_5,mae_mean,mse_class_0,mse_class_1,mse_class_2,mse_class_3,mse_class_4,mse_class_5,mse_mean,r2_class_0,r2_class_1,r2_class_2,r2_class_3,r2_class_4,r2_class_5,r2_mean,time
0.9035203131268319,0.9119355348019873,0.8923004657413444,0.8559887655053546,0.8543437309520314,0.8622762049578069,0.8800608358475595,0.05765995839542945,0.07580083578545282,0.07055934093996556,0.03712705305395137,0.020930043305951242,0.04644681398197343,0.0514206742437873,0.00965897127375149,0.01216073147125914,0.013555899736103556,0.005839539213946587,0.001778731578873655,0.00621108517349668,0.008200826407905185,0.9034724462552459,0.9100486143758069,0.8899762558299369,0.8518383050949654,0.8439301945848954,0.8593337334982168,0.8764332582731779,16.078189849853516
