expl_var_class_0,expl_var_class_1,expl_var_class_2,expl_var_class_3,expl_var_class_4,expl_var_class_5,expl_var_mean,mae_class_0,mae_class_1,mae_class_2,mae_class_3,mae_class_4,mae_class_5,mae_mean,mse_class_0,mse_class_1,mse_class_2,mse_class_3,mse_class_4,mse_class_5,mse_mean,r2_class_0,r2_class_1,r2_class_2,r2_class_3,r2_class_4,r2_class_5,r2_mean,time
0.9084594868894573,0.9056950450380067,0.8828293430134372,0.8620203505593813,0.8297549323020419,0.8528380922385366,0.8735995416734769,0.05511743276615731,0.0791485491243131,0.07394245457405672,0.03402035604572813,0.02245685005513183,0.05025154043638516,0.05248953050029537,0.00916965339311735,0.012999032317057532,0.014767672256194582,0.0055078883718656865,0.0020851807606554295,0.006777941714347915,0.008551228135539749,0.9083624761230784,0.9038478095288521,0.8801411469593892,0.8602530017138411,0.8170416720341318,0.8464957847314044,0.8693569818484495,17.53703284263611
