expl_var_class_0,expl_var_class_1,expl_var_class_2,expl_var_class_3,expl_var_class_4,expl_var_class_5,expl_var_mean,mae_class_0,mae_class_1,mae_class_2,mae_class_3,mae_class_4,mae_class_5,mae_mean,mse_class_0,mse_class_1,mse_class_2,mse_class_3,mse_class_4,mse_class_5,mse_mean,r2_class_0,r2_class_1,r2_class_2,r2_class_3,r2_class_4,r2_class_5,r2_mean,time
0.9163541057713327,0.9104599270042535,0.8889710466142583,0.8653254820901574,0.8574226331165278,0.8573612818126538,0.8826490794015306,0.05350919723163921,0.07673162657079237,0.07223637769379071,0.03586876268066358,0.01960520233717175,0.04817307439432836,0.05102070681806433,0.008383230037621417,0.012382397375094082,0.01393550940340656,0.005465002827987302,0.001708619246203212,0.006511527396080593,0.008064381047732194,0.9162216487577517,0.9084089798486638,0.8868952300232475,0.8613411003865532,0.8500820042491755,0.8525294336746186,0.8792463994900017,13.217160940170288
