expl_var_class_0,expl_var_class_1,expl_var_class_2,expl_var_class_3,expl_var_class_4,expl_var_class_5,expl_var_mean,mae_class_0,mae_class_1,mae_class_2,mae_class_3,mae_class_4,mae_class_5,mae_mean,mse_class_0,mse_class_1,mse_class_2,mse_class_3,mse_class_4,mse_class_5,mse_mean,r2_class_0,r2_class_1,r2_class_2,r2_class_3,r2_class_4,r2_class_5,r2_mean,time
0.9109899818568109,0.9103318412125281,0.8876987707771178,0.8608566101234038,0.8567379976790408,0.8648032844944158,0.8819030810238863,0.053965357822924616,0.07573388838737646,0.07249936721108637,0.03505033482195357,0.020600071083467803,0.04783749483084992,0.05094775235960979,0.008928877484378145,0.012486123028082267,0.014041602268260208,0.005620177886299621,0.0017517575036522359,0.006210556280616459,0.008173182408548156,0.9107686857299363,0.9076417343722618,0.8860341485422567,0.8574039747325921,0.8462969590371942,0.859345711660609,0.8779152023458083,11.244357824325562
