expl_var_class_0,expl_var_class_1,expl_var_class_2,expl_var_class_3,expl_var_class_4,expl_var_class_5,expl_var_mean,mae_class_0,mae_class_1,mae_class_2,mae_class_3,mae_class_4,mae_class_5,mae_mean,mse_class_0,mse_class_1,mse_class_2,mse_class_3,mse_class_4,mse_class_5,mse_mean,r2_class_0,r2_class_1,r2_class_2,r2_class_3,r2_class_4,r2_class_5,r2_mean,time
0.9181117838164936,0.9185094306607186,0.9009449317591914,0.8835885767374421,0.8616604406505668,0.8717635233718366,0.8924297811660414,0.052632423927499394,0.07277250950733234,0.06834799659247809,0.0327365350068865,0.01980220342059238,0.04498590443612872,0.04854626214848624,0.008211295325546744,0.011205219937771663,0.012398973706602494,0.004682706569534217,0.0016798207070908707,0.0058047372208792835,0.007330458911237545,0.9179398894160999,0.9171164117875193,0.8993662141485648,0.8811896424245032,0.8526088511601346,0.8685365455348699,0.8894595924119487,9.897944450378418
