expl_var_class_0,expl_var_class_1,expl_var_class_2,expl_var_class_3,expl_var_class_4,expl_var_class_5,expl_var_mean,mae_class_0,mae_class_1,mae_class_2,mae_class_3,mae_class_4,mae_class_5,mae_mean,mse_class_0,mse_class_1,mse_class_2,mse_class_3,mse_class_4,mse_class_5,mse_mean,r2_class_0,r2_class_1,r2_class_2,r2_class_3,r2_class_4,r2_class_5,r2_mean,time
0.91881348772921,0.9132648864375397,0.8924557709508995,0.8678752767894884,0.8653727460952313,0.8599097417265522,0.8862819849548202,0.05206795458777435,0.07610849623708953,0.07104097138549376,0.03469942798338001,0.018669978089799824,0.04764843010368236,0.0500392097312033,0.008136761971727332,0.011908157677107945,0.013508863991181591,0.005328322208414275,0.001602575514311658,0.006379210350736239,0.007810648618913174,0.9186847433050571,0.9119168706406504,0.8903580120295906,0.8648089822715219,0.8593865135963848,0.8555260991917104,0.8834468701724858,12.318021059036255
