expl_var_class_0,expl_var_class_1,expl_var_class_2,expl_var_class_3,expl_var_class_4,expl_var_class_5,expl_var_mean,mae_class_0,mae_class_1,mae_class_2,mae_class_3,mae_class_4,mae_class_5,mae_mean,mse_class_0,mse_class_1,mse_class_2,mse_class_3,mse_class_4,mse_class_5,mse_mean,r2_class_0,r2_class_1,r2_class_2,r2_class_3,r2_class_4,r2_class_5,r2_mean,time
0.9060412189055382,0.9047022896577168,0.8932488184223842,0.8604009158509868,0.8556551740523366,0.8662868053145505,0.8810558703672523,0.0575865210647566,0.07724867124521091,0.07137577252623245,0.03692517045080963,0.020069778854814663,0.0462564448103236,0.05157705982535798,0.009403107350643522,0.013285244492935899,0.01337119333760714,0.005693172701278042,0.001744724848357266,0.0060506103524848205,0.008258008847217781,0.9060294389089321,0.9017307344282612,0.8914753883058595,0.8555519389622607,0.8469140196192818,0.8629681054813291,0.877444937617654,13.928369522094727
