expl_var_class_0,expl_var_class_1,expl_var_class_2,expl_var_class_3,expl_var_class_4,expl_var_class_5,expl_var_mean,mae_class_0,mae_class_1,mae_class_2,mae_class_3,mae_class_4,mae_class_5,mae_mean,mse_class_0,mse_class_1,mse_class_2,mse_class_3,mse_class_4,mse_class_5,mse_mean,r2_class_0,r2_class_1,r2_class_2,r2_class_3,r2_class_4,r2_class_5,r2_mean,time
0.9201899391975533,0.9221377618954464,0.8989659764781175,0.8782554847429878,0.8766728398933546,0.8657202308469097,0.8936570388423949,0.05183715780206748,0.07156019644053144,0.06877638548546085,0.03344815937865092,0.01771892043682999,0.04495526001735099,0.048049346593481944,0.007990291541570533,0.010715275696217363,0.012664066939754448,0.0049155059257736805,0.0014700298013922428,0.006064044330120372,0.00730320237247144,0.9201485050161411,0.9207404670929558,0.897214638035336,0.8752830210405997,0.8710163648171287,0.8626638579262762,0.8911778089880729,10.054177284240723
