expl_var_class_0,expl_var_class_1,expl_var_class_2,expl_var_class_3,expl_var_class_4,expl_var_class_5,expl_var_mean,mae_class_0,mae_class_1,mae_class_2,mae_class_3,mae_class_4,mae_class_5,mae_mean,mse_class_0,mse_class_1,mse_class_2,mse_class_3,mse_class_4,mse_class_5,mse_mean,r2_class_0,r2_class_1,r2_class_2,r2_class_3,r2_class_4,r2_class_5,r2_mean,time
0.9098951081030414,0.9063242899639463,0.8854577455418675,0.8707223606638277,0.8372257895410677,0.8545999406196604,0.8773708724055685,0.05482311442453698,0.07812678814558485,0.07346686004936383,0.03399791930546508,0.022106239896159164,0.04942283991914693,0.051990626956709474,0.009021147377199992,0.012986484160261706,0.0143773168807707,0.005183165792484166,0.0019916025717166643,0.0066562454916251354,0.008369327045676394,0.9098465805920334,0.9039406266503782,0.883309388153049,0.8684919133766306,0.8252524273342763,0.8492519139454795,0.8733488083419744,17.079771518707275
