expl_var_class_0,expl_var_class_1,expl_var_class_2,expl_var_class_3,expl_var_class_4,expl_var_class_5,expl_var_mean,mae_class_0,mae_class_1,mae_class_2,mae_class_3,mae_class_4,mae_class_5,mae_mean,mse_class_0,mse_class_1,mse_class_2,mse_class_3,mse_class_4,mse_class_5,mse_mean,r2_class_0,r2_class_1,r2_class_2,r2_class_3,r2_class_4,r2_class_5,r2_mean,time
0.9083783221389988,0.9053120644536092,0.8902093399295016,0.8590786671490801,0.8340151662982995,0.8489329573109481,0.8743210862134063,0.05662945939328094,0.07787961995503746,0.0710399923211466,0.03569354349518892,0.0218282894375962,0.051164338689122034,0.052372540548562024,0.009173564051832209,0.013162278629560747,0.013873375228063445,0.005679931597363702,0.0020284756308073504,0.006960966823810089,0.008479765326906257,0.9083233947024408,0.9026402972963512,0.8873995296083176,0.8558878943050516,0.8220171043514869,0.8423507024945703,0.8697698204597032,11.94805383682251
