expl_var_class_0,expl_var_class_1,expl_var_class_2,expl_var_class_3,expl_var_class_4,expl_var_class_5,expl_var_mean,mae_class_0,mae_class_1,mae_class_2,mae_class_3,mae_class_4,mae_class_5,mae_mean,mse_class_0,mse_class_1,mse_class_2,mse_class_3,mse_class_4,mse_class_5,mse_mean,r2_class_0,r2_class_1,r2_class_2,r2_class_3,r2_class_4,r2_class_5,r2_mean,time
0.909556706975196,0.9075245877703086,0.8897822914533968,0.8451824106915117,0.8523729876421098,0.8529485721566263,0.8762279261148582,0.05493499961114714,0.07662138018647281,0.0713050357229227,0.038340781661452536,0.021170931094909688,0.05015406511745054,0.0520878655657259,0.009067313099985359,0.012905602261640416,0.013881206845290053,0.006287429018215506,0.0018037641754553102,0.0067806889422160925,0.008454334057133788,0.9093852204573946,0.904538899778117,0.887335965856228,0.8404743754936915,0.841733779721666,0.8464335665719924,0.8716503013131817,21.37876796722412
