expl_var_class_0,expl_var_class_1,expl_var_class_2,expl_var_class_3,expl_var_class_4,expl_var_class_5,expl_var_mean,mae_class_0,mae_class_1,mae_class_2,mae_class_3,mae_class_4,mae_class_5,mae_mean,mse_class_0,mse_class_1,mse_class_2,mse_class_3,mse_class_4,mse_class_5,mse_mean,r2_class_0,r2_class_1,r2_class_2,r2_class_3,r2_class_4,r2_class_5,r2_mean,time
0.9055749217733795,0.9041491417868497,0.8920614261165984,0.8625472847244469,0.8435912777049936,0.8541097433787241,0.8770056325808321,0.0565624028485614,0.07864578385204629,0.0716518930886592,0.03705566946023287,0.021849646198478446,0.049342239472286525,0.052517939153377456,0.009468854755599899,0.0134157405584729,0.013511142874163672,0.005591608953092805,0.0019189290383870969,0.006684568425638977,0.008431807434225893,0.905372387967829,0.9007654716115219,0.8903395159324599,0.8581288301382106,0.8316289623552353,0.8486104670367969,0.8724742725070089,18.697203159332275
