expl_var_class_0,expl_var_class_1,expl_var_class_2,expl_var_class_3,expl_var_class_4,expl_var_class_5,expl_var_mean,mae_class_0,mae_class_1,mae_class_2,mae_class_3,mae_class_4,mae_class_5,mae_mean,mse_class_0,mse_class_1,mse_class_2,mse_class_3,mse_class_4,mse_class_5,mse_mean,r2_class_0,r2_class_1,r2_class_2,r2_class_3,r2_class_4,r2_class_5,r2_mean,time
0.9164755063812642,0.913830373872118,0.9137806254830485,0.8856197643503205,0.8630666848366925,0.8780438046953164,0.8951361266031267,0.053894684375386914,0.07453903489455796,0.06284034249874797,0.03203437434536565,0.020104200622213256,0.04468458626827858,0.04801620383409172,0.0083613714011991,0.011902462247945347,0.010927113223973528,0.0046063855503853494,0.0016749436680973933,0.005598745059793228,0.007178503525232326,0.9164400944537003,0.9119589990065394,0.9113122748562507,0.8831260711630874,0.8530367732455996,0.8732017767173779,0.8915126649070926,7.275176763534546
