expl_var_class_0,expl_var_class_1,expl_var_class_2,expl_var_class_3,expl_var_class_4,expl_var_class_5,expl_var_mean,mae_class_0,mae_class_1,mae_class_2,mae_class_3,mae_class_4,mae_class_5,mae_mean,mse_class_0,mse_class_1,mse_class_2,mse_class_3,mse_class_4,mse_class_5,mse_mean,r2_class_0,r2_class_1,r2_class_2,r2_class_3,r2_class_4,r2_class_5,r2_mean,time
0.9196421391858166,0.9146022286673141,0.9103745129922564,0.8828201161321115,0.8746030366658144,0.8822165509901109,0.8973764307722374,0.05292246260210892,0.07407595680504434,0.06512267724932613,0.033007428458397464,0.01906104777316513,0.04341684926087444,0.04793440369148607,0.008046814566447671,0.0118533669387782,0.011242869784373666,0.004744258651775739,0.0015208601885999121,0.005378472444803618,0.007131107095796468,0.9195836385135903,0.9123221507706969,0.9087494999982337,0.8796279334444423,0.8665563952888996,0.8781904261236666,0.894171674023255,7.277743101119995
