expl_var_class_0,expl_var_class_1,expl_var_class_2,expl_var_class_3,expl_var_class_4,expl_var_class_5,expl_var_mean,mae_class_0,mae_class_1,mae_class_2,mae_class_3,mae_class_4,mae_class_5,mae_mean,mse_class_0,mse_class_1,mse_class_2,mse_class_3,mse_class_4,mse_class_5,mse_mean,r2_class_0,r2_class_1,r2_class_2,r2_class_3,r2_class_4,r2_class_5,r2_mean,time
0.9097628009254749,0.9031620095469827,0.8829594303742418,0.8667712383094284,0.8283505946047189,0.8501816122874033,0.8735312810080416,0.0550192862640801,0.0799697542536422,0.07378437187926823,0.034093300628539616,0.022244105888360552,0.051124993886695086,0.052705968800097626,0.009033667324472146,0.013400370130399183,0.014764374069498817,0.005329690756014702,0.002095070957725195,0.006921269344489284,0.008590740430433222,0.9097214616897256,0.9008791647151099,0.8801679160308861,0.8647742592694821,0.8161738844766788,0.8432497557275573,0.8691610736515732,10.533669471740723
