expl_var_class_0,expl_var_class_1,expl_var_class_2,expl_var_class_3,expl_var_class_4,expl_var_class_5,expl_var_mean,mae_class_0,mae_class_1,mae_class_2,mae_class_3,mae_class_4,mae_class_5,mae_mean,mse_class_0,mse_class_1,mse_class_2,mse_class_3,mse_class_4,mse_class_5,mse_mean,r2_class_0,r2_class_1,r2_class_2,r2_class_3,r2_class_4,r2_class_5,r2_mean,time
0.9169937529441089,0.9052669183008802,0.8910316773051387,0.86405694087332,0.8532714076536091,0.8589222858424352,0.8815904971532488,0.051934764545418934,0.07958806158320843,0.07126586842455969,0.03660750192278371,0.02071655326725225,0.04973994875512453,0.051642116416391264,0.008355148282735697,0.013076639069856896,0.013707441231554773,0.00553139440737621,0.001781298128459284,0.006504720530563788,0.008159440275091108,0.916502285590304,0.9032737622386381,0.8887462996447146,0.8596566029340504,0.843704999901687,0.8526835929450332,0.877427923875738,14.507340908050537
