expl_var_class_0,expl_var_class_1,expl_var_class_2,expl_var_class_3,expl_var_class_4,expl_var_class_5,expl_var_mean,mae_class_0,mae_class_1,mae_class_2,mae_class_3,mae_class_4,mae_class_5,mae_mean,mse_class_0,mse_class_1,mse_class_2,mse_class_3,mse_class_4,mse_class_5,mse_mean,r2_class_0,r2_class_1,r2_class_2,r2_class_3,r2_class_4,r2_class_5,r2_mean,time
0.916245881788797,0.9167969280844619,0.8918737693420432,0.8716338166969176,0.8384359344622514,0.8629715908715101,0.8829929868743301,0.0522268216953073,0.07446376145865626,0.07013566671815405,0.03365148015254667,0.021755508160515226,0.04852374332302771,0.050126163584701205,0.008392409603699007,0.011483223537711997,0.01367128653629658,0.005147082344461807,0.0019729342209609912,0.006325283278961877,0.007832036587015376,0.9161299121708218,0.9150600544802103,0.8890397419848818,0.86940742821798,0.8268904293265182,0.856747418757934,0.8788791641563911,10.89900517463684
