expl_var_class_0,expl_var_class_1,expl_var_class_2,expl_var_class_3,expl_var_class_4,expl_var_class_5,expl_var_mean,mae_class_0,mae_class_1,mae_class_2,mae_class_3,mae_class_4,mae_class_5,mae_mean,mse_class_0,mse_class_1,mse_class_2,mse_class_3,mse_class_4,mse_class_5,mse_mean,r2_class_0,r2_class_1,r2_class_2,r2_class_3,r2_class_4,r2_class_5,r2_mean,time
0.9175099586456086,0.9116708934006355,0.8992979915081276,0.8757245541003862,0.851404328132005,0.8678700745013074,0.8872463000480116,0.05152461515840573,0.07401522569031484,0.06942108459478566,0.032452542517604786,0.020299067667319908,0.04700075487489797,0.049118881750554816,0.008266012751871247,0.012318435659613347,0.012583363892849971,0.004977073527676811,0.001810090313180713,0.006103817983386334,0.007676465688096403,0.917393067279392,0.9088820965314874,0.897869648146005,0.8737209182932767,0.8411787105389071,0.861763079535097,0.8834679200540275,7.045449256896973
