expl_var_class_0,expl_var_class_1,expl_var_class_2,expl_var_class_3,expl_var_class_4,expl_var_class_5,expl_var_mean,mae_class_0,mae_class_1,mae_class_2,mae_class_3,mae_class_4,mae_class_5,mae_mean,mse_class_0,mse_class_1,mse_class_2,mse_class_3,mse_class_4,mse_class_5,mse_mean,r2_class_0,r2_class_1,r2_class_2,r2_class_3,r2_class_4,r2_class_5,r2_mean,time
0.9170432198730101,0.9033243322908784,0.8875813162193696,0.8791778487823796,0.857198891734845,0.8593435559019216,0.8839448608004008,0.0521160095996586,0.07978163476190206,0.07328393638162004,0.034700883949393295,0.02013826005706484,0.048628343593376054,0.05144151139050248,0.00834192597312301,0.01337059399583295,0.014034080650142609,0.004892742568063168,0.0017331240033749526,0.006452744888582054,0.008137535346519792,0.91663442359606,0.9010994149993214,0.886095196248689,0.8758605764840265,0.8479319031721149,0.8538607172803749,0.8802470386300977,10.734068632125854
