expl_var_class_0,expl_var_class_1,expl_var_class_2,expl_var_class_3,expl_var_class_4,expl_var_class_5,expl_var_mean,mae_class_0,mae_class_1,mae_class_2,mae_class_3,mae_class_4,mae_class_5,mae_mean,mse_class_0,mse_class_1,mse_class_2,mse_class_3,mse_class_4,mse_class_5,mse_mean,r2_class_0,r2_class_1,r2_class_2,r2_class_3,r2_class_4,r2_class_5,r2_mean,time
0.9178484623674084,0.9051057343088597,0.8878140882081342,0.8802419964328505,0.8563285564004114,0.8564424718443233,0.8839635515936646,0.052063551733142456,0.07884632900268353,0.07223357574186354,0.03417472831654692,0.020140905872391757,0.04817518053948716,0.050939045201019224,0.008241703196290855,0.013147429699487108,0.01403413365781658,0.004846746629629831,0.0017451084901350918,0.006575235322110268,0.008098392832578289,0.9176360063943653,0.902750132945491,0.8860947660225238,0.8770275925699456,0.8468803580492476,0.8510866010856524,0.8802459095112042,12.229593753814697
