expl_var_class_0,expl_var_class_1,expl_var_class_2,expl_var_class_3,expl_var_class_4,expl_var_class_5,expl_var_mean,mae_class_0,mae_class_1,mae_class_2,mae_class_3,mae_class_4,mae_class_5,mae_mean,mse_class_0,mse_class_1,mse_class_2,mse_class_3,mse_class_4,mse_class_5,mse_mean,r2_class_0,r2_class_1,r2_class_2,r2_class_3,r2_class_4,r2_class_5,r2_mean,time
0.9168204137292868,0.9082792089160818,0.8855581271543003,0.8653654209843378,0.8519496309915466,0.8569723428284504,0.880824190767334,0.05294454230636273,0.0780237388494472,0.07375974237487062,0.03539589093183411,0.020255720678547803,0.04835770508677695,0.05145622337130657,0.008341812204018436,0.012670137293995158,0.014334259655496524,0.005455138660363467,0.0017825666955944633,0.006513621676676038,0.00818292269769068,0.9166355605549602,0.9062806042270397,0.8836588534951113,0.8615913755778704,0.8435936930421839,0.8524820032137347,0.8773736816851501,17.69423818588257
