expl_var_class_0,expl_var_class_1,expl_var_class_2,expl_var_class_3,expl_var_class_4,expl_var_class_5,expl_var_mean,mae_class_0,mae_class_1,mae_class_2,mae_class_3,mae_class_4,mae_class_5,mae_mean,mse_class_0,mse_class_1,mse_class_2,mse_class_3,mse_class_4,mse_class_5,mse_mean,r2_class_0,r2_class_1,r2_class_2,r2_class_3,r2_class_4,r2_class_5,r2_mean,time
0.9272501034437267,0.9250071520708683,0.9118959234345676,0.9034964288225316,0.9034096662114885,0.9001290334742509,0.9118647179095722,0.04941075394602582,0.06628313122884179,0.061617597159277226,0.02918871271703663,0.015526735875754026,0.03868958386637211,0.04345275246555127,0.007281058665047954,0.010394682728744864,0.010972156326852788,0.003907059735169823,0.0011559301248089797,0.004517955937842302,0.006371473919744452,0.9272362696098845,0.9231118525407537,0.9109466915364939,0.9008694742428575,0.898576158541789,0.8976790727797965,0.9097365865419292,4.535542726516724
