expl_var_class_0,expl_var_class_1,expl_var_class_2,expl_var_class_3,expl_var_class_4,expl_var_class_5,expl_var_mean,mae_class_0,mae_class_1,mae_class_2,mae_class_3,mae_class_4,mae_class_5,mae_mean,mse_class_0,mse_class_1,mse_class_2,mse_class_3,mse_class_4,mse_class_5,mse_mean,r2_class_0,r2_class_1,r2_class_2,r2_class_3,r2_class_4,r2_class_5,r2_mean,time
0.9205225552140462,0.9217336891914167,0.9082392122812641,0.8761318872282134,0.883071587868449,0.8853214025817027,0.8991700557275153,0.049511565020285024,0.0672037131963453,0.06107590959778391,0.032806484440778896,0.017350358962604666,0.04319610918081672,0.04519069006643576,0.00795936796280752,0.010918345407463717,0.011543249669682868,0.0050241269959110345,0.0014154650429401327,0.005297946374990162,0.007026416908965907,0.9204575417992962,0.919238386239671,0.9063115268427469,0.8725270703971802,0.8758039962592689,0.880014149560121,0.8957254451830474,4.897619724273682
