expl_var_class_0,expl_var_class_1,expl_var_class_2,expl_var_class_3,expl_var_class_4,expl_var_class_5,expl_var_mean,mae_class_0,mae_class_1,mae_class_2,mae_class_3,mae_class_4,mae_class_5,mae_mean,mse_class_0,mse_class_1,mse_class_2,mse_class_3,mse_class_4,mse_class_5,mse_mean,r2_class_0,r2_class_1,r2_class_2,r2_class_3,r2_class_4,r2_class_5,r2_mean,time
0.9056946083716554,0.9095692815865914,0.8875629958646606,0.8700875255660064,0.8440501764155384,0.8585618430029693,0.8792544051345703,0.056266826069960606,0.07686861733699615,0.07165290053119612,0.033893842373854344,0.02201992254474399,0.0489134506531517,0.05160259325165049,0.009446544305433275,0.01253037433460259,0.014151524701135714,0.00523111697323597,0.001921533277384003,0.0064807057536452614,0.008293633224239469,0.905595348893635,0.9073144130802334,0.8851419851397025,0.8672752885792634,0.8314004607205148,0.8532274703699342,0.8749924944638806,14.251823902130127
