expl_var_class_0,expl_var_class_1,expl_var_class_2,expl_var_class_3,expl_var_class_4,expl_var_class_5,expl_var_mean,mae_class_0,mae_class_1,mae_class_2,mae_class_3,mae_class_4,mae_class_5,mae_mean,mse_class_0,mse_class_1,mse_class_2,mse_class_3,mse_class_4,mse_class_5,mse_mean,r2_class_0,r2_class_1,r2_class_2,r2_class_3,r2_class_4,r2_class_5,r2_mean,time
0.9106484229501554,0.911303725644811,0.8960343392125381,0.8599769947173632,0.8573150766626738,0.864588455936171,0.8833111691872854,0.056482825437537215,0.07686357849358921,0.06884922214597222,0.0355066890449865,0.02022560213138375,0.04674545353485239,0.050778895131386885,0.008941350110733645,0.012251139211753853,0.01316531096043557,0.005657671417699463,0.0017301191230893868,0.006165990654952638,0.007985263579777425,0.9106440397322678,0.9093798798060261,0.8931463913699144,0.8564526830370234,0.8481955579511912,0.860355016798332,0.8796955947824592,21.693285942077637
