expl_var_class_0,expl_var_class_1,expl_var_class_2,expl_var_class_3,expl_var_class_4,expl_var_class_5,expl_var_mean,mae_class_0,mae_class_1,mae_class_2,mae_class_3,mae_class_4,mae_class_5,mae_mean,mse_class_0,mse_class_1,mse_class_2,mse_class_3,mse_class_4,mse_class_5,mse_mean,r2_class_0,r2_class_1,r2_class_2,r2_class_3,r2_class_4,r2_class_5,r2_mean,time
0.9220566918162588,0.9079085607406158,0.892086753126034,0.8710396779792542,0.8627939675911867,0.8682608665722571,0.8873577529709343,0.05022720917901684,0.07639833458436943,0.07082602555029695,0.03466153475860154,0.020450811013939495,0.04685614857055729,0.04990334394279692,0.007832747615144693,0.012777068172875784,0.01351161636277968,0.005223037674406525,0.0016870838002178837,0.006060294287485557,0.007848641318818354,0.9217229304279401,0.9054896501019479,0.8903356729569755,0.8674802778026178,0.8519715714578411,0.8627487874485621,0.883291481699314,11.305015325546265
