expl_var_class_0,expl_var_class_1,expl_var_class_2,expl_var_class_3,expl_var_class_4,expl_var_class_5,expl_var_mean,mae_class_0,mae_class_1,mae_class_2,mae_class_3,mae_class_4,mae_class_5,mae_mean,mse_class_0,mse_class_1,mse_class_2,mse_class_3,mse_class_4,mse_class_5,mse_mean,r2_class_0,r2_class_1,r2_class_2,r2_class_3,r2_class_4,r2_class_5,r2_mean,time
0.9177571380979413,0.9119208216173085,0.906864537165515,0.8681244736871536,0.8657978216391131,0.8762173835035578,0.8911136959517648,0.053672657484253386,0.07394251631359677,0.06573997883655104,0.03454258500882186,0.020325769547930538,0.04486080068891868,0.048847384646678704,0.00823023997337138,0.012284090366086506,0.011766000776656032,0.005350669174649043,0.0016542316259928818,0.005654129757708232,0.007489893612410679,0.9177505648535518,0.909136144304001,0.9045036121130486,0.8642419915772184,0.8548540931939234,0.8719474453953285,0.8870723085728452,7.852195739746094
