expl_var_class_0,expl_var_class_1,expl_var_class_2,expl_var_class_3,expl_var_class_4,expl_var_class_5,expl_var_mean,mae_class_0,mae_class_1,mae_class_2,mae_class_3,mae_class_4,mae_class_5,mae_mean,mse_class_0,mse_class_1,mse_class_2,mse_class_3,mse_class_4,mse_class_5,mse_mean,r2_class_0,r2_class_1,r2_class_2,r2_class_3,r2_class_4,r2_class_5,r2_mean,time
0.9158030766813262,0.9142869967061469,0.8921322414734881,0.8404004307419811,0.859952403984344,0.8590461305757835,0.8802702133605117,0.05251965327457921,0.0739960302543601,0.07009892029911464,0.037914946074548886,0.020586966221571208,0.04870383317641869,0.05063672488343212,0.00844631957583364,0.011919769983591148,0.013582772854707747,0.006467212153100555,0.0017049736241235554,0.006486142128675631,0.008101198386672047,0.9155911593797512,0.9118309758849833,0.8897581455470404,0.8359128899031347,0.8504018791169446,0.8531043494405853,0.8760998998787398,15.753130674362183
