expl_var_class_0,expl_var_class_1,expl_var_class_2,expl_var_class_3,expl_var_class_4,expl_var_class_5,expl_var_mean,mae_class_0,mae_class_1,mae_class_2,mae_class_3,mae_class_4,mae_class_5,mae_mean,mse_class_0,mse_class_1,mse_class_2,mse_class_3,mse_class_4,mse_class_5,mse_mean,r2_class_0,r2_class_1,r2_class_2,r2_class_3,r2_class_4,r2_class_5,r2_mean,time
0.9161757522850382,0.9096417781901069,0.8968956162338646,0.8638140035230317,0.8483684894835071,0.8652119522513848,0.8833512653278223,0.052837687343736284,0.07587302803894959,0.07026459029375624,0.03585875193963701,0.02088977547388476,0.04759150962451046,0.05055255711907906,0.008406967016557682,0.012643343179826086,0.012884346989940041,0.005508918844247661,0.0018497610753324236,0.006194538830980342,0.007914645989480705,0.9159844317244809,0.9064787968852508,0.8954267791429572,0.8602268564086941,0.837697910960588,0.8597084686952102,0.8792538739695303,15.186152696609497
