expl_var_class_0,expl_var_class_1,expl_var_class_2,expl_var_class_3,expl_var_class_4,expl_var_class_5,expl_var_mean,mae_class_0,mae_class_1,mae_class_2,mae_class_3,mae_class_4,mae_class_5,mae_mean,mse_class_0,mse_class_1,mse_class_2,mse_class_3,mse_class_4,mse_class_5,mse_mean,r2_class_0,r2_class_1,r2_class_2,r2_class_3,r2_class_4,r2_class_5,r2_mean,time
0.9068311149251569,0.9064719404349931,0.8881903599831422,0.8442656222267515,0.8520318754903479,0.8441701035111295,0.8736601694285868,0.05498308505254216,0.0785967635134211,0.07096050610206267,0.03655410243830712,0.0204841803589429,0.0525109094893648,0.05234825782577346,0.009376581003740739,0.012882754696115996,0.014143334392936543,0.00627627556445736,0.0018001096574108142,0.007261487435754237,0.008623423791735947,0.9062945316712709,0.9047079003174281,0.8852084601352043,0.8407573626528334,0.8420544351408785,0.8355446273389119,0.869094552876088,18.42567253112793
