expl_var_class_0,expl_var_class_1,expl_var_class_2,expl_var_class_3,expl_var_class_4,expl_var_class_5,expl_var_mean,mae_class_0,mae_class_1,mae_class_2,mae_class_3,mae_class_4,mae_class_5,mae_mean,mse_class_0,mse_class_1,mse_class_2,mse_class_3,mse_class_4,mse_class_5,mse_mean,r2_class_0,r2_class_1,r2_class_2,r2_class_3,r2_class_4,r2_class_5,r2_mean,time
0.9187749618757094,0.9133670379310478,0.903624087503803,0.8634686341789949,0.8645907742110717,0.8561259450801177,0.8866585734634573,0.052373177025886446,0.07511057911576392,0.06682700550161232,0.03541412134182133,0.019433385158683977,0.048465011707630255,0.04960387997523303,0.00813522558892343,0.012076874947224054,0.012117919773217977,0.005540981198165485,0.0016327515969083088,0.006588034673604504,0.007681964629673961,0.9187000972459141,0.9106688904297935,0.9016473320873714,0.8594133653908131,0.8567387980023143,0.8507967262991947,0.8829942015759001,12.442898273468018
