expl_var_class_0,expl_var_class_1,expl_var_class_2,expl_var_class_3,expl_var_class_4,expl_var_class_5,expl_var_mean,mae_class_0,mae_class_1,mae_class_2,mae_class_3,mae_class_4,mae_class_5,mae_mean,mse_class_0,mse_class_1,mse_class_2,mse_class_3,mse_class_4,mse_class_5,mse_mean,r2_class_0,r2_class_1,r2_class_2,r2_class_3,r2_class_4,r2_class_5,r2_mean,time
0.9116920500927088,0.9083768234155118,0.8878519903436956,0.8684922973602869,0.8500751239289798,0.8612330938359438,0.8812868964961877,0.05455090843772833,0.07725314749612419,0.07233478299858648,0.03430027882448364,0.021394842461830783,0.049006853807430355,0.05147346900436397,0.00886156205747926,0.012732865328958306,0.01405160184349125,0.00530897178600274,0.0018345738612087564,0.006398549526952347,0.008198020734015444,0.911441406799673,0.9058166129222606,0.8859529889933926,0.865299944191047,0.8390304703985776,0.8550881129719837,0.8771049227128224,12.75599479675293
