expl_var_class_0,expl_var_class_1,expl_var_class_2,expl_var_class_3,expl_var_class_4,expl_var_class_5,expl_var_mean,mae_class_0,mae_class_1,mae_class_2,mae_class_3,mae_class_4,mae_class_5,mae_mean,mse_class_0,mse_class_1,mse_class_2,mse_class_3,mse_class_4,mse_class_5,mse_mean,r2_class_0,r2_class_1,r2_class_2,r2_class_3,r2_class_4,r2_class_5,r2_mean,time
0.910928125948953,0.9164831454925407,0.8977372703113303,0.8705168917148828,0.8603362392603451,0.8648984756103334,0.8868166913897308,0.05395076677901907,0.07278648496211232,0.06839766982624097,0.03371354649744127,0.020424475190988414,0.04826932204003572,0.049590377549306286,0.008933265948896036,0.011617518363023032,0.012850231449440938,0.005213421547765426,0.0017060995527932799,0.006262217570111477,0.0077637924053383656,0.9107248293261225,0.9140666927200698,0.8957036710920839,0.8677242596596391,0.8503030876688801,0.8581757066593991,0.882783041187699,10.41956639289856
