expl_var_class_0,expl_var_class_1,expl_var_class_2,expl_var_class_3,expl_var_class_4,expl_var_class_5,expl_var_mean,mae_class_0,mae_class_1,mae_class_2,mae_class_3,mae_class_4,mae_class_5,mae_mean,mse_class_0,mse_class_1,mse_class_2,mse_class_3,mse_class_4,mse_class_5,mse_mean,r2_class_0,r2_class_1,r2_class_2,r2_class_3,r2_class_4,r2_class_5,r2_mean,time
0.9061248412154032,0.906780075006138,0.8848743360709378,0.8694623085243642,0.8091623618063386,0.8555106143195311,0.8719857561571188,0.05663657128061487,0.07830902124902021,0.07293128630508161,0.03324957362499299,0.024349277575688503,0.04961486951627392,0.05251509992527869,0.00940098120835677,0.012891906771564982,0.014534006942679499,0.0052119687513456974,0.0023746020625478987,0.006639446699674463,0.008508818739361552,0.9060506866493008,0.9046402035781391,0.8820376446597322,0.8677611202357929,0.7916472129679996,0.8496323665200995,0.866961539101844,12.762642860412598
