expl_var_class_0,expl_var_class_1,expl_var_class_2,expl_var_class_3,expl_var_class_4,expl_var_class_5,expl_var_mean,mae_class_0,mae_class_1,mae_class_2,mae_class_3,mae_class_4,mae_class_5,mae_mean,mse_class_0,mse_class_1,mse_class_2,mse_class_3,mse_class_4,mse_class_5,mse_mean,r2_class_0,r2_class_1,r2_class_2,r2_class_3,r2_class_4,r2_class_5,r2_mean,time
0.9095399023300026,0.9176883074868835,0.9060968094071971,0.8581049137973044,0.8487570285840693,0.8656208365476855,0.8843012996921904,0.0535041086732345,0.07349630231832333,0.06602596188966728,0.03402494341208551,0.020602653025514353,0.048149972553463455,0.04930065697871474,0.00906357643099952,0.01140479820674092,0.011828464308105196,0.005672355261485403,0.0018321646907028422,0.006215913144588974,0.007669545340437143,0.9094225631004292,0.9156401566891569,0.9039966393751331,0.8560801222743779,0.83924185629656,0.8592243914670965,0.8806009548671256,10.665725231170654
