expl_var_class_0,expl_var_class_1,expl_var_class_2,expl_var_class_3,expl_var_class_4,expl_var_class_5,expl_var_mean,mae_class_0,mae_class_1,mae_class_2,mae_class_3,mae_class_4,mae_class_5,mae_mean,mse_class_0,mse_class_1,mse_class_2,mse_class_3,mse_class_4,mse_class_5,mse_mean,r2_class_0,r2_class_1,r2_class_2,r2_class_3,r2_class_4,r2_class_5,r2_mean,time
0.9099009927039458,0.9149436176920163,0.8912367298942883,0.859625776980104,0.8593402607120234,0.8658343892423859,0.8834802945374607,0.05610646386785986,0.07432569670966278,0.0714098421291153,0.03677142765187629,0.019823746263897758,0.04587310556484194,0.05071838036454232,0.009021038360384072,0.011741422999911494,0.013657738241820509,0.005713340182407261,0.0016979010430555196,0.0060393228135389365,0.007978460606852965,0.9098476700586298,0.9131501858635767,0.8891497040024826,0.8550402465021889,0.8510224428738269,0.8632237413190545,0.8802389984366266,12.751333713531494
