expl_var_class_0,expl_var_class_1,expl_var_class_2,expl_var_class_3,expl_var_class_4,expl_var_class_5,expl_var_mean,mae_class_0,mae_class_1,mae_class_2,mae_class_3,mae_class_4,mae_class_5,mae_mean,mse_class_0,mse_class_1,mse_class_2,mse_class_3,mse_class_4,mse_class_5,mse_mean,r2_class_0,r2_class_1,r2_class_2,r2_class_3,r2_class_4,r2_class_5,r2_mean,time
0.9124441381450005,0.9015174772379394,0.8913539407533474,0.8627740115434802,0.850265367222789,0.8443709253107761,0.8771209767022222,0.05416342974310443,0.07973324528557438,0.0715439513814143,0.036420445010664854,0.021158734286589112,0.05169893449352283,0.05245312336681165,0.008789134049376191,0.013707507821595917,0.013658211953199861,0.005570092177566628,0.0018315145610292155,0.007185822849700976,0.008457047235411465,0.9121652207801321,0.898607306236378,0.8891458592189841,0.8586747571050569,0.8392989000983694,0.8372582497622416,0.8725250488668603,12.408640384674072
