expl_var_class_0,expl_var_class_1,expl_var_class_2,expl_var_class_3,expl_var_class_4,expl_var_class_5,expl_var_mean,mae_class_0,mae_class_1,mae_class_2,mae_class_3,mae_class_4,mae_class_5,mae_mean,mse_class_0,mse_class_1,mse_class_2,mse_class_3,mse_class_4,mse_class_5,mse_mean,r2_class_0,r2_class_1,r2_class_2,r2_class_3,r2_class_4,r2_class_5,r2_mean,time
0.9172757351476253,0.9112480673883329,0.9005271276205727,0.8627633090316895,0.8731810315708,0.8798120959715462,0.8908012277884279,0.05405061079281219,0.07461023483153943,0.06739985681557137,0.03481961053585876,0.01933863450317189,0.044338582060431446,0.049092921589897524,0.00827785301283636,0.012354362419538493,0.012558650961712011,0.0055559558653900205,0.001545757938117923,0.005497334705569905,0.0076316524838607866,0.917274740866126,0.9086163508529572,0.8980702257001435,0.8590334258107641,0.8643718122024451,0.8754984793892536,0.8871441724702818,9.08886456489563
