expl_var_class_0,expl_var_class_1,expl_var_class_2,expl_var_class_3,expl_var_class_4,expl_var_class_5,expl_var_mean,mae_class_0,mae_class_1,mae_class_2,mae_class_3,mae_class_4,mae_class_5,mae_mean,mse_class_0,mse_class_1,mse_class_2,mse_class_3,mse_class_4,mse_class_5,mse_mean,r2_class_0,r2_class_1,r2_class_2,r2_class_3,r2_class_4,r2_class_5,r2_mean,time
0.9159373679541792,0.918305855414545,0.9111266224495937,0.8593491543572697,0.8598431139739513,0.8797193590836463,0.8907135788721975,0.052156489831661074,0.07212504591104997,0.06318122811815241,0.03368815279926297,0.02067805339463966,0.044597951426284005,0.04773782024684168,0.008411719894504796,0.011355654824459995,0.011266255394421993,0.0056349230903673195,0.0017189925644645737,0.005537322979705597,0.00732081145798738,0.9159369335315077,0.9160036640440291,0.9085596953797793,0.8570298571273584,0.8491718265799935,0.8745928403472196,0.8868824695016478,6.043941259384155
