expl_var_class_0,expl_var_class_1,expl_var_class_2,expl_var_class_3,expl_var_class_4,expl_var_class_5,expl_var_mean,mae_class_0,mae_class_1,mae_class_2,mae_class_3,mae_class_4,mae_class_5,mae_mean,mse_class_0,mse_class_1,mse_class_2,mse_class_3,mse_class_4,mse_class_5,mse_mean,r2_class_0,r2_class_1,r2_class_2,r2_class_3,r2_class_4,r2_class_5,r2_mean,time
0.9074421978239448,0.9075698253980533,0.898245076692535,0.8489343279207815,0.8348603622854237,0.8593375360045554,0.8760648876875489,0.05354673467547966,0.07744882866073358,0.06941212841613684,0.03482546942351444,0.022941004741476874,0.04829028833713232,0.051077409042412286,0.00928271420609779,0.012820824105635483,0.012779552355856922,0.006043293998810081,0.0020440196791211298,0.006467011619469164,0.008239569327498428,0.9072325955807217,0.9051659930266875,0.8962773237940104,0.8466686070821006,0.8206532354999367,0.8535376098501889,0.8715892274722744,10.955836772918701
