expl_var_class_0,expl_var_class_1,expl_var_class_2,expl_var_class_3,expl_var_class_4,expl_var_class_5,expl_var_mean,mae_class_0,mae_class_1,mae_class_2,mae_class_3,mae_class_4,mae_class_5,mae_mean,mse_class_0,mse_class_1,mse_class_2,mse_class_3,mse_class_4,mse_class_5,mse_mean,r2_class_0,r2_class_1,r2_class_2,r2_class_3,r2_class_4,r2_class_5,r2_mean,time
0.911827029590059,0.9073454120940612,0.8997637370174874,0.8630115480299053,0.8512315606309393,0.8520993813535844,0.8808797781193394,0.05568056575678729,0.07770074819782197,0.06840819573564709,0.035652689959081274,0.020661237837561568,0.049284598978402774,0.051231339410883654,0.008826199371933002,0.012904555043834455,0.012610216723080664,0.005537996456570278,0.0018000978491808203,0.006766744005960367,0.008074301575093265,0.9117948060833939,0.9045466459151744,0.8976517025296269,0.859489094717631,0.8420554712208467,0.8467493861212184,0.8770478510979819,15.292017221450806
