expl_var_class_0,expl_var_class_1,expl_var_class_2,expl_var_class_3,expl_var_class_4,expl_var_class_5,expl_var_mean,mae_class_0,mae_class_1,mae_class_2,mae_class_3,mae_class_4,mae_class_5,mae_mean,mse_class_0,mse_class_1,mse_class_2,mse_class_3,mse_class_4,mse_class_5,mse_mean,r2_class_0,r2_class_1,r2_class_2,r2_class_3,r2_class_4,r2_class_5,r2_mean,time
0.9086573154578393,0.9071573851808712,0.8917760282132965,0.8553820543176216,0.827398066914073,0.8586850823420165,0.8748426554042864,0.057227743856417754,0.07616873920881514,0.06975480338608801,0.035253534077770904,0.02210195436881547,0.04954406506678252,0.05167513999411497,0.009140318009420084,0.012967745183233244,0.013707641735865663,0.005824672017369286,0.0021148222713269094,0.006522339227327967,0.008379589740757191,0.9086556411761888,0.9040792364825971,0.888744672291648,0.8522155179130793,0.8144408609518679,0.8522845714817597,0.8700700833828567,11.756198406219482
