expl_var_class_0,expl_var_class_1,expl_var_class_2,expl_var_class_3,expl_var_class_4,expl_var_class_5,expl_var_mean,mae_class_0,mae_class_1,mae_class_2,mae_class_3,mae_class_4,mae_class_5,mae_mean,mse_class_0,mse_class_1,mse_class_2,mse_class_3,mse_class_4,mse_class_5,mse_mean,r2_class_0,r2_class_1,r2_class_2,r2_class_3,r2_class_4,r2_class_5,r2_mean,time
0.9061936825849295,0.9134348451302391,0.8924460735817851,0.867374738261497,0.8567486802246124,0.8576057517349761,0.8823006285863398,0.055751576187549785,0.0748566399440265,0.07021590728125829,0.03456213696659662,0.020469918152592435,0.0493160110147753,0.05086203159113315,0.009400617461797954,0.012031369076801555,0.013522676286745566,0.0053512885713145044,0.0017418115082540504,0.006567385641493109,0.008102524757734457,0.9060543217740475,0.9110054915716091,0.8902459073000547,0.8642262761489267,0.8471696424622206,0.8512643776311035,0.878327669481327,15.276228427886963
