expl_var_class_0,expl_var_class_1,expl_var_class_2,expl_var_class_3,expl_var_class_4,expl_var_class_5,expl_var_mean,mae_class_0,mae_class_1,mae_class_2,mae_class_3,mae_class_4,mae_class_5,mae_mean,mse_class_0,mse_class_1,mse_class_2,mse_class_3,mse_class_4,mse_class_5,mse_mean,r2_class_0,r2_class_1,r2_class_2,r2_class_3,r2_class_4,r2_class_5,r2_mean,time
0.9030491996192164,0.9072585110153147,0.8944682651934892,0.8684906099690786,0.8286099892472744,0.8425763436216303,0.874075486444334,0.05648673856505171,0.0771590882554832,0.06947530355619264,0.035326369906545765,0.023472576115187188,0.0519065534846455,0.052304438313851,0.00971965049007874,0.012983288607665022,0.013310594971290607,0.005313769125668553,0.0021311848639187533,0.007281400306287898,0.008456648060818263,0.9028660445847972,0.9039642637469284,0.8919672228046776,0.8651782253447682,0.8130051712321672,0.8350936483110833,0.8686790960040703,18.23780107498169
