expl_var_class_0,expl_var_class_1,expl_var_class_2,expl_var_class_3,expl_var_class_4,expl_var_class_5,expl_var_mean,mae_class_0,mae_class_1,mae_class_2,mae_class_3,mae_class_4,mae_class_5,mae_mean,mse_class_0,mse_class_1,mse_class_2,mse_class_3,mse_class_4,mse_class_5,mse_mean,r2_class_0,r2_class_1,r2_class_2,r2_class_3,r2_class_4,r2_class_5,r2_mean,time
0.9211103104010074,0.9130897342027311,0.8933965202214165,0.8680023530345538,0.8700162913581669,0.8598305644012636,0.8875742956031898,0.05148286337558346,0.0758683840474073,0.0705893169838451,0.03452539890483864,0.018408029667612912,0.04783402126827225,0.049784669041259944,0.007906188944406657,0.01198048388391777,0.013384030587921425,0.0053338509924404035,0.0015505988419933444,0.00640513584866376,0.007760048183223893,0.9209889897569822,0.9113818828782068,0.8913711973357342,0.864668705105454,0.8639470606913999,0.8549389484927914,0.8845494640434283,12.26313042640686
