expl_var_class_0,expl_var_class_1,expl_var_class_2,expl_var_class_3,expl_var_class_4,expl_var_class_5,expl_var_mean,mae_class_0,mae_class_1,mae_class_2,mae_class_3,mae_class_4,mae_class_5,mae_mean,mse_class_0,mse_class_1,mse_class_2,mse_class_3,mse_class_4,mse_class_5,mse_mean,r2_class_0,r2_class_1,r2_class_2,r2_class_3,r2_class_4,r2_class_5,r2_mean,time
0.9094880655090191,0.906590040060549,0.8882984006555663,0.8491484680861863,0.854309183352792,0.8598903750287151,0.877954088782138,0.055705205241619093,0.07775073296808892,0.07230355298694045,0.03709766662593438,0.020890549019289762,0.04754109122779145,0.05188146634494401,0.009063101654026566,0.01299248748546102,0.014002090208631093,0.006107858241351942,0.0017820204990908679,0.006362276095545179,0.008384972364017777,0.9094273078147962,0.9038962208166249,0.8863548402576644,0.8450304731035813,0.8436416175199674,0.855909619685662,0.8740433465330494,17.404366731643677
