expl_var_class_0,expl_var_class_1,expl_var_class_2,expl_var_class_3,expl_var_class_4,expl_var_class_5,expl_var_mean,mae_class_0,mae_class_1,mae_class_2,mae_class_3,mae_class_4,mae_class_5,mae_mean,mse_class_0,mse_class_1,mse_class_2,mse_class_3,mse_class_4,mse_class_5,mse_mean,r2_class_0,r2_class_1,r2_class_2,r2_class_3,r2_class_4,r2_class_5,r2_mean,time
0.9061876500893502,0.9154788423491224,0.9057425154459018,0.8786886511258416,0.8532701229336348,0.8647031049911498,0.8873451478225002,0.05704603273939964,0.07303143124800399,0.06410582364098447,0.03341401888380775,0.020768510007487938,0.04798096474968572,0.049391130211561586,0.00938728728406312,0.011783226321459967,0.012035800469665061,0.004901670728222849,0.0017979386881458784,0.006268120800063313,0.007695674048603364,0.9061875377668545,0.9128409720053589,0.9023138369613685,0.8756340498193056,0.8422449207401477,0.858042012579471,0.8828772216454176,6.8252272605896
