expl_var;mae;mse;r2;time
0.9004755450195984;0.045492213060541575;0.0071849798366257584;0.8995524535647892;48.733728885650635
