expl_var;mae;mse;r2;time
0.9009966250027829;0.0455902247378164;0.007240073179831787;0.9001662002966907;56.08529591560364
