expl_var;mae;mse;r2;time
0.8974189943428496;0.047175217950439524;0.007596717711346612;0.8966628048885451;49.08196234703064
