expl_var;mae;mse;r2;time
0.9009986096374334;0.04652184428931355;0.007557173465884924;0.9002534892077699;50.76657557487488
