expl_var;mae;mse;r2;time
0.8652335750716408;0.05696011422399808;0.011343566424629435;0.8643608415942298;5.7370452880859375
