acc;avg_acc;f1_macro;f1_micro;f1_weighted;precision_macro;precision_micro;precision_weighted;recall_macro;recall_micro;recall_weighted;time
0.8298762333603996;0.7734265553386808;0.7944695528267044;0.8298762333603996;0.8215500901777085;0.8287802549712278;0.8298762333603996;0.8268712968130176;0.7734265553386808;0.8298762333603996;0.8298762333603996;1.454427719116211
