acc;avg_acc;f1_macro;f1_micro;f1_weighted;precision_macro;precision_micro;precision_weighted;recall_macro;recall_micro;recall_weighted;time
0.8351172461307547;0.7743720394938652;0.7972553742823405;0.8351172461307547;0.8260032717298258;0.8353869261128265;0.8351172461307547;0.832466975659223;0.7743720394938652;0.8351172461307547;0.8351172461307547;1.4845855236053467
