acc;avg_acc;f1_macro;f1_micro;f1_weighted;precision_macro;precision_micro;precision_weighted;recall_macro;recall_micro;recall_weighted;time
0.8338623557491204;0.7667798851981197;0.7930004769200096;0.8338623557491203;0.8240396707315648;0.8413459607948616;0.8338623557491204;0.8330739565214039;0.7667798851981197;0.8338623557491204;0.8338623557491204;1.470050573348999
