acc;avg_acc;f1_macro;f1_micro;f1_weighted;precision_macro;precision_micro;precision_weighted;recall_macro;recall_micro;recall_weighted;time
0.8369134617750548;0.7755228186898716;0.8001943224292005;0.8369134617750548;0.8276247926505947;0.8418520282065027;0.8369134617750548;0.8358572284959047;0.7755228186898716;0.8369134617750548;0.8369134617750548;1.308213233947754
