acc;avg_acc;f1_macro;f1_micro;f1_weighted;precision_macro;precision_micro;precision_weighted;recall_macro;recall_micro;recall_weighted;time
0.8215102974828375;0.7526382006429865;0.7770130424008292;0.8215102974828375;0.8100911770097691;0.8210811251333409;0.8215102974828375;0.8191912974936559;0.7526382006429865;0.8215102974828375;0.8215102974828375;2.351118803024292
