acc;avg_acc;f1_macro;f1_micro;f1_weighted;precision_macro;precision_micro;precision_weighted;recall_macro;recall_micro;recall_weighted;time
0.8288181885288256;0.7621183530505662;0.786393615909377;0.8288181885288256;0.8177352001075597;0.8325752061668443;0.8288181885288256;0.8270127128426445;0.7621183530505662;0.8288181885288256;0.8288181885288256;1.328437089920044
