acc;avg_acc;f1_macro;f1_micro;f1_weighted;precision_macro;precision_micro;precision_weighted;recall_macro;recall_micro;recall_weighted;time
0.823921655471076;0.7626727854619791;0.7870929728665794;0.823921655471076;0.812989349970394;0.830638386536602;0.823921655471076;0.8212804674759929;0.7626727854619791;0.823921655471076;0.823921655471076;1.3816025257110596
