acc;avg_acc;f1_macro;f1_micro;f1_weighted;precision_macro;precision_micro;precision_weighted;recall_macro;recall_micro;recall_weighted;time
0.8083708570163136;0.7330433270569217;0.7575406209759318;0.8083708570163136;0.7966023026787595;0.808371041486846;0.8083708570163136;0.804952084514337;0.7330433270569217;0.8083708570163136;0.8083708570163136;1.391709804534912
