acc;avg_acc;f1_macro;f1_micro;f1_weighted;precision_macro;precision_micro;precision_weighted;recall_macro;recall_micro;recall_weighted;time
0.8254226027902857;0.7602806460672702;0.7839850691784827;0.8254226027902857;0.8147682795152144;0.8269434858549246;0.8254226027902857;0.82367951647876;0.7602806460672702;0.8254226027902857;0.8254226027902857;1.4174041748046875
