acc;avg_acc;f1_macro;f1_micro;f1_weighted;precision_macro;precision_micro;precision_weighted;recall_macro;recall_micro;recall_weighted;time
0.8270711842720405;0.7624976274546414;0.7868063142093857;0.8270711842720405;0.8156844949534018;0.8319641093149963;0.8270711842720405;0.8256131967697756;0.7624976274546414;0.8270711842720405;0.8270711842720405;1.4461355209350586
