acc;avg_acc;f1_macro;f1_micro;f1_weighted;precision_macro;precision_micro;precision_weighted;recall_macro;recall_micro;recall_weighted;time
0.8258655052779214;0.745798195816235;0.7695866374704016;0.8258655052779215;0.8156094629007692;0.8164139616135175;0.8258655052779214;0.8228381397132932;0.745798195816235;0.8258655052779214;0.8258655052779214;1.5663881301879883
