acc;avg_acc;f1_macro;f1_micro;f1_weighted;precision_macro;precision_micro;precision_weighted;recall_macro;recall_micro;recall_weighted;time
0.8297039935040968;0.7747831529258128;0.7965345753631818;0.8297039935040968;0.8202457333125569;0.83343000929802;0.8297039935040968;0.8260725043852793;0.7747831529258128;0.8297039935040968;0.8297039935040968;1.4269237518310547
