acc;avg_acc;f1_macro;f1_micro;f1_weighted;precision_macro;precision_micro;precision_weighted;recall_macro;recall_micro;recall_weighted;time
0.8257916881966487;0.76368139848881;0.7881107955133512;0.8257916881966487;0.8152892795746385;0.8319658248048306;0.8257916881966487;0.8228197206496701;0.76368139848881;0.8257916881966487;0.8257916881966487;1.276073932647705
