acc;avg_acc;f1_macro;f1_micro;f1_weighted;precision_macro;precision_micro;precision_weighted;recall_macro;recall_micro;recall_weighted;time
0.8155065082059989;0.731812699128058;0.7550750861811888;0.8155065082059989;0.806051702489806;0.795169776881838;0.8155065082059989;0.810578442437518;0.731812699128058;0.8155065082059989;0.8155065082059989;1.3627495765686035
