acc;avg_acc;f1_macro;f1_micro;f1_weighted;precision_macro;precision_micro;precision_weighted;recall_macro;recall_micro;recall_weighted;time
0.8247336433650747;0.7580675268966623;0.7823454677035483;0.8247336433650747;0.8142236384540135;0.8256649694471874;0.8247336433650747;0.8219836369725791;0.7580675268966623;0.8247336433650747;0.8247336433650747;1.4105675220489502
