acc;avg_acc;f1_macro;f1_micro;f1_weighted;precision_macro;precision_micro;precision_weighted;recall_macro;recall_micro;recall_weighted;time
0.8250289116901651;0.7560301092677857;0.781749736470806;0.8250289116901651;0.8133243105592531;0.8278761539549335;0.8250289116901651;0.8208374990231673;0.7560301092677857;0.8250289116901651;0.8250289116901651;2.401759147644043
