acc;avg_acc;f1_macro;f1_micro;f1_weighted;precision_macro;precision_micro;precision_weighted;recall_macro;recall_micro;recall_weighted;time
0.8316478433109421;0.7700004816146647;0.7913864246457835;0.8316478433109421;0.8231283765228797;0.8281076791526593;0.8316478433109421;0.8295732118646123;0.7700004816146647;0.8316478433109421;0.8316478433109421;1.5251262187957764
