acc;avg_acc;f1_macro;f1_micro;f1_weighted;precision_macro;precision_micro;precision_weighted;recall_macro;recall_micro;recall_weighted;time
0.8208459437513841;0.7537773989720067;0.7779807569439091;0.8208459437513841;0.8094612283939009;0.8217838064902611;0.8208459437513841;0.8157960029820328;0.7537773989720067;0.8208459437513841;0.8208459437513841;1.4580342769622803
