acc;avg_acc;f1_macro;f1_micro;f1_weighted;precision_macro;precision_micro;precision_weighted;recall_macro;recall_micro;recall_weighted;time
0.7194458797765803;0.6186844903742483;0.6426435256237837;0.7194458797765801;0.7005245799377242;0.6869416141441627;0.7194458797765803;0.7013191637795033;0.6186844903742483;0.7194458797765803;0.7194458797765803;1.4442317485809326
