acc;avg_acc;f1_macro;f1_micro;f1_weighted;precision_macro;precision_micro;precision_weighted;recall_macro;recall_micro;recall_weighted;time
0.7163701680568884;0.6227023092212535;0.6424838245831298;0.7163701680568884;0.6984794232763465;0.6811351096607431;0.7163701680568884;0.6994105035068834;0.6227023092212535;0.7163701680568884;0.7163701680568884;1.3916094303131104
