acc;avg_acc;f1_macro;f1_micro;f1_weighted;precision_macro;precision_micro;precision_weighted;recall_macro;recall_micro;recall_weighted;time
0.8313771806796093;0.7659618810018513;0.7904243312348436;0.8313771806796092;0.8212317368312385;0.8367291558710419;0.8313771806796093;0.8319399068874815;0.7659618810018513;0.8313771806796093;0.8313771806796093;1.3907623291015625
