acc;avg_acc;f1_macro;f1_micro;f1_weighted;precision_macro;precision_micro;precision_weighted;recall_macro;recall_micro;recall_weighted;time
0.8363967422061465;0.7714386269787639;0.7975284117710666;0.8363967422061463;0.827734691852754;0.8406099487546929;0.8363967422061465;0.8352061610375799;0.7714386269787639;0.8363967422061465;0.8363967422061465;1.338383436203003
