acc;avg_acc;f1_macro;f1_micro;f1_weighted;precision_macro;precision_micro;precision_weighted;recall_macro;recall_micro;recall_weighted;time
0.8085430968726163;0.7316388525365229;0.7501769035611345;0.8085430968726163;0.8009692201922567;0.7806171229041422;0.8085430968726163;0.8050923560283039;0.7316388525365229;0.8085430968726163;0.8085430968726163;1.264268159866333
