acc;avg_acc;f1_macro;f1_micro;f1_weighted;precision_macro;precision_micro;precision_weighted;recall_macro;recall_micro;recall_weighted;time
0.7172067616446446;0.6279928513515208;0.6463850194948537;0.7172067616446446;0.6985278901613216;0.681855967670921;0.7172067616446446;0.6987536356651941;0.6279928513515208;0.7172067616446446;0.7172067616446446;1.6000421047210693
