acc;avg_acc;f1_macro;f1_micro;f1_weighted;precision_macro;precision_micro;precision_weighted;recall_macro;recall_micro;recall_weighted;time
0.8334932703427573;0.7759575170120966;0.7958226507161845;0.8334932703427572;0.8234390466438007;0.8318834888200111;0.8334932703427573;0.8317657062648468;0.7759575170120966;0.8334932703427573;0.8334932703427573;1.5200738906860352
