acc;avg_acc;f1_macro;f1_micro;f1_weighted;precision_macro;precision_micro;precision_weighted;recall_macro;recall_micro;recall_weighted;time
0.8250535173839226;0.7654864068203069;0.7899281625444452;0.8250535173839227;0.8149257243341963;0.8313510722850789;0.8250535173839226;0.8204325198989765;0.7654864068203069;0.8250535173839226;0.8250535173839226;1.3668265342712402
