acc;avg_acc;f1_macro;f1_micro;f1_weighted;precision_macro;precision_micro;precision_weighted;recall_macro;recall_micro;recall_weighted;time
0.8331733963239093;0.777615819448373;0.7992238255408612;0.8331733963239093;0.8245754387133858;0.8364524135317593;0.8331733963239093;0.8319230360430543;0.777615819448373;0.8331733963239093;0.8331733963239093;1.3963277339935303
