acc;avg_acc;f1_macro;f1_micro;f1_weighted;precision_macro;precision_micro;precision_weighted;recall_macro;recall_micro;recall_weighted;time
0.8348465834994218;0.7717643940902627;0.7953749668523487;0.8348465834994218;0.8258231005223601;0.8363895155859393;0.8348465834994218;0.8333446887861684;0.7717643940902627;0.8348465834994218;0.8348465834994218;1.4429919719696045
