acc;avg_acc;f1_macro;f1_micro;f1_weighted;precision_macro;precision_micro;precision_weighted;recall_macro;recall_micro;recall_weighted;time
0.8263330134593145;0.7620880358778568;0.7857019119067347;0.8263330134593145;0.8155828810613415;0.8264215818433597;0.8263330134593145;0.8234980529309204;0.7620880358778568;0.8263330134593145;0.8263330134593145;1.3954973220825195
