acc;avg_acc;f1_macro;f1_micro;f1_weighted;precision_macro;precision_micro;precision_weighted;recall_macro;recall_micro;recall_weighted;time
0.831229546517064;0.767760028663189;0.7913961529173732;0.831229546517064;0.8207144665718762;0.8347212083694278;0.831229546517064;0.8301898411872435;0.767760028663189;0.831229546517064;0.831229546517064;1.5500061511993408
