acc;avg_acc;f1_macro;f1_micro;f1_weighted;precision_macro;precision_micro;precision_weighted;recall_macro;recall_micro;recall_weighted;time
0.8323614084299107;0.7647349911926237;0.7895227203416215;0.8323614084299108;0.8231542187927151;0.8291191653096066;0.8323614084299107;0.8292783084359071;0.7647349911926237;0.8323614084299107;0.8323614084299107;1.518582820892334
