acc;avg_acc;f1_macro;f1_micro;f1_weighted;precision_macro;precision_micro;precision_weighted;recall_macro;recall_micro;recall_weighted;time
0.8303437415417928;0.762943656358652;0.7875779849093971;0.8303437415417928;0.8197729844764078;0.831898112567012;0.8303437415417928;0.8293889101466901;0.762943656358652;0.8303437415417928;0.8303437415417928;1.3340270519256592
