acc;avg_acc;f1_macro;f1_micro;f1_weighted;precision_macro;precision_micro;precision_weighted;recall_macro;recall_micro;recall_weighted;time
0.8080755886912232;0.7371858961193372;0.758172628510383;0.8080755886912232;0.7960939019310106;0.7997721362880336;0.8080755886912232;0.8051933298942562;0.7371858961193372;0.8080755886912232;0.8080755886912232;1.6073062419891357
