acc;avg_acc;f1_macro;f1_micro;f1_weighted;precision_macro;precision_micro;precision_weighted;recall_macro;recall_micro;recall_weighted;time
0.8315740262296696;0.7695724076458023;0.7944900906462783;0.8315740262296695;0.8205437686426366;0.8397160973006345;0.8315740262296696;0.8294992348966892;0.7695724076458023;0.8315740262296696;0.8315740262296696;1.3946683406829834
