acc;avg_acc;f1_macro;f1_micro;f1_weighted;precision_macro;precision_micro;precision_weighted;recall_macro;recall_micro;recall_weighted;time
0.8279077778597967;0.7676492221563742;0.78944107452895;0.8279077778597967;0.818206252094853;0.8290025562710657;0.8279077778597967;0.8251271724220405;0.7676492221563742;0.8279077778597967;0.8279077778597967;1.3498692512512207
