acc;avg_acc;f1_macro;f1_micro;f1_weighted;precision_macro;precision_micro;precision_weighted;recall_macro;recall_micro;recall_weighted;time
0.8249058832213775;0.7614126866039873;0.7853912667668941;0.8249058832213775;0.8143266530135143;0.8262772426141608;0.8249058832213775;0.8212846109715732;0.7614126866039873;0.8249058832213775;0.8249058832213775;1.3659491539001465
