acc;avg_acc;f1_macro;f1_micro;f1_weighted;precision_macro;precision_micro;precision_weighted;recall_macro;recall_micro;recall_weighted;time
0.8264806476218597;0.7612696310323275;0.7863028958333109;0.8264806476218597;0.8150316679673774;0.8342775710529501;0.8264806476218597;0.8237529251875502;0.7612696310323275;0.8264806476218597;0.8264806476218597;1.3176350593566895
