acc;avg_acc;f1_macro;f1_micro;f1_weighted;precision_macro;precision_micro;precision_weighted;recall_macro;recall_micro;recall_weighted;time
0.8155803252872714;0.7477678669576009;0.7705181760421965;0.8155803252872714;0.8044344889211144;0.8132641380606076;0.8155803252872714;0.8122485114681216;0.7477678669576009;0.8155803252872714;0.8155803252872714;1.2991790771484375
