acc;avg_acc;f1_macro;f1_micro;f1_weighted;precision_macro;precision_micro;precision_weighted;recall_macro;recall_micro;recall_weighted;time
0.8319677173297901;0.7713221042747558;0.7934828538360059;0.8319677173297901;0.8236249241095985;0.8305742292205716;0.8319677173297901;0.8300717742729634;0.7713221042747558;0.8319677173297901;0.8319677173297901;1.4647982120513916
