acc;avg_acc;f1_macro;f1_micro;f1_weighted;precision_macro;precision_micro;precision_weighted;recall_macro;recall_micro;recall_weighted;time
0.8089121822789793;0.7396962000583914;0.7612821605586837;0.8089121822789793;0.7964676305250706;0.8028727546841742;0.8089121822789793;0.8043797381739947;0.7396962000583914;0.8089121822789793;0.8089121822789793;1.4203441143035889
