acc;avg_acc;f1_macro;f1_micro;f1_weighted;precision_macro;precision_micro;precision_weighted;recall_macro;recall_micro;recall_weighted;time
0.8344036810117861;0.7687290238096016;0.7913946862216592;0.8344036810117861;0.8258408046087522;0.830606462904385;0.8344036810117861;0.8334554225321162;0.7687290238096016;0.8344036810117861;0.8344036810117861;1.499650478363037
