acc;avg_acc;f1_macro;f1_micro;f1_weighted;precision_macro;precision_micro;precision_weighted;recall_macro;recall_micro;recall_weighted;time
0.8242661351836815;0.7616932574722348;0.7830556684568678;0.8242661351836815;0.8141417665103;0.8229430069283201;0.8242661351836815;0.8214975978054253;0.7616932574722348;0.8242661351836815;0.8242661351836815;1.446265459060669
