acc;avg_acc;f1_macro;f1_micro;f1_weighted;precision_macro;precision_micro;precision_weighted;recall_macro;recall_micro;recall_weighted;time
0.833616298811545;0.7712868993387196;0.793822074155347;0.833616298811545;0.823702136623382;0.8333980425295034;0.833616298811545;0.8310386757552749;0.7712868993387196;0.833616298811545;0.833616298811545;1.4016385078430176
