acc;avg_acc;f1_macro;f1_micro;f1_weighted;precision_macro;precision_micro;precision_weighted;recall_macro;recall_micro;recall_weighted;time
0.8344528923993012;0.77363210270421;0.7964312630973692;0.8344528923993012;0.8242853829023405;0.8369486462125465;0.8344528923993012;0.833228158748817;0.77363210270421;0.8344528923993012;0.8344528923993012;1.15673828125
