acc;avg_acc;f1_macro;f1_micro;f1_weighted;precision_macro;precision_micro;precision_weighted;recall_macro;recall_micro;recall_weighted;time
0.8334440589552422;0.76913862978741;0.79480056009966;0.8334440589552422;0.8235450167971502;0.8414898619757396;0.8334440589552422;0.8317955317790897;0.76913862978741;0.8334440589552422;0.8334440589552422;1.4563264846801758
