acc;avg_acc;f1_macro;f1_micro;f1_weighted;precision_macro;precision_micro;precision_weighted;recall_macro;recall_micro;recall_weighted;time
0.8358062055559656;0.7872950521044496;0.8055305122168761;0.8358062055559656;0.8276256257871479;0.8353906189811309;0.8358062055559656;0.8320418689223518;0.7872950521044496;0.8358062055559656;0.8358062055559656;1.205998182296753
