acc;avg_acc;f1_macro;f1_micro;f1_weighted;precision_macro;precision_micro;precision_weighted;recall_macro;recall_micro;recall_weighted;time
0.8306144041731257;0.7695449829580984;0.7928520664097506;0.8306144041731257;0.8196171983891242;0.8352628025962214;0.8306144041731257;0.829421611922766;0.7695449829580984;0.8306144041731257;0.8306144041731257;1.3925588130950928
