acc;avg_acc;f1_macro;f1_micro;f1_weighted;precision_macro;precision_micro;precision_weighted;recall_macro;recall_micro;recall_weighted;time
0.8362245023498438;0.7857165299562324;0.8025636244311026;0.8362245023498437;0.8284186633409198;0.8319348902970288;0.8362245023498438;0.8345555912200299;0.7857165299562324;0.8362245023498438;0.8362245023498438;1.4749069213867188
