acc;avg_acc;f1_macro;f1_micro;f1_weighted;precision_macro;precision_micro;precision_weighted;recall_macro;recall_micro;recall_weighted;time
0.827046578578283;0.7690069782728565;0.7891442519568754;0.827046578578283;0.8158246884756463;0.8275087450977365;0.827046578578283;0.8256871570512587;0.7690069782728565;0.827046578578283;0.827046578578283;1.427631139755249
