acc;avg_acc;f1_macro;f1_micro;f1_weighted;precision_macro;precision_micro;precision_weighted;recall_macro;recall_micro;recall_weighted;time
0.8290396397726434;0.767814379348025;0.7901394685587748;0.8290396397726434;0.8189074779738998;0.8280861619959053;0.8290396397726434;0.8260840812858262;0.767814379348025;0.8290396397726434;0.8290396397726434;1.5066251754760742
