acc;avg_acc;f1_macro;f1_micro;f1_weighted;precision_macro;precision_micro;precision_weighted;recall_macro;recall_micro;recall_weighted;time
0.8200093501636279;0.7557727132846622;0.7764248265409167;0.8200093501636279;0.8094333004058404;0.8153693557775541;0.8200093501636279;0.8187383599399731;0.7557727132846622;0.8200093501636279;0.8200093501636279;2.4026455879211426
