acc;avg_acc;f1_macro;f1_micro;f1_weighted;precision_macro;precision_micro;precision_weighted;recall_macro;recall_micro;recall_weighted;time
0.8342068354617258;0.7691662828660937;0.7961373615615306;0.8342068354617259;0.8229465936152356;0.8445962774569343;0.8342068354617258;0.8325276311029806;0.7691662828660937;0.8342068354617258;0.8342068354617258;1.485558032989502
