acc;avg_acc;f1_macro;f1_micro;f1_weighted;precision_macro;precision_micro;precision_weighted;recall_macro;recall_micro;recall_weighted;time
0.8303437415417928;0.7712763705868498;0.7916400854943277;0.8303437415417928;0.82055800004482;0.829821642668046;0.8303437415417928;0.8292646680849802;0.7712763705868498;0.8303437415417928;0.8303437415417928;1.3913846015930176
