acc;avg_acc;f1_macro;f1_micro;f1_weighted;precision_macro;precision_micro;precision_weighted;recall_macro;recall_micro;recall_weighted;time
0.8328289166113039;0.7697801809973998;0.7944756053965043;0.832828916611304;0.8239151763710549;0.8358117088358382;0.8328289166113039;0.8311999418762192;0.7697801809973998;0.8328289166113039;0.8328289166113039;1.4922690391540527
