acc;avg_acc;f1_macro;f1_micro;f1_weighted;precision_macro;precision_micro;precision_weighted;recall_macro;recall_micro;recall_weighted;time
0.8306636155606407;0.7677908872645552;0.7923861011047536;0.8306636155606407;0.8208925253190916;0.8355433616480566;0.8306636155606407;0.8294410360687176;0.7677908872645552;0.8306636155606407;0.8306636155606407;1.3258626461029053
