acc;avg_acc;f1_macro;f1_micro;f1_weighted;precision_macro;precision_micro;precision_weighted;recall_macro;recall_micro;recall_weighted;time
0.7222017174774242;0.6218814982043622;0.6417145894481018;0.7222017174774242;0.7012422578617705;0.6839493827785602;0.7222017174774242;0.7031559808181762;0.6218814982043622;0.7222017174774242;0.7222017174774242;1.5279762744903564
