acc;avg_acc;f1_macro;f1_micro;f1_weighted;precision_macro;precision_micro;precision_weighted;recall_macro;recall_micro;recall_weighted;time
0.8276617209222215;0.7678457465191545;0.7899869023511092;0.8276617209222215;0.8187783279762595;0.8261165951257308;0.8276617209222215;0.8237216210678922;0.7678457465191545;0.8276617209222215;0.8276617209222215;1.4216947555541992
