acc;avg_acc;f1_macro;f1_micro;f1_weighted;precision_macro;precision_micro;precision_weighted;recall_macro;recall_micro;recall_weighted;time
0.8346989493368766;0.7720007985652453;0.7957426629924131;0.8346989493368766;0.8252452056704284;0.8345379226611149;0.8346989493368766;0.8312392707213891;0.7720007985652453;0.8346989493368766;0.8346989493368766;1.546428918838501
