acc;avg_acc;f1_macro;f1_micro;f1_weighted;precision_macro;precision_micro;precision_weighted;recall_macro;recall_micro;recall_weighted;time
0.832927339386334;0.7716487308865334;0.7945482333727936;0.832927339386334;0.8217047540562299;0.835678565844534;0.832927339386334;0.8306667183754108;0.7716487308865334;0.832927339386334;0.832927339386334;1.200355052947998
