acc;avg_acc;f1_macro;f1_micro;f1_weighted;precision_macro;precision_micro;precision_weighted;recall_macro;recall_micro;recall_weighted;time
0.7136143303560444;0.6237759505588649;0.6414072978510134;0.7136143303560444;0.6941266745936925;0.6793734588759521;0.7136143303560444;0.6956571607082255;0.6237759505588649;0.7136143303560444;0.7136143303560444;1.3945159912109375
