acc;avg_acc;f1_macro;f1_micro;f1_weighted;precision_macro;precision_micro;precision_weighted;recall_macro;recall_micro;recall_weighted;time
0.8124554021800645;0.7408506434475068;0.7616506589995851;0.8124554021800645;0.8020567646357345;0.7980132773811015;0.8124554021800645;0.807837745172115;0.7408506434475068;0.8124554021800645;0.8124554021800645;1.5651524066925049
