acc;avg_acc;f1_macro;f1_micro;f1_weighted;precision_macro;precision_micro;precision_weighted;recall_macro;recall_micro;recall_weighted;time
0.8222730739893211;0.75496019042203;0.7812613473807268;0.8222730739893211;0.8105627625060364;0.8293513974308959;0.8222730739893211;0.8199793741646912;0.75496019042203;0.8222730739893211;0.8222730739893211;1.3678069114685059
