acc;avg_acc;f1_macro;f1_micro;f1_weighted;precision_macro;precision_micro;precision_weighted;recall_macro;recall_micro;recall_weighted;time
0.810413129598189;0.7316365027130625;0.7534619704005874;0.810413129598189;0.8006163643321872;0.7922110978338225;0.810413129598189;0.8071895096318399;0.7316365027130625;0.810413129598189;0.810413129598189;1.2979066371917725
