acc;avg_acc;f1_macro;f1_micro;f1_weighted;precision_macro;precision_micro;precision_weighted;recall_macro;recall_micro;recall_weighted;time
0.8299254447479146;0.7746831944869954;0.7951227649303024;0.8299254447479146;0.8196260240917109;0.834195762077517;0.8299254447479146;0.8301436934048364;0.7746831944869954;0.8299254447479146;0.8299254447479146;1.3439722061157227
