acc;avg_acc;f1_macro;f1_micro;f1_weighted;precision_macro;precision_micro;precision_weighted;recall_macro;recall_micro;recall_weighted;time
0.834674343643119;0.7811781839627567;0.8022103952681592;0.8346743436431189;0.8239988792615952;0.8408044594553993;0.834674343643119;0.833926853177273;0.7811781839627567;0.834674343643119;0.834674343643119;1.4347507953643799
