acc;avg_acc;f1_macro;f1_micro;f1_weighted;precision_macro;precision_micro;precision_weighted;recall_macro;recall_micro;recall_weighted;time
0.8203538298762334;0.7529007229476417;0.7748163918312422;0.8203538298762334;0.8093291723140668;0.8169892687748868;0.8203538298762334;0.8192835774916445;0.7529007229476417;0.8203538298762334;0.8203538298762334;1.4346702098846436
