acc;avg_acc;f1_macro;f1_micro;f1_weighted;precision_macro;precision_micro;precision_weighted;recall_macro;recall_micro;recall_weighted;time
0.8263330134593145;0.7571886780282009;0.7838666993262342;0.8263330134593145;0.8154936637042878;0.8333590332389037;0.8263330134593145;0.8269764250005174;0.7571886780282009;0.8263330134593145;0.8263330134593145;1.3229315280914307
