acc;avg_acc;f1_macro;f1_micro;f1_weighted;precision_macro;precision_micro;precision_weighted;recall_macro;recall_micro;recall_weighted;time
0.715435151694102;0.6088138428117357;0.6351567439076338;0.715435151694102;0.695141803928571;0.6864573683867784;0.715435151694102;0.6957825274081495;0.6088138428117357;0.715435151694102;0.715435151694102;1.3992555141448975
