acc;avg_acc;f1_macro;f1_micro;f1_weighted;precision_macro;precision_micro;precision_weighted;recall_macro;recall_micro;recall_weighted;time
0.8379469009128713;0.781173858016809;0.8040649089874046;0.8379469009128713;0.8291620909364036;0.8444380449729122;0.8379469009128713;0.8380246451192895;0.781173858016809;0.8379469009128713;0.8379469009128713;1.55230712890625
