acc;avg_acc;f1_macro;f1_micro;f1_weighted;precision_macro;precision_micro;precision_weighted;recall_macro;recall_micro;recall_weighted;time
0.814915971555818;0.7490224030683312;0.7700634020382231;0.814915971555818;0.8050083552826363;0.8099807157132665;0.814915971555818;0.8129277941033176;0.7490224030683312;0.814915971555818;0.814915971555818;1.4384305477142334
