acc;avg_acc;f1_macro;f1_micro;f1_weighted;precision_macro;precision_micro;precision_weighted;recall_macro;recall_micro;recall_weighted;time
0.8336409045053025;0.7653404581520756;0.791306196304754;0.8336409045053026;0.8235597174961727;0.8348149146659485;0.8336409045053025;0.8306418447429238;0.7653404581520756;0.8336409045053025;0.8336409045053025;1.4408338069915771
