acc;avg_acc;f1_macro;f1_micro;f1_weighted;precision_macro;precision_micro;precision_weighted;recall_macro;recall_micro;recall_weighted;time
0.8392756083757782;0.7801503400766212;0.8031046168407497;0.8392756083757782;0.8299510598519263;0.8434598867490597;0.8392756083757782;0.8387351030953597;0.7801503400766212;0.8392756083757782;0.8392756083757782;1.1826221942901611
