acc;avg_acc;f1_macro;f1_micro;f1_weighted;precision_macro;precision_micro;precision_weighted;recall_macro;recall_micro;recall_weighted;time
0.7176742698260378;0.6245372052728213;0.6422929962883958;0.7176742698260379;0.6976700259760976;0.6804006807732854;0.7176742698260378;0.6976056706084931;0.6245372052728213;0.7176742698260378;0.7176742698260378;1.3763747215270996
