acc;avg_acc;f1_macro;f1_micro;f1_weighted;precision_macro;precision_micro;precision_weighted;recall_macro;recall_micro;recall_weighted;time
0.8311557294357914;0.7715291141409261;0.7939516764802634;0.8311557294357914;0.8207836525203674;0.8327724969161426;0.8311557294357914;0.8282850866801582;0.7715291141409261;0.8311557294357914;0.8311557294357914;1.3823106288909912
