acc;avg_acc;f1_macro;f1_micro;f1_weighted;precision_macro;precision_micro;precision_weighted;recall_macro;recall_micro;recall_weighted;time
0.8256686597278611;0.7578581536859849;0.783543528968096;0.8256686597278611;0.8149053697917654;0.8295193120806323;0.8256686597278611;0.8219947450215319;0.7578581536859849;0.8256686597278611;0.8256686597278611;1.5228636264801025
