acc;avg_acc;f1_macro;f1_micro;f1_weighted;precision_macro;precision_micro;precision_weighted;recall_macro;recall_micro;recall_weighted;time
0.8350680347432395;0.7739850003547168;0.7985053195209217;0.8350680347432395;0.8254341785582934;0.840301278491953;0.8350680347432395;0.8340998320353443;0.7739850003547168;0.8350680347432395;0.8350680347432395;1.4489846229553223
