acc;avg_acc;f1_macro;f1_micro;f1_weighted;precision_macro;precision_micro;precision_weighted;recall_macro;recall_micro;recall_weighted;time
0.8171304839939962;0.7414105419838776;0.767697851473192;0.8171304839939962;0.8065772393485536;0.8143501126320625;0.8171304839939962;0.8150815445773721;0.7414105419838776;0.8171304839939962;0.8171304839939962;1.5050232410430908
