acc;avg_acc;f1_macro;f1_micro;f1_weighted;precision_macro;precision_micro;precision_weighted;recall_macro;recall_micro;recall_weighted;time
0.8304667700105804;0.7627793972645684;0.7873730452398426;0.8304667700105804;0.8194276195988905;0.8327247342559136;0.8304667700105804;0.8293453222538881;0.7627793972645684;0.8304667700105804;0.8304667700105804;1.3609092235565186
