acc;avg_acc;f1_macro;f1_micro;f1_weighted;precision_macro;precision_micro;precision_weighted;recall_macro;recall_micro;recall_weighted;time
0.8357815998622081;0.7736237105097418;0.7974281063141136;0.8357815998622081;0.8268990493040043;0.8367895615547642;0.8357815998622081;0.8330031573385341;0.7736237105097418;0.8357815998622081;0.8357815998622081;1.1019361019134521
