expl_var_class_0,expl_var_class_1,expl_var_class_2,expl_var_class_3,expl_var_class_4,expl_var_class_5,expl_var_mean,mae_class_0,mae_class_1,mae_class_2,mae_class_3,mae_class_4,mae_class_5,mae_mean,mse_class_0,mse_class_1,mse_class_2,mse_class_3,mse_class_4,mse_class_5,mse_mean,r2_class_0,r2_class_1,r2_class_2,r2_class_3,r2_class_4,r2_class_5,r2_mean,time
0.8611269457505839,0.8727654163713991,0.8876185344123496,0.902473239445406,0.7596166687930166,0.8941815644082128,0.8629637281968282,0.0650409072880665,0.09545284918719876,0.07723181532542303,0.030348995175821528,0.024104281004387378,0.0359464993760544,0.05468755789282528,0.014037252793621202,0.01720812643278819,0.013881026305434644,0.003927048540058333,0.0028830293167949324,0.0046728647478957155,0.009434891356098837,0.8597178068903498,0.8727136751367366,0.8873374311717918,0.9003623151840854,0.7470366918637882,0.8941707576706381,0.8602231129862316,27.14130163192749
