expl_var_class_0,expl_var_class_1,expl_var_class_2,expl_var_class_3,expl_var_class_4,expl_var_class_5,expl_var_mean,mae_class_0,mae_class_1,mae_class_2,mae_class_3,mae_class_4,mae_class_5,mae_mean,mse_class_0,mse_class_1,mse_class_2,mse_class_3,mse_class_4,mse_class_5,mse_mean,r2_class_0,r2_class_1,r2_class_2,r2_class_3,r2_class_4,r2_class_5,r2_mean,time
0.879031034944399,0.8564088170038515,0.8788695408390466,0.9060172854284687,0.7967462525312505,0.8830052378430315,0.8666796947650081,0.06057217400018394,0.10025692246601678,0.08228599711594448,0.029483035388849485,0.022685933103179165,0.03698823462678896,0.05537871611682713,0.012236935435111954,0.019549555105359027,0.014935886845356345,0.0037677910172226425,0.0024417612894885392,0.005166290721765349,0.009683036735717307,0.8777093947785308,0.855394424733442,0.8787758669496591,0.9044030217613028,0.7857545152698501,0.8829958361230444,0.8641721766026382,4.5315351486206055
