expl_var_class_0,expl_var_class_1,expl_var_class_2,expl_var_class_3,expl_var_class_4,expl_var_class_5,expl_var_mean,mae_class_0,mae_class_1,mae_class_2,mae_class_3,mae_class_4,mae_class_5,mae_mean,mse_class_0,mse_class_1,mse_class_2,mse_class_3,mse_class_4,mse_class_5,mse_mean,r2_class_0,r2_class_1,r2_class_2,r2_class_3,r2_class_4,r2_class_5,r2_mean,time
0.8586338395770123,0.8692220172432743,0.8744456798639223,0.6357001150062911,0.3570999730454898,0.8442990831174281,0.7399001179755696,0.07007350829742169,0.09464922289732731,0.08017399991825926,0.06228049454752908,0.03510463120586123,0.04618422276847601,0.06474434660581242,0.014204280069854013,0.018445796329950092,0.015479068507104496,0.01472229961679478,0.007525621547697133,0.006902637424680418,0.012879950582680155,0.858048609009286,0.863558788158253,0.8743672418230746,0.6264635300479708,0.3396854789520567,0.8436717242763798,0.7342992287111701,4.668380975723267
