expl_var_class_0,expl_var_class_1,expl_var_class_2,expl_var_class_3,expl_var_class_4,expl_var_class_5,expl_var_mean,mae_class_0,mae_class_1,mae_class_2,mae_class_3,mae_class_4,mae_class_5,mae_mean,mse_class_0,mse_class_1,mse_class_2,mse_class_3,mse_class_4,mse_class_5,mse_mean,r2_class_0,r2_class_1,r2_class_2,r2_class_3,r2_class_4,r2_class_5,r2_mean,time
0.8568130195148331,0.8792986999342685,0.8940938166358128,0.9051302381427501,0.7729396934348339,0.8873301153566594,0.8659342638365263,0.06825431383774672,0.09254100349047814,0.07358395433099814,0.030164165126830764,0.024053561840890025,0.038074947338007537,0.05444532432749189,0.014396669988082563,0.01634651895979074,0.013124591063691522,0.0038124872942059767,0.0027519378721140297,0.0049758825605423235,0.009234681289737858,0.8561259479260894,0.8790868761438841,0.8934768862532652,0.9032689808873278,0.7585389424034052,0.887308126874587,0.8629676267480932,18.87389898300171
