expl_var_class_0,expl_var_class_1,expl_var_class_2,expl_var_class_3,expl_var_class_4,expl_var_class_5,expl_var_mean,mae_class_0,mae_class_1,mae_class_2,mae_class_3,mae_class_4,mae_class_5,mae_mean,mse_class_0,mse_class_1,mse_class_2,mse_class_3,mse_class_4,mse_class_5,mse_mean,r2_class_0,r2_class_1,r2_class_2,r2_class_3,r2_class_4,r2_class_5,r2_mean,time
0.8855933395557738,0.8727484870212235,0.887651863536639,0.9027058348363131,0.8024905785949321,0.8768092689748844,0.8713332287532944,0.05911019522025489,0.09425878829845713,0.07758883619741873,0.028729707937157612,0.02091269271515003,0.040040998030049374,0.053440203066414636,0.011612717498783325,0.01727601981464935,0.013851669358199127,0.0038904723481595106,0.0023413369581972627,0.005494870611445265,0.009077847764905639,0.8839475570723916,0.8722114764172305,0.8875757009521186,0.9012903319995147,0.794565966097915,0.8755542852446139,0.8691908862972973,17.85484766960144
