expl_var_class_0,expl_var_class_1,expl_var_class_2,expl_var_class_3,expl_var_class_4,expl_var_class_5,expl_var_mean,mae_class_0,mae_class_1,mae_class_2,mae_class_3,mae_class_4,mae_class_5,mae_mean,mse_class_0,mse_class_1,mse_class_2,mse_class_3,mse_class_4,mse_class_5,mse_mean,r2_class_0,r2_class_1,r2_class_2,r2_class_3,r2_class_4,r2_class_5,r2_mean,time
0.8738208306135129,0.8785983649395013,0.9012118983052387,0.9001658270861911,0.7900326767415967,0.8865979631556465,0.871737926806948,0.0643789044202324,0.09316614405184943,0.07011227269425926,0.029457994936433432,0.021043531550754696,0.03793218583937907,0.052681838915484724,0.0126839917844992,0.016425182900518157,0.012268878741180936,0.003989808624780378,0.002473016476293219,0.0050290237057195614,0.008811650372165242,0.8732417082548447,0.8785050089688862,0.9004221038697933,0.8987699565776744,0.783012116708563,0.8861046066714494,0.8700092501752019,8.750558137893677
