expl_var_class_0,expl_var_class_1,expl_var_class_2,expl_var_class_3,expl_var_class_4,expl_var_class_5,expl_var_mean,mae_class_0,mae_class_1,mae_class_2,mae_class_3,mae_class_4,mae_class_5,mae_mean,mse_class_0,mse_class_1,mse_class_2,mse_class_3,mse_class_4,mse_class_5,mse_mean,r2_class_0,r2_class_1,r2_class_2,r2_class_3,r2_class_4,r2_class_5,r2_mean,time
0.8716777613902821,0.8773718867339779,0.8922740611108738,0.9069071155090507,0.7793305628188433,0.894692068477815,0.8703755760068072,0.06261675595515719,0.0937879451222755,0.07533708341158919,0.028663078439425786,0.02228143090900432,0.03662705273177067,0.05321889109487044,0.013023607661145194,0.016579391026053096,0.013329048487311332,0.0037314723421649027,0.0026328367000611817,0.004660656542723686,0.008992835459909898,0.8698477350400569,0.8773643510570525,0.8918174485392117,0.905324504819488,0.7689891401554289,0.8944472444027095,0.8679650706689911,15.175037860870361
