expl_var_class_0,expl_var_class_1,expl_var_class_2,expl_var_class_3,expl_var_class_4,expl_var_class_5,expl_var_mean,mae_class_0,mae_class_1,mae_class_2,mae_class_3,mae_class_4,mae_class_5,mae_mean,mse_class_0,mse_class_1,mse_class_2,mse_class_3,mse_class_4,mse_class_5,mse_mean,r2_class_0,r2_class_1,r2_class_2,r2_class_3,r2_class_4,r2_class_5,r2_mean,time
0.8832563666928719,0.8636064234815223,0.8738658752932482,0.6740578807656045,0.31682596376908945,0.8507317038589812,0.7437240356435529,0.061289009940676584,0.09719201703367449,0.0808281776707157,0.06264392670755968,0.040821503364292466,0.044099676353206864,0.06447905184502097,0.01187512704843425,0.01914878045142124,0.015559928396545861,0.013271869043037208,0.00817665635103664,0.00661132088510517,0.012440613695930062,0.8813251502767631,0.8583589039286255,0.8737109587313796,0.6632640795907775,0.282562259078714,0.8502693491434687,0.7349151167916214,3.8794965744018555
