expl_var_class_0,expl_var_class_1,expl_var_class_2,expl_var_class_3,expl_var_class_4,expl_var_class_5,expl_var_mean,mae_class_0,mae_class_1,mae_class_2,mae_class_3,mae_class_4,mae_class_5,mae_mean,mse_class_0,mse_class_1,mse_class_2,mse_class_3,mse_class_4,mse_class_5,mse_mean,r2_class_0,r2_class_1,r2_class_2,r2_class_3,r2_class_4,r2_class_5,r2_mean,time
0.867574101349611,0.8803663595931069,0.8995140752644745,0.9041829677570516,0.7897403179157003,0.888803824829417,0.8716969411182269,0.0633863186518259,0.09242429805431591,0.07220746540209443,0.030624141274605554,0.023879576919439066,0.03763130166349797,0.05335885032762982,0.013376051025609832,0.016191787929862703,0.012469160155387748,0.00386757857958332,0.002539333984779215,0.004921046508238688,0.008894159697243584,0.8663255694966314,0.8802314019130766,0.8987965598994421,0.9018711962476579,0.7771932732315848,0.8885500326819914,0.8688280055783975,22.880239009857178
