expl_var_class_0,expl_var_class_1,expl_var_class_2,expl_var_class_3,expl_var_class_4,expl_var_class_5,expl_var_mean,mae_class_0,mae_class_1,mae_class_2,mae_class_3,mae_class_4,mae_class_5,mae_mean,mse_class_0,mse_class_1,mse_class_2,mse_class_3,mse_class_4,mse_class_5,mse_mean,r2_class_0,r2_class_1,r2_class_2,r2_class_3,r2_class_4,r2_class_5,r2_mean,time
0.874149224876995,0.8713333373093303,0.8783252109916168,0.8976734714694036,0.7908318798915559,0.8875179659490817,0.8666385150813305,0.06221423938395909,0.09517853698775419,0.08073981761434663,0.03083049981236489,0.02120325743758814,0.03843203844250672,0.05476639827975328,0.01274326653226271,0.01750472714730029,0.014992294616965027,0.004133143226294255,0.002470670127209829,0.004985599760891484,0.009471616901820598,0.8726493422317675,0.8705197573357767,0.8783180445731666,0.8951332488305779,0.7832179905173096,0.887088055461012,0.8644877398249351,23.28730320930481
