expl_var_class_0,expl_var_class_1,expl_var_class_2,expl_var_class_3,expl_var_class_4,expl_var_class_5,expl_var_mean,mae_class_0,mae_class_1,mae_class_2,mae_class_3,mae_class_4,mae_class_5,mae_mean,mse_class_0,mse_class_1,mse_class_2,mse_class_3,mse_class_4,mse_class_5,mse_mean,r2_class_0,r2_class_1,r2_class_2,r2_class_3,r2_class_4,r2_class_5,r2_mean,time
0.8745748411455757,0.8739483162476853,0.8901272798316545,0.9068620263572529,0.7726694541213106,0.8848121302069769,0.8671656746517428,0.061209316383613765,0.09380834027653102,0.07527610553815073,0.02913007906572291,0.02322458913695345,0.03938384885809757,0.053672046543178246,0.012746196745412528,0.017076478083576888,0.013579897760678892,0.003744551995060336,0.002711649466803758,0.005133413959698192,0.009165364668538433,0.8726200589572566,0.8736874612494127,0.8897814806716764,0.9049926458369969,0.7620739353455335,0.8837404163768121,0.8644826664062814,5.410956382751465
