expl_var_class_0,expl_var_class_1,expl_var_class_2,expl_var_class_3,expl_var_class_4,expl_var_class_5,expl_var_mean,mae_class_0,mae_class_1,mae_class_2,mae_class_3,mae_class_4,mae_class_5,mae_mean,mse_class_0,mse_class_1,mse_class_2,mse_class_3,mse_class_4,mse_class_5,mse_mean,r2_class_0,r2_class_1,r2_class_2,r2_class_3,r2_class_4,r2_class_5,r2_mean,time
0.8645104659835825,0.8744921138777417,0.897183392549013,0.9075527257632383,0.7772027333727514,0.8868079969199024,0.8679582380777049,0.06746304984850973,0.09460599524802514,0.07320743897189388,0.029749461576151555,0.022301773879281155,0.03852542593254397,0.05430885757606758,0.013599605152226702,0.017010555689273434,0.012737876139069125,0.0037146315633346722,0.0026609455375329024,0.005001684429687724,0.009120883085187428,0.864091466882566,0.874175080824376,0.8966155804573895,0.9057517916727124,0.7665228091773539,0.8867237760727434,0.8656467508478568,18.44110083580017
