expl_var_class_0,expl_var_class_1,expl_var_class_2,expl_var_class_3,expl_var_class_4,expl_var_class_5,expl_var_mean,mae_class_0,mae_class_1,mae_class_2,mae_class_3,mae_class_4,mae_class_5,mae_mean,mse_class_0,mse_class_1,mse_class_2,mse_class_3,mse_class_4,mse_class_5,mse_mean,r2_class_0,r2_class_1,r2_class_2,r2_class_3,r2_class_4,r2_class_5,r2_mean,time
0.8854883782739912,0.8738118231299555,0.8949720484488278,0.9126413274026282,0.7774324263385328,0.8942217898148452,0.8730946322347969,0.05998784416656705,0.0946039518558132,0.07502722560973892,0.028098634854020393,0.022811643912506212,0.03645250012878143,0.052830300087904535,0.011580805493624752,0.017123093474948968,0.012945676480357047,0.0034888477274555535,0.0026565875653917414,0.004683619692570593,0.008746438405724775,0.8842664717586189,0.8733426531221019,0.8949290106218645,0.9114804141856181,0.7669051872000717,0.8939271838229789,0.870808486785209,10.489896774291992
