expl_var_class_0,expl_var_class_1,expl_var_class_2,expl_var_class_3,expl_var_class_4,expl_var_class_5,expl_var_mean,mae_class_0,mae_class_1,mae_class_2,mae_class_3,mae_class_4,mae_class_5,mae_mean,mse_class_0,mse_class_1,mse_class_2,mse_class_3,mse_class_4,mse_class_5,mse_mean,r2_class_0,r2_class_1,r2_class_2,r2_class_3,r2_class_4,r2_class_5,r2_mean,time
0.8414008464954297,0.8822952656704892,0.897727234084862,0.9063795304445218,0.7382658696640167,0.882271933813645,0.8580567800288276,0.0666464449118561,0.09118743701125522,0.07352994239510968,0.029847679236485906,0.024820906356477025,0.040619829587237435,0.05444203991640356,0.016158973973213774,0.015946258174837528,0.012644877669001742,0.0037780857623421122,0.0031550234026500863,0.005245944475433431,0.00948819390957978,0.838514249141807,0.8820475543154778,0.8973703839066692,0.9041418218909649,0.7231713349107431,0.8811918685669154,0.8544062021220963,5.752603769302368
