expl_var_class_0,expl_var_class_1,expl_var_class_2,expl_var_class_3,expl_var_class_4,expl_var_class_5,expl_var_mean,mae_class_0,mae_class_1,mae_class_2,mae_class_3,mae_class_4,mae_class_5,mae_mean,mse_class_0,mse_class_1,mse_class_2,mse_class_3,mse_class_4,mse_class_5,mse_mean,r2_class_0,r2_class_1,r2_class_2,r2_class_3,r2_class_4,r2_class_5,r2_mean,time
0.8857516156975043,0.8705145797384246,0.8872720956229327,0.9098754370775849,0.7794760126378837,0.8945173687762229,0.8712345182584255,0.06184983594432422,0.09486210829838598,0.07527960692475526,0.0307089449099246,0.024311046224981078,0.037321597928845505,0.05405552337186944,0.011485905533455775,0.017583526912786,0.013947298692019631,0.003644533392505999,0.0026653146000262732,0.004660996865236393,0.008997929332671678,0.8852148606445533,0.8699368854822986,0.8867995446243022,0.9075303333382798,0.7661394580628375,0.8944395369094242,0.8683434365102828,20.826698780059814
