expl_var_class_0,expl_var_class_1,expl_var_class_2,expl_var_class_3,expl_var_class_4,expl_var_class_5,expl_var_mean,mae_class_0,mae_class_1,mae_class_2,mae_class_3,mae_class_4,mae_class_5,mae_mean,mse_class_0,mse_class_1,mse_class_2,mse_class_3,mse_class_4,mse_class_5,mse_mean,r2_class_0,r2_class_1,r2_class_2,r2_class_3,r2_class_4,r2_class_5,r2_mean,time
0.8758041927943406,0.8743446210075964,0.883173209513642,0.8907340946552958,0.7883739781872396,0.8932722172507487,0.8676170522348104,0.06313979498495553,0.09457948874668738,0.0767107591732714,0.030300345228572036,0.02258736301584717,0.03626581440067769,0.053930594258335206,0.01253086076125736,0.01699788963960109,0.014461994678709438,0.004385556109018668,0.0025401782939550193,0.004714470924497152,0.009271825067839789,0.8747720330334403,0.8742687699845311,0.8826221177719851,0.8887289900097797,0.7771191916948633,0.8932284769962543,0.8651232632484757,15.047869443893433
