expl_var_class_0,expl_var_class_1,expl_var_class_2,expl_var_class_3,expl_var_class_4,expl_var_class_5,expl_var_mean,mae_class_0,mae_class_1,mae_class_2,mae_class_3,mae_class_4,mae_class_5,mae_mean,mse_class_0,mse_class_1,mse_class_2,mse_class_3,mse_class_4,mse_class_5,mse_mean,r2_class_0,r2_class_1,r2_class_2,r2_class_3,r2_class_4,r2_class_5,r2_mean,time
0.8827078558009023,0.881704626711668,0.8896963969578549,0.9031845744692044,0.813225068637023,0.8829820585221532,0.8755834301831343,0.06294404690747417,0.09207695103697307,0.07582526101320215,0.029545998061832474,0.019872705897081552,0.03995778316068527,0.053370457679541454,0.011777273125815309,0.016047932886557575,0.013615861695951465,0.003886257347836613,0.0022064111543092044,0.0051695884019129085,0.008783887435397179,0.8823030597773746,0.8812954793910562,0.8894895865967121,0.9013972756416387,0.8064046517143363,0.8829211515322658,0.8739685341088972,17.670197248458862
