expl_var_class_0,expl_var_class_1,expl_var_class_2,expl_var_class_3,expl_var_class_4,expl_var_class_5,expl_var_mean,mae_class_0,mae_class_1,mae_class_2,mae_class_3,mae_class_4,mae_class_5,mae_mean,mse_class_0,mse_class_1,mse_class_2,mse_class_3,mse_class_4,mse_class_5,mse_mean,r2_class_0,r2_class_1,r2_class_2,r2_class_3,r2_class_4,r2_class_5,r2_mean,time
0.8491787995943914,0.8811656156429685,0.8936308147864784,0.9023752085438913,0.7751266309456007,0.8830973638418231,0.8640957388925253,0.06834740446807556,0.092810286877498,0.07387129671115952,0.030541344263135244,0.022786901646671243,0.038993759293872374,0.05455849887673533,0.015209455322989044,0.01608522222207339,0.013192981458777328,0.0039465124679085185,0.002697364965303048,0.005171404255001469,0.009383823448675466,0.848003325146235,0.8810196549140024,0.8929218093141394,0.8998684733869611,0.7633272888004035,0.8828800267903972,0.8613367630586898,16.1661479473114
