expl_var_class_0,expl_var_class_1,expl_var_class_2,expl_var_class_3,expl_var_class_4,expl_var_class_5,expl_var_mean,mae_class_0,mae_class_1,mae_class_2,mae_class_3,mae_class_4,mae_class_5,mae_mean,mse_class_0,mse_class_1,mse_class_2,mse_class_3,mse_class_4,mse_class_5,mse_mean,r2_class_0,r2_class_1,r2_class_2,r2_class_3,r2_class_4,r2_class_5,r2_mean,time
0.8825421902354977,0.8886359080237264,0.899234798429897,0.9079933188470838,0.8103841984479019,0.8785399767588535,0.87788839845716,0.06172915416992589,0.08898932630741486,0.07268472382980717,0.029389521844797317,0.02016252862462679,0.04058862989959942,0.05225731411269525,0.011858913907606228,0.015126031072428558,0.01243978376654596,0.0036968531696688505,0.002225786744380352,0.005414660784780496,0.00846033824090174,0.881487177347586,0.8881146699789211,0.8990349874736709,0.9062028678350106,0.8047045949951984,0.8773708465279517,0.8761525240263897,14.308651685714722
