expl_var_class_0,expl_var_class_1,expl_var_class_2,expl_var_class_3,expl_var_class_4,expl_var_class_5,expl_var_mean,mae_class_0,mae_class_1,mae_class_2,mae_class_3,mae_class_4,mae_class_5,mae_mean,mse_class_0,mse_class_1,mse_class_2,mse_class_3,mse_class_4,mse_class_5,mse_mean,r2_class_0,r2_class_1,r2_class_2,r2_class_3,r2_class_4,r2_class_5,r2_mean,time
0.8801410523232615,0.8809894799926337,0.8892824763020366,0.9150324292655689,0.80551738180655,0.8800779032138959,0.8751734538173244,0.06244875394828023,0.09235932437369515,0.0748391988866928,0.027332089715925496,0.02178706249952631,0.040404713268901105,0.05319519044883685,0.01206699241492206,0.016098506968878986,0.01373990488136486,0.003388073609374154,0.002327207614322143,0.0053176250724017845,0.008823051760210665,0.8794077313352927,0.8809213893297606,0.8884828149353952,0.9140372707440673,0.7958057056828103,0.8795684739950325,0.8730372310037264,20.399600744247437
