expl_var_class_0,expl_var_class_1,expl_var_class_2,expl_var_class_3,expl_var_class_4,expl_var_class_5,expl_var_mean,mae_class_0,mae_class_1,mae_class_2,mae_class_3,mae_class_4,mae_class_5,mae_mean,mse_class_0,mse_class_1,mse_class_2,mse_class_3,mse_class_4,mse_class_5,mse_mean,r2_class_0,r2_class_1,r2_class_2,r2_class_3,r2_class_4,r2_class_5,r2_mean,time
0.8812859321349649,0.8893392473961829,0.8865103484237684,0.8959426214779239,0.7797822036099367,0.8869023726555866,0.8699604542830605,0.059859430108429736,0.08951576865952061,0.07541235499635174,0.03261499837069302,0.02456852644024405,0.04002718915552392,0.05366637795512719,0.012078949127420325,0.014997209727712867,0.014088531431835973,0.0042296503474294105,0.00267544053418813,0.0050331705926335854,0.008850491960203382,0.8792882411561033,0.889067545098525,0.8856532573887449,0.8926846551806473,0.7652509864164928,0.8860106895726645,0.8663258958021962,15.168818712234497
