expl_var_class_0,expl_var_class_1,expl_var_class_2,expl_var_class_3,expl_var_class_4,expl_var_class_5,expl_var_mean,mae_class_0,mae_class_1,mae_class_2,mae_class_3,mae_class_4,mae_class_5,mae_mean,mse_class_0,mse_class_1,mse_class_2,mse_class_3,mse_class_4,mse_class_5,mse_mean,r2_class_0,r2_class_1,r2_class_2,r2_class_3,r2_class_4,r2_class_5,r2_mean,time
0.8882077482578207,0.8603266856908878,0.8879997852949888,0.9149132284600295,0.7814295271071752,0.8900188924463606,0.8704826445428772,0.059922814701420093,0.09844846847032472,0.07594517428087377,0.029494801072022247,0.024741616577251,0.03798263326386596,0.054422584727626296,0.011256032811341226,0.018926343906386617,0.01390088012430776,0.0034323441178607333,0.0026546924643071398,0.004867409547271674,0.009172950495245859,0.8875121085511357,0.8600042387908096,0.8871762916287869,0.9129140325344473,0.7670714675208512,0.8897647819303074,0.867407153492723,24.2212975025177
