expl_var_class_0,expl_var_class_1,expl_var_class_2,expl_var_class_3,expl_var_class_4,expl_var_class_5,expl_var_mean,mae_class_0,mae_class_1,mae_class_2,mae_class_3,mae_class_4,mae_class_5,mae_mean,mse_class_0,mse_class_1,mse_class_2,mse_class_3,mse_class_4,mse_class_5,mse_mean,r2_class_0,r2_class_1,r2_class_2,r2_class_3,r2_class_4,r2_class_5,r2_mean,time
0.8826330664699793,0.880588443670089,0.8944771115722899,0.9083384265421645,0.7978518726097678,0.8786868661145459,0.8737626311631393,0.05931672389251952,0.09159313343409684,0.0751217777009546,0.02738588216325155,0.020487415580382376,0.04028799999220823,0.05236548879390218,0.01189435893438906,0.016168159989350804,0.01302293939527434,0.0036473122734706157,0.0023801085986802973,0.005409067470362214,0.008753657776921222,0.881132955181395,0.8804061747870204,0.8943019216532102,0.9074598271393192,0.7911640574245202,0.8774975217601556,0.8719937429909369,19.554142475128174
