expl_var_class_0,expl_var_class_1,expl_var_class_2,expl_var_class_3,expl_var_class_4,expl_var_class_5,expl_var_mean,mae_class_0,mae_class_1,mae_class_2,mae_class_3,mae_class_4,mae_class_5,mae_mean,mse_class_0,mse_class_1,mse_class_2,mse_class_3,mse_class_4,mse_class_5,mse_mean,r2_class_0,r2_class_1,r2_class_2,r2_class_3,r2_class_4,r2_class_5,r2_mean,time
0.8838290159993974,0.8748522669268407,0.8950147529501544,0.9159113391142676,0.7991655551623942,0.8707274444535261,0.8732500624344302,0.0605670432530274,0.09349326588850186,0.07214118800601295,0.028420828013966934,0.022476500636027744,0.04317402985008501,0.05337880927460365,0.011761947881186865,0.016940245148385664,0.013055297703524954,0.003373941483251132,0.0024006175365580635,0.005788899604056926,0.008886824892827267,0.8824562136001366,0.8746951589620924,0.8940392919275522,0.9143958332405735,0.7893645582859934,0.8688952297851187,0.8706410476335776,11.92834734916687
