expl_var_class_0,expl_var_class_1,expl_var_class_2,expl_var_class_3,expl_var_class_4,expl_var_class_5,expl_var_mean,mae_class_0,mae_class_1,mae_class_2,mae_class_3,mae_class_4,mae_class_5,mae_mean,mse_class_0,mse_class_1,mse_class_2,mse_class_3,mse_class_4,mse_class_5,mse_mean,r2_class_0,r2_class_1,r2_class_2,r2_class_3,r2_class_4,r2_class_5,r2_mean,time
0.8703220474655895,0.8767750953548816,0.8920429815482254,0.8866975345827102,0.7969207822989899,0.8891148312015804,0.8686455454086629,0.06299682561642053,0.09263560995579204,0.07489504768778232,0.03143739389762508,0.021921348424330845,0.03769665558129334,0.0535971468605407,0.013126661614780927,0.016705953699622703,0.013330656033028817,0.004565912327093721,0.0024259736620061588,0.004911836571674004,0.009177832318034387,0.868817858693368,0.876428183040943,0.8918044012164811,0.8841529640636155,0.7871397562912646,0.88875861578061,0.8661836298477136,9.200438261032104
