expl_var_class_0,expl_var_class_1,expl_var_class_2,expl_var_class_3,expl_var_class_4,expl_var_class_5,expl_var_mean,mae_class_0,mae_class_1,mae_class_2,mae_class_3,mae_class_4,mae_class_5,mae_mean,mse_class_0,mse_class_1,mse_class_2,mse_class_3,mse_class_4,mse_class_5,mse_mean,r2_class_0,r2_class_1,r2_class_2,r2_class_3,r2_class_4,r2_class_5,r2_mean,time
0.874698230819287,0.8638388040161189,0.8777481270615052,0.90431812501386,0.773213333104129,0.8939019852731768,0.8646197675480128,0.062038007127778405,0.0980446525714752,0.0784343765872112,0.02927467488430299,0.022921829394537994,0.03654067499562182,0.0545423692601546,0.01265671507277179,0.018408676547990156,0.01513183434039535,0.0038266481221619878,0.002701287670130859,0.004688044150162799,0.009568867650602157,0.8735142998365593,0.8638333584691965,0.8771854983658965,0.902909690163462,0.7629831020853033,0.8938269804103052,0.8623754882217872,21.56897234916687
