expl_var_class_0,expl_var_class_1,expl_var_class_2,expl_var_class_3,expl_var_class_4,expl_var_class_5,expl_var_mean,mae_class_0,mae_class_1,mae_class_2,mae_class_3,mae_class_4,mae_class_5,mae_mean,mse_class_0,mse_class_1,mse_class_2,mse_class_3,mse_class_4,mse_class_5,mse_mean,r2_class_0,r2_class_1,r2_class_2,r2_class_3,r2_class_4,r2_class_5,r2_mean,time
0.8740927664300153,0.8776757649106381,0.8874946250590193,0.9181831539214763,0.776663672977704,0.8783914446091816,0.8687502379846727,0.06377517695815028,0.0931584638678262,0.07590607511263807,0.025493749407521523,0.02332341114149969,0.03984094361358724,0.05358297001687051,0.012687302765064619,0.016544098717403456,0.013934918720161326,0.003241574018316979,0.002677401803647675,0.00539432294304216,0.009079936494606035,0.8732086197565545,0.8776254037801074,0.8869000241854592,0.9177542810968852,0.76507890033754,0.8778314501400618,0.8663997798827681,15.732942342758179
