expl_var_class_0,expl_var_class_1,expl_var_class_2,expl_var_class_3,expl_var_class_4,expl_var_class_5,expl_var_mean,mae_class_0,mae_class_1,mae_class_2,mae_class_3,mae_class_4,mae_class_5,mae_mean,mse_class_0,mse_class_1,mse_class_2,mse_class_3,mse_class_4,mse_class_5,mse_mean,r2_class_0,r2_class_1,r2_class_2,r2_class_3,r2_class_4,r2_class_5,r2_mean,time
0.8875090197503124,0.8802414356210723,0.8883461113000877,0.9183338566375563,0.7667617915933038,0.8973419372659205,0.8730890253613754,0.060139986914476876,0.09136954490304108,0.07719830402013175,0.027484113575051088,0.024013672588981256,0.03601786824272761,0.05270391504073494,0.011378825694428173,0.01621093537361354,0.013781970903610994,0.003265957029486631,0.0028151049492810593,0.00453433094817702,0.008664520816432902,0.8862849699371242,0.8800897707044096,0.8881413944941142,0.9171356315546138,0.752996524672034,0.8973082178481104,0.870326084868401,24.060258150100708
