expl_var_class_0,expl_var_class_1,expl_var_class_2,expl_var_class_3,expl_var_class_4,expl_var_class_5,expl_var_mean,mae_class_0,mae_class_1,mae_class_2,mae_class_3,mae_class_4,mae_class_5,mae_mean,mse_class_0,mse_class_1,mse_class_2,mse_class_3,mse_class_4,mse_class_5,mse_mean,r2_class_0,r2_class_1,r2_class_2,r2_class_3,r2_class_4,r2_class_5,r2_mean,time
0.8701594587514978,0.882249266161367,0.8945908258187903,0.8697883466702178,0.7866216355516796,0.887605883386104,0.8651692360566093,0.06330530520065697,0.09133833327955741,0.07341006329062078,0.03409437779908504,0.02202735347468208,0.03848546959637234,0.053776817106829106,0.013161298771448308,0.015947779963473147,0.013064942303827858,0.005287125338899696,0.002526449981659723,0.004987668951441778,0.00916254421845842,0.8684717100293937,0.8820362978382894,0.8939610134615701,0.8658542356362882,0.7783237438904012,0.887041193229814,0.8626146990142928,13.36668872833252
