expl_var_class_0,expl_var_class_1,expl_var_class_2,expl_var_class_3,expl_var_class_4,expl_var_class_5,expl_var_mean,mae_class_0,mae_class_1,mae_class_2,mae_class_3,mae_class_4,mae_class_5,mae_mean,mse_class_0,mse_class_1,mse_class_2,mse_class_3,mse_class_4,mse_class_5,mse_mean,r2_class_0,r2_class_1,r2_class_2,r2_class_3,r2_class_4,r2_class_5,r2_mean,time
0.886798169931109,0.86731173926242,0.876889975343279,0.9073811457185439,0.8144200257863609,0.895759803874315,0.8747601433193379,0.05882939119999879,0.09697916450492688,0.07977848349714897,0.028551946627654288,0.020299795957146524,0.03629020479797912,0.053454831097475765,0.011475378799561998,0.01793904502473636,0.015204132022963881,0.003704440064317938,0.0021880119229397755,0.0046119866187443155,0.009187165742210712,0.8853200602401303,0.8673071631781748,0.876598708710775,0.9060103719669137,0.8080190405820667,0.8955495021090307,0.8731341411311818,22.38998508453369
