expl_var_class_0,expl_var_class_1,expl_var_class_2,expl_var_class_3,expl_var_class_4,expl_var_class_5,expl_var_mean,mae_class_0,mae_class_1,mae_class_2,mae_class_3,mae_class_4,mae_class_5,mae_mean,mse_class_0,mse_class_1,mse_class_2,mse_class_3,mse_class_4,mse_class_5,mse_mean,r2_class_0,r2_class_1,r2_class_2,r2_class_3,r2_class_4,r2_class_5,r2_mean,time
0.8787653439454842,0.8831025027508432,0.8933087881126015,0.8978195383143988,0.8082499087304293,0.8815522475521265,0.8737997215676473,0.06360117288695076,0.09090554455623233,0.07376047031946346,0.030680193062613027,0.020424651592116285,0.03942224566485676,0.0531323796803721,0.012183164233634998,0.015845250419772722,0.013207468084081912,0.0041062050741151965,0.0022683625740665472,0.005242597901785448,0.008808841381242802,0.8782467607560642,0.88279469584626,0.8928042315223715,0.8958167278069544,0.8009688984272436,0.8812676604788737,0.8719831624729614,22.778132438659668
