expl_var_class_0,expl_var_class_1,expl_var_class_2,expl_var_class_3,expl_var_class_4,expl_var_class_5,expl_var_mean,mae_class_0,mae_class_1,mae_class_2,mae_class_3,mae_class_4,mae_class_5,mae_mean,mse_class_0,mse_class_1,mse_class_2,mse_class_3,mse_class_4,mse_class_5,mse_mean,r2_class_0,r2_class_1,r2_class_2,r2_class_3,r2_class_4,r2_class_5,r2_mean,time
0.8668726458140859,0.8757187361640018,0.8858060584845115,0.6583075408211656,0.36913200782717337,0.8422928202702702,0.7496883015635346,0.06859931329711406,0.09230429339109722,0.07575130269847981,0.060246784499845774,0.03412938431377933,0.04607489216350564,0.06285099506063697,0.013370549575052787,0.017349478938110854,0.01410779768012528,0.013773481151808483,0.007370433433978829,0.006995537737931909,0.012161213086168023,0.8663805485983669,0.8716681086142559,0.8854968867446589,0.6505370993449829,0.35330202402182476,0.8415677537371099,0.7448254035101999,4.164113521575928
