expl_var_class_0,expl_var_class_1,expl_var_class_2,expl_var_class_3,expl_var_class_4,expl_var_class_5,expl_var_mean,mae_class_0,mae_class_1,mae_class_2,mae_class_3,mae_class_4,mae_class_5,mae_mean,mse_class_0,mse_class_1,mse_class_2,mse_class_3,mse_class_4,mse_class_5,mse_mean,r2_class_0,r2_class_1,r2_class_2,r2_class_3,r2_class_4,r2_class_5,r2_mean,time
0.8601145628029302,0.8815106177168679,0.8990054553518074,0.917860754792525,0.759916089856785,0.9006300651892869,0.8698395909517004,0.06643874379275327,0.0916555760725062,0.07262862478713185,0.026251015584927102,0.024503597053895248,0.035350140644031136,0.0528046163225408,0.014081989104330893,0.016038243496916023,0.012490525938712723,0.0032686443645224,0.002907870256350266,0.004390766865791044,0.008863006671103893,0.8592707316776813,0.8813671505751598,0.8986231487998985,0.9170674480731626,0.7448570934079131,0.9005596019313883,0.866957529077534,17.704482078552246
