expl_var_class_0,expl_var_class_1,expl_var_class_2,expl_var_class_3,expl_var_class_4,expl_var_class_5,expl_var_mean,mae_class_0,mae_class_1,mae_class_2,mae_class_3,mae_class_4,mae_class_5,mae_mean,mse_class_0,mse_class_1,mse_class_2,mse_class_3,mse_class_4,mse_class_5,mse_mean,r2_class_0,r2_class_1,r2_class_2,r2_class_3,r2_class_4,r2_class_5,r2_mean,time
0.8780992885635523,0.8918427279102714,0.8883003473615138,0.8913781527346818,0.785429713196341,0.8827055498437345,0.8696259632683492,0.06158415148839528,0.0873519691337728,0.07558999623058558,0.03179155205343746,0.022190246442701664,0.03881997682235551,0.052887982028541385,0.012281456996381139,0.014705745043918354,0.013799221695753476,0.004382065224434872,0.002547248181524482,0.00519695016067566,0.008818781217114664,0.8772644656782765,0.89122347233282,0.8880013818960304,0.8888175612750291,0.7764988642714465,0.882301472950735,0.8673512030673894,18.201902389526367
