expl_var_class_0,expl_var_class_1,expl_var_class_2,expl_var_class_3,expl_var_class_4,expl_var_class_5,expl_var_mean,mae_class_0,mae_class_1,mae_class_2,mae_class_3,mae_class_4,mae_class_5,mae_mean,mse_class_0,mse_class_1,mse_class_2,mse_class_3,mse_class_4,mse_class_5,mse_mean,r2_class_0,r2_class_1,r2_class_2,r2_class_3,r2_class_4,r2_class_5,r2_mean,time
0.8569854699567299,0.8672247849023064,0.8827037576091218,0.9100359146202398,0.7711189241449032,0.8930098672098528,0.8635131197405257,0.06575226784060584,0.0973213865024671,0.0784881371188463,0.028798770132211868,0.024089398576182728,0.037265605071601086,0.05528592754031916,0.01447460859233991,0.017982016141470988,0.014485702586336155,0.003604472822563093,0.00277153631616915,0.004738792826498337,0.009676188214229607,0.8553470634467778,0.8669893112873379,0.8824296972898107,0.9085467563340236,0.7568193319875052,0.8926776439206868,0.8604683007110235,18.854262828826904
