expl_var_class_0,expl_var_class_1,expl_var_class_2,expl_var_class_3,expl_var_class_4,expl_var_class_5,expl_var_mean,mae_class_0,mae_class_1,mae_class_2,mae_class_3,mae_class_4,mae_class_5,mae_mean,mse_class_0,mse_class_1,mse_class_2,mse_class_3,mse_class_4,mse_class_5,mse_mean,r2_class_0,r2_class_1,r2_class_2,r2_class_3,r2_class_4,r2_class_5,r2_mean,time
0.8495027988970117,0.8801678062278316,0.9017672472635145,0.9060450650223106,0.7615918099726041,0.8884916217487633,0.8645943915220059,0.07085057816124567,0.0924133637179944,0.07143061332057926,0.02984448907669363,0.02361583825219129,0.037663917916960436,0.05430313340761078,0.015080689015195492,0.01625194303124034,0.012167717122905982,0.003769538590250543,0.0028747155834033806,0.004924394083491466,0.009178166237747866,0.8492901595661523,0.8797864422711282,0.9012431618759447,0.9043586820673136,0.7477661570445403,0.8884742180860732,0.8618198034851919,15.765436172485352
