expl_var_class_0,expl_var_class_1,expl_var_class_2,expl_var_class_3,expl_var_class_4,expl_var_class_5,expl_var_mean,mae_class_0,mae_class_1,mae_class_2,mae_class_3,mae_class_4,mae_class_5,mae_mean,mse_class_0,mse_class_1,mse_class_2,mse_class_3,mse_class_4,mse_class_5,mse_mean,r2_class_0,r2_class_1,r2_class_2,r2_class_3,r2_class_4,r2_class_5,r2_mean,time
0.8652944891124241,0.8807329194104074,0.8957248479674547,0.8982959166572293,0.7783229801067104,0.8874158653824837,0.867631169772785,0.06409598108330919,0.0928032632988568,0.0731840998106937,0.03012005349993923,0.022695543068095164,0.038366480698552106,0.0535442369099077,0.013604028329203956,0.01616661382038118,0.012889750628891843,0.004106929943132952,0.002648319970531295,0.004981561141240958,0.009066200638897032,0.8640472635775459,0.8804176116024419,0.8953829215900692,0.8957983363177769,0.7676306040850285,0.8871795205644828,0.8650760429562242,19.91493272781372
