expl_var_class_0,expl_var_class_1,expl_var_class_2,expl_var_class_3,expl_var_class_4,expl_var_class_5,expl_var_mean,mae_class_0,mae_class_1,mae_class_2,mae_class_3,mae_class_4,mae_class_5,mae_mean,mse_class_0,mse_class_1,mse_class_2,mse_class_3,mse_class_4,mse_class_5,mse_mean,r2_class_0,r2_class_1,r2_class_2,r2_class_3,r2_class_4,r2_class_5,r2_mean,time
0.8789088630542855,0.8779482884829878,0.8913859390078095,0.9086180163156954,0.7745825726403368,0.8971187668883438,0.8714270743982432,0.06118548513863032,0.09350165400455213,0.0757400320546806,0.028993380245996656,0.023390551436270734,0.036555120088164646,0.05322770382804918,0.01222966021441683,0.0165229528902448,0.013408939390012772,0.003659370824840773,0.0027032156501238,0.004544529829702694,0.008844778133223612,0.8777821001667911,0.8777818167769396,0.8911690300342469,0.9071538757031451,0.762813936897078,0.8970772375046381,0.8689629995138063,16.96807050704956
