expl_var_class_0,expl_var_class_1,expl_var_class_2,expl_var_class_3,expl_var_class_4,expl_var_class_5,expl_var_mean,mae_class_0,mae_class_1,mae_class_2,mae_class_3,mae_class_4,mae_class_5,mae_mean,mse_class_0,mse_class_1,mse_class_2,mse_class_3,mse_class_4,mse_class_5,mse_mean,r2_class_0,r2_class_1,r2_class_2,r2_class_3,r2_class_4,r2_class_5,r2_mean,time
0.8742908676980469,0.8881979727848591,0.9024276583147004,0.8970988679958016,0.7972937979321988,0.8879487987255897,0.8745429939085327,0.06544667530239523,0.0885387275494163,0.07543941339940537,0.03035838666328325,0.02056771310269578,0.03812872041236696,0.05307993940492716,0.012618145288240441,0.015227447091932227,0.012021881951488253,0.004124396384018045,0.002389625266491748,0.00494759386521528,0.008554848307897666,0.8738997494712828,0.8873645085679561,0.9024268038254588,0.895355175069829,0.7903290441424858,0.8879487983586687,0.8728873465726136,18.570746898651123
