expl_var_class_0,expl_var_class_1,expl_var_class_2,expl_var_class_3,expl_var_class_4,expl_var_class_5,expl_var_mean,mae_class_0,mae_class_1,mae_class_2,mae_class_3,mae_class_4,mae_class_5,mae_mean,mse_class_0,mse_class_1,mse_class_2,mse_class_3,mse_class_4,mse_class_5,mse_mean,r2_class_0,r2_class_1,r2_class_2,r2_class_3,r2_class_4,r2_class_5,r2_mean,time
0.8703780330808102,0.8721035053384003,0.8770399943156364,0.6549659091757263,0.34865463405152375,0.8519183087328747,0.745843397449162,0.06599800222416788,0.09408841893967884,0.0799096313617762,0.06298600174300256,0.03617209698015972,0.04433195607381497,0.06391435122043336,0.013064421558891036,0.017994990838182668,0.015158561199405635,0.014037350067393225,0.007652353409843595,0.006548281696839504,0.012409326461759277,0.8694398587148728,0.8668933391042478,0.8769685751696895,0.6438421762811191,0.3285657477345917,0.851697036416938,0.7395677889035764,5.089274883270264
