expl_var_class_0,expl_var_class_1,expl_var_class_2,expl_var_class_3,expl_var_class_4,expl_var_class_5,expl_var_mean,mae_class_0,mae_class_1,mae_class_2,mae_class_3,mae_class_4,mae_class_5,mae_mean,mse_class_0,mse_class_1,mse_class_2,mse_class_3,mse_class_4,mse_class_5,mse_mean,r2_class_0,r2_class_1,r2_class_2,r2_class_3,r2_class_4,r2_class_5,r2_mean,time
0.8724305296653252,0.875694857181403,0.8926068310952723,0.9009055120541511,0.782218828992834,0.8846283993389756,0.8680808263879936,0.06394996204554572,0.09308432697011682,0.07593700360067034,0.029948948469159298,0.023181906832095728,0.03881968565164639,0.05415363892820572,0.012876555840710107,0.016871353428620315,0.013262069940828907,0.0039874130949054025,0.002625770398255337,0.005104230065564999,0.009121232128147512,0.8713173069124658,0.875204742260233,0.8923610664920237,0.8988307363333141,0.7696091529560904,0.8844013619789134,0.8652873944888401,18.001633644104004
