expl_var_class_0,expl_var_class_1,expl_var_class_2,expl_var_class_3,expl_var_class_4,expl_var_class_5,expl_var_mean,mae_class_0,mae_class_1,mae_class_2,mae_class_3,mae_class_4,mae_class_5,mae_mean,mse_class_0,mse_class_1,mse_class_2,mse_class_3,mse_class_4,mse_class_5,mse_mean,r2_class_0,r2_class_1,r2_class_2,r2_class_3,r2_class_4,r2_class_5,r2_mean,time
0.881694122711181,0.8965092923760669,0.9046610436480724,0.9139439488740477,0.8135425718572066,0.8819836446288132,0.8820557706825647,0.06367218736325575,0.08561113816962741,0.07052782497414599,0.027259082120341036,0.02137636977651138,0.04043601142903483,0.0514804356388194,0.01189157834259761,0.01407448721502734,0.011789374425757573,0.0034293497257004766,0.002226472204879652,0.005256854372701291,0.00811135271444399,0.8811607432051902,0.8958928062893395,0.9043139045732222,0.9129900067168989,0.8046444511893448,0.880944785412568,0.879991116231094,16.181010484695435
