expl_var_class_0,expl_var_class_1,expl_var_class_2,expl_var_class_3,expl_var_class_4,expl_var_class_5,expl_var_mean,mae_class_0,mae_class_1,mae_class_2,mae_class_3,mae_class_4,mae_class_5,mae_mean,mse_class_0,mse_class_1,mse_class_2,mse_class_3,mse_class_4,mse_class_5,mse_mean,r2_class_0,r2_class_1,r2_class_2,r2_class_3,r2_class_4,r2_class_5,r2_mean,time
0.8640732238145904,0.8902812776044332,0.8987949758137653,0.9075782773767613,0.7844766720214071,0.8837710429735587,0.8714959116007526,0.06615692734001548,0.08876239348699794,0.07085826673659364,0.02864264887193559,0.022042002459405994,0.03864739507392514,0.052518272328145627,0.013670811925663615,0.014839144802335719,0.012585426012074545,0.0036936078589509804,0.0025580704972183186,0.00515082249223413,0.008749647264746217,0.8633798573896793,0.8902367312687701,0.8978529113684816,0.9062852083620345,0.7755492905839161,0.8833461546320924,0.8694416922674956,22.641399383544922
