expl_var_class_0,expl_var_class_1,expl_var_class_2,expl_var_class_3,expl_var_class_4,expl_var_class_5,expl_var_mean,mae_class_0,mae_class_1,mae_class_2,mae_class_3,mae_class_4,mae_class_5,mae_mean,mse_class_0,mse_class_1,mse_class_2,mse_class_3,mse_class_4,mse_class_5,mse_mean,r2_class_0,r2_class_1,r2_class_2,r2_class_3,r2_class_4,r2_class_5,r2_mean,time
0.8637441860985458,0.8853232974095593,0.8961461614967074,0.9111794554775283,0.7655875228079917,0.8926261703943297,0.869101132280777,0.06378515149968375,0.09118241531469677,0.0748523469680326,0.028492713456753475,0.02317541799775522,0.03746008530666626,0.05315802175726469,0.013818328554084785,0.015512955079745538,0.012818925202165002,0.0035476032825441494,0.0028009329421169334,0.004751641692262917,0.008875064458819887,0.8619056404286178,0.8852526422570126,0.8959577619756303,0.9099896591263454,0.7542400076273696,0.8923866477540913,0.8666220598615112,15.608187913894653
