expl_var_class_0,expl_var_class_1,expl_var_class_2,expl_var_class_3,expl_var_class_4,expl_var_class_5,expl_var_mean,mae_class_0,mae_class_1,mae_class_2,mae_class_3,mae_class_4,mae_class_5,mae_mean,mse_class_0,mse_class_1,mse_class_2,mse_class_3,mse_class_4,mse_class_5,mse_mean,r2_class_0,r2_class_1,r2_class_2,r2_class_3,r2_class_4,r2_class_5,r2_mean,time
0.8810695111627597,0.8743786027281046,0.8922452536131905,0.9204877690093689,0.8000202150811335,0.8835879932734608,0.8752982241446697,0.06313922443056105,0.09433547261542077,0.07481954822319917,0.02589706778202309,0.02203726526544913,0.03899910069356387,0.05320461316836952,0.011950547670878879,0.017004965049206823,0.013340303850424451,0.0031566772977519083,0.002386740895416546,0.005161207040814958,0.008833406967415594,0.88057142941145,0.874216434078636,0.8917260966396103,0.9199082938622689,0.7905821251794442,0.883110969372614,0.8733525580906706,18.644108295440674
