expl_var_class_0,expl_var_class_1,expl_var_class_2,expl_var_class_3,expl_var_class_4,expl_var_class_5,expl_var_mean,mae_class_0,mae_class_1,mae_class_2,mae_class_3,mae_class_4,mae_class_5,mae_mean,mse_class_0,mse_class_1,mse_class_2,mse_class_3,mse_class_4,mse_class_5,mse_mean,r2_class_0,r2_class_1,r2_class_2,r2_class_3,r2_class_4,r2_class_5,r2_mean,time
0.8684538434487601,0.8779524558692722,0.87838430307575,0.8931482449033478,0.7871204666225987,0.8984049520794506,0.8672440443331967,0.06196068194112796,0.09329771881349808,0.08011174597325676,0.030952681926107773,0.023405677547511425,0.03587356093746014,0.054267011189827026,0.013376894685255028,0.016536790233951538,0.015001360526699894,0.004299158076170837,0.002576000740058789,0.004496398979191372,0.009381100540221244,0.8663171383294361,0.8776794637036297,0.8782444629332345,0.890921094303321,0.7739760517971342,0.8981672864825322,0.8642175829248812,21.2340030670166
