expl_var_class_0,expl_var_class_1,expl_var_class_2,expl_var_class_3,expl_var_class_4,expl_var_class_5,expl_var_mean,mae_class_0,mae_class_1,mae_class_2,mae_class_3,mae_class_4,mae_class_5,mae_mean,mse_class_0,mse_class_1,mse_class_2,mse_class_3,mse_class_4,mse_class_5,mse_mean,r2_class_0,r2_class_1,r2_class_2,r2_class_3,r2_class_4,r2_class_5,r2_mean,time
0.876617979108158,0.8734206238267213,0.8837679315329249,0.9020120618132109,0.7959244552223808,0.8894331579347772,0.8701960349063622,0.061418298765654876,0.09487182255308889,0.077407374077472,0.030023023306863458,0.02229608713919614,0.036794006357269045,0.05380176869992406,0.012460282232905313,0.017126668958624986,0.014357751248238591,0.003939940205296238,0.002438542711722048,0.00488320865111607,0.009201065667983876,0.8754773641184641,0.8733162057236297,0.8834681886893576,0.9000352258536062,0.7860369203340519,0.8894069699071607,0.8679568124377117,25.410527229309082
