expl_var_class_0,expl_var_class_1,expl_var_class_2,expl_var_class_3,expl_var_class_4,expl_var_class_5,expl_var_mean,mae_class_0,mae_class_1,mae_class_2,mae_class_3,mae_class_4,mae_class_5,mae_mean,mse_class_0,mse_class_1,mse_class_2,mse_class_3,mse_class_4,mse_class_5,mse_mean,r2_class_0,r2_class_1,r2_class_2,r2_class_3,r2_class_4,r2_class_5,r2_mean,time
0.8425771881258455,0.8811715936396233,0.8917322955307397,0.9068970535405132,0.5074488271058043,0.8820501017866259,0.8186461766215253,0.06567779728100527,0.09134488442884808,0.07765812029915235,0.027332058752729888,0.03364089014168362,0.03856904531248413,0.05570379936931722,0.016192876319779406,0.016099279147386184,0.013342482011040439,0.0036806674902036857,0.006032170746089143,0.0052309256286570145,0.010096400223859311,0.8381754438500799,0.8809156776234511,0.8917084180353835,0.9066135334055099,0.47072412400247265,0.88153200962829,0.8116115344241979,5.016620397567749
