expl_var_class_0,expl_var_class_1,expl_var_class_2,expl_var_class_3,expl_var_class_4,expl_var_class_5,expl_var_mean,mae_class_0,mae_class_1,mae_class_2,mae_class_3,mae_class_4,mae_class_5,mae_mean,mse_class_0,mse_class_1,mse_class_2,mse_class_3,mse_class_4,mse_class_5,mse_mean,r2_class_0,r2_class_1,r2_class_2,r2_class_3,r2_class_4,r2_class_5,r2_mean,time
0.8921182430638399,0.8713277978399034,0.8825068247237404,0.9058386947358964,0.7831381145804575,0.8978806583014235,0.8721350555408769,0.05753919295311777,0.09433173327589,0.0780678160323198,0.029509017641886837,0.023591482537341845,0.03568609427680016,0.05312088945289273,0.010961132105577144,0.01743709913149144,0.0145119832241384,0.0037836903189422044,0.0026200680403143215,0.004530379894476179,0.008974058785823283,0.8904592178154904,0.8710199931763096,0.8822163957586346,0.9039996222113946,0.7701094903340466,0.8973976997916551,0.8692004031812551,11.788381576538086
