expl_var_class_0,expl_var_class_1,expl_var_class_2,expl_var_class_3,expl_var_class_4,expl_var_class_5,expl_var_mean,mae_class_0,mae_class_1,mae_class_2,mae_class_3,mae_class_4,mae_class_5,mae_mean,mse_class_0,mse_class_1,mse_class_2,mse_class_3,mse_class_4,mse_class_5,mse_mean,r2_class_0,r2_class_1,r2_class_2,r2_class_3,r2_class_4,r2_class_5,r2_mean,time
0.8545698440659202,0.8715490175964353,0.8872651792219138,0.8882609064784143,0.7951964056321302,0.8933781675292424,0.8650365867540093,0.06616446212949448,0.09534366581486561,0.07782606648688381,0.03195643315045781,0.02166443880067708,0.03668446385524995,0.054939921706271454,0.014678977703424346,0.017449196907116653,0.013904738955602947,0.004525001197269274,0.0024334986320285064,0.004718601039935457,0.00961833573922953,0.8533046875254848,0.8709305074670799,0.8871449721977287,0.885190967596633,0.7864794989364782,0.8931349397313965,0.8626975955758001,16.54475212097168
