expl_var_class_0,expl_var_class_1,expl_var_class_2,expl_var_class_3,expl_var_class_4,expl_var_class_5,expl_var_mean,mae_class_0,mae_class_1,mae_class_2,mae_class_3,mae_class_4,mae_class_5,mae_mean,mse_class_0,mse_class_1,mse_class_2,mse_class_3,mse_class_4,mse_class_5,mse_mean,r2_class_0,r2_class_1,r2_class_2,r2_class_3,r2_class_4,r2_class_5,r2_mean,time
0.8698570933932954,0.8801034006478023,0.8962531965535188,0.910465675513126,0.7987392669435969,0.8747587923587201,0.8716962375683432,0.06380355883294873,0.09162669031237321,0.07345003039792718,0.02892841868687339,0.023027817227003762,0.04129252891384042,0.05368817406182779,0.01314572798425,0.016253265878151665,0.012835088993660735,0.0035956781257341307,0.002431481643612085,0.005555794107949122,0.00896950612222629,0.8686273176976986,0.8797766573405981,0.8958265718005062,0.9087698967464114,0.7866564739187712,0.8741745133438837,0.8689719051413115,17.894261360168457
