expl_var_class_0,expl_var_class_1,expl_var_class_2,expl_var_class_3,expl_var_class_4,expl_var_class_5,expl_var_mean,mae_class_0,mae_class_1,mae_class_2,mae_class_3,mae_class_4,mae_class_5,mae_mean,mse_class_0,mse_class_1,mse_class_2,mse_class_3,mse_class_4,mse_class_5,mse_mean,r2_class_0,r2_class_1,r2_class_2,r2_class_3,r2_class_4,r2_class_5,r2_mean,time
0.8766503453651538,0.870040012365453,0.8871502643292634,0.8963425344688948,0.7490325315779336,0.8947512232385332,0.8623278185575386,0.06107810033603597,0.09410618767846288,0.07700688503090646,0.03133318385195584,0.02645844141307017,0.036162948625176244,0.05435762448926793,0.012563734760773533,0.01764695342730831,0.013932094074086097,0.004184205906288091,0.0030855232098443795,0.004663268804136601,0.0093459633637395,0.8744435045944206,0.869467727612965,0.8869229498593872,0.8938376785917119,0.7292694340822705,0.8943880829116307,0.8580548962753977,13.637860536575317
