expl_var_class_0,expl_var_class_1,expl_var_class_2,expl_var_class_3,expl_var_class_4,expl_var_class_5,expl_var_mean,mae_class_0,mae_class_1,mae_class_2,mae_class_3,mae_class_4,mae_class_5,mae_mean,mse_class_0,mse_class_1,mse_class_2,mse_class_3,mse_class_4,mse_class_5,mse_mean,r2_class_0,r2_class_1,r2_class_2,r2_class_3,r2_class_4,r2_class_5,r2_mean,time
0.8679001167682239,0.8854852430838839,0.8961285773272727,0.8905163654265021,0.7731399602049192,0.888717060294048,0.866981220517475,0.06291780563951052,0.09015827534902565,0.07250491253799082,0.03165553629376771,0.022520031549401374,0.038493148070248964,0.05304161823999084,0.01334173405085554,0.015511962744737038,0.012927231110429207,0.004431799769639154,0.0027049431592883646,0.00495289807650965,0.008978428151909823,0.866668518401962,0.8852599824329905,0.8950787187711995,0.8875556886780956,0.7626623614585079,0.8878286706227458,0.8641756567275837,6.072939157485962
