expl_var_class_0,expl_var_class_1,expl_var_class_2,expl_var_class_3,expl_var_class_4,expl_var_class_5,expl_var_mean,mae_class_0,mae_class_1,mae_class_2,mae_class_3,mae_class_4,mae_class_5,mae_mean,mse_class_0,mse_class_1,mse_class_2,mse_class_3,mse_class_4,mse_class_5,mse_mean,r2_class_0,r2_class_1,r2_class_2,r2_class_3,r2_class_4,r2_class_5,r2_mean,time
0.8759818601911713,0.8626896213956129,0.8670614984951115,0.9045397737408505,0.6342640727803496,0.8898823793612021,0.8390698676607163,0.05925888711012798,0.0981419377418349,0.0831334607267844,0.029051424125286437,0.031158620217899512,0.037829230401022595,0.056428926720492635,0.012812577639068413,0.01859760645904107,0.0163903209379637,0.003789435987676773,0.004487158170919061,0.004900719627113534,0.010162969803630425,0.8719566772058887,0.8624358679214403,0.8669712440450607,0.9038538422128558,0.6062869120221102,0.8890103880623526,0.8334191552449514,5.1426403522491455
