expl_var_class_0,expl_var_class_1,expl_var_class_2,expl_var_class_3,expl_var_class_4,expl_var_class_5,expl_var_mean,mae_class_0,mae_class_1,mae_class_2,mae_class_3,mae_class_4,mae_class_5,mae_mean,mse_class_0,mse_class_1,mse_class_2,mse_class_3,mse_class_4,mse_class_5,mse_mean,r2_class_0,r2_class_1,r2_class_2,r2_class_3,r2_class_4,r2_class_5,r2_mean,time
0.8789832510176487,0.8945780144414777,0.9021288960184604,0.8873926395759119,0.7996432925603163,0.891268796413277,0.8756658150045152,0.06119664651939012,0.08590127738004408,0.07197533396156143,0.03246340418960639,0.024237126387688455,0.038986534410055694,0.05246005380805768,0.012262618600030615,0.014410075646116778,0.012077580072467209,0.0045697021778860645,0.0024402668168473198,0.004829183392598851,0.008431571117657806,0.8774527284098504,0.8934105013023995,0.9019747411861181,0.8840568073813401,0.7858856435733466,0.8906305131689467,0.8722351558370004,19.310142755508423
