expl_var_class_0,expl_var_class_1,expl_var_class_2,expl_var_class_3,expl_var_class_4,expl_var_class_5,expl_var_mean,mae_class_0,mae_class_1,mae_class_2,mae_class_3,mae_class_4,mae_class_5,mae_mean,mse_class_0,mse_class_1,mse_class_2,mse_class_3,mse_class_4,mse_class_5,mse_mean,r2_class_0,r2_class_1,r2_class_2,r2_class_3,r2_class_4,r2_class_5,r2_mean,time
0.8853721342735601,0.8845761645630426,0.8933353343854187,0.9092451554380815,0.7782251878502033,0.886735261209302,0.8729148729532681,0.0595188516557744,0.09113193880657305,0.07658610137260334,0.02857088384190073,0.023192845581637495,0.03844771213827587,0.05290805556612747,0.011601006384979339,0.01566574798415327,0.013148567766973618,0.0036356022337929172,0.0026558433533009048,0.005009257765458505,0.008619337581443093,0.8840645928451553,0.8841224525560475,0.8932822841450092,0.9077569360827628,0.7669704859992745,0.8865522580790142,0.8704581682845439,17.88339853286743
