expl_var_class_0,expl_var_class_1,expl_var_class_2,expl_var_class_3,expl_var_class_4,expl_var_class_5,expl_var_mean,mae_class_0,mae_class_1,mae_class_2,mae_class_3,mae_class_4,mae_class_5,mae_mean,mse_class_0,mse_class_1,mse_class_2,mse_class_3,mse_class_4,mse_class_5,mse_mean,r2_class_0,r2_class_1,r2_class_2,r2_class_3,r2_class_4,r2_class_5,r2_mean,time
0.8717594604115361,0.8822330303530496,0.9059389299218551,0.8949745177179487,0.7819111772845817,0.892448529142079,0.8715442741385084,0.06481557523294978,0.09091200977608707,0.07199910504373591,0.030662207027340852,0.022671542857783986,0.03681599324230785,0.052979405530034246,0.012875449664286115,0.015984658432276994,0.01160989717658628,0.004219676400698304,0.002601055172751198,0.0047492903042504,0.008673337858474883,0.8713283615580582,0.8817635124901017,0.9057705957063513,0.8929377157045058,0.7717777209857106,0.8924399010848022,0.8693363012549216,14.269778966903687
