expl_var_class_0,expl_var_class_1,expl_var_class_2,expl_var_class_3,expl_var_class_4,expl_var_class_5,expl_var_mean,mae_class_0,mae_class_1,mae_class_2,mae_class_3,mae_class_4,mae_class_5,mae_mean,mse_class_0,mse_class_1,mse_class_2,mse_class_3,mse_class_4,mse_class_5,mse_mean,r2_class_0,r2_class_1,r2_class_2,r2_class_3,r2_class_4,r2_class_5,r2_mean,time
0.8885561067840285,0.8878607031887575,0.887593866275543,0.8930224265431836,0.7833228943061906,0.8766093384700757,0.8694942225946299,0.059500732799289864,0.08980613551464503,0.07357296097986454,0.03144430558751506,0.02368448767159134,0.04039960274563184,0.053068037549756274,0.011284811509418208,0.015176383623654326,0.014006632086770275,0.004296419098497559,0.0026030279519660172,0.005505712738356661,0.008812164501443842,0.8872245067717538,0.8877422185549936,0.8863179770137511,0.890990588069783,0.7716046250156157,0.8753087369272163,0.8665314420588522,15.449612379074097
