expl_var_class_0,expl_var_class_1,expl_var_class_2,expl_var_class_3,expl_var_class_4,expl_var_class_5,expl_var_mean,mae_class_0,mae_class_1,mae_class_2,mae_class_3,mae_class_4,mae_class_5,mae_mean,mse_class_0,mse_class_1,mse_class_2,mse_class_3,mse_class_4,mse_class_5,mse_mean,r2_class_0,r2_class_1,r2_class_2,r2_class_3,r2_class_4,r2_class_5,r2_mean,time
0.8726708081624025,0.8736371011239543,0.8949165734867306,0.9000496027788316,0.8095903599427239,0.8833420664844946,0.8723677519965228,0.06458942106217012,0.09336954684410564,0.07448031624053628,0.029369487951839413,0.02054250420148107,0.040048215978179334,0.05373324871305198,0.01278716752899479,0.017166867536314044,0.012971588132584012,0.004001101074859933,0.0022560114965371786,0.0051649936800235215,0.009057954908218913,0.8722106147833258,0.873018861951851,0.8947187038881808,0.8984834427823014,0.8020526090272972,0.883025211025211,0.870584907243028,18.391279935836792
