expl_var_class_0,expl_var_class_1,expl_var_class_2,expl_var_class_3,expl_var_class_4,expl_var_class_5,expl_var_mean,mae_class_0,mae_class_1,mae_class_2,mae_class_3,mae_class_4,mae_class_5,mae_mean,mse_class_0,mse_class_1,mse_class_2,mse_class_3,mse_class_4,mse_class_5,mse_mean,r2_class_0,r2_class_1,r2_class_2,r2_class_3,r2_class_4,r2_class_5,r2_mean,time
0.8803697293473713,0.8658646864105165,0.8741284866054329,0.9053379271248457,0.7905393422980241,0.8910494987484283,0.8678816117557698,0.06132859895394486,0.09751398481798607,0.08139479542064253,0.028732640348525462,0.021472552098216413,0.03733547844017928,0.05462967501324909,0.012102251677052348,0.018183092376299406,0.015514362840534257,0.0037882200289641598,0.002483345031946329,0.004823095677256976,0.009482394605342245,0.8790553656201642,0.8655019759258378,0.8740807824373071,0.9038846937059608,0.7821058666086909,0.8907683854029842,0.8658995116168242,15.25016474723816
