expl_var_class_0,expl_var_class_1,expl_var_class_2,expl_var_class_3,expl_var_class_4,expl_var_class_5,expl_var_mean,mae_class_0,mae_class_1,mae_class_2,mae_class_3,mae_class_4,mae_class_5,mae_mean,mse_class_0,mse_class_1,mse_class_2,mse_class_3,mse_class_4,mse_class_5,mse_mean,r2_class_0,r2_class_1,r2_class_2,r2_class_3,r2_class_4,r2_class_5,r2_mean,time
0.8863588412914439,0.8815833043535898,0.9027040244014618,0.9024485173797445,0.7943653704779984,0.8858049382975878,0.8755441660336376,0.06093286345877683,0.09181979124636111,0.07185845200231722,0.030346467042492605,0.023875412499114828,0.039925102141669465,0.05312634806512201,0.011480209793847698,0.016077851602897663,0.012042594806171689,0.003913280770392905,0.0024888355431022277,0.005076001054963259,0.008513128928562574,0.8852717813864784,0.8810741744475791,0.9022586920904146,0.9007116331720217,0.7816241171317556,0.8850406817463077,0.8726635133290928,12.643610715866089
