expl_var_class_0,expl_var_class_1,expl_var_class_2,expl_var_class_3,expl_var_class_4,expl_var_class_5,expl_var_mean,mae_class_0,mae_class_1,mae_class_2,mae_class_3,mae_class_4,mae_class_5,mae_mean,mse_class_0,mse_class_1,mse_class_2,mse_class_3,mse_class_4,mse_class_5,mse_mean,r2_class_0,r2_class_1,r2_class_2,r2_class_3,r2_class_4,r2_class_5,r2_mean,time
0.8884720938672525,0.883922788252604,0.9009348940546144,0.9132873923296412,0.8138787331892505,0.8750757210099085,0.8792619371172119,0.06087773753810113,0.09061871208471013,0.07071541564138657,0.02882909599450923,0.02105367723150121,0.04190622377049557,0.05233347704345064,0.011238453702298952,0.015725445224960496,0.01231926330066073,0.003483382591136559,0.002205798627952881,0.005578876033526693,0.00842520324675605,0.8876877865135989,0.8836808796505654,0.9000131676877439,0.9116190764721861,0.8064583961187076,0.8736517627771191,0.8771851782033203,11.881652355194092
