expl_var_class_0,expl_var_class_1,expl_var_class_2,expl_var_class_3,expl_var_class_4,expl_var_class_5,expl_var_mean,mae_class_0,mae_class_1,mae_class_2,mae_class_3,mae_class_4,mae_class_5,mae_mean,mse_class_0,mse_class_1,mse_class_2,mse_class_3,mse_class_4,mse_class_5,mse_mean,r2_class_0,r2_class_1,r2_class_2,r2_class_3,r2_class_4,r2_class_5,r2_mean,time
0.8684076871527806,0.8697571056130353,0.8811783641759291,0.9128051903608205,0.7730651915386018,0.8830385773692689,0.8647086860350727,0.06575381221642503,0.09631540801338523,0.0785042234241112,0.02851058810282634,0.022989052572881058,0.039163231712193415,0.05520605267363705,0.013276035479609991,0.017615808715396013,0.014701663803191387,0.003495468091048223,0.00272409231732255,0.005167251425883068,0.009496719972075206,0.8673250813202193,0.8696981010899223,0.8806768913428433,0.911312441293436,0.7609821723823399,0.8829740784659399,0.8621614609824503,9.390326499938965
