expl_var_class_0,expl_var_class_1,expl_var_class_2,expl_var_class_3,expl_var_class_4,expl_var_class_5,expl_var_mean,mae_class_0,mae_class_1,mae_class_2,mae_class_3,mae_class_4,mae_class_5,mae_mean,mse_class_0,mse_class_1,mse_class_2,mse_class_3,mse_class_4,mse_class_5,mse_mean,r2_class_0,r2_class_1,r2_class_2,r2_class_3,r2_class_4,r2_class_5,r2_mean,time
0.8762407113381291,0.8705589168104997,0.878221297654446,0.9140352843351103,0.7946541264848233,0.8830691731830709,0.8694632516343465,0.06355149351713682,0.09643858373494457,0.07776042853687887,0.02702494426408028,0.02197303594584031,0.03867118973695622,0.05423661262263951,0.012458385576904174,0.01750165972733654,0.015105741223106903,0.003420920221440339,0.0024478418340066125,0.005179909971012801,0.009352409758967896,0.8754963184728043,0.8705424466515208,0.8773972779243936,0.9132038814067731,0.7852209949731257,0.8826873926078321,0.8674247186727416,15.18887734413147
