expl_var_class_0,expl_var_class_1,expl_var_class_2,expl_var_class_3,expl_var_class_4,expl_var_class_5,expl_var_mean,mae_class_0,mae_class_1,mae_class_2,mae_class_3,mae_class_4,mae_class_5,mae_mean,mse_class_0,mse_class_1,mse_class_2,mse_class_3,mse_class_4,mse_class_5,mse_mean,r2_class_0,r2_class_1,r2_class_2,r2_class_3,r2_class_4,r2_class_5,r2_mean,time
0.8636146131016047,0.8720040610193927,0.8944118093101976,0.9154729646686717,0.7910615195341367,0.8691683577941243,0.8676222209046879,0.06696077859063744,0.09425126270821951,0.07535959015538665,0.02720059035465172,0.02342862317006967,0.04177521296232419,0.054829342990214865,0.013708330967042635,0.017466592122508555,0.013027617548178504,0.0033652033401214295,0.0025223232348685906,0.005827891705198979,0.009319659819653115,0.8630049084245646,0.8708018372689563,0.8942639523624707,0.9146175387637298,0.7786858336943598,0.8680121516856398,0.8648977036999534,5.881089210510254
