expl_var_class_0,expl_var_class_1,expl_var_class_2,expl_var_class_3,expl_var_class_4,expl_var_class_5,expl_var_mean,mae_class_0,mae_class_1,mae_class_2,mae_class_3,mae_class_4,mae_class_5,mae_mean,mse_class_0,mse_class_1,mse_class_2,mse_class_3,mse_class_4,mse_class_5,mse_mean,r2_class_0,r2_class_1,r2_class_2,r2_class_3,r2_class_4,r2_class_5,r2_mean,time
0.8673757501245772,0.8869662567149234,0.8897364256427784,0.8846681040090751,0.7767306920649907,0.8924592667477668,0.8663227492173519,0.0622925543448504,0.09090602114892904,0.07458529074755009,0.03363358413538556,0.023744586273527196,0.03847205865275086,0.05393901588383219,0.013509693116630994,0.015290403442138712,0.013693718332279224,0.004699275472535226,0.0026863680527428563,0.004769344768012731,0.009108133864056624,0.8649900086218764,0.8868988284443304,0.8888576788071869,0.8807692536469977,0.764292181999479,0.8919857153080268,0.8629656111379829,14.15864610671997
