expl_var_class_0,expl_var_class_1,expl_var_class_2,expl_var_class_3,expl_var_class_4,expl_var_class_5,expl_var_mean,mae_class_0,mae_class_1,mae_class_2,mae_class_3,mae_class_4,mae_class_5,mae_mean,mse_class_0,mse_class_1,mse_class_2,mse_class_3,mse_class_4,mse_class_5,mse_mean,r2_class_0,r2_class_1,r2_class_2,r2_class_3,r2_class_4,r2_class_5,r2_mean,time
0.8584195092712751,0.8710810312872203,0.8856316818167811,0.8894033515327296,0.7893430562115928,0.8965347918109281,0.8650689036550877,0.06713265809898493,0.09455340036753553,0.07617638119880243,0.03143831725052405,0.022311646864247275,0.036215725197219745,0.05463802149621899,0.01420845881887493,0.017479880368480014,0.014145694763955372,0.004460097166341918,0.0025176344571002504,0.00456848957828012,0.009563375858838768,0.8580068484108464,0.8707035458018294,0.8851893026567501,0.8868377227387851,0.7790972373275055,0.8965346063404271,0.8627282105460239,22.48257565498352
