expl_var_class_0,expl_var_class_1,expl_var_class_2,expl_var_class_3,expl_var_class_4,expl_var_class_5,expl_var_mean,mae_class_0,mae_class_1,mae_class_2,mae_class_3,mae_class_4,mae_class_5,mae_mean,mse_class_0,mse_class_1,mse_class_2,mse_class_3,mse_class_4,mse_class_5,mse_mean,r2_class_0,r2_class_1,r2_class_2,r2_class_3,r2_class_4,r2_class_5,r2_mean,time
0.8599731140991715,0.8703643196968989,0.8886723154467354,0.9006782285027691,0.7840632804754905,0.8918447752157845,0.865932672239475,0.06588825666843169,0.09644559190007862,0.07427111270095571,0.029277131182284654,0.021843966694688563,0.03732432600912562,0.05417506419259414,0.014096706708825874,0.0175258396126952,0.013837264708725936,0.003966230614491812,0.0025607272130001063,0.004782978941135549,0.009461624633145748,0.8591236503458687,0.8703635911116722,0.8876926134034756,0.8993681815126999,0.7753161845211287,0.8916769338026291,0.8639235257829124,21.900782585144043
