expl_var_class_0,expl_var_class_1,expl_var_class_2,expl_var_class_3,expl_var_class_4,expl_var_class_5,expl_var_mean,mae_class_0,mae_class_1,mae_class_2,mae_class_3,mae_class_4,mae_class_5,mae_mean,mse_class_0,mse_class_1,mse_class_2,mse_class_3,mse_class_4,mse_class_5,mse_mean,r2_class_0,r2_class_1,r2_class_2,r2_class_3,r2_class_4,r2_class_5,r2_mean,time
0.8679587077809048,0.8734924147355813,0.8920583832265856,0.892304329304842,0.784735810222309,0.8918316626583787,0.8670635513214336,0.06567679694865387,0.09414540115808419,0.07486845390373198,0.030553447018232226,0.022115341461351086,0.036899805705109714,0.054043207699193845,0.013295731540638636,0.01714513228491377,0.013345045849653332,0.0043278209212208735,0.002568867397294407,0.004782448357415664,0.009244174391856113,0.8671282474612484,0.8731796348449097,0.8916876091529684,0.8901938561518464,0.7746019469183651,0.8916889502585073,0.8647467074646409,10.480823278427124
