expl_var_class_0,expl_var_class_1,expl_var_class_2,expl_var_class_3,expl_var_class_4,expl_var_class_5,expl_var_mean,mae_class_0,mae_class_1,mae_class_2,mae_class_3,mae_class_4,mae_class_5,mae_mean,mse_class_0,mse_class_1,mse_class_2,mse_class_3,mse_class_4,mse_class_5,mse_mean,r2_class_0,r2_class_1,r2_class_2,r2_class_3,r2_class_4,r2_class_5,r2_mean,time
0.8759018816611011,0.8857003396658245,0.8984048934421538,0.8896314848119138,0.7977077434649451,0.8842268433092502,0.8719288643925314,0.06356690800584236,0.09004320901341989,0.0762309166492675,0.032377943571757495,0.020214832103515656,0.037948719142062125,0.053397088080977505,0.012486301679697954,0.015591880957994565,0.012517838138249361,0.004480052478722248,0.0023764954619613144,0.005112089914547175,0.008760776438528768,0.87521733709514,0.8846688375634475,0.8984014748045872,0.8863314134571267,0.7914810819555778,0.8842233551442449,0.8700539166700206,16.991743564605713
