expl_var_class_0,expl_var_class_1,expl_var_class_2,expl_var_class_3,expl_var_class_4,expl_var_class_5,expl_var_mean,mae_class_0,mae_class_1,mae_class_2,mae_class_3,mae_class_4,mae_class_5,mae_mean,mse_class_0,mse_class_1,mse_class_2,mse_class_3,mse_class_4,mse_class_5,mse_mean,r2_class_0,r2_class_1,r2_class_2,r2_class_3,r2_class_4,r2_class_5,r2_mean,time
0.8734725258516748,0.8766757547503352,0.89483700569697,0.9066625910932066,0.794246060255029,0.8976532011249354,0.8739245231286917,0.06264070963127541,0.09407699014208738,0.07436335597477371,0.029432770575622484,0.023399933548550016,0.03575838022931325,0.05327869001693705,0.01277418517048688,0.01671341895530783,0.012984774024653225,0.003755432338453074,0.00249109256714987,0.004521245762664807,0.008873358136452614,0.8723403548222067,0.8763729634931302,0.8946116832371049,0.9047165880764176,0.7814260808973307,0.8976045660933962,0.8711787061032643,12.981181859970093
