expl_var_class_0,expl_var_class_1,expl_var_class_2,expl_var_class_3,expl_var_class_4,expl_var_class_5,expl_var_mean,mae_class_0,mae_class_1,mae_class_2,mae_class_3,mae_class_4,mae_class_5,mae_mean,mse_class_0,mse_class_1,mse_class_2,mse_class_3,mse_class_4,mse_class_5,mse_mean,r2_class_0,r2_class_1,r2_class_2,r2_class_3,r2_class_4,r2_class_5,r2_mean,time
0.8762209384622817,0.8929021788213451,0.9019219515024872,0.9115204850528135,0.8003474076648055,0.8865791902453002,0.8782486919581721,0.06511020727269856,0.0873986973460563,0.07097834587775903,0.0289615214120865,0.022136444168901384,0.038770593299125904,0.05222596822943795,0.01242119125904026,0.014510965397486926,0.012173890092605642,0.0035466012040944453,0.0023872694352121988,0.005015984125106429,0.00834265025225765,0.8758680222924818,0.8926642326299539,0.9011930602041835,0.9100150840162377,0.7905357499398962,0.8863999220745331,0.8761126785262143,16.329482316970825
