expl_var_class_0,expl_var_class_1,expl_var_class_2,expl_var_class_3,expl_var_class_4,expl_var_class_5,expl_var_mean,mae_class_0,mae_class_1,mae_class_2,mae_class_3,mae_class_4,mae_class_5,mae_mean,mse_class_0,mse_class_1,mse_class_2,mse_class_3,mse_class_4,mse_class_5,mse_mean,r2_class_0,r2_class_1,r2_class_2,r2_class_3,r2_class_4,r2_class_5,r2_mean,time
0.8696545363512262,0.8723821452263204,0.8819503236080435,0.9079089706924423,0.7685548268503335,0.8909857899213722,0.8652394321082898,0.06171148225146594,0.09430970023352482,0.0793109352360385,0.029352302433436492,0.02362972407278205,0.037119347451989276,0.054238915279872846,0.013275166149917429,0.01727142237023888,0.01457440844576068,0.0036997690133145755,0.002780561207210503,0.004835182863594822,0.009406085008339482,0.8673337690226923,0.8722454831294114,0.8817097339547533,0.906128886597656,0.7560274682766195,0.890494639458892,0.8623233300733375,15.612016201019287
