expl_var_class_0,expl_var_class_1,expl_var_class_2,expl_var_class_3,expl_var_class_4,expl_var_class_5,expl_var_mean,mae_class_0,mae_class_1,mae_class_2,mae_class_3,mae_class_4,mae_class_5,mae_mean,mse_class_0,mse_class_1,mse_class_2,mse_class_3,mse_class_4,mse_class_5,mse_mean,r2_class_0,r2_class_1,r2_class_2,r2_class_3,r2_class_4,r2_class_5,r2_mean,time
0.8695615641938212,0.8903331958520511,0.8961732649565584,0.8998316887132329,0.7603742858088962,0.8965822292891986,0.8688093714689598,0.06358106727004025,0.08806447351442592,0.07391599080296679,0.030016953857608622,0.02288497014070561,0.03579496606853058,0.052376403609046294,0.013178826966762366,0.014832660036591965,0.012836448622966373,0.004013672284647072,0.002856042997895858,0.0045677391685722,0.008714231679572639,0.8682965408765643,0.8902846982570617,0.89581553664166,0.8981644840972358,0.7494045306031867,0.8965516013306762,0.8664195653010641,15.547479152679443
