expl_var_class_0,expl_var_class_1,expl_var_class_2,expl_var_class_3,expl_var_class_4,expl_var_class_5,expl_var_mean,mae_class_0,mae_class_1,mae_class_2,mae_class_3,mae_class_4,mae_class_5,mae_mean,mse_class_0,mse_class_1,mse_class_2,mse_class_3,mse_class_4,mse_class_5,mse_mean,r2_class_0,r2_class_1,r2_class_2,r2_class_3,r2_class_4,r2_class_5,r2_mean,time
0.8740358004537079,0.8798339676556988,0.8959107939066996,0.8912053990381451,0.7633836443290614,0.9006465219773224,0.8675026878934392,0.06211424737990587,0.0927261351290239,0.07375176363079894,0.03307610737727516,0.026493690870326634,0.03470822592508827,0.053811695052069806,0.012767939889632048,0.016286045540447845,0.012885527471587823,0.004415776938742395,0.0029198186825889674,0.004387426442082848,0.008943755827513654,0.8724027674401016,0.8795341903433781,0.8954171980001824,0.8879622224294523,0.7438087123141948,0.9006352545618772,0.8632933908481979,13.070964813232422
