expl_var_class_0,expl_var_class_1,expl_var_class_2,expl_var_class_3,expl_var_class_4,expl_var_class_5,expl_var_mean,mae_class_0,mae_class_1,mae_class_2,mae_class_3,mae_class_4,mae_class_5,mae_mean,mse_class_0,mse_class_1,mse_class_2,mse_class_3,mse_class_4,mse_class_5,mse_mean,r2_class_0,r2_class_1,r2_class_2,r2_class_3,r2_class_4,r2_class_5,r2_mean,time
0.8721802237745879,0.8789945932906196,0.8883463657533682,0.9040698514877776,0.7816860939413122,0.8940289876626775,0.8698843526517238,0.060913471601228196,0.09246239848030369,0.07701996749025257,0.029137183899312406,0.023412031059456637,0.03737306723547132,0.053386353294337476,0.012981231668774169,0.016387013411456788,0.0137994320604178,0.0038509685155569094,0.002631688080910193,0.004707205052177604,0.009059589798215579,0.8702712222588456,0.8787873438298897,0.8879996745133807,0.9022926293690858,0.7690899225160278,0.8933930316760759,0.8669723040272176,16.185296535491943
