expl_var_class_0,expl_var_class_1,expl_var_class_2,expl_var_class_3,expl_var_class_4,expl_var_class_5,expl_var_mean,mae_class_0,mae_class_1,mae_class_2,mae_class_3,mae_class_4,mae_class_5,mae_mean,mse_class_0,mse_class_1,mse_class_2,mse_class_3,mse_class_4,mse_class_5,mse_mean,r2_class_0,r2_class_1,r2_class_2,r2_class_3,r2_class_4,r2_class_5,r2_mean,time
0.8656581664992072,0.8771823753987326,0.8970723057629182,0.9165444132211404,0.7891012212936792,0.8927141376496672,0.8730454366375575,0.06467840097769204,0.09356646545603914,0.07372328971819922,0.027137177568443603,0.024263695034600095,0.038325483083065284,0.053615751973006553,0.013551961193706108,0.01664158414686536,0.012711497915517844,0.003332758061135881,0.002566868932553116,0.004744325384206676,0.008924832605664164,0.8645675998615725,0.8769043164442845,0.8968296740237456,0.9154407454158376,0.7747772965928224,0.8925523446830659,0.870178662836888,18.974172592163086
