expl_var_class_0,expl_var_class_1,expl_var_class_2,expl_var_class_3,expl_var_class_4,expl_var_class_5,expl_var_mean,mae_class_0,mae_class_1,mae_class_2,mae_class_3,mae_class_4,mae_class_5,mae_mean,mse_class_0,mse_class_1,mse_class_2,mse_class_3,mse_class_4,mse_class_5,mse_mean,r2_class_0,r2_class_1,r2_class_2,r2_class_3,r2_class_4,r2_class_5,r2_mean,time
0.8760577913090417,0.8851710691010579,0.8934496106577141,0.8967747033741176,0.8014224845697207,0.8838853737138761,0.8727935054542547,0.061559460329266395,0.09082878988074591,0.07411632611072964,0.03160613638543193,0.02234575922150438,0.03904663130810986,0.05325051720596469,0.012525604391181097,0.015567207536785239,0.01319579760941286,0.004176932892449703,0.0023731647176555267,0.005152190791615094,0.008831816323183255,0.87482456290755,0.8848513437252779,0.8928989525917456,0.894022210627183,0.7917733287576618,0.8833151659143401,0.8702809274206263,21.302401304244995
