expl_var_class_0,expl_var_class_1,expl_var_class_2,expl_var_class_3,expl_var_class_4,expl_var_class_5,expl_var_mean,mae_class_0,mae_class_1,mae_class_2,mae_class_3,mae_class_4,mae_class_5,mae_mean,mse_class_0,mse_class_1,mse_class_2,mse_class_3,mse_class_4,mse_class_5,mse_mean,r2_class_0,r2_class_1,r2_class_2,r2_class_3,r2_class_4,r2_class_5,r2_mean,time
0.8735919028004742,0.8831267688108119,0.8936075584042965,0.880600975106748,0.7895901676854151,0.8865635702073211,0.8678468238358444,0.060836799942280084,0.09153438753747457,0.07190491485525728,0.03391242681375748,0.02230937869860521,0.03996682338481139,0.05341078853869768,0.012849313300293331,0.015817619911171442,0.013239178065941512,0.004855189743225966,0.0024983413846998283,0.005065141568375819,0.00905413066228465,0.8715895570009788,0.8829990752078191,0.8925468638079684,0.876813372581887,0.7807900537654415,0.8852866232189669,0.8650042575971769,14.273207426071167
