expl_var_class_0,expl_var_class_1,expl_var_class_2,expl_var_class_3,expl_var_class_4,expl_var_class_5,expl_var_mean,mae_class_0,mae_class_1,mae_class_2,mae_class_3,mae_class_4,mae_class_5,mae_mean,mse_class_0,mse_class_1,mse_class_2,mse_class_3,mse_class_4,mse_class_5,mse_mean,r2_class_0,r2_class_1,r2_class_2,r2_class_3,r2_class_4,r2_class_5,r2_mean,time
0.8713511698212916,0.8773004250087615,0.8952240535202725,0.9186143007806498,0.792390937041819,0.8863138730236505,0.873532459866074,0.06438807599135406,0.0943932933842016,0.07491845918740891,0.02695851952724109,0.021085749090882427,0.038019188804292545,0.053293880997563436,0.012978243423872575,0.016602800106542165,0.012922321350458881,0.003240710976837877,0.002461270879796226,0.005024609702659573,0.00887165940669455,0.8703010854774188,0.8771911970628905,0.8951185678542871,0.9177761783191886,0.7840427010764026,0.8862045733139011,0.8717723838506815,14.398544788360596
