expl_var_class_0,expl_var_class_1,expl_var_class_2,expl_var_class_3,expl_var_class_4,expl_var_class_5,expl_var_mean,mae_class_0,mae_class_1,mae_class_2,mae_class_3,mae_class_4,mae_class_5,mae_mean,mse_class_0,mse_class_1,mse_class_2,mse_class_3,mse_class_4,mse_class_5,mse_mean,r2_class_0,r2_class_1,r2_class_2,r2_class_3,r2_class_4,r2_class_5,r2_mean,time
0.8778074233062103,0.8798933852861351,0.8866774584321435,0.8828603518875795,0.7661606311756379,0.8914044122004663,0.8641339437146954,0.06120220210549198,0.0916073419955932,0.07736407845685749,0.033515935278048775,0.02349335119876552,0.035670577908776056,0.05380891449058883,0.012351493285814466,0.016293740032970183,0.013997485241199708,0.0047645081717861614,0.0028033426780504724,0.004795461870849551,0.009167671880111758,0.8765645534929354,0.8794772751598058,0.8863922155531775,0.8791141594811487,0.7540285721175288,0.8913942252148664,0.8611618335032438,10.733128547668457
