expl_var_class_0,expl_var_class_1,expl_var_class_2,expl_var_class_3,expl_var_class_4,expl_var_class_5,expl_var_mean,mae_class_0,mae_class_1,mae_class_2,mae_class_3,mae_class_4,mae_class_5,mae_mean,mse_class_0,mse_class_1,mse_class_2,mse_class_3,mse_class_4,mse_class_5,mse_mean,r2_class_0,r2_class_1,r2_class_2,r2_class_3,r2_class_4,r2_class_5,r2_mean,time
0.8528710061305571,0.879696413428691,0.8785781371717376,0.9040228303710739,0.5766895999606642,0.8780883142980059,0.8283243835601217,0.06484454589099894,0.09206946771302867,0.08172042818175576,0.02898592699445511,0.031490773754361386,0.03887940782429877,0.05633175839314977,0.01509653470479737,0.016332351057387055,0.014961685738997425,0.0038166366622762286,0.005152708249353224,0.005406662711765391,0.01012776318742945,0.8491318046429086,0.8791916743178766,0.8785664753984457,0.9031637024769003,0.5478900901132067,0.8775519838073187,0.8225826217927761,8.445587158203125
