expl_var_class_0,expl_var_class_1,expl_var_class_2,expl_var_class_3,expl_var_class_4,expl_var_class_5,expl_var_mean,mae_class_0,mae_class_1,mae_class_2,mae_class_3,mae_class_4,mae_class_5,mae_mean,mse_class_0,mse_class_1,mse_class_2,mse_class_3,mse_class_4,mse_class_5,mse_mean,r2_class_0,r2_class_1,r2_class_2,r2_class_3,r2_class_4,r2_class_5,r2_mean,time
0.8032729335124829,0.87055097894652,0.8884168609201089,0.9217895798895551,0.26180723731971156,0.886060590675805,0.7719830302106973,0.0767639272789759,0.0947470253733441,0.07790647675676714,0.025906824542774588,0.03980499360798915,0.03751165673724111,0.05877348404951533,0.02002865782372244,0.01755711695976878,0.013795686210910797,0.0031123239734972322,0.009025278494819988,0.00503856595426781,0.011426271569497841,0.7998423134595608,0.8701322365492787,0.8880300769503919,0.9210336332864055,0.20810229309830253,0.8858884974989265,0.762171508473811,5.527219533920288
