expl_var_class_0,expl_var_class_1,expl_var_class_2,expl_var_class_3,expl_var_class_4,expl_var_class_5,expl_var_mean,mae_class_0,mae_class_1,mae_class_2,mae_class_3,mae_class_4,mae_class_5,mae_mean,mse_class_0,mse_class_1,mse_class_2,mse_class_3,mse_class_4,mse_class_5,mse_mean,r2_class_0,r2_class_1,r2_class_2,r2_class_3,r2_class_4,r2_class_5,r2_mean,time
0.8807904498697781,0.889147764230098,0.8955952516431758,0.89464184527921,0.8164927387458034,0.8941552086875363,0.8784705430759336,0.060266851564146705,0.08850099552983982,0.07429493660224516,0.030767975659802303,0.020414732528624968,0.037481117930686994,0.051954434969224327,0.012064358428006818,0.015018265441660064,0.012896280838868016,0.004244171941959449,0.0021656476182663888,0.004696854612745247,0.008514263146917661,0.8794340542537815,0.8889117986576689,0.8953299204491798,0.8923162110312947,0.8099813336678114,0.8936274444446877,0.8766001270840706,6.309861660003662
