expl_var_class_0,expl_var_class_1,expl_var_class_2,expl_var_class_3,expl_var_class_4,expl_var_class_5,expl_var_mean,mae_class_0,mae_class_1,mae_class_2,mae_class_3,mae_class_4,mae_class_5,mae_mean,mse_class_0,mse_class_1,mse_class_2,mse_class_3,mse_class_4,mse_class_5,mse_mean,r2_class_0,r2_class_1,r2_class_2,r2_class_3,r2_class_4,r2_class_5,r2_mean,time
0.8859949198594402,0.876792728118863,0.8915545923551766,0.893873063019986,0.7828779799538946,0.8930988512047706,0.8706986890853553,0.060554602781877284,0.09355044678703005,0.07415320487586871,0.030795237718551437,0.024081810654764692,0.03635042920276294,0.053247622003475846,0.011534580901141834,0.016667256393786627,0.01347688373137232,0.004261837311026948,0.0026376286982677634,0.004733124507313808,0.008885218590484883,0.8847284202113852,0.8767144220955677,0.8906175734008198,0.8918680025466401,0.7685686797349058,0.8928060178319689,0.8675505193035479,17.575390815734863
