expl_var_class_0,expl_var_class_1,expl_var_class_2,expl_var_class_3,expl_var_class_4,expl_var_class_5,expl_var_mean,mae_class_0,mae_class_1,mae_class_2,mae_class_3,mae_class_4,mae_class_5,mae_mean,mse_class_0,mse_class_1,mse_class_2,mse_class_3,mse_class_4,mse_class_5,mse_mean,r2_class_0,r2_class_1,r2_class_2,r2_class_3,r2_class_4,r2_class_5,r2_mean,time
0.858933785477783,0.8822018109903008,0.8958301178452303,0.9121070224961881,0.7917916917231665,0.8892798906998145,0.8716907198720806,0.06423608382258836,0.09266934041711182,0.07411917386890625,0.028427721612468867,0.021574232506194124,0.037586817789466154,0.053102228336122596,0.01428634977901157,0.01592540437084492,0.012874204644685075,0.003518003269370166,0.0024707385461437094,0.004893241387546675,0.008994656999600352,0.8572284400661345,0.8822018072540534,0.8955090974561153,0.9107406752528566,0.7832119872901648,0.8891797523538559,0.8696786266121967,16.944110870361328
