expl_var_class_0,expl_var_class_1,expl_var_class_2,expl_var_class_3,expl_var_class_4,expl_var_class_5,expl_var_mean,mae_class_0,mae_class_1,mae_class_2,mae_class_3,mae_class_4,mae_class_5,mae_mean,mse_class_0,mse_class_1,mse_class_2,mse_class_3,mse_class_4,mse_class_5,mse_mean,r2_class_0,r2_class_1,r2_class_2,r2_class_3,r2_class_4,r2_class_5,r2_mean,time
0.8324509121930435,0.8622053542616412,0.8802370270466631,0.9152893121792032,0.4027196725052403,0.8916835177670897,0.7974309659921467,0.06945699096816811,0.09707329438399435,0.08021949899026284,0.027086808124285055,0.037768332199754014,0.036436319368043465,0.05800687400575131,0.017153160208849463,0.01866236973189688,0.014785010645617384,0.003372775362700841,0.0073383924405042615,0.004786678113934001,0.011016397750583806,0.8285787847354257,0.8619568222205543,0.8800004233955305,0.914425420232092,0.3561133709818022,0.8915931563608185,0.7887779963210372,5.103711366653442
