expl_var_class_0,expl_var_class_1,expl_var_class_2,expl_var_class_3,expl_var_class_4,expl_var_class_5,expl_var_mean,mae_class_0,mae_class_1,mae_class_2,mae_class_3,mae_class_4,mae_class_5,mae_mean,mse_class_0,mse_class_1,mse_class_2,mse_class_3,mse_class_4,mse_class_5,mse_mean,r2_class_0,r2_class_1,r2_class_2,r2_class_3,r2_class_4,r2_class_5,r2_mean,time
0.8440366173963308,0.8709827782840751,0.8802966043114127,0.918035023399491,0.41863783652320896,0.89624388679201,0.8047054577844214,0.06504253654550946,0.09555006491087335,0.08100727382405866,0.02633104831293265,0.035493806551414694,0.0362557515253934,0.056613413611697035,0.016059680584419134,0.017468163448819646,0.014750930815082759,0.0032576671752872926,0.007046945974535436,0.004586223785062145,0.010528268630534403,0.8395065440406873,0.8707902143678765,0.8802770255118854,0.9173459630214795,0.3816855223805409,0.8961329688507268,0.7976230396955327,5.438737630844116
