expl_var_class_0,expl_var_class_1,expl_var_class_2,expl_var_class_3,expl_var_class_4,expl_var_class_5,expl_var_mean,mae_class_0,mae_class_1,mae_class_2,mae_class_3,mae_class_4,mae_class_5,mae_mean,mse_class_0,mse_class_1,mse_class_2,mse_class_3,mse_class_4,mse_class_5,mse_mean,r2_class_0,r2_class_1,r2_class_2,r2_class_3,r2_class_4,r2_class_5,r2_mean,time
0.8745553190344808,0.889898194472734,0.902998782963353,0.9134974364771955,0.7822615404003201,0.8827277662140156,0.8743231732603499,0.06373466268236118,0.08777372108600956,0.07186916472259826,0.02737886613403603,0.022050835679207882,0.039569214318523,0.05206274410378931,0.012656075067573913,0.014913997698160432,0.01201191731419646,0.0034491251094302487,0.0025975700236628026,0.0052174361927306,0.008474353567625742,0.8735206957698718,0.8896830539087092,0.9025076798075392,0.9124882626128773,0.7720835156016768,0.8818375131813697,0.8720201201470071,23.85378360748291
