expl_var_class_0,expl_var_class_1,expl_var_class_2,expl_var_class_3,expl_var_class_4,expl_var_class_5,expl_var_mean,mae_class_0,mae_class_1,mae_class_2,mae_class_3,mae_class_4,mae_class_5,mae_mean,mse_class_0,mse_class_1,mse_class_2,mse_class_3,mse_class_4,mse_class_5,mse_mean,r2_class_0,r2_class_1,r2_class_2,r2_class_3,r2_class_4,r2_class_5,r2_mean,time
0.87885508131612,0.8649419887232627,0.8859658283673165,0.9035352061526484,0.8094507699996416,0.8912459333006466,0.872332467976606,0.06190149567768244,0.09654292462321831,0.07736430916419519,0.02934841265392968,0.02120266164811453,0.03812898380203882,0.05408146459486316,0.012229943231135926,0.018287204985832035,0.014103191926965927,0.003865770780639655,0.0022605755833104138,0.00483318494554513,0.009263311908904849,0.8777792718209156,0.864731868181041,0.8855342684173756,0.9019170640029255,0.8016521460552238,0.8905398875379276,0.8703590843359015,16.809956073760986
