expl_var_class_0,expl_var_class_1,expl_var_class_2,expl_var_class_3,expl_var_class_4,expl_var_class_5,expl_var_mean,mae_class_0,mae_class_1,mae_class_2,mae_class_3,mae_class_4,mae_class_5,mae_mean,mse_class_0,mse_class_1,mse_class_2,mse_class_3,mse_class_4,mse_class_5,mse_mean,r2_class_0,r2_class_1,r2_class_2,r2_class_3,r2_class_4,r2_class_5,r2_mean,time
0.8695597568169566,0.8625616480114721,0.8807191367034971,0.910830693559989,0.8116236418540023,0.8900669159083417,0.8708936321423765,0.06504134013487292,0.09954366628936209,0.07673735913218392,0.028249308779368255,0.019914312268340457,0.037435632988029544,0.054486936598692866,0.013096363558059276,0.01858078149613856,0.014831171960360701,0.0035610720306028265,0.0022113201997033933,0.004862828114181167,0.009523922893174318,0.8691206442815713,0.8625603200343526,0.8796257643332223,0.9096479279610068,0.8059739213171562,0.8898685404636502,0.8694661863984932,19.8758761882782
