expl_var_class_0,expl_var_class_1,expl_var_class_2,expl_var_class_3,expl_var_class_4,expl_var_class_5,expl_var_mean,mae_class_0,mae_class_1,mae_class_2,mae_class_3,mae_class_4,mae_class_5,mae_mean,mse_class_0,mse_class_1,mse_class_2,mse_class_3,mse_class_4,mse_class_5,mse_mean,r2_class_0,r2_class_1,r2_class_2,r2_class_3,r2_class_4,r2_class_5,r2_mean,time
0.8852657726788979,0.8790082671250645,0.8874819991528727,0.9009776308824687,0.8098559110164654,0.8969525225588951,0.8765903505691108,0.06120366719255726,0.09117707910424318,0.07894792605446474,0.030429255278117122,0.021831022250879677,0.03681554803517308,0.0534007496525725,0.011620709429566828,0.016511395577892534,0.013865157257571304,0.003983242146194183,0.0022690878201020856,0.004564359002606926,0.008802325205655643,0.8838676891955375,0.8778673047480073,0.8874662291192779,0.8989365622911123,0.8009052637512819,0.8966281540285076,0.8742785338556209,12.361134052276611
