expl_var_class_0,expl_var_class_1,expl_var_class_2,expl_var_class_3,expl_var_class_4,expl_var_class_5,expl_var_mean,mae_class_0,mae_class_1,mae_class_2,mae_class_3,mae_class_4,mae_class_5,mae_mean,mse_class_0,mse_class_1,mse_class_2,mse_class_3,mse_class_4,mse_class_5,mse_mean,r2_class_0,r2_class_1,r2_class_2,r2_class_3,r2_class_4,r2_class_5,r2_mean,time
0.8758277869548282,0.8826452310120154,0.8924083871624459,0.9113285924390664,0.8050389322502667,0.8915431782042006,0.8764653513371371,0.06263128171179833,0.09141388157109914,0.07502596779950346,0.02831518018299084,0.021474133496495705,0.03853776080487467,0.05289970092779369,0.012560199853762883,0.015888089753361933,0.01329810273209857,0.003541645850723669,0.002313160657060914,0.004830546951455181,0.008738624299743859,0.8744788309161149,0.8824778187386063,0.892068613561155,0.9101408120107537,0.7970382164857177,0.8905996318127718,0.8744673205875199,16.804397583007812
