expl_var_class_0,expl_var_class_1,expl_var_class_2,expl_var_class_3,expl_var_class_4,expl_var_class_5,expl_var_mean,mae_class_0,mae_class_1,mae_class_2,mae_class_3,mae_class_4,mae_class_5,mae_mean,mse_class_0,mse_class_1,mse_class_2,mse_class_3,mse_class_4,mse_class_5,mse_mean,r2_class_0,r2_class_1,r2_class_2,r2_class_3,r2_class_4,r2_class_5,r2_mean,time
0.8869914078267311,0.8739724967837981,0.890000904264915,0.9009112714300489,0.7914443078769353,0.8926410889179253,0.8726602461833922,0.05994963180613262,0.09422591892343415,0.07573340600698009,0.03014351476715029,0.02307439681690279,0.03603497083883295,0.053193639859905474,0.011434421830834198,0.0170575856546659,0.013591324198231886,0.003983377889984176,0.002513305831877847,0.00474226433207058,0.008887046622944096,0.88572936635442,0.8738272061457099,0.8896887402806599,0.8989331181786129,0.7794770403872809,0.8925990225985914,0.8700424156575458,19.07423186302185
