expl_var_class_0,expl_var_class_1,expl_var_class_2,expl_var_class_3,expl_var_class_4,expl_var_class_5,expl_var_mean,mae_class_0,mae_class_1,mae_class_2,mae_class_3,mae_class_4,mae_class_5,mae_mean,mse_class_0,mse_class_1,mse_class_2,mse_class_3,mse_class_4,mse_class_5,mse_mean,r2_class_0,r2_class_1,r2_class_2,r2_class_3,r2_class_4,r2_class_5,r2_mean,time
0.887427599216765,0.8898076232366394,0.8978497297307038,0.902637420061085,0.7889993042808553,0.8882129945101338,0.8758224451726971,0.06014799683944077,0.08857692452895934,0.07270325415308228,0.029440755710288292,0.021804917211887452,0.03766492601425746,0.05172312907631926,0.011405975903340552,0.014924252742378723,0.012648974354531802,0.003908683250711092,0.0025163229764757758,0.004972430904961251,0.0083961066887332,0.8860136425694682,0.8896071986495702,0.8973371339793698,0.9008282821546658,0.7792123095105703,0.8873862986417221,0.8733974775842278,17.16218328475952
