expl_var_class_0,expl_var_class_1,expl_var_class_2,expl_var_class_3,expl_var_class_4,expl_var_class_5,expl_var_mean,mae_class_0,mae_class_1,mae_class_2,mae_class_3,mae_class_4,mae_class_5,mae_mean,mse_class_0,mse_class_1,mse_class_2,mse_class_3,mse_class_4,mse_class_5,mse_mean,r2_class_0,r2_class_1,r2_class_2,r2_class_3,r2_class_4,r2_class_5,r2_mean,time
0.8678925924580271,0.8791901813363996,0.8887576200524162,0.8972314025634948,0.7658968220381057,0.893896845841457,0.86547757738165,0.061652230552566994,0.09380450970743655,0.0774016413053792,0.031373976126352114,0.02459960200862933,0.037127090912430806,0.05432650843546583,0.013478055769958882,0.016356523705096118,0.013737600437123949,0.004148096191715611,0.002835544991513061,0.004699234558490303,0.009209175942316322,0.8653061784907663,0.8790128723140025,0.8885015184953617,0.8947538598720461,0.7512030705883971,0.8935735443494415,0.862058507351669,15.69623875617981
