expl_var_class_0,expl_var_class_1,expl_var_class_2,expl_var_class_3,expl_var_class_4,expl_var_class_5,expl_var_mean,mae_class_0,mae_class_1,mae_class_2,mae_class_3,mae_class_4,mae_class_5,mae_mean,mse_class_0,mse_class_1,mse_class_2,mse_class_3,mse_class_4,mse_class_5,mse_mean,r2_class_0,r2_class_1,r2_class_2,r2_class_3,r2_class_4,r2_class_5,r2_mean,time
0.876451103586106,0.8692372275589277,0.8867766294915768,0.912023573058466,0.80595365822188,0.8898221528903689,0.8733773908012209,0.06366917048012458,0.09575472278680915,0.0762668577369265,0.02739895620672158,0.021211927296657183,0.03780510197046523,0.05368445607961736,0.01242576686285799,0.0176898318701343,0.014023520238832162,0.003498309729020168,0.002299719706821146,0.0048896435156585375,0.009137798653887384,0.875822295699979,0.8691505612192557,0.8861809077112235,0.9112403428139491,0.7982175549049766,0.8892612355716382,0.8716454829868371,19.44416618347168
