expl_var_class_0,expl_var_class_1,expl_var_class_2,expl_var_class_3,expl_var_class_4,expl_var_class_5,expl_var_mean,mae_class_0,mae_class_1,mae_class_2,mae_class_3,mae_class_4,mae_class_5,mae_mean,mse_class_0,mse_class_1,mse_class_2,mse_class_3,mse_class_4,mse_class_5,mse_mean,r2_class_0,r2_class_1,r2_class_2,r2_class_3,r2_class_4,r2_class_5,r2_mean,time
0.877709941097945,0.8756276204478715,0.8912329977289456,0.9055814423087101,0.809137330060455,0.8793877404901022,0.8731128453556716,0.062398395946145345,0.09357830884266709,0.07567320859053978,0.029952813805543814,0.0224903414371102,0.03999547737386154,0.054014757665977964,0.012337759100592014,0.016890356788895274,0.013438639909001751,0.003805132077476285,0.0023076580057605762,0.005343602597249898,0.009020524746495966,0.8767018069606834,0.8750641768187308,0.8909279717226205,0.9034555985873103,0.7975210311655216,0.8789801450104399,0.8704417883775509,19.36707067489624
