expl_var_class_0,expl_var_class_1,expl_var_class_2,expl_var_class_3,expl_var_class_4,expl_var_class_5,expl_var_mean,mae_class_0,mae_class_1,mae_class_2,mae_class_3,mae_class_4,mae_class_5,mae_mean,mse_class_0,mse_class_1,mse_class_2,mse_class_3,mse_class_4,mse_class_5,mse_mean,r2_class_0,r2_class_1,r2_class_2,r2_class_3,r2_class_4,r2_class_5,r2_mean,time
0.8759945374662144,0.878734377441853,0.8877319874471873,0.9094454965292752,0.7927869310430204,0.8937507233487161,0.8730740088793777,0.0636533560981116,0.09333948644679545,0.07480022144467932,0.028630107034467746,0.021746009300984866,0.03564094717860671,0.052968354583940946,0.012467929389128489,0.016394597221597657,0.013961925907599721,0.003633315974673741,0.002469704075496415,0.004693165785989035,0.008936773059080845,0.8754009417684636,0.8787312473498304,0.8866808257597316,0.9078149434038336,0.7833027540109835,0.8937109875733156,0.8709402833110262,20.41939926147461
