expl_var_class_0,expl_var_class_1,expl_var_class_2,expl_var_class_3,expl_var_class_4,expl_var_class_5,expl_var_mean,mae_class_0,mae_class_1,mae_class_2,mae_class_3,mae_class_4,mae_class_5,mae_mean,mse_class_0,mse_class_1,mse_class_2,mse_class_3,mse_class_4,mse_class_5,mse_mean,r2_class_0,r2_class_1,r2_class_2,r2_class_3,r2_class_4,r2_class_5,r2_mean,time
0.8751585601256816,0.8798961620081682,0.8910996814327108,0.8942213360320941,0.7757808160681683,0.889716497839103,0.8676455089176544,0.06492803797252024,0.09220514752887186,0.07509343290561275,0.03179611077449679,0.022593935169647167,0.03800112681055671,0.0541029651936176,0.012561304946779258,0.016328657190704927,0.013467083015070689,0.004278831367408208,0.002668966083687171,0.004883931525838075,0.009031462354914721,0.8744677870976266,0.879218997380404,0.8906971189510264,0.8914368267116108,0.7658190688870892,0.8893905985186751,0.8651717329244054,5.922364950180054
