expl_var_class_0,expl_var_class_1,expl_var_class_2,expl_var_class_3,expl_var_class_4,expl_var_class_5,expl_var_mean,mae_class_0,mae_class_1,mae_class_2,mae_class_3,mae_class_4,mae_class_5,mae_mean,mse_class_0,mse_class_1,mse_class_2,mse_class_3,mse_class_4,mse_class_5,mse_mean,r2_class_0,r2_class_1,r2_class_2,r2_class_3,r2_class_4,r2_class_5,r2_mean,time
0.8625129606161944,0.8901528962024553,0.8921281793133808,0.9005993699947025,0.771834479135413,0.8830390946543405,0.8667111633194144,0.06505759756345786,0.08807328371814203,0.07411639424643898,0.030933767975771,0.02310289439937872,0.03910547843065529,0.05339823605564065,0.013882010841424089,0.014898574894124193,0.013349650694116868,0.0040067878615571775,0.002726729259603566,0.005190260168825751,0.009009002286608607,0.8612692273739028,0.8897971344306375,0.8916502348554993,0.8983391567479488,0.7607508012898283,0.8824529853113238,0.86404325666819,20.836743593215942
