expl_var_class_0,expl_var_class_1,expl_var_class_2,expl_var_class_3,expl_var_class_4,expl_var_class_5,expl_var_mean,mae_class_0,mae_class_1,mae_class_2,mae_class_3,mae_class_4,mae_class_5,mae_mean,mse_class_0,mse_class_1,mse_class_2,mse_class_3,mse_class_4,mse_class_5,mse_mean,r2_class_0,r2_class_1,r2_class_2,r2_class_3,r2_class_4,r2_class_5,r2_mean,time
0.8135021839532084,0.8717246756315876,0.8897213728799083,0.9266355156899483,0.3202391538476391,0.8947276556054954,0.7860917596012978,0.07501758136969114,0.09414437891589336,0.07621703033393237,0.0255540227267888,0.04049969515163009,0.03747341456358288,0.05815102051025311,0.01898844909722375,0.01737686104507619,0.013653379056623054,0.002911971427250005,0.008429848894702474,0.004650447009019365,0.011001826088315807,0.8102377066031068,0.8714655666480376,0.8891850844557385,0.9261170091732619,0.2603465906260829,0.8946784659926241,0.7753384039164753,4.994982004165649
