expl_var_class_0,expl_var_class_1,expl_var_class_2,expl_var_class_3,expl_var_class_4,expl_var_class_5,expl_var_mean,mae_class_0,mae_class_1,mae_class_2,mae_class_3,mae_class_4,mae_class_5,mae_mean,mse_class_0,mse_class_1,mse_class_2,mse_class_3,mse_class_4,mse_class_5,mse_mean,r2_class_0,r2_class_1,r2_class_2,r2_class_3,r2_class_4,r2_class_5,r2_mean,time
0.8710611477980782,0.8753913412561082,0.8803342725975684,0.8975844387630518,0.7608252530182884,0.9025724897748348,0.8646281572013216,0.060699366616751564,0.09485486286010197,0.08126321958636376,0.030907152591959832,0.024324440790707905,0.03477213993975593,0.054470197064273494,0.01315012028494418,0.016898021687212616,0.01474390428770695,0.004136153805096463,0.002890524548830132,0.004301888986030893,0.009353435599970206,0.8685834229568091,0.8750074805397329,0.8803340549135075,0.8950568639581353,0.7463790437851414,0.9025724739450909,0.8613222233497361,15.38019609451294
