expl_var_class_0,expl_var_class_1,expl_var_class_2,expl_var_class_3,expl_var_class_4,expl_var_class_5,expl_var_mean,mae_class_0,mae_class_1,mae_class_2,mae_class_3,mae_class_4,mae_class_5,mae_mean,mse_class_0,mse_class_1,mse_class_2,mse_class_3,mse_class_4,mse_class_5,mse_mean,r2_class_0,r2_class_1,r2_class_2,r2_class_3,r2_class_4,r2_class_5,r2_mean,time
0.8795968304368473,0.8667311806224678,0.8827070424346521,0.9080760749681436,0.7775185157713549,0.8945140344182486,0.8681906131086191,0.06052242401900148,0.09760602873058326,0.07967918595432398,0.02877031330378825,0.022538197959250297,0.036946627429891674,0.05434379623280649,0.012247906561564825,0.01805538228478805,0.014456061113645117,0.0036770361306766803,0.0026511175910346333,0.004676813820784466,0.009294052917082294,0.8775997541171906,0.8664466312466783,0.8826702763639902,0.9067056688228123,0.767385134733291,0.8940813205877635,0.8658147976452876,15.118148803710938
