expl_var_class_0,expl_var_class_1,expl_var_class_2,expl_var_class_3,expl_var_class_4,expl_var_class_5,expl_var_mean,mae_class_0,mae_class_1,mae_class_2,mae_class_3,mae_class_4,mae_class_5,mae_mean,mse_class_0,mse_class_1,mse_class_2,mse_class_3,mse_class_4,mse_class_5,mse_mean,r2_class_0,r2_class_1,r2_class_2,r2_class_3,r2_class_4,r2_class_5,r2_mean,time
0.8655500602311046,0.8676239543669656,0.8767587860189933,0.6561413648070297,0.3750665259053224,0.8255034303892975,0.7444406869531188,0.06631789519762198,0.09549244995695157,0.08002167886569857,0.06185552490172623,0.035551969221343065,0.04893103108762668,0.06469509153849469,0.013641158651327607,0.018710070759288377,0.01518971430227974,0.013943760644580562,0.007361001597595278,0.0077913371684934524,0.012772840520594167,0.8636761993034352,0.8616039837815422,0.8767157272519969,0.6462167416365483,0.35412959400853405,0.8235447945191289,0.737647840083531,4.06273627281189
