expl_var_class_0,expl_var_class_1,expl_var_class_2,expl_var_class_3,expl_var_class_4,expl_var_class_5,expl_var_mean,mae_class_0,mae_class_1,mae_class_2,mae_class_3,mae_class_4,mae_class_5,mae_mean,mse_class_0,mse_class_1,mse_class_2,mse_class_3,mse_class_4,mse_class_5,mse_mean,r2_class_0,r2_class_1,r2_class_2,r2_class_3,r2_class_4,r2_class_5,r2_mean,time
0.856349059785569,0.8714836087958526,0.8867387227200546,0.9059253189637837,0.7406199172329364,0.8981594031408574,0.8598793384398423,0.06479402282634208,0.09596921932258698,0.07659574289939834,0.029883580082903156,0.02577412451220646,0.035696730066944515,0.054785569951730256,0.014558424319950837,0.017377359084510546,0.014012293154014832,0.0037833018352798732,0.0031487227831807894,0.0044968359174895264,0.009562822849071067,0.8545094455553564,0.8714618827136196,0.8862720300957029,0.9040094788791462,0.7237241650658082,0.8981573908721233,0.8563557321969594,23.241180896759033
