expl_var_class_0,expl_var_class_1,expl_var_class_2,expl_var_class_3,expl_var_class_4,expl_var_class_5,expl_var_mean,mae_class_0,mae_class_1,mae_class_2,mae_class_3,mae_class_4,mae_class_5,mae_mean,mse_class_0,mse_class_1,mse_class_2,mse_class_3,mse_class_4,mse_class_5,mse_mean,r2_class_0,r2_class_1,r2_class_2,r2_class_3,r2_class_4,r2_class_5,r2_mean,time
0.855835894128015,0.8855618602044003,0.9043909919317075,0.8984977885325812,0.794030165258189,0.8943891806577211,0.8721176467854357,0.07067294266072988,0.09173670918040124,0.06994219165620873,0.030656956193449693,0.021336107988660896,0.03711834037579688,0.05357720800920788,0.014434134803644461,0.01549794338192917,0.011901147619863542,0.004091491246316709,0.0024484475709200463,0.0046634637916971415,0.008839438069061845,0.8557515408701832,0.8853636818784651,0.9034067198379565,0.896190049328618,0.7851678462893472,0.894383666908406,0.8700439175188294,17.65328574180603
