expl_var_class_0,expl_var_class_1,expl_var_class_2,expl_var_class_3,expl_var_class_4,expl_var_class_5,expl_var_mean,mae_class_0,mae_class_1,mae_class_2,mae_class_3,mae_class_4,mae_class_5,mae_mean,mse_class_0,mse_class_1,mse_class_2,mse_class_3,mse_class_4,mse_class_5,mse_mean,r2_class_0,r2_class_1,r2_class_2,r2_class_3,r2_class_4,r2_class_5,r2_mean,time
0.8676411341117786,0.8772411262256031,0.8914858795087043,0.9080188718521122,0.7801105431912261,0.8866800032703588,0.8685295930266305,0.06332413170931706,0.09376988473308036,0.0765003050652724,0.029800839113032957,0.02390973094760935,0.038540477426974924,0.0543075614992145,0.013388956966075392,0.016647342029782918,0.013403400071571538,0.0037114616690685272,0.0026615483064541512,0.005013988996260936,0.009137783006535578,0.8661965931463962,0.876861726115905,0.8912139888025263,0.9058322187218227,0.7664699209117117,0.8864451069847454,0.8655032591138512,26.447447299957275
