expl_var_class_0,expl_var_class_1,expl_var_class_2,expl_var_class_3,expl_var_class_4,expl_var_class_5,expl_var_mean,mae_class_0,mae_class_1,mae_class_2,mae_class_3,mae_class_4,mae_class_5,mae_mean,mse_class_0,mse_class_1,mse_class_2,mse_class_3,mse_class_4,mse_class_5,mse_mean,r2_class_0,r2_class_1,r2_class_2,r2_class_3,r2_class_4,r2_class_5,r2_mean,time
0.8864529211716183,0.8695146141560025,0.8845711532481794,0.9146407336725706,0.800719772558613,0.8922171727001307,0.8746860612511856,0.0597595778496177,0.09595377880583586,0.07667639140465615,0.027813859445764613,0.020739935834770445,0.03749135588837815,0.05307248320483715,0.011468853301172121,0.01764210982699233,0.014293312267416704,0.003413875277224382,0.0023472772287510815,0.0047771709973830345,0.008990433149823274,0.8853852732300739,0.8695035551091038,0.883991194766309,0.9133826268244004,0.7940447537461139,0.8918084698773886,0.8730193122588982,20.49090051651001
