expl_var_class_0,expl_var_class_1,expl_var_class_2,expl_var_class_3,expl_var_class_4,expl_var_class_5,expl_var_mean,mae_class_0,mae_class_1,mae_class_2,mae_class_3,mae_class_4,mae_class_5,mae_mean,mse_class_0,mse_class_1,mse_class_2,mse_class_3,mse_class_4,mse_class_5,mse_mean,r2_class_0,r2_class_1,r2_class_2,r2_class_3,r2_class_4,r2_class_5,r2_mean,time
0.870166305298968,0.8727284716799342,0.8895698262656454,0.895906920106567,0.8100954621768367,0.886691018731816,0.8708596673766279,0.06664912918565533,0.09373825017808075,0.07530125083916756,0.02968431034321438,0.020385519357670977,0.03925037009964153,0.054168138333905096,0.013024241823989122,0.017241118339316335,0.013660190499092442,0.004168849835763601,0.0022535336988820476,0.005005091469377365,0.009225504277736819,0.869841397492686,0.8724696381958992,0.8891298007476652,0.8942272951954596,0.802270016421694,0.8866466147491457,0.8690974604670916,20.878788948059082
