expl_var_class_0,expl_var_class_1,expl_var_class_2,expl_var_class_3,expl_var_class_4,expl_var_class_5,expl_var_mean,mae_class_0,mae_class_1,mae_class_2,mae_class_3,mae_class_4,mae_class_5,mae_mean,mse_class_0,mse_class_1,mse_class_2,mse_class_3,mse_class_4,mse_class_5,mse_mean,r2_class_0,r2_class_1,r2_class_2,r2_class_3,r2_class_4,r2_class_5,r2_mean,time
0.8827523244037234,0.8680000707545431,0.8853554096551437,0.9009049341322856,0.7625754344549418,0.8815812506537961,0.8635282373424057,0.06126418511027206,0.09490752292907687,0.07856148869887038,0.030842679349651875,0.02307655501726703,0.038642562313713054,0.05454916556980854,0.011824290046301785,0.017903947317657737,0.014152229243874237,0.004002279600841233,0.0028319262247378197,0.00523067235354889,0.009324224131160283,0.8818331931434915,0.8675667764581337,0.8851362668597264,0.8984535410382628,0.7515205891129246,0.8815377457054588,0.8610080187196664,19.749229669570923
