expl_var_class_0,expl_var_class_1,expl_var_class_2,expl_var_class_3,expl_var_class_4,expl_var_class_5,expl_var_mean,mae_class_0,mae_class_1,mae_class_2,mae_class_3,mae_class_4,mae_class_5,mae_mean,mse_class_0,mse_class_1,mse_class_2,mse_class_3,mse_class_4,mse_class_5,mse_mean,r2_class_0,r2_class_1,r2_class_2,r2_class_3,r2_class_4,r2_class_5,r2_mean,time
0.88505525300748,0.8731442900652465,0.8908845116034376,0.9005834838177784,0.8030165776452426,0.8914780632590849,0.8740270298997116,0.060875152232814166,0.09363297808002592,0.07632096975963212,0.029360917366471617,0.021756489755376862,0.03820348992103981,0.053358332852560086,0.01162144176848638,0.01721690438939901,0.013457913643812706,0.0039764008370662745,0.002347764082166337,0.00481770928425426,0.008906355667530829,0.8838603705192093,0.8726487457069603,0.8907715403156815,0.8991101410476929,0.7940020361609048,0.8908903743586077,0.8718805346848427,14.010369300842285
