expl_var_class_0,expl_var_class_1,expl_var_class_2,expl_var_class_3,expl_var_class_4,expl_var_class_5,expl_var_mean,mae_class_0,mae_class_1,mae_class_2,mae_class_3,mae_class_4,mae_class_5,mae_mean,mse_class_0,mse_class_1,mse_class_2,mse_class_3,mse_class_4,mse_class_5,mse_mean,r2_class_0,r2_class_1,r2_class_2,r2_class_3,r2_class_4,r2_class_5,r2_mean,time
0.8705829938495682,0.8678927339243996,0.8891224972806474,0.9081887037495379,0.7682405887992827,0.8872680082804624,0.8652159209806496,0.06518801471141358,0.09680120378393858,0.07629215380952718,0.02835160734190872,0.02302548697156108,0.03750307874912608,0.054526924227912534,0.013035029994863693,0.017909651071748342,0.013689849331428285,0.0036644940931082975,0.0027805698981396257,0.004987035066239492,0.009344438242587957,0.8697335852097432,0.8675245865138099,0.8888890807774068,0.9070238873458177,0.756026705715459,0.8870555492179072,0.8627088991300239,26.318883657455444
