expl_var_class_0,expl_var_class_1,expl_var_class_2,expl_var_class_3,expl_var_class_4,expl_var_class_5,expl_var_mean,mae_class_0,mae_class_1,mae_class_2,mae_class_3,mae_class_4,mae_class_5,mae_mean,mse_class_0,mse_class_1,mse_class_2,mse_class_3,mse_class_4,mse_class_5,mse_mean,r2_class_0,r2_class_1,r2_class_2,r2_class_3,r2_class_4,r2_class_5,r2_mean,time
0.8869874853876314,0.8813482726032726,0.8986655346519109,0.9146122461610295,0.8033771232225864,0.8951836115608371,0.8800290455978779,0.060885520521060874,0.09121421442930674,0.0714732598381412,0.027470269354398592,0.021593994886969996,0.03689516396690906,0.05158873716613108,0.011379289311872551,0.016050789601128494,0.01261086988222696,0.0034166357557725065,0.002341115721387691,0.004659634860777958,0.00840972252219436,0.8862803367462273,0.8812743486363319,0.897646401294282,0.913312587534406,0.7945853779002525,0.8944703830621938,0.8779282391956156,5.500860214233398
