expl_var_class_0,expl_var_class_1,expl_var_class_2,expl_var_class_3,expl_var_class_4,expl_var_class_5,expl_var_mean,mae_class_0,mae_class_1,mae_class_2,mae_class_3,mae_class_4,mae_class_5,mae_mean,mse_class_0,mse_class_1,mse_class_2,mse_class_3,mse_class_4,mse_class_5,mse_mean,r2_class_0,r2_class_1,r2_class_2,r2_class_3,r2_class_4,r2_class_5,r2_mean,time
0.8752248947572545,0.8892204331873795,0.8959129740219353,0.908206426722991,0.7659380515170198,0.8811836457370255,0.8692810709906009,0.06524134479760024,0.08846241443160423,0.07214825803466106,0.029110305642042505,0.022897274152480846,0.03929400222896379,0.05285893321455878,0.012530990975228215,0.015034468056230429,0.012894745695220852,0.003673991134571989,0.002789320475773598,0.0052640689993854,0.008697930889401746,0.874770731731706,0.8887919499762977,0.8953423801350131,0.9067829269363931,0.755258910863878,0.8807813913241747,0.8669547151612438,6.236316204071045
