expl_var_class_0,expl_var_class_1,expl_var_class_2,expl_var_class_3,expl_var_class_4,expl_var_class_5,expl_var_mean,mae_class_0,mae_class_1,mae_class_2,mae_class_3,mae_class_4,mae_class_5,mae_mean,mse_class_0,mse_class_1,mse_class_2,mse_class_3,mse_class_4,mse_class_5,mse_mean,r2_class_0,r2_class_1,r2_class_2,r2_class_3,r2_class_4,r2_class_5,r2_mean,time
0.8600801538089189,0.8675144130711687,0.8885167396756812,0.9117320341585929,0.799014924817434,0.8868477527434557,0.8689510030458752,0.06650710879573081,0.09590141645132053,0.07544618584175246,0.027602087841937645,0.023117972353623138,0.03915833073169408,0.0546221836693431,0.014078804236636518,0.01793503752913531,0.013776897941179554,0.0035196793400840334,0.0024307159139099837,0.004999890946392728,0.009456837651223021,0.8593025598588432,0.8673368061139677,0.8881825681772785,0.9106981497266723,0.7867236607203253,0.886764394192137,0.8665013564648706,18.3239483833313
