expl_var_class_0,expl_var_class_1,expl_var_class_2,expl_var_class_3,expl_var_class_4,expl_var_class_5,expl_var_mean,mae_class_0,mae_class_1,mae_class_2,mae_class_3,mae_class_4,mae_class_5,mae_mean,mse_class_0,mse_class_1,mse_class_2,mse_class_3,mse_class_4,mse_class_5,mse_mean,r2_class_0,r2_class_1,r2_class_2,r2_class_3,r2_class_4,r2_class_5,r2_mean,time
0.8573307044140991,0.8737048147345654,0.8767542650005503,0.893863913147742,0.7756541897431262,0.8887781962602375,0.8610143472167201,0.06537037977654815,0.09427878366182817,0.07646552417957421,0.030920697999865267,0.024069115720371907,0.038335837014922367,0.05490672305885167,0.014435101213181199,0.01707418325764553,0.015350805534682328,0.004283311178704371,0.0027231009825526564,0.004918886568690038,0.009797564789242687,0.8557418829940127,0.8737044357852602,0.8754082625401786,0.8913231642443893,0.7610691542667771,0.8885989501615769,0.8576409749986992,16.23567223548889
