expl_var_class_0,expl_var_class_1,expl_var_class_2,expl_var_class_3,expl_var_class_4,expl_var_class_5,expl_var_mean,mae_class_0,mae_class_1,mae_class_2,mae_class_3,mae_class_4,mae_class_5,mae_mean,mse_class_0,mse_class_1,mse_class_2,mse_class_3,mse_class_4,mse_class_5,mse_mean,r2_class_0,r2_class_1,r2_class_2,r2_class_3,r2_class_4,r2_class_5,r2_mean,time
0.8665153621962711,0.8784034709956173,0.8947613897546487,0.9092483342093433,0.7606059093989321,0.886200679513529,0.8659558576780567,0.0619331403733453,0.09370530488724367,0.07459604284414913,0.029733103993628465,0.02554935588512822,0.03800509365623666,0.05392034027328857,0.013556890071968676,0.016459314861893483,0.013000451862970289,0.0036417207294664735,0.002927756520397446,0.005030158149093701,0.00910271536596501,0.8645183427980709,0.8782525391871927,0.8944844372035907,0.9076016966612861,0.7431122290353797,0.8860789142345338,0.8623413598533424,16.98035717010498
