expl_var_class_0,expl_var_class_1,expl_var_class_2,expl_var_class_3,expl_var_class_4,expl_var_class_5,expl_var_mean,mae_class_0,mae_class_1,mae_class_2,mae_class_3,mae_class_4,mae_class_5,mae_mean,mse_class_0,mse_class_1,mse_class_2,mse_class_3,mse_class_4,mse_class_5,mse_mean,r2_class_0,r2_class_1,r2_class_2,r2_class_3,r2_class_4,r2_class_5,r2_mean,time
0.8731174283108598,0.8698453942232637,0.8889608120944908,0.8992713246167274,0.8088910492985936,0.8930219314687161,0.8721846566687752,0.06466497580481381,0.09520477117450282,0.07596975011614851,0.02983523097302189,0.020521947628377803,0.03710991577282936,0.05388443191161569,0.012738707512702738,0.01761643881343117,0.013750007158008263,0.004043085121679901,0.002251027932610937,0.004728669564029564,0.009187989350410429,0.8726949030884184,0.8696934403348127,0.8884008218310947,0.8974182170328172,0.8024898778437282,0.8929069116728626,0.8706006953006223,20.312809705734253
