expl_var_class_0,expl_var_class_1,expl_var_class_2,expl_var_class_3,expl_var_class_4,expl_var_class_5,expl_var_mean,mae_class_0,mae_class_1,mae_class_2,mae_class_3,mae_class_4,mae_class_5,mae_mean,mse_class_0,mse_class_1,mse_class_2,mse_class_3,mse_class_4,mse_class_5,mse_mean,r2_class_0,r2_class_1,r2_class_2,r2_class_3,r2_class_4,r2_class_5,r2_mean,time
0.8841790941483773,0.8809596118960681,0.891588832030813,0.9119876193604225,0.7910349483335134,0.8900572185381181,0.874967887384552,0.06064099867638152,0.09123825965225535,0.07403030985014082,0.028336779628891383,0.022504825340339894,0.038775927086760476,0.05258785003912823,0.01171689833557921,0.016124226983495263,0.013425273347168767,0.003527260335812711,0.0024982825120234585,0.004898681787060882,0.008698437216856715,0.8829064191460043,0.880731141649473,0.8910364587436352,0.9105058035268991,0.7807952193830392,0.8890565402795461,0.8725052637880996,11.425323009490967
