acc;avg_acc;f1_macro;f1_micro;f1_weighted;precision_macro;precision_micro;precision_weighted;recall_macro;recall_micro;recall_weighted;time
0.7429443173150267;0.6405848444717984;0.6558558525579009;0.7429443173150267;0.712968226535416;0.7148715054838859;0.7429443173150267;0.7327017027598962;0.6405848444717984;0.7429443173150267;0.7429443173150267;1.3769066333770752
