acc;avg_acc;f1_macro;f1_micro;f1_weighted;precision_macro;precision_micro;precision_weighted;recall_macro;recall_micro;recall_weighted;time
0.8071897837159518;0.7376947161520556;0.7526306744437348;0.807189783715952;0.7857722275819593;0.8037978142406553;0.8071897837159518;0.8012175258805455;0.7376947161520556;0.8071897837159518;0.8071897837159518;1.4014286994934082
