acc;avg_acc;f1_macro;f1_micro;f1_weighted;precision_macro;precision_micro;precision_weighted;recall_macro;recall_micro;recall_weighted;time
0.8137841096429714;0.7595813909620505;0.7750984182614418;0.8137841096429713;0.7959633712824763;0.8199395963869336;0.8137841096429714;0.8125340490871212;0.7595813909620505;0.8137841096429714;0.8137841096429714;1.3938696384429932
