acc;avg_acc;f1_macro;f1_micro;f1_weighted;precision_macro;precision_micro;precision_weighted;recall_macro;recall_micro;recall_weighted;time
0.7904333062670702;0.7166964549717654;0.733130941437705;0.7904333062670702;0.7680367401434307;0.7833666746150606;0.7904333062670702;0.7806792169788391;0.7166964549717654;0.7904333062670702;0.7904333062670702;1.6060082912445068
