acc;avg_acc;f1_macro;f1_micro;f1_weighted;precision_macro;precision_micro;precision_weighted;recall_macro;recall_micro;recall_weighted;time
0.8157033537560592;0.7533145986059554;0.766825654021399;0.8157033537560592;0.7949032679396588;0.8201521568573045;0.8157033537560592;0.8133332961828912;0.7533145986059554;0.8157033537560592;0.8157033537560592;1.1482934951782227
