acc;avg_acc;f1_macro;f1_micro;f1_weighted;precision_macro;precision_micro;precision_weighted;recall_macro;recall_micro;recall_weighted;time
0.8123323737112768;0.7491534245480135;0.7661950431402373;0.8123323737112766;0.7947273488068003;0.8137620414060698;0.8123323737112768;0.8103768318669027;0.7491534245480135;0.8123323737112768;0.8123323737112768;1.4469470977783203
