acc;avg_acc;f1_macro;f1_micro;f1_weighted;precision_macro;precision_micro;precision_weighted;recall_macro;recall_micro;recall_weighted;time
0.809773381560493;0.7476711777634409;0.7662615104556737;0.8097733815604932;0.7946592986132446;0.805841390515877;0.809773381560493;0.8030754310682038;0.7476711777634409;0.809773381560493;0.809773381560493;1.5308442115783691
