acc;avg_acc;f1_macro;f1_micro;f1_weighted;precision_macro;precision_micro;precision_weighted;recall_macro;recall_micro;recall_weighted;time
0.8186314313132059;0.7601856126670182;0.7726258126297206;0.818631431313206;0.8016162999178109;0.8192912690434159;0.8186314313132059;0.8145128671135784;0.7601856126670182;0.8186314313132059;0.8186314313132059;1.3868930339813232
