acc;avg_acc;f1_macro;f1_micro;f1_weighted;precision_macro;precision_micro;precision_weighted;recall_macro;recall_micro;recall_weighted;time
0.8131935729927905;0.7414608268546775;0.7635314923625325;0.8131935729927906;0.7971908425540368;0.8113343185251577;0.8131935729927905;0.8074809342925147;0.7414608268546775;0.8131935729927905;0.8131935729927905;1.4363222122192383
