acc;avg_acc;f1_macro;f1_micro;f1_weighted;precision_macro;precision_micro;precision_weighted;recall_macro;recall_micro;recall_weighted;time
0.8069437267783766;0.7425136971969122;0.7555766004722289;0.8069437267783764;0.7871076205616298;0.8004061527265391;0.8069437267783766;0.8004403559288726;0.7425136971969122;0.8069437267783766;0.8069437267783766;1.5464715957641602
