acc;avg_acc;f1_macro;f1_micro;f1_weighted;precision_macro;precision_micro;precision_weighted;recall_macro;recall_micro;recall_weighted;time
0.8135626583991535;0.7510241232744934;0.7705392743752716;0.8135626583991535;0.7944662728952616;0.8236673980672871;0.8135626583991535;0.811234536047097;0.7510241232744934;0.8135626583991535;0.8135626583991535;1.4754230976104736
