acc;avg_acc;f1_macro;f1_micro;f1_weighted;precision_macro;precision_micro;precision_weighted;recall_macro;recall_micro;recall_weighted;time
0.8104869466794616;0.7526174653718437;0.7673585881492757;0.8104869466794615;0.7887437256999933;0.8177291743586552;0.8104869466794616;0.8086311463676643;0.7526174653718437;0.8104869466794616;0.8104869466794616;1.7263360023498535
