acc;avg_acc;f1_macro;f1_micro;f1_weighted;precision_macro;precision_micro;precision_weighted;recall_macro;recall_micro;recall_weighted;time
0.8163923131812701;0.752752237703873;0.7683497103499473;0.8163923131812701;0.8004364213482157;0.8111918677038792;0.8163923131812701;0.8135008067351707;0.752752237703873;0.8163923131812701;0.8163923131812701;1.444209337234497
