acc;avg_acc;f1_macro;f1_micro;f1_weighted;precision_macro;precision_micro;precision_weighted;recall_macro;recall_micro;recall_weighted;time
0.814866760168303;0.7499553272368272;0.7687019846481818;0.814866760168303;0.7966453017035487;0.8205155109337745;0.814866760168303;0.810402607125082;0.7499553272368272;0.814866760168303;0.814866760168303;1.263314962387085
