acc;avg_acc;f1_macro;f1_micro;f1_weighted;precision_macro;precision_micro;precision_weighted;recall_macro;recall_micro;recall_weighted;time
0.8085430968726163;0.7311411731600319;0.7442958947380686;0.8085430968726163;0.7839801009175653;0.8058295943624676;0.8085430968726163;0.8057098820394002;0.7311411731600319;0.8085430968726163;0.8085430968726163;1.4382789134979248
