acc;avg_acc;f1_macro;f1_micro;f1_weighted;precision_macro;precision_micro;precision_weighted;recall_macro;recall_micro;recall_weighted;time
0.8182623459068429;0.7540179949792312;0.7756765400129092;0.8182623459068429;0.8045544183901866;0.8207825021816489;0.8182623459068429;0.8172943074587226;0.7540179949792312;0.8182623459068429;0.8182623459068429;1.3177697658538818
