acc;avg_acc;f1_macro;f1_micro;f1_weighted;precision_macro;precision_micro;precision_weighted;recall_macro;recall_micro;recall_weighted;time
0.8108314263920672;0.7476423136520194;0.7588241028674929;0.8108314263920673;0.7910475630599039;0.8103134743769529;0.8108314263920672;0.8072531726297729;0.7476423136520194;0.8108314263920672;0.8108314263920672;1.3939259052276611
