acc;avg_acc;f1_macro;f1_micro;f1_weighted;precision_macro;precision_micro;precision_weighted;recall_macro;recall_micro;recall_weighted;time
0.8139809551930317;0.7568975450988185;0.7729401343291182;0.8139809551930318;0.7964548839798642;0.81363283924131;0.8139809551930317;0.8068374194594132;0.7568975450988185;0.8139809551930317;0.8139809551930317;1.3749217987060547
