acc;avg_acc;f1_macro;f1_micro;f1_weighted;precision_macro;precision_micro;precision_weighted;recall_macro;recall_micro;recall_weighted;time
0.795895770281243;0.7304016984064426;0.7394377299000013;0.795895770281243;0.7711479958352335;0.7939983629532654;0.795895770281243;0.7956429819545308;0.7304016984064426;0.795895770281243;0.795895770281243;1.5308616161346436
