acc;avg_acc;f1_macro;f1_micro;f1_weighted;precision_macro;precision_micro;precision_weighted;recall_macro;recall_micro;recall_weighted;time
0.8132673900740631;0.7518813486486954;0.7671642502934022;0.8132673900740631;0.7953052308720632;0.8196000235804634;0.8132673900740631;0.8115786208045181;0.7518813486486954;0.8132673900740631;0.8132673900740631;1.4305424690246582
