acc;avg_acc;f1_macro;f1_micro;f1_weighted;precision_macro;precision_micro;precision_weighted;recall_macro;recall_micro;recall_weighted;time
0.8162692847124825;0.7504405400548845;0.7647285757542296;0.8162692847124826;0.7990381343418202;0.8092984150574783;0.8162692847124825;0.812106491485055;0.7504405400548845;0.8162692847124825;0.8162692847124825;1.4420242309570312
