acc;avg_acc;f1_macro;f1_micro;f1_weighted;precision_macro;precision_micro;precision_weighted;recall_macro;recall_micro;recall_weighted;time
0.8149651829433331;0.7506756537490118;0.7682571969428753;0.8149651829433331;0.7948896395694809;0.823781476445813;0.8149651829433331;0.8170527982743253;0.7506756537490118;0.8149651829433331;0.8149651829433331;1.4156527519226074
