acc;avg_acc;f1_macro;f1_micro;f1_weighted;precision_macro;precision_micro;precision_weighted;recall_macro;recall_micro;recall_weighted;time
0.8166383701188455;0.753799017521297;0.772829011400309;0.8166383701188455;0.7982624309567156;0.8220270217906797;0.8166383701188455;0.8137124597448402;0.753799017521297;0.8166383701188455;0.8166383701188455;1.4285378456115723
