acc;avg_acc;f1_macro;f1_micro;f1_weighted;precision_macro;precision_micro;precision_weighted;recall_macro;recall_micro;recall_weighted;time
0.8182377402130853;0.7618926722451282;0.7765089332364336;0.8182377402130853;0.8038132706713769;0.813377686670925;0.8182377402130853;0.812084309722865;0.7618926722451282;0.8182377402130853;0.8182377402130853;1.5483598709106445
