acc;avg_acc;f1_macro;f1_micro;f1_weighted;precision_macro;precision_micro;precision_weighted;recall_macro;recall_micro;recall_weighted;time
0.8072636007972245;0.7433688488647062;0.7635566409373947;0.8072636007972245;0.7878233040890633;0.8122548122727643;0.8072636007972245;0.8001701152991086;0.7433688488647062;0.8072636007972245;0.8072636007972245;1.4009530544281006
