acc;avg_acc;f1_macro;f1_micro;f1_weighted;precision_macro;precision_micro;precision_weighted;recall_macro;recall_micro;recall_weighted;time
0.8174995694003593;0.7568839509965397;0.7763896178615252;0.8174995694003593;0.802115919074488;0.8178827294350453;0.8174995694003593;0.8123076806968794;0.7568839509965397;0.8174995694003593;0.8174995694003593;1.4810502529144287
