acc;avg_acc;f1_macro;f1_micro;f1_weighted;precision_macro;precision_micro;precision_weighted;recall_macro;recall_micro;recall_weighted;time
0.8182377402130853;0.7462216005352806;0.7629589475087146;0.8182377402130853;0.7968413331504292;0.8238176906326937;0.8182377402130853;0.8160438418247935;0.7462216005352806;0.8182377402130853;0.8182377402130853;1.3765811920166016
