acc;avg_acc;f1_macro;f1_micro;f1_weighted;precision_macro;precision_micro;precision_weighted;recall_macro;recall_micro;recall_weighted;time
0.8160970448561797;0.7619078297637627;0.7776865197774167;0.8160970448561797;0.8014643896881516;0.8150316660267014;0.8160970448561797;0.8092218938403156;0.7619078297637627;0.8160970448561797;0.8160970448561797;1.3933517932891846
