acc;avg_acc;f1_macro;f1_micro;f1_weighted;precision_macro;precision_micro;precision_weighted;recall_macro;recall_micro;recall_weighted;time
0.8192957850446594;0.7550155378821;0.774346890553775;0.8192957850446594;0.8041094790397179;0.8170927012571085;0.8192957850446594;0.815340491853666;0.7550155378821;0.8192957850446594;0.8192957850446594;1.381687879562378
