acc;avg_acc;f1_macro;f1_micro;f1_weighted;precision_macro;precision_micro;precision_weighted;recall_macro;recall_micro;recall_weighted;time
0.8052705396028641;0.7436230498292056;0.7568367716500355;0.8052705396028641;0.7861166461745532;0.7993402334438733;0.8052705396028641;0.799199489523068;0.7436230498292056;0.8052705396028641;0.8052705396028641;1.4279077053070068
