acc;avg_acc;f1_macro;f1_micro;f1_weighted;precision_macro;precision_micro;precision_weighted;recall_macro;recall_micro;recall_weighted;time
0.8198863216948402;0.7567484099734462;0.7702384470552085;0.8198863216948401;0.8020290586709471;0.8195958236377907;0.8198863216948402;0.8168675746252149;0.7567484099734462;0.8198863216948402;0.8198863216948402;1.0967881679534912
