acc;avg_acc;f1_macro;f1_micro;f1_weighted;precision_macro;precision_micro;precision_weighted;recall_macro;recall_micro;recall_weighted;time
0.8143746462931523;0.7494700242540632;0.7653464877886087;0.8143746462931523;0.7930162455199031;0.8205076897950824;0.8143746462931523;0.8103456075433872;0.7494700242540632;0.8143746462931523;0.8143746462931523;1.4540410041809082
