acc;avg_acc;f1_macro;f1_micro;f1_weighted;precision_macro;precision_micro;precision_weighted;recall_macro;recall_micro;recall_weighted;time
0.7928692699490663;0.726052487771755;0.7334994172571678;0.7928692699490663;0.771159669158945;0.7769896822823309;0.7928692699490663;0.7864517202920985;0.726052487771755;0.7928692699490663;0.7928692699490663;1.5818660259246826
