acc;avg_acc;f1_macro;f1_micro;f1_weighted;precision_macro;precision_micro;precision_weighted;recall_macro;recall_micro;recall_weighted;time
0.8175487807878743;0.7540721496010507;0.7694790749743857;0.8175487807878743;0.7989188198992973;0.815468631824356;0.8175487807878743;0.8128807662172647;0.7540721496010507;0.8175487807878743;0.8175487807878743;1.3789288997650146
