acc;avg_acc;f1_macro;f1_micro;f1_weighted;precision_macro;precision_micro;precision_weighted;recall_macro;recall_micro;recall_weighted;time
0.8123323737112768;0.7492121940774941;0.7635794754209199;0.8123323737112766;0.7914326607539461;0.8113396986519136;0.8123323737112768;0.8055518609341971;0.7492121940774941;0.8123323737112768;0.8123323737112768;1.4504368305206299
