acc;avg_acc;f1_macro;f1_micro;f1_weighted;precision_macro;precision_micro;precision_weighted;recall_macro;recall_micro;recall_weighted;time
0.7341600846435865;0.6310485128166103;0.6522596429027583;0.7341600846435866;0.7014034357416655;0.7270757603712279;0.7341600846435865;0.7214542061261728;0.6310485128166103;0.7341600846435865;0.7341600846435865;1.369619369506836
