acc;avg_acc;f1_macro;f1_micro;f1_weighted;precision_macro;precision_micro;precision_weighted;recall_macro;recall_micro;recall_weighted;time
0.8204276469575059;0.7563123357804851;0.7748467986514697;0.8204276469575059;0.8013157922250033;0.8284037820753487;0.8204276469575059;0.8205391104978093;0.7563123357804851;0.8204276469575059;0.8204276469575059;1.3103432655334473
