acc;avg_acc;f1_macro;f1_micro;f1_weighted;precision_macro;precision_micro;precision_weighted;recall_macro;recall_micro;recall_weighted;time
0.8197878989198101;0.7554870855537393;0.7734933589096081;0.8197878989198101;0.802170445319663;0.8207767784828143;0.8197878989198101;0.8143905218445125;0.7554870855537393;0.8197878989198101;0.8197878989198101;1.218275785446167
