acc;avg_acc;f1_macro;f1_micro;f1_weighted;precision_macro;precision_micro;precision_weighted;recall_macro;recall_micro;recall_weighted;time
0.8143500405993948;0.7502382019756815;0.7647423114123026;0.8143500405993948;0.7944302313210104;0.8179572306705056;0.8143500405993948;0.8151771607680418;0.7502382019756815;0.8143500405993948;0.8143500405993948;1.386284351348877
