acc;avg_acc;f1_macro;f1_micro;f1_weighted;precision_macro;precision_micro;precision_weighted;recall_macro;recall_micro;recall_weighted;time
0.8127260648113973;0.7504779249335437;0.7619595410188827;0.8127260648113973;0.7933710822183362;0.8064300919356641;0.8127260648113973;0.8070231216532704;0.7504779249335437;0.8127260648113973;0.8127260648113973;1.4549195766448975
