acc;avg_acc;f1_macro;f1_micro;f1_weighted;precision_macro;precision_micro;precision_weighted;recall_macro;recall_micro;recall_weighted;time
0.8149897886370906;0.7480305053499587;0.7689557171203785;0.8149897886370906;0.795968248410617;0.8234120174306635;0.8149897886370906;0.8131472603789431;0.7480305053499587;0.8149897886370906;0.8149897886370906;1.4102678298950195
