acc;avg_acc;f1_macro;f1_micro;f1_weighted;precision_macro;precision_micro;precision_weighted;recall_macro;recall_micro;recall_weighted;time
0.8130951502177604;0.7485670180221831;0.7640663594567044;0.8130951502177604;0.7969058496094448;0.802525786614576;0.8130951502177604;0.8034123756510901;0.7485670180221831;0.8130951502177604;0.8130951502177604;1.3709254264831543
