acc;avg_acc;f1_macro;f1_micro;f1_weighted;precision_macro;precision_micro;precision_weighted;recall_macro;recall_micro;recall_weighted;time
0.8228390049457445;0.7630860273227891;0.7787977297271286;0.8228390049457445;0.8063755985045337;0.8240342569669726;0.8228390049457445;0.8214834004908292;0.7630860273227891;0.8228390049457445;0.8228390049457445;1.4419987201690674
