acc;avg_acc;f1_macro;f1_micro;f1_weighted;precision_macro;precision_micro;precision_weighted;recall_macro;recall_micro;recall_weighted;time
0.8119878939986713;0.7479361731012197;0.7609395958667131;0.8119878939986713;0.7861564320577966;0.8285530092899361;0.8119878939986713;0.8155563571217924;0.7479361731012197;0.8119878939986713;0.8119878939986713;1.4925901889801025
