acc;avg_acc;f1_macro;f1_micro;f1_weighted;precision_macro;precision_micro;precision_weighted;recall_macro;recall_micro;recall_weighted;time
0.8109790605546123;0.7391699524912482;0.7547026809847541;0.8109790605546124;0.7882133773852167;0.8134041723362601;0.8109790605546123;0.8105577200262997;0.7391699524912482;0.8109790605546123;0.8109790605546123;1.449911117553711
