acc;avg_acc;f1_macro;f1_micro;f1_weighted;precision_macro;precision_micro;precision_weighted;recall_macro;recall_micro;recall_weighted;time
0.8209197608326567;0.7599989182737897;0.7788650232763901;0.8209197608326567;0.8036132692814368;0.8304513916833167;0.8209197608326567;0.8216061240658523;0.7599989182737897;0.8209197608326567;0.8209197608326567;1.4402108192443848
