acc;avg_acc;f1_macro;f1_micro;f1_weighted;precision_macro;precision_micro;precision_weighted;recall_macro;recall_micro;recall_weighted;time
0.8074358406535272;0.729950878831175;0.7467072135604824;0.8074358406535272;0.7872283470402072;0.800207836634759;0.8074358406535272;0.8014039124521072;0.729950878831175;0.8074358406535272;0.8074358406535272;1.4715321063995361
