acc;avg_acc;f1_macro;f1_micro;f1_weighted;precision_macro;precision_micro;precision_weighted;recall_macro;recall_micro;recall_weighted;time
0.8182131345193278;0.7594993298809379;0.7770004926726735;0.8182131345193278;0.8026651841546399;0.8187809066279674;0.8182131345193278;0.8136064276552336;0.7594993298809379;0.8182131345193278;0.8182131345193278;1.4023728370666504
