acc;avg_acc;f1_macro;f1_micro;f1_weighted;precision_macro;precision_micro;precision_weighted;recall_macro;recall_micro;recall_weighted;time
0.8126522477301248;0.7438791102944268;0.7631364086519438;0.8126522477301248;0.7942414414437703;0.8136966512727939;0.8126522477301248;0.8074886304599369;0.7438791102944268;0.8126522477301248;0.8126522477301248;1.34336519241333
