acc;avg_acc;f1_macro;f1_micro;f1_weighted;precision_macro;precision_micro;precision_weighted;recall_macro;recall_micro;recall_weighted;time
0.8139071381117591;0.7547382067286859;0.773107336543211;0.8139071381117591;0.7974663056144081;0.8139602282883615;0.8139071381117591;0.8047449890097571;0.7547382067286859;0.8139071381117591;0.8139071381117591;1.3359031677246094
