acc;avg_acc;f1_macro;f1_micro;f1_weighted;precision_macro;precision_micro;precision_weighted;recall_macro;recall_micro;recall_weighted;time
0.8178686548067223;0.755382550431536;0.7722436870720366;0.8178686548067223;0.7962562126937256;0.8308864792569134;0.8178686548067223;0.821134423713057;0.755382550431536;0.8178686548067223;0.8178686548067223;1.5071048736572266
