acc;avg_acc;f1_macro;f1_micro;f1_weighted;precision_macro;precision_micro;precision_weighted;recall_macro;recall_micro;recall_weighted;time
0.785733618759381;0.7073291711922738;0.7209486195385572;0.785733618759381;0.7574811194486174;0.7889861135283078;0.785733618759381;0.7859385429639382;0.7073291711922738;0.785733618759381;0.785733618759381;1.3302607536315918
