acc;avg_acc;f1_macro;f1_micro;f1_weighted;precision_macro;precision_micro;precision_weighted;recall_macro;recall_micro;recall_weighted;time
0.8107083979232794;0.7467860741549948;0.7647751362267324;0.8107083979232793;0.7893425599073775;0.818572959826144;0.8107083979232794;0.8073919837102012;0.7467860741549948;0.8107083979232794;0.8107083979232794;1.3859117031097412
