acc;avg_acc;f1_macro;f1_micro;f1_weighted;precision_macro;precision_micro;precision_weighted;recall_macro;recall_micro;recall_weighted;time
0.8105853694544918;0.7408885645376141;0.7603319321077036;0.8105853694544918;0.7901728627475079;0.8198378386930267;0.8105853694544918;0.81082513311924;0.7408885645376141;0.8105853694544918;0.8105853694544918;1.7003319263458252
