acc;avg_acc;f1_macro;f1_micro;f1_weighted;precision_macro;precision_micro;precision_weighted;recall_macro;recall_micro;recall_weighted;time
0.8158017765310893;0.7535138877113678;0.771238049408266;0.8158017765310893;0.7966922908084454;0.8236032123749433;0.8158017765310893;0.8155138503852118;0.7535138877113678;0.8158017765310893;0.8158017765310893;1.0927391052246094
