acc;avg_acc;f1_macro;f1_micro;f1_weighted;precision_macro;precision_micro;precision_weighted;recall_macro;recall_micro;recall_weighted;time
0.823872444083561;0.7528268573695609;0.7753582907811477;0.8238724440835609;0.8084649286967184;0.8271028024842644;0.823872444083561;0.8193005391325544;0.7528268573695609;0.823872444083561;0.823872444083561;1.396521806716919
