acc;avg_acc;f1_macro;f1_micro;f1_weighted;precision_macro;precision_micro;precision_weighted;recall_macro;recall_micro;recall_weighted;time
0.8205998868138087;0.761301911812471;0.777119342306522;0.8205998868138088;0.8040686242287923;0.8282582557833229;0.8205998868138087;0.8211046283360448;0.761301911812471;0.8205998868138087;0.8205998868138087;1.489480972290039
