acc;avg_acc;f1_macro;f1_micro;f1_weighted;precision_macro;precision_micro;precision_weighted;recall_macro;recall_micro;recall_weighted;time
0.8187790654757511;0.755657281100413;0.7765581027835524;0.8187790654757511;0.7997735978492462;0.8306003969196015;0.8187790654757511;0.8140540472711071;0.755657281100413;0.8187790654757511;0.8187790654757511;1.1683318614959717
