acc;avg_acc;f1_macro;f1_micro;f1_weighted;precision_macro;precision_micro;precision_weighted;recall_macro;recall_micro;recall_weighted;time
0.8270957899657981;0.7650194197679213;0.787157167045375;0.8270957899657982;0.8103049482592699;0.8402209486968995;0.8270957899657981;0.8267683819046009;0.7650194197679213;0.8270957899657981;0.8270957899657981;1.3718419075012207
