acc;avg_acc;f1_macro;f1_micro;f1_weighted;precision_macro;precision_micro;precision_weighted;recall_macro;recall_micro;recall_weighted;time
0.8170566669127236;0.7645885982313854;0.7784448857463708;0.8170566669127236;0.801026388120634;0.8206556240973466;0.8170566669127236;0.8125837274991089;0.7645885982313854;0.8170566669127236;0.8170566669127236;1.4960463047027588
