acc;avg_acc;f1_macro;f1_micro;f1_weighted;precision_macro;precision_micro;precision_weighted;recall_macro;recall_micro;recall_weighted;time
0.8067222755345587;0.743952043225531;0.754361597141119;0.8067222755345587;0.7859336810255462;0.8009631066732008;0.8067222755345587;0.8047584053144481;0.743952043225531;0.8067222755345587;0.8067222755345587;1.688331127166748
