acc;avg_acc;f1_macro;f1_micro;f1_weighted;precision_macro;precision_micro;precision_weighted;recall_macro;recall_micro;recall_weighted;time
0.822863610639502;0.7601157960528528;0.7784643124203633;0.822863610639502;0.8065274934962214;0.8297491585340063;0.822863610639502;0.8235585696734838;0.7601157960528528;0.822863610639502;0.822863610639502;1.4053165912628174
