acc;avg_acc;f1_macro;f1_micro;f1_weighted;precision_macro;precision_micro;precision_weighted;recall_macro;recall_micro;recall_weighted;time
0.8111513004109151;0.7359396298795547;0.7556878860702763;0.8111513004109151;0.788148685078193;0.8217555796252252;0.8111513004109151;0.8102045702719308;0.7359396298795547;0.8111513004109151;0.8111513004109151;1.427635908126831
