acc;avg_acc;f1_macro;f1_micro;f1_weighted;precision_macro;precision_micro;precision_weighted;recall_macro;recall_micro;recall_weighted;time
0.805590413621712;0.7346048099933845;0.7524100642379765;0.8055904136217119;0.784571499709551;0.8037347650810561;0.805590413621712;0.7982581076040954;0.7346048099933845;0.805590413621712;0.805590413621712;1.5400073528289795
