acc;avg_acc;f1_macro;f1_micro;f1_weighted;precision_macro;precision_micro;precision_weighted;recall_macro;recall_micro;recall_weighted;time
0.8201569843261731;0.7611319017020785;0.7776425528874085;0.8201569843261731;0.8047069602928988;0.8192969089702343;0.8201569843261731;0.8168853004700188;0.7611319017020785;0.8201569843261731;0.8201569843261731;1.4891166687011719
