acc;avg_acc;f1_macro;f1_micro;f1_weighted;precision_macro;precision_micro;precision_weighted;recall_macro;recall_micro;recall_weighted;time
0.8170320612189661;0.7605014061379713;0.7750887461041824;0.8170320612189661;0.8013935212857894;0.8166718282109809;0.8170320612189661;0.8145422167017066;0.7605014061379713;0.8170320612189661;0.8170320612189661;1.4423832893371582
