acc;avg_acc;f1_macro;f1_micro;f1_weighted;precision_macro;precision_micro;precision_weighted;recall_macro;recall_micro;recall_weighted;time
0.8134150242366084;0.7591789644830139;0.7754022821685755;0.8134150242366084;0.7972598653483453;0.8138523210822963;0.8134150242366084;0.8064814538406206;0.7591789644830139;0.8134150242366084;0.8134150242366084;1.354421854019165
