acc;avg_acc;f1_macro;f1_micro;f1_weighted;precision_macro;precision_micro;precision_weighted;recall_macro;recall_micro;recall_weighted;time
0.8143008292118796;0.7544425418041806;0.7706811066335795;0.8143008292118796;0.7959898408797609;0.8142484704811674;0.8143008292118796;0.808625317774579;0.7544425418041806;0.8143008292118796;0.8143008292118796;1.4206798076629639
