acc;avg_acc;f1_macro;f1_micro;f1_weighted;precision_macro;precision_micro;precision_weighted;recall_macro;recall_micro;recall_weighted;time
0.8212150291577471;0.7582233914523866;0.7810273899558299;0.8212150291577471;0.8054996552581477;0.8310173180440611;0.8212150291577471;0.8193077340994431;0.7582233914523866;0.8212150291577471;0.8212150291577471;1.4836134910583496
