acc;avg_acc;f1_macro;f1_micro;f1_weighted;precision_macro;precision_micro;precision_weighted;recall_macro;recall_micro;recall_weighted;time
0.8179178661942373;0.7594321762431314;0.7758508405676041;0.8179178661942373;0.8008374730184348;0.8207974705190053;0.8179178661942373;0.813858186904083;0.7594321762431314;0.8179178661942373;0.8179178661942373;1.5423600673675537
