acc;avg_acc;f1_macro;f1_micro;f1_weighted;precision_macro;precision_micro;precision_weighted;recall_macro;recall_micro;recall_weighted;time
0.815924804999877;0.7598824122818157;0.7759839443524078;0.815924804999877;0.7961314009282636;0.8263547480928152;0.815924804999877;0.8164771313106397;0.7598824122818157;0.815924804999877;0.815924804999877;1.4123802185058594
