acc;avg_acc;f1_macro;f1_micro;f1_weighted;precision_macro;precision_micro;precision_weighted;recall_macro;recall_micro;recall_weighted;time
0.8224453138456239;0.771770203227656;0.7870733090712725;0.8224453138456239;0.8092707777526265;0.8213848573129559;0.8224453138456239;0.8183278445987539;0.771770203227656;0.8224453138456239;0.8224453138456239;1.2082734107971191
