acc;avg_acc;f1_macro;f1_micro;f1_weighted;precision_macro;precision_micro;precision_weighted;recall_macro;recall_micro;recall_weighted;time
0.8233065131271377;0.7717229369219482;0.7850828919682169;0.8233065131271375;0.8092161827085196;0.8213292762044196;0.8233065131271377;0.8208153947563955;0.7717229369219482;0.8233065131271377;0.8233065131271377;1.1207969188690186
