acc;avg_acc;f1_macro;f1_micro;f1_weighted;precision_macro;precision_micro;precision_weighted;recall_macro;recall_micro;recall_weighted;time
0.8512831869294555;0.8181444934280772;0.8307031871351216;0.8512831869294555;0.8453163336136819;0.8517507100021561;0.8512831869294555;0.8490742115706097;0.8181444934280772;0.8512831869294555;0.8512831869294555;2.598320960998535
