expl_var_class_0,expl_var_class_1,expl_var_class_2,expl_var_class_3,expl_var_class_4,expl_var_class_5,expl_var_mean,mae_class_0,mae_class_1,mae_class_2,mae_class_3,mae_class_4,mae_class_5,mae_mean,mse_class_0,mse_class_1,mse_class_2,mse_class_3,mse_class_4,mse_class_5,mse_mean,r2_class_0,r2_class_1,r2_class_2,r2_class_3,r2_class_4,r2_class_5,r2_mean,time
0.9564052633589852,0.9639178735261206,0.9761518126179858,0.9716749292734366,0.8312099624647459,0.9389389480044452,0.9397164648742865,0.02959613033225623,0.03740087010337889,0.026979614431026925,0.014333680001169549,0.017229447934425077,0.024531650666246695,0.025011898911417228,0.004256674544683756,0.0047497775356376065,0.0028468046269148535,0.0011257179820484255,0.0022425615753018883,0.0026938141069911157,0.002985891728596274,0.9563979443265451,0.9639166306772944,0.9761431991502115,0.9716352416534312,0.831121812715671,0.9389212973535895,0.9396893543127903,4.232201337814331
