expl_var_class_0,expl_var_class_1,expl_var_class_2,expl_var_class_3,expl_var_class_4,expl_var_class_5,expl_var_mean,mae_class_0,mae_class_1,mae_class_2,mae_class_3,mae_class_4,mae_class_5,mae_mean,mse_class_0,mse_class_1,mse_class_2,mse_class_3,mse_class_4,mse_class_5,mse_mean,r2_class_0,r2_class_1,r2_class_2,r2_class_3,r2_class_4,r2_class_5,r2_mean,time
0.9470180237969547,0.9116618356680052,0.9441337627138519,0.9761116644486674,0.8262613610357725,0.9209122200189122,0.9210164779470272,0.032457663360499066,0.05789017869753148,0.04166535237279252,0.013429756520010211,0.017315197810624086,0.02776119878931492,0.03175322459179538,0.005175913336240763,0.01164584159589803,0.0066708679359007515,0.0009491994554008121,0.002300237106481151,0.003485759083648243,0.005037969752261624,0.9470170011454248,0.9116464698371449,0.9441328414289613,0.9760716605825459,0.8261249321484957,0.9208797733059886,0.9209787797414268,1.0211243629455566
