expl_var_class_0,expl_var_class_1,expl_var_class_2,expl_var_class_3,expl_var_class_4,expl_var_class_5,expl_var_mean,mae_class_0,mae_class_1,mae_class_2,mae_class_3,mae_class_4,mae_class_5,mae_mean,mse_class_0,mse_class_1,mse_class_2,mse_class_3,mse_class_4,mse_class_5,mse_mean,r2_class_0,r2_class_1,r2_class_2,r2_class_3,r2_class_4,r2_class_5,r2_mean,time
0.9584781243724071,0.9652691490475418,0.9768967108348238,0.9728368011664249,0.8432828489174894,0.9374998173555148,0.9423772419490336,0.028701321008602343,0.03688863835247801,0.026458456122789277,0.014341034844259989,0.016793047372971406,0.02476928223217034,0.02465862998887856,0.004054110178980961,0.004572060409853234,0.0027607533414168504,0.0010791036041224208,0.0020686570230319594,0.002750885137365578,0.0028809282824618344,0.958478047260895,0.9652571385245188,0.9768941444262799,0.9728351268789671,0.8432652042491425,0.937499761137965,0.9423715704129614,3.355797290802002
