expl_var_class_0,expl_var_class_1,expl_var_class_2,expl_var_class_3,expl_var_class_4,expl_var_class_5,expl_var_mean,mae_class_0,mae_class_1,mae_class_2,mae_class_3,mae_class_4,mae_class_5,mae_mean,mse_class_0,mse_class_1,mse_class_2,mse_class_3,mse_class_4,mse_class_5,mse_mean,r2_class_0,r2_class_1,r2_class_2,r2_class_3,r2_class_4,r2_class_5,r2_mean,time
0.9533838085896085,0.9674210887198369,0.9791711010004213,0.9692083792076336,0.8375594437552141,0.9338264590476344,0.9400950467200583,0.030226217234929287,0.03600020860980873,0.02498741195851458,0.014720370066205921,0.01691033329467572,0.025494213619939945,0.0247231257973457,0.004553942896328747,0.004294236360217505,0.0024871197340314644,0.0012226222364207506,0.0021496702015278567,0.002919319202379082,0.0029378184384842346,0.9533837729525765,0.9674209082568541,0.9791708794265714,0.9691789542377591,0.8375062939834041,0.9337369016212476,0.9400662850797356,2.541311740875244
