expl_var_class_0,expl_var_class_1,expl_var_class_2,expl_var_class_3,expl_var_class_4,expl_var_class_5,expl_var_mean,mae_class_0,mae_class_1,mae_class_2,mae_class_3,mae_class_4,mae_class_5,mae_mean,mse_class_0,mse_class_1,mse_class_2,mse_class_3,mse_class_4,mse_class_5,mse_mean,r2_class_0,r2_class_1,r2_class_2,r2_class_3,r2_class_4,r2_class_5,r2_mean,time
0.9566849234968031,0.9678999935989454,0.9798290453337263,0.9715773903030096,0.834186882092167,0.9392021127903989,0.9415633912691751,0.029665873881320852,0.035561546606810206,0.024522679540364727,0.01445561482610409,0.017158667494390264,0.02468622902772082,0.024341768562785162,0.004227777805010378,0.004229490693499591,0.0024107149290879025,0.0011295789792872023,0.0021619918218160703,0.0026811536380306144,0.002806784644455293,0.9566729985315139,0.967870303477096,0.9798180395125846,0.9715706977431022,0.8341868488351519,0.9391895859561822,0.9415514123426051,2.5169615745544434
