expl_var_class_0,expl_var_class_1,expl_var_class_2,expl_var_class_3,expl_var_class_4,expl_var_class_5,expl_var_mean,mae_class_0,mae_class_1,mae_class_2,mae_class_3,mae_class_4,mae_class_5,mae_mean,mse_class_0,mse_class_1,mse_class_2,mse_class_3,mse_class_4,mse_class_5,mse_mean,r2_class_0,r2_class_1,r2_class_2,r2_class_3,r2_class_4,r2_class_5,r2_mean,time
0.9519764064443543,0.964096237290883,0.9758769074721299,0.9685808949178994,0.7990478355430898,0.9365685086959286,0.9326911317273808,0.030867944044663996,0.037304743343920206,0.02669202241143084,0.014892667068334961,0.018275163380039535,0.02509042943977591,0.025520494948027574,0.0046907913528381655,0.004718975504408805,0.0028730060268650766,0.001251722176321591,0.0026533833031377107,0.0028002321336469287,0.0031646850828697132,0.9519572909754925,0.9640956139673568,0.9758745926650834,0.968547339293046,0.7989146848056342,0.9365511157737867,0.9326567729134,6.065904140472412
