expl_var_class_0,expl_var_class_1,expl_var_class_2,expl_var_class_3,expl_var_class_4,expl_var_class_5,expl_var_mean,mae_class_0,mae_class_1,mae_class_2,mae_class_3,mae_class_4,mae_class_5,mae_mean,mse_class_0,mse_class_1,mse_class_2,mse_class_3,mse_class_4,mse_class_5,mse_mean,r2_class_0,r2_class_1,r2_class_2,r2_class_3,r2_class_4,r2_class_5,r2_mean,time
0.957090565100707,0.9678733385884563,0.9773321835176519,0.9709355192613809,0.8368837438869858,0.9397902357825669,0.9416509310229583,0.029348047718763953,0.03625881147329746,0.026329840438196174,0.014307062526717597,0.017097414393977307,0.02440558248237868,0.024624459838888526,0.0041882014093832624,0.00423225497198064,0.0027046387164608287,0.0011532627442913308,0.002145052595270671,0.0026485157115287666,0.00284532102481925,0.9570874812802186,0.9678700075671947,0.9773318895897587,0.9708895273388443,0.8368816641231155,0.9397847442279105,0.9416408856878404,7.6856372356414795
