expl_var_class_0,expl_var_class_1,expl_var_class_2,expl_var_class_3,expl_var_class_4,expl_var_class_5,expl_var_mean,mae_class_0,mae_class_1,mae_class_2,mae_class_3,mae_class_4,mae_class_5,mae_mean,mse_class_0,mse_class_1,mse_class_2,mse_class_3,mse_class_4,mse_class_5,mse_mean,r2_class_0,r2_class_1,r2_class_2,r2_class_3,r2_class_4,r2_class_5,r2_mean,time
0.958849307698574,0.9651327911250773,0.9758017802786585,0.9727293842328246,0.8436706019855664,0.9407488456320696,0.9428221184921285,0.02830513568257331,0.03691605893075517,0.026982433979261713,0.014188230620939182,0.016650988039171324,0.024255997280377962,0.02454980742217978,0.004015863417989336,0.004598518625828992,0.0028926845869653253,0.0010973438386417634,0.00206929238505069,0.002593041926867045,0.0028777907968905252,0.9588489332745647,0.965088028005785,0.9757932206969059,0.9726944924288641,0.8434992948881187,0.9407221223098371,0.9427743486006791,6.562654972076416
