expl_var_class_0,expl_var_class_1,expl_var_class_2,expl_var_class_3,expl_var_class_4,expl_var_class_5,expl_var_mean,mae_class_0,mae_class_1,mae_class_2,mae_class_3,mae_class_4,mae_class_5,mae_mean,mse_class_0,mse_class_1,mse_class_2,mse_class_3,mse_class_4,mse_class_5,mse_mean,r2_class_0,r2_class_1,r2_class_2,r2_class_3,r2_class_4,r2_class_5,r2_mean,time
0.9562783521333382,0.9667803025078332,0.9766658054450915,0.9677045762626815,0.8393646060764172,0.9349647623734071,0.9402930674664614,0.029560469325472388,0.0365868125471406,0.02669805056165619,0.014675112384540629,0.017148671552354566,0.02526855458627435,0.02498961182623979,0.004267983694414211,0.004376655565990862,0.002788345906677616,0.0012861098503520166,0.0021146239112730877,0.0028539976577531263,0.0029479527644101534,0.9562781636182454,0.9667801691469203,0.9766654834700949,0.9676279906490739,0.8393575750919497,0.9349293052283392,0.9402731145341039,6.074110507965088
