expl_var_class_0,expl_var_class_1,expl_var_class_2,expl_var_class_3,expl_var_class_4,expl_var_class_5,expl_var_mean,mae_class_0,mae_class_1,mae_class_2,mae_class_3,mae_class_4,mae_class_5,mae_mean,mse_class_0,mse_class_1,mse_class_2,mse_class_3,mse_class_4,mse_class_5,mse_mean,r2_class_0,r2_class_1,r2_class_2,r2_class_3,r2_class_4,r2_class_5,r2_mean,time
0.9552562676808088,0.9639257815975151,0.9741739545903569,0.969444843493103,0.815058832933395,0.934896406774782,0.9354593478449935,0.02969702698766874,0.037584056552488095,0.027493848214026177,0.014501780011370851,0.0177552334607997,0.02535607248113584,0.025398002951248232,0.004369067546834122,0.004741299269628051,0.003075776646733203,0.0012171309969370174,0.002442527234701622,0.002875138459510143,0.0031201566923906936,0.9552523604073822,0.9639257633115556,0.974171873020875,0.9694165294769521,0.8148943055909071,0.9348538554858274,0.9354191145489166,7.643475294113159
