expl_var_class_0,expl_var_class_1,expl_var_class_2,expl_var_class_3,expl_var_class_4,expl_var_class_5,expl_var_mean,mae_class_0,mae_class_1,mae_class_2,mae_class_3,mae_class_4,mae_class_5,mae_mean,mse_class_0,mse_class_1,mse_class_2,mse_class_3,mse_class_4,mse_class_5,mse_mean,r2_class_0,r2_class_1,r2_class_2,r2_class_3,r2_class_4,r2_class_5,r2_mean,time
0.9563148519510981,0.9648399062382278,0.9769726180847668,0.9723260464524728,0.8407506018051147,0.9386977018554974,0.9416502877311963,0.029426648370808838,0.03704513442173627,0.026535146499682964,0.014189789077645556,0.01679094498479065,0.02455337893870065,0.024756840382227488,0.004268953984654288,0.00463532134740058,0.0027497220749436065,0.001098485315761819,0.002107129613405708,0.002704833312861726,0.0029274076081712876,0.9563010488418557,0.9648331980896652,0.9769716383740076,0.9723083179925142,0.8407219397206808,0.9386053310778004,0.9416235790160874,7.983105897903442
