expl_var_class_0,expl_var_class_1,expl_var_class_2,expl_var_class_3,expl_var_class_4,expl_var_class_5,expl_var_mean,mae_class_0,mae_class_1,mae_class_2,mae_class_3,mae_class_4,mae_class_5,mae_mean,mse_class_0,mse_class_1,mse_class_2,mse_class_3,mse_class_4,mse_class_5,mse_mean,r2_class_0,r2_class_1,r2_class_2,r2_class_3,r2_class_4,r2_class_5,r2_mean,time
0.954839070411441,0.9675924003012946,0.9779866037680364,0.9725892399000451,0.8353268092668443,0.9390493325773654,0.9412305760375044,0.029804923629931666,0.03594442868013154,0.02590474918282477,0.013813626396346609,0.01683608686060694,0.024577379740124625,0.02448019908166103,0.00441191595820554,0.004272462212444611,0.0026285468681994917,0.00108963875826969,0.0021794813880421236,0.002688644893892015,0.002878448346508912,0.9548376251736351,0.9675861022281255,0.9779864560191928,0.9725313305839598,0.8352528645159388,0.9389727779804592,0.9411945260835518,10.550743341445923
