expl_var_class_0,expl_var_class_1,expl_var_class_2,expl_var_class_3,expl_var_class_4,expl_var_class_5,expl_var_mean,mae_class_0,mae_class_1,mae_class_2,mae_class_3,mae_class_4,mae_class_5,mae_mean,mse_class_0,mse_class_1,mse_class_2,mse_class_3,mse_class_4,mse_class_5,mse_mean,r2_class_0,r2_class_1,r2_class_2,r2_class_3,r2_class_4,r2_class_5,r2_mean,time
0.9520600575416295,0.9293415188892076,0.9558642783178432,0.9702759407516632,0.833882941523067,0.9247445488847522,0.9276948809846938,0.031371147438830134,0.051688281118264456,0.03684959995564417,0.01456384107480588,0.01734333349819923,0.027022270065503888,0.029806412191874628,0.004700315548184258,0.009303394240860047,0.00524452128387702,0.0011734580886217673,0.0021959508857236723,0.0033057782840329748,0.00432056972188329,0.9520535212438959,0.929339817852181,0.9558641425803118,0.970246780726685,0.8338433668225986,0.924734962498609,0.9276804319540468,2.1705691814422607
