expl_var_class_0,expl_var_class_1,expl_var_class_2,expl_var_class_3,expl_var_class_4,expl_var_class_5,expl_var_mean,mae_class_0,mae_class_1,mae_class_2,mae_class_3,mae_class_4,mae_class_5,mae_mean,mse_class_0,mse_class_1,mse_class_2,mse_class_3,mse_class_4,mse_class_5,mse_mean,r2_class_0,r2_class_1,r2_class_2,r2_class_3,r2_class_4,r2_class_5,r2_mean,time
0.9517910374628795,0.9308616100006918,0.9577417449102277,0.9711014834633674,0.8340511216231368,0.9236576274319642,0.928200770815378,0.030888084529897112,0.051412208220275105,0.036232956079509125,0.014588522717247795,0.017557723902315088,0.02678053799778057,0.029576672241170793,0.0047106554419942305,0.009098118060109139,0.005038829031037468,0.0011499239806818298,0.002179468309772938,0.0033509012833403467,0.0042546493511559915,0.9517900380222222,0.9308364722081998,0.9577269767292527,0.9710514071568728,0.8340486961085302,0.9236435968295977,0.9281828645091125,2.118079900741577
