expl_var_class_0,expl_var_class_1,expl_var_class_2,expl_var_class_3,expl_var_class_4,expl_var_class_5,expl_var_mean,mae_class_0,mae_class_1,mae_class_2,mae_class_3,mae_class_4,mae_class_5,mae_mean,mse_class_0,mse_class_1,mse_class_2,mse_class_3,mse_class_4,mse_class_5,mse_mean,r2_class_0,r2_class_1,r2_class_2,r2_class_3,r2_class_4,r2_class_5,r2_mean,time
0.9591697647952877,0.9652680662251066,0.9767972457796477,0.9730547596420673,0.8513660149062048,0.9405221593449578,0.9443630017822121,0.0287141265294035,0.03670847183881148,0.02624568649324027,0.014006536271233253,0.01637578930624497,0.024320543720546105,0.024395192359913262,0.003980449175694814,0.004571042424011577,0.002770977596471776,0.0010703825556714359,0.0019673809695126216,0.002609712636708562,0.0028283242263451307,0.9591594844463565,0.9652670658705971,0.9767970262006997,0.9730234073207386,0.8512949138455348,0.9404630956170358,0.9443341655501603,4.999265670776367
