expl_var_class_0,expl_var_class_1,expl_var_class_2,expl_var_class_3,expl_var_class_4,expl_var_class_5,expl_var_mean,mae_class_0,mae_class_1,mae_class_2,mae_class_3,mae_class_4,mae_class_5,mae_mean,mse_class_0,mse_class_1,mse_class_2,mse_class_3,mse_class_4,mse_class_5,mse_mean,r2_class_0,r2_class_1,r2_class_2,r2_class_3,r2_class_4,r2_class_5,r2_mean,time
0.9570006341294405,0.9662724600692779,0.9756206697559421,0.9702548298970829,0.8504482341813868,0.9398181842873421,0.9432358353867455,0.02942445822373821,0.036280042391139536,0.026885633413226778,0.01442880213602789,0.016646544333909954,0.024621395643131545,0.02471447935686232,0.004215669722503406,0.004440865260754765,0.0028969533562057423,0.0011737014578200638,0.001977040753068811,0.0026433919582990522,0.0028912704181086398,0.9569972448188414,0.9662711973614219,0.9756203639264358,0.9702406100613741,0.8504072029479057,0.9398159895256094,0.9432254347735981,5.803114414215088
