expl_var_class_0,expl_var_class_1,expl_var_class_2,expl_var_class_3,expl_var_class_4,expl_var_class_5,expl_var_mean,mae_class_0,mae_class_1,mae_class_2,mae_class_3,mae_class_4,mae_class_5,mae_mean,mse_class_0,mse_class_1,mse_class_2,mse_class_3,mse_class_4,mse_class_5,mse_mean,r2_class_0,r2_class_1,r2_class_2,r2_class_3,r2_class_4,r2_class_5,r2_mean,time
0.9567391364636141,0.9667290440309492,0.9762623913968332,0.9711792399882015,0.8380144420997623,0.936751837263441,0.9409460152071335,0.02959511267082468,0.0359819534185961,0.02614026870961589,0.014226695235138294,0.017142192169646412,0.025024902012112087,0.02468518736932224,0.004241847344450303,0.004380645960586363,0.0028212542692355063,0.0011372956412611848,0.002141939413664684,0.002778123319347773,0.0029168509914243024,0.956730214918041,0.9667285687904456,0.9762574180880025,0.9711636854173696,0.8379301450873681,0.9367484634937141,0.9409264159658236,2.2162208557128906
