expl_var_class_0,expl_var_class_1,expl_var_class_2,expl_var_class_3,expl_var_class_4,expl_var_class_5,expl_var_mean,mae_class_0,mae_class_1,mae_class_2,mae_class_3,mae_class_4,mae_class_5,mae_mean,mse_class_0,mse_class_1,mse_class_2,mse_class_3,mse_class_4,mse_class_5,mse_mean,r2_class_0,r2_class_1,r2_class_2,r2_class_3,r2_class_4,r2_class_5,r2_mean,time
0.9601882120097637,0.9666685587257022,0.9765719650044499,0.9699925774899345,0.8292166208409476,0.9404543606715197,0.9405153824570528,0.02872772361338965,0.036570350262438905,0.026777242254810093,0.014405867480015737,0.017428838780852454,0.024405200910685734,0.024719203883698762,0.0038986157782047483,0.0043884642566924155,0.0027904415379465773,0.0011902682625510432,0.002260571730256708,0.002625864496711892,0.002859037677060564,0.9601862354295414,0.9666617377139413,0.9765680506533214,0.9699347897296196,0.8291326762864225,0.9403756672845606,0.9404765261829011,8.14064621925354
