expl_var_class_0,expl_var_class_1,expl_var_class_2,expl_var_class_3,expl_var_class_4,expl_var_class_5,expl_var_mean,mae_class_0,mae_class_1,mae_class_2,mae_class_3,mae_class_4,mae_class_5,mae_mean,mse_class_0,mse_class_1,mse_class_2,mse_class_3,mse_class_4,mse_class_5,mse_mean,r2_class_0,r2_class_1,r2_class_2,r2_class_3,r2_class_4,r2_class_5,r2_mean,time
0.9542475984763075,0.965938759804393,0.975940117612731,0.9699458527649943,0.8299044996422966,0.9389171728403137,0.9391490001901727,0.02986907789063828,0.036546354442588566,0.02683558670023691,0.01429734561653847,0.017422734098497164,0.024448399981404516,0.024903249788317317,0.004461309394361052,0.004488434687400183,0.002872318381297069,0.0011889727491536791,0.002248879408612664,0.0026902341522980593,0.002991691462187118,0.9542454562159921,0.9659248761258892,0.9759371709437588,0.9699405003344626,0.829895047055647,0.9389112338289727,0.9391423807507872,9.232051134109497
