expl_var_class_0,expl_var_class_1,expl_var_class_2,expl_var_class_3,expl_var_class_4,expl_var_class_5,expl_var_mean,mae_class_0,mae_class_1,mae_class_2,mae_class_3,mae_class_4,mae_class_5,mae_mean,mse_class_0,mse_class_1,mse_class_2,mse_class_3,mse_class_4,mse_class_5,mse_mean,r2_class_0,r2_class_1,r2_class_2,r2_class_3,r2_class_4,r2_class_5,r2_mean,time
0.9566339594606648,0.9665425342222196,0.9764013826288289,0.9717782439879726,0.8458693939190958,0.9398133861893284,0.942839816734685,0.029636608644987465,0.03610824110952019,0.026456721026421718,0.01435944826424869,0.0168515548512327,0.024530486283368635,0.0246571766966299,0.004233830482216384,0.004404137427985449,0.002815995906075705,0.0011214130716155697,0.0020477560769183675,0.0026570578268560983,0.002880031798611262,0.9566319410939875,0.9665424083192105,0.9764013824869068,0.9717437126435715,0.845791822138088,0.9397546978094444,0.9428109940818681,10.725102186203003
