expl_var_class_0,expl_var_class_1,expl_var_class_2,expl_var_class_3,expl_var_class_4,expl_var_class_5,expl_var_mean,mae_class_0,mae_class_1,mae_class_2,mae_class_3,mae_class_4,mae_class_5,mae_mean,mse_class_0,mse_class_1,mse_class_2,mse_class_3,mse_class_4,mse_class_5,mse_mean,r2_class_0,r2_class_1,r2_class_2,r2_class_3,r2_class_4,r2_class_5,r2_mean,time
0.9541563697980315,0.9644756276295355,0.975838052405788,0.9698542740685437,0.8236167611008606,0.9364458022867181,0.9373978145482463,0.02975042558671089,0.037314099810026466,0.027374383284988688,0.014658283011155002,0.017732582115720815,0.02485534608125275,0.02528085331497577,0.004479582283568278,0.004673222672743656,0.0028801261453850926,0.001198896678853614,0.0023164738092636937,0.0027890951796582467,0.003056232794912097,0.9541548953799669,0.9644743490831663,0.9758373148172714,0.9698185511388917,0.8236166833195203,0.9364453745392595,0.9373911947130127,7.5860512256622314
