expl_var_class_0,expl_var_class_1,expl_var_class_2,expl_var_class_3,expl_var_class_4,expl_var_class_5,expl_var_mean,mae_class_0,mae_class_1,mae_class_2,mae_class_3,mae_class_4,mae_class_5,mae_mean,mse_class_0,mse_class_1,mse_class_2,mse_class_3,mse_class_4,mse_class_5,mse_mean,r2_class_0,r2_class_1,r2_class_2,r2_class_3,r2_class_4,r2_class_5,r2_mean,time
0.9574513211018516,0.9649077028895454,0.9759142413458621,0.9701414826735897,0.83834098671613,0.9377889262403741,0.9407574434945589,0.029279807498667453,0.03730123419287535,0.026832324593730944,0.014290549464751424,0.016996745608994127,0.024764684457335623,0.024910890969392484,0.004151633016979381,0.0046291786585140006,0.0028769265509916214,0.0011826912262297672,0.0021381215357759234,0.0027401448263921296,0.0029531159691471368,0.9574214523452208,0.9648563815204758,0.9758985660313145,0.9700993092191614,0.8382727584949337,0.9377778821106598,0.940721058286961,5.08403205871582
