expl_var_class_0,expl_var_class_1,expl_var_class_2,expl_var_class_3,expl_var_class_4,expl_var_class_5,expl_var_mean,mae_class_0,mae_class_1,mae_class_2,mae_class_3,mae_class_4,mae_class_5,mae_mean,mse_class_0,mse_class_1,mse_class_2,mse_class_3,mse_class_4,mse_class_5,mse_mean,r2_class_0,r2_class_1,r2_class_2,r2_class_3,r2_class_4,r2_class_5,r2_mean,time
0.9556236595373888,0.9654508924095704,0.9767735805739441,0.9714096017315158,0.8378353683595279,0.9364098331530997,0.9405838226275077,0.029531266872697196,0.03691429307675716,0.026529099218824414,0.014397307070299577,0.0170443643257454,0.02501825657778804,0.024905764523685297,0.004337962326433656,0.004553078163216611,0.0027697764794900183,0.0011394208034904163,0.0021263344460657175,0.002797076633312348,0.0029539414753347953,0.9556214252381618,0.9654366921679102,0.9767716240891966,0.9713917385530911,0.8377883906829653,0.9363764836096146,0.9405643923901565,8.104019165039062
