expl_var_class_0,expl_var_class_1,expl_var_class_2,expl_var_class_3,expl_var_class_4,expl_var_class_5,expl_var_mean,mae_class_0,mae_class_1,mae_class_2,mae_class_3,mae_class_4,mae_class_5,mae_mean,mse_class_0,mse_class_1,mse_class_2,mse_class_3,mse_class_4,mse_class_5,mse_mean,r2_class_0,r2_class_1,r2_class_2,r2_class_3,r2_class_4,r2_class_5,r2_mean,time
0.9553161754971615,0.9655303131163875,0.9761881666357435,0.9695368410451422,0.8173593570847159,0.9366136171294225,0.9367574117514289,0.029997942603405294,0.036799421549188034,0.0267279154770489,0.014660415110043318,0.017811442169087272,0.02494624568375354,0.025157230432087726,0.0043663309177271415,0.004530415127313951,0.0028356637612405775,0.0012143111718705643,0.0024106776082930908,0.0027975631918630882,0.0030258269630514026,0.9552803887433292,0.9655302780302131,0.9761881657521482,0.969487384657715,0.8173080134625172,0.9366115898238537,0.9367343034116294,6.919839143753052
