expl_var_class_0,expl_var_class_1,expl_var_class_2,expl_var_class_3,expl_var_class_4,expl_var_class_5,expl_var_mean,mae_class_0,mae_class_1,mae_class_2,mae_class_3,mae_class_4,mae_class_5,mae_mean,mse_class_0,mse_class_1,mse_class_2,mse_class_3,mse_class_4,mse_class_5,mse_mean,r2_class_0,r2_class_1,r2_class_2,r2_class_3,r2_class_4,r2_class_5,r2_mean,time
0.9571344908007305,0.9649677929653612,0.9757530353635542,0.9693255237573681,0.8418460108222267,0.9378495831444279,0.9411460728089448,0.02911036478070976,0.03703251427127778,0.027102617557055307,0.014749115338567936,0.01720552752963983,0.024647168425893106,0.02497455131719062,0.004180593258581429,0.004611580445850213,0.0028948343663025926,0.0012260542443221498,0.0020725561991857197,0.002731684288578016,0.00295288380047002,0.95713215997273,0.964966913833523,0.9757485139505477,0.9692540577410251,0.8418333544165149,0.9378479159795259,0.9411304859823111,13.120768070220947
