expl_var_class_0,expl_var_class_1,expl_var_class_2,expl_var_class_3,expl_var_class_4,expl_var_class_5,expl_var_mean,mae_class_0,mae_class_1,mae_class_2,mae_class_3,mae_class_4,mae_class_5,mae_mean,mse_class_0,mse_class_1,mse_class_2,mse_class_3,mse_class_4,mse_class_5,mse_mean,r2_class_0,r2_class_1,r2_class_2,r2_class_3,r2_class_4,r2_class_5,r2_mean,time
0.9561868346314053,0.9676549068204499,0.9781435508797274,0.9714618231308858,0.8236983156123817,0.9375833870261989,0.9391214696835082,0.029716110719146375,0.03588686569964338,0.025524303333352108,0.014149822205867696,0.017346831116235483,0.024953028621044086,0.02459616028254819,0.004291482402267757,0.0042579843496378614,0.002602827454907989,0.0011316597836409793,0.0023350097033664682,0.002750856265441862,0.0028949699932104864,0.9561741705922011,0.9676529667886253,0.9781434872395037,0.9714151923392647,0.8235062159190341,0.9375375349990679,0.9390715946462828,3.3698570728302
