expl_var_class_0,expl_var_class_1,expl_var_class_2,expl_var_class_3,expl_var_class_4,expl_var_class_5,expl_var_mean,mae_class_0,mae_class_1,mae_class_2,mae_class_3,mae_class_4,mae_class_5,mae_mean,mse_class_0,mse_class_1,mse_class_2,mse_class_3,mse_class_4,mse_class_5,mse_mean,r2_class_0,r2_class_1,r2_class_2,r2_class_3,r2_class_4,r2_class_5,r2_mean,time
0.9570144124389868,0.9662741904448133,0.9752301318903043,0.968776817298802,0.8360804746489787,0.9392704662553462,0.9404410821628719,0.02939450105493196,0.03654223408322199,0.027610348680102946,0.014926372288784722,0.01702940920351978,0.024436739018251753,0.024989934054802196,0.004198254317242917,0.004440019172071062,0.0029597148790287534,0.0012408552276808218,0.0021654592749413655,0.0026729529013016307,0.0029462092953777583,0.9570017316620831,0.9662605133756975,0.9752289552607651,0.9687632636081013,0.8359308414174507,0.939270385182891,0.9404092817511648,10.709097385406494
