expl_var_class_0,expl_var_class_1,expl_var_class_2,expl_var_class_3,expl_var_class_4,expl_var_class_5,expl_var_mean,mae_class_0,mae_class_1,mae_class_2,mae_class_3,mae_class_4,mae_class_5,mae_mean,mse_class_0,mse_class_1,mse_class_2,mse_class_3,mse_class_4,mse_class_5,mse_mean,r2_class_0,r2_class_1,r2_class_2,r2_class_3,r2_class_4,r2_class_5,r2_mean,time
0.9576463534719273,0.9645723943460573,0.9762990788464901,0.9698188332765347,0.8445910625001206,0.9353320014674705,0.9413766206514335,0.02880596165471577,0.03752622545751497,0.026953451987624964,0.014755311718339206,0.016933055237674546,0.024991566591240785,0.024994262107851706,0.0041404308474617,0.004672123315341158,0.0028267369720924745,0.0012040611417366849,0.002037484192354722,0.0028430177334003415,0.0029539757003978467,0.9576422278288059,0.964532997109029,0.9762939322089919,0.969768766872303,0.8445665072061466,0.9353314874519729,0.9413559864462081,2.795924186706543
