expl_var_class_0,expl_var_class_1,expl_var_class_2,expl_var_class_3,expl_var_class_4,expl_var_class_5,expl_var_mean,mae_class_0,mae_class_1,mae_class_2,mae_class_3,mae_class_4,mae_class_5,mae_mean,mse_class_0,mse_class_1,mse_class_2,mse_class_3,mse_class_4,mse_class_5,mse_mean,r2_class_0,r2_class_1,r2_class_2,r2_class_3,r2_class_4,r2_class_5,r2_mean,time
0.9580227250883419,0.9651360180517131,0.9751436616604509,0.9726302307634376,0.8340206903860489,0.9381837820483805,0.940522851333062,0.029024132749389836,0.03698819513512875,0.027294227179297168,0.014367270994573852,0.017196444936494144,0.024351726541702652,0.024870332922764398,0.00409136962288904,0.004588410314378741,0.002968462751303851,0.0010868078377757686,0.0021965359052145235,0.002710262859355772,0.0029403082151529497,0.9580214098098271,0.9651350964561545,0.9751433705092377,0.9726094449083068,0.8339741686597593,0.9381691844379938,0.9405087791302132,10.828018426895142
