expl_var_class_0,expl_var_class_1,expl_var_class_2,expl_var_class_3,expl_var_class_4,expl_var_class_5,expl_var_mean,mae_class_0,mae_class_1,mae_class_2,mae_class_3,mae_class_4,mae_class_5,mae_mean,mse_class_0,mse_class_1,mse_class_2,mse_class_3,mse_class_4,mse_class_5,mse_mean,r2_class_0,r2_class_1,r2_class_2,r2_class_3,r2_class_4,r2_class_5,r2_mean,time
0.9555605554475245,0.9657569199390161,0.9746839138324743,0.963322602818033,0.8437619145047655,0.9371600170224825,0.940040987260716,0.02962123095192861,0.036773859949652134,0.027093007000661567,0.015229667055607896,0.016632715647968394,0.024538223337410205,0.024981450657204803,0.004350016852804968,0.0045104646818560825,0.0030131334263681394,0.0014612340431166635,0.0020643018667704793,0.002761693092013334,0.003026807327154945,0.9555536596544505,0.9657370824219745,0.9746813368123081,0.9632620378804408,0.8436196758178325,0.9371354623648745,0.939998209158647,10.696021556854248
