expl_var_class_0,expl_var_class_1,expl_var_class_2,expl_var_class_3,expl_var_class_4,expl_var_class_5,expl_var_mean,mae_class_0,mae_class_1,mae_class_2,mae_class_3,mae_class_4,mae_class_5,mae_mean,mse_class_0,mse_class_1,mse_class_2,mse_class_3,mse_class_4,mse_class_5,mse_mean,r2_class_0,r2_class_1,r2_class_2,r2_class_3,r2_class_4,r2_class_5,r2_mean,time
0.9532594928477536,0.9294253707701353,0.9554644412932662,0.9725709910124941,0.8292626773618367,0.9235508727563477,0.9272556410069722,0.031033992463729166,0.05150400239281776,0.036856500736184045,0.01424729195690073,0.017422850040254012,0.026901719058286172,0.029661059441361978,0.004555619986046556,0.009288263294599171,0.005318593415010359,0.0010899029219368446,0.0022605505839186036,0.0033540896431641285,0.00431116997411261,0.9532580719701951,0.9294233990274936,0.9554643877977406,0.9725314402507393,0.8291355997911182,0.9234811865612873,0.9272156808997624,2.322841167449951
