expl_var_class_0,expl_var_class_1,expl_var_class_2,expl_var_class_3,expl_var_class_4,expl_var_class_5,expl_var_mean,mae_class_0,mae_class_1,mae_class_2,mae_class_3,mae_class_4,mae_class_5,mae_mean,mse_class_0,mse_class_1,mse_class_2,mse_class_3,mse_class_4,mse_class_5,mse_mean,r2_class_0,r2_class_1,r2_class_2,r2_class_3,r2_class_4,r2_class_5,r2_mean,time
0.950665578323261,0.9093773067989761,0.9428683258412691,0.9750043611965166,0.8381325387613296,0.9243999439764709,0.9234080091496372,0.031568271896170626,0.05894170946308734,0.042440233581753715,0.013807657537339892,0.017022019045139572,0.027528740488889578,0.03188477200206346,0.004809916475532051,0.011944004004384006,0.0068395081861561385,0.0009933444116092217,0.0021335233041022547,0.0033333996739177622,0.005008949342616907,0.9506640905933413,0.9093700460657763,0.9428572608288401,0.9749663285897738,0.8380375368493826,0.9242960419220481,0.9233652174748604,1.06044340133667
