expl_var_class_0,expl_var_class_1,expl_var_class_2,expl_var_class_3,expl_var_class_4,expl_var_class_5,expl_var_mean,mae_class_0,mae_class_1,mae_class_2,mae_class_3,mae_class_4,mae_class_5,mae_mean,mse_class_0,mse_class_1,mse_class_2,mse_class_3,mse_class_4,mse_class_5,mse_mean,r2_class_0,r2_class_1,r2_class_2,r2_class_3,r2_class_4,r2_class_5,r2_mean,time
0.9570360579150713,0.9655292282071007,0.9759433487205342,0.9711797149594837,0.8482107063546038,0.9409846766430338,0.9431472887999712,0.029424363293972623,0.03659490707412837,0.026869096287500546,0.014162993417173086,0.016615494894053458,0.02450596464886236,0.02469546993594841,0.004212417085349909,0.004538568244899076,0.0028586620127380607,0.0011372835686329135,0.002007556327721747,0.0025927928793198045,0.0028912133531102512,0.9570304239738541,0.9655291337148334,0.9759426090245524,0.9711639915208085,0.8480982418610394,0.9409680152362577,0.9431220692218908,5.885019779205322
