expl_var_class_0,expl_var_class_1,expl_var_class_2,expl_var_class_3,expl_var_class_4,expl_var_class_5,expl_var_mean,mae_class_0,mae_class_1,mae_class_2,mae_class_3,mae_class_4,mae_class_5,mae_mean,mse_class_0,mse_class_1,mse_class_2,mse_class_3,mse_class_4,mse_class_5,mse_mean,r2_class_0,r2_class_1,r2_class_2,r2_class_3,r2_class_4,r2_class_5,r2_mean,time
0.9482930643865717,0.9270218238214493,0.9555408845034562,0.972702510098859,0.833417972291153,0.923900812394355,0.9268128445826407,0.03228430516491415,0.05252743263457824,0.03640534080538951,0.013908975311087316,0.01738973167653059,0.026683498751291453,0.029866547390631878,0.005042024054726008,0.009619551524217371,0.005312374208711326,0.001089451086001585,0.0022070613066944834,0.0033317024013496594,0.004433694096950072,0.9482335008647849,0.927010224526977,0.9555326538115217,0.9726150719048041,0.8333760339913496,0.9239007701426944,0.9267780425403552,2.065471887588501
