expl_var_class_0,expl_var_class_1,expl_var_class_2,expl_var_class_3,expl_var_class_4,expl_var_class_5,expl_var_mean,mae_class_0,mae_class_1,mae_class_2,mae_class_3,mae_class_4,mae_class_5,mae_mean,mse_class_0,mse_class_1,mse_class_2,mse_class_3,mse_class_4,mse_class_5,mse_mean,r2_class_0,r2_class_1,r2_class_2,r2_class_3,r2_class_4,r2_class_5,r2_mean,time
0.9500829119804249,0.9280234002690195,0.9567416708014976,0.9729597362345729,0.8303822275789373,0.9263026156874987,0.9274154270919919,0.031798028306193604,0.05190680612569709,0.03624438367560337,0.014068915313219903,0.017482790258594942,0.02624963377695775,0.029625092909377777,0.004877462041098058,0.00946868900121121,0.005156415015396776,0.0010753940713502158,0.002227721661565454,0.0032354889800533444,0.004340195128445843,0.9500828998331822,0.9280194068091342,0.9567404945480719,0.9729276494442949,0.8303745400718516,0.9262734768575234,0.9274030779273429,3.5097572803497314
