expl_var_class_0,expl_var_class_1,expl_var_class_2,expl_var_class_3,expl_var_class_4,expl_var_class_5,expl_var_mean,mae_class_0,mae_class_1,mae_class_2,mae_class_3,mae_class_4,mae_class_5,mae_mean,mse_class_0,mse_class_1,mse_class_2,mse_class_3,mse_class_4,mse_class_5,mse_mean,r2_class_0,r2_class_1,r2_class_2,r2_class_3,r2_class_4,r2_class_5,r2_mean,time
0.9481340151454274,0.909929165460094,0.9426559621812541,0.9742761424313312,0.8344462575760008,0.9227981078625583,0.9220399417761108,0.03231891302994715,0.05876826949348136,0.042281735954522434,0.013671838203848994,0.017375587476225897,0.027685970514477135,0.03201705244541716,0.005081237243507412,0.011856437287257,0.006829013692740607,0.0010200228371576605,0.0021919623800033556,0.003400671035402611,0.0050632240793447745,0.9481089712736946,0.9099290792996688,0.9426552748874915,0.9742350510010176,0.834318575013992,0.9227824811506828,0.9220049054377578,1.0396859645843506
