expl_var_class_0,expl_var_class_1,expl_var_class_2,expl_var_class_3,expl_var_class_4,expl_var_class_5,expl_var_mean,mae_class_0,mae_class_1,mae_class_2,mae_class_3,mae_class_4,mae_class_5,mae_mean,mse_class_0,mse_class_1,mse_class_2,mse_class_3,mse_class_4,mse_class_5,mse_mean,r2_class_0,r2_class_1,r2_class_2,r2_class_3,r2_class_4,r2_class_5,r2_mean,time
0.9576442583864903,0.9653935088834682,0.9747098758634609,0.9649690887121376,0.8400479259598044,0.9397374672962117,0.9404170208502621,0.02936555427869487,0.03709177876788565,0.027200702489521694,0.01516815523928768,0.016875292286469796,0.024348621147044933,0.025008350701484106,0.004147886338527308,0.004555698214258413,0.0030097422882805936,0.0013953482198073843,0.002111903203911627,0.002647656426048367,0.0029780391151389488,0.9576189301892101,0.9653934741904994,0.9747098317612242,0.9649185219271645,0.8400136564398221,0.9397312838557096,0.9403976163939384,7.103706359863281
