expl_var_class_0,expl_var_class_1,expl_var_class_2,expl_var_class_3,expl_var_class_4,expl_var_class_5,expl_var_mean,mae_class_0,mae_class_1,mae_class_2,mae_class_3,mae_class_4,mae_class_5,mae_mean,mse_class_0,mse_class_1,mse_class_2,mse_class_3,mse_class_4,mse_class_5,mse_mean,r2_class_0,r2_class_1,r2_class_2,r2_class_3,r2_class_4,r2_class_5,r2_mean,time
0.9557666823038432,0.9652374412658856,0.9754908366762225,0.9698227586181485,0.8360294092321252,0.9377876431091604,0.9400224618675642,0.02942476844203101,0.037180947656383266,0.02706233132275784,0.014360436775980258,0.01671091479130669,0.0247583301622503,0.024916288191784892,0.004316253129087507,0.004581760055794447,0.0029276063584496247,0.001200610219187983,0.0021391581742054655,0.0027430371973697163,0.0029847375223491235,0.9557662880389067,0.9651942584104297,0.9754907413000129,0.969782979818238,0.8359380668669212,0.9377860241413956,0.9399930597626507,8.138079643249512
