expl_var_class_0,expl_var_class_1,expl_var_class_2,expl_var_class_3,expl_var_class_4,expl_var_class_5,expl_var_mean,mae_class_0,mae_class_1,mae_class_2,mae_class_3,mae_class_4,mae_class_5,mae_mean,mse_class_0,mse_class_1,mse_class_2,mse_class_3,mse_class_4,mse_class_5,mse_mean,r2_class_0,r2_class_1,r2_class_2,r2_class_3,r2_class_4,r2_class_5,r2_mean,time
0.956613976079954,0.9658171300542735,0.9768600441570785,0.9707115670330806,0.8417954246841929,0.938794919428162,0.941765510239457,0.02944963465979215,0.03645797074549303,0.0262945655991963,0.014349506564745887,0.01680443253586474,0.024443536047616978,0.024633274358784846,0.004240944047713077,0.0045033827561590765,0.00275924143714668,0.0011668031111051465,0.00207440434995633,0.0026914045972596984,0.002906030049890001,0.9566139495183359,0.9658139397332709,0.976859974873312,0.9707042311696361,0.8417499802990664,0.9387801455035111,0.9417537035161887,4.309197425842285
