expl_var_class_0,expl_var_class_1,expl_var_class_2,expl_var_class_3,expl_var_class_4,expl_var_class_5,expl_var_mean,mae_class_0,mae_class_1,mae_class_2,mae_class_3,mae_class_4,mae_class_5,mae_mean,mse_class_0,mse_class_1,mse_class_2,mse_class_3,mse_class_4,mse_class_5,mse_mean,r2_class_0,r2_class_1,r2_class_2,r2_class_3,r2_class_4,r2_class_5,r2_mean,time
0.955455352226827,0.9657119815345013,0.977026020348483,0.9707996878193811,0.8304356191107036,0.9391131953159607,0.9397569760593094,0.029566722034382386,0.03651050045893913,0.02633947630987311,0.01450267903272224,0.01762807577160679,0.02453837490672173,0.024847638085707568,0.004352728023056798,0.004510486160305075,0.002738557168226316,0.0011619979428031486,0.0022269226520292007,0.002673035186789324,0.0029439545222016434,0.9554531518861547,0.9657114655094893,0.9770250012080948,0.9707474529657043,0.8304353790727073,0.9390900133567359,0.9397437439998143,4.798518180847168
