expl_var_class_0,expl_var_class_1,expl_var_class_2,expl_var_class_3,expl_var_class_4,expl_var_class_5,expl_var_mean,mae_class_0,mae_class_1,mae_class_2,mae_class_3,mae_class_4,mae_class_5,mae_mean,mse_class_0,mse_class_1,mse_class_2,mse_class_3,mse_class_4,mse_class_5,mse_mean,r2_class_0,r2_class_1,r2_class_2,r2_class_3,r2_class_4,r2_class_5,r2_mean,time
0.9562931121112188,0.9661819550270409,0.9760931613062757,0.9679991532939867,0.8379329389310354,0.9386742493149584,0.9405290949974193,0.029369110027125642,0.036282075223227364,0.026586667691625054,0.014749398152030878,0.016890984129884257,0.024675593392424935,0.02475897143605302,0.004266625556993417,0.0044556002278751915,0.002856887788838065,0.001272448147858477,0.002133701337795259,0.0026914905201718244,0.002946125596588705,0.956292076572546,0.966180960853051,0.9760918847360089,0.9679718623337121,0.8379083131020568,0.9386344422381903,0.940513256639261,6.869568347930908
