expl_var_class_0,expl_var_class_1,expl_var_class_2,expl_var_class_3,expl_var_class_4,expl_var_class_5,expl_var_mean,mae_class_0,mae_class_1,mae_class_2,mae_class_3,mae_class_4,mae_class_5,mae_mean,mse_class_0,mse_class_1,mse_class_2,mse_class_3,mse_class_4,mse_class_5,mse_mean,r2_class_0,r2_class_1,r2_class_2,r2_class_3,r2_class_4,r2_class_5,r2_mean,time
0.9590625604485667,0.9657392227360354,0.9762010554925393,0.97096248137723,0.8534754769192459,0.9391018821715139,0.9440904465241884,0.02861718121949341,0.036553811439470965,0.026683664812951504,0.014313635339925655,0.016300998628209225,0.02465408682768641,0.02452056304462286,0.0039923948274748705,0.00450992514855824,0.00284107994092932,0.0011601038834011573,0.0019200252215698147,0.0026769959357114243,0.0028500874929408043,0.9590619483398473,0.965739165089058,0.9761988418560787,0.9709079046227808,0.8534737205916545,0.939092201461753,0.9440789636601954,5.614248514175415
