expl_var_class_0,expl_var_class_1,expl_var_class_2,expl_var_class_3,expl_var_class_4,expl_var_class_5,expl_var_mean,mae_class_0,mae_class_1,mae_class_2,mae_class_3,mae_class_4,mae_class_5,mae_mean,mse_class_0,mse_class_1,mse_class_2,mse_class_3,mse_class_4,mse_class_5,mse_mean,r2_class_0,r2_class_1,r2_class_2,r2_class_3,r2_class_4,r2_class_5,r2_mean,time
0.9559139009117003,0.9667799465514872,0.9784931003050763,0.9722033877469733,0.8280184667580498,0.9378662155056163,0.9398791696298173,0.029721460295695633,0.036028734139722046,0.025698705529345545,0.014103331549968083,0.01715773846565131,0.02482067945446787,0.024588441572475084,0.004316976451378044,0.004374450164829008,0.002561611074284741,0.0011019989908753586,0.0022779017284134738,0.002741877731148031,0.0028958026901547765,0.9559138181679127,0.9667681998936276,0.978489590223524,0.972164399891328,0.8278227729706487,0.9377414065684891,0.9398166979525883,6.66994047164917
