expl_var_class_0,expl_var_class_1,expl_var_class_2,expl_var_class_3,expl_var_class_4,expl_var_class_5,expl_var_mean,mae_class_0,mae_class_1,mae_class_2,mae_class_3,mae_class_4,mae_class_5,mae_mean,mse_class_0,mse_class_1,mse_class_2,mse_class_3,mse_class_4,mse_class_5,mse_mean,r2_class_0,r2_class_1,r2_class_2,r2_class_3,r2_class_4,r2_class_5,r2_mean,time
0.958305155289387,0.9678863900557805,0.9796858136277578,0.9735464387804008,0.8505813798549624,0.9381097702878569,0.9446858246493575,0.028908890187234457,0.03565471145629689,0.024650937660515144,0.013962226759008971,0.016321900619150558,0.024854348758817413,0.02405883590683724,0.004063844500795879,0.004226844854298493,0.0024263030988627633,0.0010504998894898172,0.001977841013165298,0.0027148905649779127,0.00274337065359836,0.958303825217572,0.96788244118489,0.9796831821001527,0.9735245053479039,0.8505042882795388,0.9380636098765412,0.9446603086677663,3.018933057785034
