expl_var_class_0,expl_var_class_1,expl_var_class_2,expl_var_class_3,expl_var_class_4,expl_var_class_5,expl_var_mean,mae_class_0,mae_class_1,mae_class_2,mae_class_3,mae_class_4,mae_class_5,mae_mean,mse_class_0,mse_class_1,mse_class_2,mse_class_3,mse_class_4,mse_class_5,mse_mean,r2_class_0,r2_class_1,r2_class_2,r2_class_3,r2_class_4,r2_class_5,r2_mean,time
0.9550837118380651,0.9672077799646726,0.977087533463297,0.9711839158655874,0.8276193286175576,0.9361630000048534,0.9390575449590055,0.0299557525388687,0.03612202954666601,0.026313528007644447,0.014167442504708654,0.017370942186625885,0.025216927033702794,0.02485777030303608,0.004386960842203488,0.00431043342726647,0.0027291725570779777,0.001148013625596551,0.002276067732014559,0.0028184351436142804,0.002944847221295555,0.9550690987105259,0.9672040116343062,0.9770824011467086,0.9711532768725417,0.8275093550356456,0.9361386640137668,0.9390261345689158,9.436275005340576
