expl_var_class_0,expl_var_class_1,expl_var_class_2,expl_var_class_3,expl_var_class_4,expl_var_class_5,expl_var_mean,mae_class_0,mae_class_1,mae_class_2,mae_class_3,mae_class_4,mae_class_5,mae_mean,mse_class_0,mse_class_1,mse_class_2,mse_class_3,mse_class_4,mse_class_5,mse_mean,r2_class_0,r2_class_1,r2_class_2,r2_class_3,r2_class_4,r2_class_5,r2_mean,time
0.9587396769206936,0.9680236011234106,0.978205917956927,0.9725931540234206,0.837078029686282,0.9413830969389033,0.9426705794416063,0.029051358741280196,0.0357063085426256,0.025939193647162937,0.01400287763284961,0.016958452251973673,0.024119315262529487,0.024296251013070248,0.004040879546842122,0.004209521094400285,0.0025954966368024195,0.001086501609810944,0.0021567723274416744,0.0025832690361600017,0.002778740041909575,0.9587333976754084,0.9680211321922475,0.9782050457262821,0.972555851159081,0.836978446418237,0.9413428633890409,0.9426394560933827,9.882367610931396
