expl_var_class_0,expl_var_class_1,expl_var_class_2,expl_var_class_3,expl_var_class_4,expl_var_class_5,expl_var_mean,mae_class_0,mae_class_1,mae_class_2,mae_class_3,mae_class_4,mae_class_5,mae_mean,mse_class_0,mse_class_1,mse_class_2,mse_class_3,mse_class_4,mse_class_5,mse_mean,r2_class_0,r2_class_1,r2_class_2,r2_class_3,r2_class_4,r2_class_5,r2_mean,time
0.9574520942545361,0.9641666845824604,0.975024901666372,0.969569054202839,0.8311534136172718,0.939354923037754,0.9394535118935389,0.029282436510559732,0.03759405706542217,0.027164009599982948,0.014689213178069146,0.017374700429606517,0.02444786151472135,0.025092046383060312,0.004147781851480244,0.0047161234549793745,0.002976590237223208,0.0012125894764803392,0.002243318797244731,0.0026603788009905652,0.00299279710306641,0.9574501127494958,0.9641544299706171,0.9750210278933327,0.9695634069325626,0.8309835347092087,0.9393345129314231,0.9394178375311067,3.3020474910736084
