expl_var_class_0,expl_var_class_1,expl_var_class_2,expl_var_class_3,expl_var_class_4,expl_var_class_5,expl_var_mean,mae_class_0,mae_class_1,mae_class_2,mae_class_3,mae_class_4,mae_class_5,mae_mean,mse_class_0,mse_class_1,mse_class_2,mse_class_3,mse_class_4,mse_class_5,mse_mean,r2_class_0,r2_class_1,r2_class_2,r2_class_3,r2_class_4,r2_class_5,r2_mean,time
0.9568632562453393,0.9671446640564881,0.9750140719981003,0.965444854608429,0.8267099055958029,0.9387649273651237,0.9383236133115472,0.029269973419436105,0.03618714115323534,0.027043702008495155,0.014620646721327986,0.017315129880986872,0.02438805864030751,0.024804108637298164,0.004210888152831757,0.004329133671077816,0.0029857222212569794,0.0013738161061634829,0.002281514480531938,0.002686486694490194,0.002977926887725361,0.9568630585255204,0.9671408713513836,0.9750137225231714,0.965420381608146,0.8266793368496298,0.9387485286715604,0.9383109832549019,6.962212324142456
