expl_var_class_0,expl_var_class_1,expl_var_class_2,expl_var_class_3,expl_var_class_4,expl_var_class_5,expl_var_mean,mae_class_0,mae_class_1,mae_class_2,mae_class_3,mae_class_4,mae_class_5,mae_mean,mse_class_0,mse_class_1,mse_class_2,mse_class_3,mse_class_4,mse_class_5,mse_mean,r2_class_0,r2_class_1,r2_class_2,r2_class_3,r2_class_4,r2_class_5,r2_mean,time
0.9558723467850526,0.9677967902290471,0.977771192736318,0.970125836098039,0.8318679347528575,0.9380683995273849,0.9402504166881166,0.029448354499392277,0.03584790530369265,0.02603463566365714,0.014661255053359046,0.017486926904028997,0.024850611955689297,0.02472161489663657,0.004308349213265297,0.004240045533619062,0.0026527579708152415,0.001187180301893577,0.002232836684766108,0.002734047922925806,0.002892536271214182,0.9558686293054535,0.9677889905818237,0.9777693495317193,0.9700865732678956,0.831854154651477,0.9380090483333517,0.9402294576119535,5.5809314250946045
