expl_var_class_0,expl_var_class_1,expl_var_class_2,expl_var_class_3,expl_var_class_4,expl_var_class_5,expl_var_mean,mae_class_0,mae_class_1,mae_class_2,mae_class_3,mae_class_4,mae_class_5,mae_mean,mse_class_0,mse_class_1,mse_class_2,mse_class_3,mse_class_4,mse_class_5,mse_mean,r2_class_0,r2_class_1,r2_class_2,r2_class_3,r2_class_4,r2_class_5,r2_mean,time
0.9575278392169806,0.964879106628098,0.9746357525278094,0.9704533328440392,0.8334981963134034,0.9387594206168219,0.9399589413578587,0.029231184360337538,0.03716287190836757,0.027644956521111475,0.014373141117519753,0.017224117174908946,0.02466206237933104,0.025049722243596056,0.004140211454543096,0.004621365021858443,0.0030225011293619243,0.0011778502267898658,0.002211099070443909,0.0026867567117202927,0.002976630602452922,0.9575277734239602,0.9648746549780275,0.974635752526981,0.9704353792090878,0.8334110382558282,0.9387330088141619,0.9399362678680077,5.282476425170898
