expl_var_class_0,expl_var_class_1,expl_var_class_2,expl_var_class_3,expl_var_class_4,expl_var_class_5,expl_var_mean,mae_class_0,mae_class_1,mae_class_2,mae_class_3,mae_class_4,mae_class_5,mae_mean,mse_class_0,mse_class_1,mse_class_2,mse_class_3,mse_class_4,mse_class_5,mse_mean,r2_class_0,r2_class_1,r2_class_2,r2_class_3,r2_class_4,r2_class_5,r2_mean,time
0.9569703089038949,0.9676116879136002,0.977449443361476,0.9709328600390665,0.8117078995882123,0.9393789913785965,0.9373418651974744,0.02960528955162567,0.03613341614512856,0.026296166688058054,0.014358951056552603,0.018040470147459124,0.024562302725039467,0.02483276605231058,0.00421630465751098,0.004264121832440929,0.002686271061510199,0.0011529921131214129,0.0024941649641984083,0.002672413074181642,0.002914377950493928,0.9569419069378593,0.9676063415914046,0.9774427929814022,0.9708763550102648,0.8114763240517224,0.9393187095192371,0.9372770716819817,13.889907121658325
