expl_var_class_0,expl_var_class_1,expl_var_class_2,expl_var_class_3,expl_var_class_4,expl_var_class_5,expl_var_mean,mae_class_0,mae_class_1,mae_class_2,mae_class_3,mae_class_4,mae_class_5,mae_mean,mse_class_0,mse_class_1,mse_class_2,mse_class_3,mse_class_4,mse_class_5,mse_mean,r2_class_0,r2_class_1,r2_class_2,r2_class_3,r2_class_4,r2_class_5,r2_mean,time
0.9562221379719966,0.9656512904592884,0.9751556547921514,0.9711993791984512,0.8308895990116023,0.9388854410749046,0.9396672504180658,0.029556947366061063,0.036842699646928,0.02728418907837904,0.014322081433572555,0.01735354700848149,0.024730230126372765,0.02501494910996582,0.004267637926998906,0.004520584834907413,0.0029612562694569474,0.0011483632538873488,0.0022461673783448033,0.0026823481461198217,0.00297105963495254,0.9562205730383398,0.9656406491856458,0.9751497075981601,0.9711755167514566,0.8307689164796375,0.938833538776033,0.9396314836382124,10.36937689781189
