expl_var_class_0,expl_var_class_1,expl_var_class_2,expl_var_class_3,expl_var_class_4,expl_var_class_5,expl_var_mean,mae_class_0,mae_class_1,mae_class_2,mae_class_3,mae_class_4,mae_class_5,mae_mean,mse_class_0,mse_class_1,mse_class_2,mse_class_3,mse_class_4,mse_class_5,mse_mean,r2_class_0,r2_class_1,r2_class_2,r2_class_3,r2_class_4,r2_class_5,r2_mean,time
0.9574492443985875,0.9657973585774704,0.9741031306449044,0.9649201794237374,0.8439584168519063,0.9381212177433885,0.9407249246066658,0.029496850858441517,0.03695848994997263,0.0274981445249518,0.01498736864775432,0.016758098894460532,0.024370038607583484,0.025011498580527383,0.004166774080799631,0.004503237729269824,0.0030825578007083144,0.0013963443649197356,0.0020607553337709974,0.002718567603970138,0.002988039485573107,0.9574259444951768,0.9657919806416191,0.974097979853883,0.9648934771086596,0.8438883419412853,0.9381171296884323,0.9407024756215093,15.501106977462769
