expl_var_class_0,expl_var_class_1,expl_var_class_2,expl_var_class_3,expl_var_class_4,expl_var_class_5,expl_var_mean,mae_class_0,mae_class_1,mae_class_2,mae_class_3,mae_class_4,mae_class_5,mae_mean,mse_class_0,mse_class_1,mse_class_2,mse_class_3,mse_class_4,mse_class_5,mse_mean,r2_class_0,r2_class_1,r2_class_2,r2_class_3,r2_class_4,r2_class_5,r2_mean,time
0.9540886480039754,0.964895854271531,0.9756857895238943,0.9684655116526195,0.8038562193677219,0.9363603604590134,0.9338920638797926,0.030211419690640298,0.036867038972034714,0.026940153911414164,0.01470998594495835,0.018240878064434987,0.024935724465911076,0.025317533508232265,0.004483808456788851,0.004613938287372182,0.002895504995268882,0.0012567276796098992,0.002590494819312753,0.0028103157009740885,0.003108464989887776,0.9540771932051942,0.9648947909888849,0.9756856627525522,0.9684215634622962,0.8036806568297602,0.936322637895742,0.9338470841890717,8.563546419143677
