expl_var_class_0,expl_var_class_1,expl_var_class_2,expl_var_class_3,expl_var_class_4,expl_var_class_5,expl_var_mean,mae_class_0,mae_class_1,mae_class_2,mae_class_3,mae_class_4,mae_class_5,mae_mean,mse_class_0,mse_class_1,mse_class_2,mse_class_3,mse_class_4,mse_class_5,mse_mean,r2_class_0,r2_class_1,r2_class_2,r2_class_3,r2_class_4,r2_class_5,r2_mean,time
0.9563607293607527,0.9651347333090017,0.9751761876065028,0.969341474063111,0.8384047745896659,0.9373178805467144,0.9402892965792914,0.029286226134078486,0.037192182031289794,0.027487471039376356,0.014587353376923951,0.017006658597131543,0.024638016692309493,0.025032984645184938,0.004244113514858379,0.004589399241021757,0.0029599534711724296,0.0012194331535990515,0.002130903797541161,0.002765513132046127,0.002984886051706484,0.9563604330253638,0.965104671848232,0.975164715680749,0.9693394969425021,0.8383606881269245,0.9373178146090226,0.9402746367054657,11.959519386291504
