expl_var_class_0,expl_var_class_1,expl_var_class_2,expl_var_class_3,expl_var_class_4,expl_var_class_5,expl_var_mean,mae_class_0,mae_class_1,mae_class_2,mae_class_3,mae_class_4,mae_class_5,mae_mean,mse_class_0,mse_class_1,mse_class_2,mse_class_3,mse_class_4,mse_class_5,mse_mean,r2_class_0,r2_class_1,r2_class_2,r2_class_3,r2_class_4,r2_class_5,r2_mean,time
0.9556781087466497,0.9650158022878549,0.9762329357785446,0.9681226849482791,0.8262496342568877,0.934215057091769,0.9375857038516643,0.029571951246257083,0.0367481496897733,0.02679438530669575,0.015073482298835168,0.01770756151720753,0.02481514063768561,0.02511844511607574,0.004332775173781654,0.004602359471362852,0.0028329725990314616,0.0012679895661670644,0.0022819554162993526,0.002887138273440585,0.0030341984166804945,0.9556573540649699,0.965013048291699,0.9762329073150575,0.9680791823660035,0.8262450180812528,0.9342112836592514,0.9375731322963724,7.696859359741211
