expl_var_class_0,expl_var_class_1,expl_var_class_2,expl_var_class_3,expl_var_class_4,expl_var_class_5,expl_var_mean,mae_class_0,mae_class_1,mae_class_2,mae_class_3,mae_class_4,mae_class_5,mae_mean,mse_class_0,mse_class_1,mse_class_2,mse_class_3,mse_class_4,mse_class_5,mse_mean,r2_class_0,r2_class_1,r2_class_2,r2_class_3,r2_class_4,r2_class_5,r2_mean,time
0.9569068794881399,0.9656065558168059,0.9764696243325319,0.9691032617679483,0.8476584413551442,0.9369879604484377,0.9421221205348346,0.029260537680535662,0.03709018216902579,0.02660410092714441,0.014520778208042125,0.016587352330993267,0.024848923773590433,0.024818645848221948,0.0042068115201237015,0.004539238204069869,0.002812783264646825,0.0012292489812563787,0.0019863394545434404,0.0027786600807819845,0.002925513584237033,0.9568878646616584,0.9655172793816313,0.9764520142876273,0.9690621979711647,0.8476584412034222,0.9369780725719637,0.9420926450129112,4.410196542739868
