expl_var_class_0,expl_var_class_1,expl_var_class_2,expl_var_class_3,expl_var_class_4,expl_var_class_5,expl_var_mean,mae_class_0,mae_class_1,mae_class_2,mae_class_3,mae_class_4,mae_class_5,mae_mean,mse_class_0,mse_class_1,mse_class_2,mse_class_3,mse_class_4,mse_class_5,mse_mean,r2_class_0,r2_class_1,r2_class_2,r2_class_3,r2_class_4,r2_class_5,r2_mean,time
0.9578258614540575,0.9635460998412063,0.9754805068993709,0.9705669860244848,0.8515474295140903,0.9390182885221249,0.9429975287092224,0.029036785807598352,0.03755088953388606,0.02705349558087606,0.014575162172429872,0.016508519370656758,0.024614361506075867,0.02488986899525383,0.004108726063948026,0.004806626101255512,0.0029295745699094203,0.0011737530175286938,0.0019665598792142527,0.00266987330034379,0.002942518822033283,0.9578156784006537,0.9635290107828645,0.9754779310592419,0.9704960209783152,0.8515328933209692,0.9390175719504721,0.9429781844154194,5.298572778701782
