expl_var_class_0,expl_var_class_1,expl_var_class_2,expl_var_class_3,expl_var_class_4,expl_var_class_5,expl_var_mean,mae_class_0,mae_class_1,mae_class_2,mae_class_3,mae_class_4,mae_class_5,mae_mean,mse_class_0,mse_class_1,mse_class_2,mse_class_3,mse_class_4,mse_class_5,mse_mean,r2_class_0,r2_class_1,r2_class_2,r2_class_3,r2_class_4,r2_class_5,r2_mean,time
0.9562990453955904,0.9634708280862958,0.9756461989186376,0.9708620999292922,0.835898749713816,0.9387539140437996,0.9401551393479054,0.029502034196068776,0.037707874072193226,0.02708854855370399,0.014437054000459184,0.0171826038854215,0.02441124551622039,0.025054893370677844,0.004266761123199666,0.004810461596238755,0.0029071940169068007,0.0011573368929471898,0.0021797441439906024,0.002703355133199371,0.0030041421510803973,0.9562946252793902,0.9634556226923428,0.9756371237993225,0.9708385387659165,0.8358523378644753,0.9387049670948671,0.9401305359160523,2.362872838973999
