expl_var_class_0,expl_var_class_1,expl_var_class_2,expl_var_class_3,expl_var_class_4,expl_var_class_5,expl_var_mean,mae_class_0,mae_class_1,mae_class_2,mae_class_3,mae_class_4,mae_class_5,mae_mean,mse_class_0,mse_class_1,mse_class_2,mse_class_3,mse_class_4,mse_class_5,mse_mean,r2_class_0,r2_class_1,r2_class_2,r2_class_3,r2_class_4,r2_class_5,r2_mean,time
0.9535198665223008,0.9659222073119121,0.9773628165511082,0.9637504706137134,0.8257230360790728,0.9364041944925346,0.9371137652617737,0.03012709597877235,0.03688669364785225,0.02631162794549244,0.01551399629161187,0.01759464304830849,0.025000610420366554,0.025239111222067328,0.004540965180869442,0.004492290459186437,0.002703154930715175,0.001440213091624451,0.002305838453116133,0.0028040750431488214,0.0030477561931100765,0.9535166187401016,0.9659183308206908,0.9773616287104688,0.9636937131666402,0.8257015260033321,0.9363527289875829,0.9370907577381361,3.16392183303833
