expl_var_class_0,expl_var_class_1,expl_var_class_2,expl_var_class_3,expl_var_class_4,expl_var_class_5,expl_var_mean,mae_class_0,mae_class_1,mae_class_2,mae_class_3,mae_class_4,mae_class_5,mae_mean,mse_class_0,mse_class_1,mse_class_2,mse_class_3,mse_class_4,mse_class_5,mse_mean,r2_class_0,r2_class_1,r2_class_2,r2_class_3,r2_class_4,r2_class_5,r2_mean,time
0.955432487419933,0.9675356026698527,0.9771865481132826,0.9658940431729993,0.8207512047908181,0.9372731873527256,0.9373455122532687,0.02958752170443186,0.03599847630557889,0.026144060210167575,0.015148462103007474,0.017570760640910732,0.024780783714682432,0.024871677446463163,0.004350620940092231,0.0042776883860044575,0.002726201887763911,0.0013557552137830606,0.002359615495966477,0.0027522293533831627,0.0029703518794988834,0.9554316158352016,0.9675313529971419,0.9771855411261783,0.9658749830380823,0.8207462078235648,0.9372496064567224,0.9373365512128152,8.537456512451172
