expl_var_class_0,expl_var_class_1,expl_var_class_2,expl_var_class_3,expl_var_class_4,expl_var_class_5,expl_var_mean,mae_class_0,mae_class_1,mae_class_2,mae_class_3,mae_class_4,mae_class_5,mae_mean,mse_class_0,mse_class_1,mse_class_2,mse_class_3,mse_class_4,mse_class_5,mse_mean,r2_class_0,r2_class_1,r2_class_2,r2_class_3,r2_class_4,r2_class_5,r2_mean,time
0.9543765633984933,0.9669602359450933,0.9758496485395113,0.9696944203895119,0.8247549681365147,0.9366889958734509,0.9380541387137624,0.029549172141351165,0.03620395146010742,0.02662457079702652,0.014662344641517609,0.01736298247771221,0.02490029800570118,0.024883886587236018,0.004447772035940979,0.00434898826932166,0.0028794447559061607,0.0012083366312709966,0.0023269887417117297,0.002777856884422162,0.0029982312197622814,0.9543726730522979,0.9669448933953709,0.975836254066476,0.9696701554418696,0.8246796610545779,0.9366556218093742,0.9380265431366611,6.1995038986206055
