expl_var_class_0,expl_var_class_1,expl_var_class_2,expl_var_class_3,expl_var_class_4,expl_var_class_5,expl_var_mean,mae_class_0,mae_class_1,mae_class_2,mae_class_3,mae_class_4,mae_class_5,mae_mean,mse_class_0,mse_class_1,mse_class_2,mse_class_3,mse_class_4,mse_class_5,mse_mean,r2_class_0,r2_class_1,r2_class_2,r2_class_3,r2_class_4,r2_class_5,r2_mean,time
0.9571253390404489,0.9653243895700344,0.9766757237909376,0.9659086707607165,0.8392907137876108,0.941386541135905,0.940951896347609,0.02937562900128649,0.03689694832746731,0.02658839932079624,0.014869393404387622,0.016898442315636836,0.02433310518454977,0.024826986259020706,0.004188596364589771,0.004570741093116373,0.0027852437534879367,0.0013563557906678765,0.0021262410874614696,0.002583686308123295,0.0029351440662411204,0.9571236259244402,0.9653231492364192,0.9766741515601456,0.9658076692466858,0.8392773021923039,0.9413551420223288,0.9409268400303872,6.102222442626953
