expl_var_class_0,expl_var_class_1,expl_var_class_2,expl_var_class_3,expl_var_class_4,expl_var_class_5,expl_var_mean,mae_class_0,mae_class_1,mae_class_2,mae_class_3,mae_class_4,mae_class_5,mae_mean,mse_class_0,mse_class_1,mse_class_2,mse_class_3,mse_class_4,mse_class_5,mse_mean,r2_class_0,r2_class_1,r2_class_2,r2_class_3,r2_class_4,r2_class_5,r2_mean,time
0.9559957802799434,0.9682426536535002,0.9788426157585499,0.9693284282938821,0.8398939103520664,0.9383886105096525,0.9417819998079323,0.02961911343186796,0.03575432902276075,0.02530028619735535,0.014691420534072526,0.016901921236433727,0.024699738301481058,0.024494468120661892,0.004296582230902329,0.004183181259266878,0.002524410943635766,0.0012183141280212827,0.00210561130853018,0.0027107227858353595,0.0028398037760319662,0.9559770060242095,0.9682425602674885,0.9788424140929117,0.9692475107758235,0.8398809365289001,0.938370437009003,0.9417601441163894,4.10538387298584
