expl_var_class_0,expl_var_class_1,expl_var_class_2,expl_var_class_3,expl_var_class_4,expl_var_class_5,expl_var_mean,mae_class_0,mae_class_1,mae_class_2,mae_class_3,mae_class_4,mae_class_5,mae_mean,mse_class_0,mse_class_1,mse_class_2,mse_class_3,mse_class_4,mse_class_5,mse_mean,r2_class_0,r2_class_1,r2_class_2,r2_class_3,r2_class_4,r2_class_5,r2_mean,time
0.9573869501808053,0.9660645211971767,0.9747440838303281,0.9646439849051369,0.8374072260210323,0.9402103814382841,0.940076191262127,0.029356284880322693,0.03668434137116838,0.027361035832051336,0.015112654310560619,0.01675579600128431,0.024236779109579602,0.024917815250827823,0.004173107334721596,0.004470497902786533,0.0030068700598880776,0.0014083028694234008,0.0021479155546446664,0.0026267969555679605,0.0029722484461720392,0.9573612344104035,0.9660406827278649,0.9747339664320063,0.9645928195325979,0.8372855558781513,0.9402061088718769,0.9400367279754834,13.633909702301025
