expl_var_class_0,expl_var_class_1,expl_var_class_2,expl_var_class_3,expl_var_class_4,expl_var_class_5,expl_var_mean,mae_class_0,mae_class_1,mae_class_2,mae_class_3,mae_class_4,mae_class_5,mae_mean,mse_class_0,mse_class_1,mse_class_2,mse_class_3,mse_class_4,mse_class_5,mse_mean,r2_class_0,r2_class_1,r2_class_2,r2_class_3,r2_class_4,r2_class_5,r2_mean,time
0.9568044331349419,0.9665464405214361,0.9774072585167717,0.9702811829758645,0.84094573674669,0.9376554200248469,0.9416067453200919,0.02924823212910312,0.03647385813063785,0.026083865576229246,0.014599227332624367,0.016868684182584893,0.024779233432734995,0.02467551679731908,0.00422235851453066,0.0044076802600948525,0.0026940109977812233,0.0011849620032326241,0.002085099922376194,0.002741848944744103,0.0028893267737932758,0.9568040847504468,0.9665404361194937,0.9774070216034823,0.9702483027435641,0.8409340475007226,0.9376327165304351,0.9415944348746907,6.154305934906006
