expl_var_class_0,expl_var_class_1,expl_var_class_2,expl_var_class_3,expl_var_class_4,expl_var_class_5,expl_var_mean,mae_class_0,mae_class_1,mae_class_2,mae_class_3,mae_class_4,mae_class_5,mae_mean,mse_class_0,mse_class_1,mse_class_2,mse_class_3,mse_class_4,mse_class_5,mse_mean,r2_class_0,r2_class_1,r2_class_2,r2_class_3,r2_class_4,r2_class_5,r2_mean,time
0.9569760463855368,0.9654169114630449,0.9771586841571696,0.9718819681356528,0.8348472407808314,0.9389799332336883,0.9408767973593206,0.029452013399676562,0.036708228859496726,0.02617275973913002,0.014383721147447803,0.017143670575610708,0.024552757885856508,0.024735525267869724,0.004204130212787444,0.004550146378340818,0.002724341297702825,0.0011170668704950039,0.002169306632537574,0.0026785715837841528,0.0029072604959413033,0.956973937023442,0.965409970126134,0.9771442645968209,0.9718785636652849,0.8348224369238342,0.9389638564439226,0.940865504796573,3.6689000129699707
