expl_var_class_0,expl_var_class_1,expl_var_class_2,expl_var_class_3,expl_var_class_4,expl_var_class_5,expl_var_mean,mae_class_0,mae_class_1,mae_class_2,mae_class_3,mae_class_4,mae_class_5,mae_mean,mse_class_0,mse_class_1,mse_class_2,mse_class_3,mse_class_4,mse_class_5,mse_mean,r2_class_0,r2_class_1,r2_class_2,r2_class_3,r2_class_4,r2_class_5,r2_mean,time
0.9574874555838844,0.968393851683238,0.9777451542436622,0.9719707592196257,0.8275581848530632,0.9388220425325525,0.9403295746860043,0.028981010975687987,0.03565291390054442,0.026092001481620258,0.014196691369239674,0.01732325521246384,0.024543286180052363,0.02446485985326809,0.004149247607870035,0.0041634670382849365,0.0026554714341468816,0.001111299149523916,0.0022676768426904354,0.002691608882499523,0.002839795159169288,0.9574866038565345,0.9683922246367578,0.977743970278126,0.9719487656471028,0.82755682834922,0.9388050006301137,0.940322232232976,6.816587686538696
