expl_var_class_0,expl_var_class_1,expl_var_class_2,expl_var_class_3,expl_var_class_4,expl_var_class_5,expl_var_mean,mae_class_0,mae_class_1,mae_class_2,mae_class_3,mae_class_4,mae_class_5,mae_mean,mse_class_0,mse_class_1,mse_class_2,mse_class_3,mse_class_4,mse_class_5,mse_mean,r2_class_0,r2_class_1,r2_class_2,r2_class_3,r2_class_4,r2_class_5,r2_mean,time
0.9579364107572516,0.9664592827078946,0.9777633037534197,0.9721715845088932,0.8409020550789007,0.9396129084988405,0.9424742575508667,0.02908811711206111,0.03649787625057442,0.026129462848360225,0.014439512981716831,0.016732226323639115,0.02434526069356076,0.024538742701652076,0.004102009501075347,0.00442251025863258,0.0026620363713662043,0.0011044188237561245,0.002095906298945578,0.002660006249256154,0.002841147917171998,0.9579251801648134,0.9664424173948379,0.9777592122280052,0.9721670977255613,0.8408931620022977,0.9395893018300733,0.9424627285575982,8.059125185012817
