expl_var_class_0,expl_var_class_1,expl_var_class_2,expl_var_class_3,expl_var_class_4,expl_var_class_5,expl_var_mean,mae_class_0,mae_class_1,mae_class_2,mae_class_3,mae_class_4,mae_class_5,mae_mean,mse_class_0,mse_class_1,mse_class_2,mse_class_3,mse_class_4,mse_class_5,mse_mean,r2_class_0,r2_class_1,r2_class_2,r2_class_3,r2_class_4,r2_class_5,r2_mean,time
0.9555516250242624,0.9660701912503313,0.9768986549709227,0.9687936707618395,0.8348924601120608,0.937460487252425,0.939944514895307,0.029520127539881917,0.036756544692558395,0.02669471728766258,0.014876954020284999,0.017320137781107192,0.024828190580842114,0.0249994453170562,0.004344809494674037,0.004475793360568636,0.002756134624337878,0.0012438214279171366,0.002164421135824177,0.002749466891274235,0.0029557411557660164,0.9555513767811222,0.9660233762372161,0.9768860297612575,0.9687704766367993,0.8348828725737565,0.9374594354196681,0.9399289279016366,11.700653076171875
