expl_var_class_0,expl_var_class_1,expl_var_class_2,expl_var_class_3,expl_var_class_4,expl_var_class_5,expl_var_mean,mae_class_0,mae_class_1,mae_class_2,mae_class_3,mae_class_4,mae_class_5,mae_mean,mse_class_0,mse_class_1,mse_class_2,mse_class_3,mse_class_4,mse_class_5,mse_mean,r2_class_0,r2_class_1,r2_class_2,r2_class_3,r2_class_4,r2_class_5,r2_mean,time
0.957097892346046,0.963540396423214,0.9753170575204572,0.974232281396613,0.8300775323758147,0.9392238312172114,0.9399148318798928,0.029028952013206103,0.037583593980639485,0.027044272379608287,0.013999324415763395,0.017275748749549662,0.02445227170610621,0.02489736054081219,0.004182652228850388,0.0047988362693489476,0.0029419389355017206,0.0010268365081010362,0.002258991023004534,0.0026664092038084708,0.0029792773614358494,0.9570923961003059,0.9635257594092725,0.9753118149450192,0.9742258979233634,0.8298027554974379,0.9391969996855531,0.939859270593492,4.700693845748901
