expl_var_class_0,expl_var_class_1,expl_var_class_2,expl_var_class_3,expl_var_class_4,expl_var_class_5,expl_var_mean,mae_class_0,mae_class_1,mae_class_2,mae_class_3,mae_class_4,mae_class_5,mae_mean,mse_class_0,mse_class_1,mse_class_2,mse_class_3,mse_class_4,mse_class_5,mse_mean,r2_class_0,r2_class_1,r2_class_2,r2_class_3,r2_class_4,r2_class_5,r2_mean,time
0.9574180651410319,0.9654799099613618,0.9757840143695371,0.9673278668575342,0.8429323339203758,0.9403600936663011,0.9415503806526905,0.02906516938316349,0.036902388068391107,0.02689382909271233,0.014770283787240188,0.016842724493118667,0.02431607570184545,0.02479841175441187,0.0041607692415975735,0.004550708099091843,0.0028915581801513667,0.0012993727224780366,0.00207793757483067,0.0026317524394905796,0.002935349709606678,0.9574084769893331,0.9654751335930003,0.9757837899175728,0.9672441536324872,0.842928567756398,0.940264130532773,0.941517375403594,9.312687873840332
