expl_var_class_0,expl_var_class_1,expl_var_class_2,expl_var_class_3,expl_var_class_4,expl_var_class_5,expl_var_mean,mae_class_0,mae_class_1,mae_class_2,mae_class_3,mae_class_4,mae_class_5,mae_mean,mse_class_0,mse_class_1,mse_class_2,mse_class_3,mse_class_4,mse_class_5,mse_mean,r2_class_0,r2_class_1,r2_class_2,r2_class_3,r2_class_4,r2_class_5,r2_mean,time
0.9546092940805063,0.9663245805177544,0.9772470747079874,0.9725201010016418,0.8304852379012959,0.9403276190141828,0.9402523178705615,0.02983148331710635,0.03667245183596568,0.026563941919004762,0.014264232502751415,0.01699561007047465,0.02428033744905466,0.02476800951572625,0.004425649454721647,0.004441088804409334,0.002724714552790678,0.0010911772879335544,0.0022336997104875685,0.0026305149767776566,0.0029244741311867397,0.9546055650499371,0.9663014451758657,0.9772355484095876,0.9725008029871755,0.8304328308231836,0.9402590703168368,0.9402225437937645,12.971856832504272
