expl_var_class_0,expl_var_class_1,expl_var_class_2,expl_var_class_3,expl_var_class_4,expl_var_class_5,expl_var_mean,mae_class_0,mae_class_1,mae_class_2,mae_class_3,mae_class_4,mae_class_5,mae_mean,mse_class_0,mse_class_1,mse_class_2,mse_class_3,mse_class_4,mse_class_5,mse_mean,r2_class_0,r2_class_1,r2_class_2,r2_class_3,r2_class_4,r2_class_5,r2_mean,time
0.9518735405820085,0.9277769465513259,0.9545549763943997,0.9654690901155083,0.8208925451143197,0.9233561857900058,0.9239872140912614,0.03098470382244119,0.052643691520499115,0.037485366621907115,0.015272140924196731,0.017978936324271475,0.02670416632786291,0.030178167590196422,0.004710228701831408,0.009507923314494135,0.00540839674110447,0.0013779113386459478,0.0023645445791525134,0.003371063539999773,0.004456678035871374,0.9518731915137338,0.9277748046286346,0.9545544932477529,0.965356915408763,0.8208749147674099,0.9232643368687212,0.9239497760725025,1.7722065448760986
