expl_var_class_0,expl_var_class_1,expl_var_class_2,expl_var_class_3,expl_var_class_4,expl_var_class_5,expl_var_mean,mae_class_0,mae_class_1,mae_class_2,mae_class_3,mae_class_4,mae_class_5,mae_mean,mse_class_0,mse_class_1,mse_class_2,mse_class_3,mse_class_4,mse_class_5,mse_mean,r2_class_0,r2_class_1,r2_class_2,r2_class_3,r2_class_4,r2_class_5,r2_mean,time
0.9495966933426222,0.9284736199431463,0.9561001715458083,0.9738937349588438,0.8446745080910703,0.9236486775034605,0.929397900897492,0.03147359085904037,0.05175870230810137,0.03625217259980882,0.013883635922382108,0.01674710792559598,0.02669999241590306,0.02946920033847195,0.00491877756684277,0.009425204022019167,0.005246611367393217,0.0010512780700887812,0.0020552301016232687,0.0033422885135118473,0.004339898273579842,0.9495966563618676,0.9284438129687521,0.9560949147266588,0.9738407595765892,0.8445628262130168,0.9235940739498307,0.9293555072994525,1.9745821952819824
