expl_var_class_0,expl_var_class_1,expl_var_class_2,expl_var_class_3,expl_var_class_4,expl_var_class_5,expl_var_mean,mae_class_0,mae_class_1,mae_class_2,mae_class_3,mae_class_4,mae_class_5,mae_mean,mse_class_0,mse_class_1,mse_class_2,mse_class_3,mse_class_4,mse_class_5,mse_mean,r2_class_0,r2_class_1,r2_class_2,r2_class_3,r2_class_4,r2_class_5,r2_mean,time
0.9572416837007489,0.9650825389125999,0.9762772165343321,0.9724304524585866,0.8495246466930728,0.9375952515356866,0.9430252983058378,0.029176975281860598,0.03685726647357548,0.02656511887986162,0.014201188222402454,0.016505823239451333,0.024672346424047593,0.02466311975353318,0.004168874859179552,0.00460190292541038,0.0028341986800468626,0.0010986342989819005,0.001993866456218174,0.002732262350071819,0.002904956594984781,0.9571981302647184,0.965082378276291,0.9762762770615995,0.9723842385701275,0.8494713601208206,0.9375925471241524,0.9430008219029515,8.954411506652832
