expl_var_class_0,expl_var_class_1,expl_var_class_2,expl_var_class_3,expl_var_class_4,expl_var_class_5,expl_var_mean,mae_class_0,mae_class_1,mae_class_2,mae_class_3,mae_class_4,mae_class_5,mae_mean,mse_class_0,mse_class_1,mse_class_2,mse_class_3,mse_class_4,mse_class_5,mse_mean,r2_class_0,r2_class_1,r2_class_2,r2_class_3,r2_class_4,r2_class_5,r2_mean,time
0.9547525782214691,0.9642118274748254,0.9759846473957923,0.9745893778797214,0.8398436601135645,0.9347872939484538,0.9406948975056378,0.029530534180767593,0.037172248866456765,0.026966002245361116,0.013969659820929804,0.017019216000940866,0.024773493377146252,0.024905192415267063,0.004422958610393054,0.004723118318693623,0.0028675519948371604,0.0010123244850224055,0.0020994491079718235,0.0028671687366156953,0.0029987618755889602,0.9547518893458868,0.9641458840537318,0.9759516422451114,0.9745828376593513,0.8398393916284244,0.9347821382741148,0.9406756305344368,4.92170786857605
