expl_var_class_0,expl_var_class_1,expl_var_class_2,expl_var_class_3,expl_var_class_4,expl_var_class_5,expl_var_mean,mae_class_0,mae_class_1,mae_class_2,mae_class_3,mae_class_4,mae_class_5,mae_mean,mse_class_0,mse_class_1,mse_class_2,mse_class_3,mse_class_4,mse_class_5,mse_mean,r2_class_0,r2_class_1,r2_class_2,r2_class_3,r2_class_4,r2_class_5,r2_mean,time
0.9516510021463079,0.9289787551828264,0.9574222136754996,0.9731515962190074,0.8352659986375326,0.9219188658413345,0.9280647386170847,0.031140251455243396,0.05143617849692288,0.03634412349531836,0.01425046206220747,0.016975798782123117,0.026840545213467404,0.029497893250880435,0.004721964713895446,0.009348982841866778,0.005087623582135117,0.0010670149121581173,0.002175035935747243,0.003437091904860859,0.004306285648443927,0.9516379212625714,0.9289575406502437,0.9574196311062194,0.9731394422219565,0.8352052518399264,0.921909111315969,0.9280448163994812,1.3573358058929443
