expl_var_class_0,expl_var_class_1,expl_var_class_2,expl_var_class_3,expl_var_class_4,expl_var_class_5,expl_var_mean,mae_class_0,mae_class_1,mae_class_2,mae_class_3,mae_class_4,mae_class_5,mae_mean,mse_class_0,mse_class_1,mse_class_2,mse_class_3,mse_class_4,mse_class_5,mse_mean,r2_class_0,r2_class_1,r2_class_2,r2_class_3,r2_class_4,r2_class_5,r2_mean,time
0.9569440467138517,0.9664776764126884,0.9760076315619646,0.9659164076763728,0.8356636226363368,0.9407440433137745,0.9402922380524981,0.029184253760468754,0.03639668406522513,0.026685615323718825,0.014814620688198695,0.016894787893097604,0.024418059340161,0.024732336845145,0.004206401371031629,0.00441885881736155,0.0028651456310102214,0.0013544389584282837,0.0021767305617420595,0.0026130714639841664,0.0029391078005929845,0.9569413657947526,0.9664754348073334,0.9760049896303107,0.9658559906107304,0.8354607996493316,0.9406881538176484,0.9402377890516845,13.43824553489685
