expl_var_class_0,expl_var_class_1,expl_var_class_2,expl_var_class_3,expl_var_class_4,expl_var_class_5,expl_var_mean,mae_class_0,mae_class_1,mae_class_2,mae_class_3,mae_class_4,mae_class_5,mae_mean,mse_class_0,mse_class_1,mse_class_2,mse_class_3,mse_class_4,mse_class_5,mse_mean,r2_class_0,r2_class_1,r2_class_2,r2_class_3,r2_class_4,r2_class_5,r2_mean,time
0.9580778023024665,0.966587630771737,0.9759908608813814,0.9697438662567929,0.8284323302338905,0.9385002869462032,0.9395554628987451,0.02917553261289477,0.03667446528804733,0.027007828726274073,0.014454121078670413,0.01757637180069997,0.02473740136289526,0.02493762014491364,0.004091549316917491,0.004401750577744691,0.002864643187231475,0.0012002622572760216,0.0022562082276136324,0.0027054792948188826,0.0029199821436003658,0.9580777833984384,0.966583248483291,0.9759908605689558,0.9697031731930947,0.8284289474805948,0.9384896502541129,0.9395456105630814,18.262484073638916
