expl_var_class_0,expl_var_class_1,expl_var_class_2,expl_var_class_3,expl_var_class_4,expl_var_class_5,expl_var_mean,mae_class_0,mae_class_1,mae_class_2,mae_class_3,mae_class_4,mae_class_5,mae_mean,mse_class_0,mse_class_1,mse_class_2,mse_class_3,mse_class_4,mse_class_5,mse_mean,r2_class_0,r2_class_1,r2_class_2,r2_class_3,r2_class_4,r2_class_5,r2_mean,time
0.9554604334600787,0.9659804450515926,0.9752182401875973,0.9656869086112041,0.8406420884009299,0.9371564396024418,0.9400240925523073,0.029450397840058012,0.03654040837155165,0.026989672044375846,0.01485806171557398,0.016642518296936585,0.024622518915074432,0.02485059619726175,0.004361306191641173,0.0044795344254512145,0.0029497163958505028,0.0013675681420973079,0.002104631699952866,0.002761491670978719,0.003004041420995297,0.9554383107229016,0.9659720384410584,0.9752142154502033,0.9656169613369215,0.8405645061797111,0.9371400473204758,0.9399910132418787,8.107996702194214
