expl_var_class_0,expl_var_class_1,expl_var_class_2,expl_var_class_3,expl_var_class_4,expl_var_class_5,expl_var_mean,mae_class_0,mae_class_1,mae_class_2,mae_class_3,mae_class_4,mae_class_5,mae_mean,mse_class_0,mse_class_1,mse_class_2,mse_class_3,mse_class_4,mse_class_5,mse_mean,r2_class_0,r2_class_1,r2_class_2,r2_class_3,r2_class_4,r2_class_5,r2_mean,time
0.958942994224568,0.9662339896417649,0.9766378769385389,0.9711314350426122,0.8473974055535881,0.9394132931272426,0.9432928324213857,0.028801154592397647,0.036524426923329724,0.026850021564139296,0.014427126391442148,0.016635797226340534,0.02473975753962839,0.024663047372879623,0.0040039964963812045,0.0044449042463777805,0.0027899535414960316,0.0011536648334041298,0.001999767377268796,0.002663099439806296,0.0028425643224557063,0.9589429847248854,0.9662331135077091,0.976627153464179,0.9710693776247528,0.8473882164767556,0.9394083786220117,0.9432782040700488,7.502161026000977
