expl_var_class_0,expl_var_class_1,expl_var_class_2,expl_var_class_3,expl_var_class_4,expl_var_class_5,expl_var_mean,mae_class_0,mae_class_1,mae_class_2,mae_class_3,mae_class_4,mae_class_5,mae_mean,mse_class_0,mse_class_1,mse_class_2,mse_class_3,mse_class_4,mse_class_5,mse_mean,r2_class_0,r2_class_1,r2_class_2,r2_class_3,r2_class_4,r2_class_5,r2_mean,time
0.9548572803868555,0.9664008601229982,0.9759920052302243,0.9656542058512416,0.8307667187761937,0.9379101398413743,0.9385968683681479,0.029866608732650655,0.03644749825508748,0.026926652215880396,0.015010095812305495,0.017436138235877995,0.02462113379536617,0.025051354507861365,0.004406690817058704,0.004427371279522872,0.0028691037664578603,0.001365868797091753,0.0022277625991730006,0.0027242280480344163,0.0030035042178897676,0.9548572279831858,0.9663952251183753,0.9759896542591462,0.9656204192359694,0.8307627261080398,0.9378880317857015,0.9385855474150696,8.845969438552856
