expl_var_class_0,expl_var_class_1,expl_var_class_2,expl_var_class_3,expl_var_class_4,expl_var_class_5,expl_var_mean,mae_class_0,mae_class_1,mae_class_2,mae_class_3,mae_class_4,mae_class_5,mae_mean,mse_class_0,mse_class_1,mse_class_2,mse_class_3,mse_class_4,mse_class_5,mse_mean,r2_class_0,r2_class_1,r2_class_2,r2_class_3,r2_class_4,r2_class_5,r2_mean,time
0.9568278668381653,0.9681011079263532,0.9779397384258839,0.9713910270347359,0.8351963840511012,0.940378988957946,0.9416391855390308,0.02947662033255174,0.03572108931417661,0.025906659377839255,0.014239911156505277,0.01720603575679688,0.024322334722392203,0.024478775110043663,0.004215284115755962,0.00420181379383115,0.00263228603324482,0.0011367223886206241,0.002167379162560117,0.0026241193195504103,0.0028296008022605135,0.9568099905316607,0.9681011077324881,0.9779382916950143,0.9713070363357674,0.8351838630947738,0.9403394077235803,0.9416132828522142,7.255966424942017
