expl_var_class_0,expl_var_class_1,expl_var_class_2,expl_var_class_3,expl_var_class_4,expl_var_class_5,expl_var_mean,mae_class_0,mae_class_1,mae_class_2,mae_class_3,mae_class_4,mae_class_5,mae_mean,mse_class_0,mse_class_1,mse_class_2,mse_class_3,mse_class_4,mse_class_5,mse_mean,r2_class_0,r2_class_1,r2_class_2,r2_class_3,r2_class_4,r2_class_5,r2_mean,time
0.9572416769975376,0.9670613187691515,0.9772788178308544,0.9699578749045971,0.8424175717588619,0.9404926944760365,0.9424083257895065,0.029316785984468432,0.03621285291269544,0.025880379727142955,0.014569700435974137,0.016747119963256684,0.024641118742647405,0.024561326294364177,0.004173227815105299,0.004339955901233232,0.002715273584876799,0.001194143281287553,0.0020547171287622103,0.0026246955740347354,0.0028503355475499714,0.9572320363054295,0.9670311448506741,0.9772683432863463,0.9699457400462691,0.8424142411481168,0.9404700937939291,0.9423935999051275,5.651415586471558
