expl_var_class_0,expl_var_class_1,expl_var_class_2,expl_var_class_3,expl_var_class_4,expl_var_class_5,expl_var_mean,mae_class_0,mae_class_1,mae_class_2,mae_class_3,mae_class_4,mae_class_5,mae_mean,mse_class_0,mse_class_1,mse_class_2,mse_class_3,mse_class_4,mse_class_5,mse_mean,r2_class_0,r2_class_1,r2_class_2,r2_class_3,r2_class_4,r2_class_5,r2_mean,time
0.9562596598735502,0.9664254219232019,0.976056488699198,0.9686891150621463,0.8352890366775232,0.9385420959274374,0.9402103030271762,0.02945903328798165,0.03672598916697272,0.026891033493146487,0.014599863784301805,0.017049365595403983,0.024738297511998592,0.024910597139967544,0.0042696896715564755,0.004424265411089691,0.0028602081639638585,0.0012451654382371442,0.002147958298040245,0.002711066909193512,0.002943058982013488,0.9562434784414945,0.9663906802742073,0.9760549837500937,0.9686616117574848,0.8352631446729696,0.9385111323312132,0.9401875052045773,10.539891719818115
