expl_var_class_0,expl_var_class_1,expl_var_class_2,expl_var_class_3,expl_var_class_4,expl_var_class_5,expl_var_mean,mae_class_0,mae_class_1,mae_class_2,mae_class_3,mae_class_4,mae_class_5,mae_mean,mse_class_0,mse_class_1,mse_class_2,mse_class_3,mse_class_4,mse_class_5,mse_mean,r2_class_0,r2_class_1,r2_class_2,r2_class_3,r2_class_4,r2_class_5,r2_mean,time
0.9584056536103986,0.9673870521208597,0.9769627494152918,0.9669780103736446,0.8548870804921047,0.9382284148182019,0.943808160138417,0.0289762792805436,0.03596887426001828,0.02588323270911505,0.014859345350100818,0.01621895228855451,0.024593930521582562,0.024416769068319136,0.00407346532827429,0.004294250840388706,0.0027416467114054206,0.0013161752504058024,0.0019180489685697297,0.002714276887798021,0.0028429773311403287,0.9583793275997241,0.9673795112074665,0.9769625768781883,0.9669090679074406,0.8546990029266122,0.9382147994436502,0.9437573809938469,3.0268986225128174
