expl_var_class_0,expl_var_class_1,expl_var_class_2,expl_var_class_3,expl_var_class_4,expl_var_class_5,expl_var_mean,mae_class_0,mae_class_1,mae_class_2,mae_class_3,mae_class_4,mae_class_5,mae_mean,mse_class_0,mse_class_1,mse_class_2,mse_class_3,mse_class_4,mse_class_5,mse_mean,r2_class_0,r2_class_1,r2_class_2,r2_class_3,r2_class_4,r2_class_5,r2_mean,time
0.9581276067521378,0.9669647835512325,0.9771503287674168,0.9719841361822131,0.836103484944311,0.9398733368184736,0.9417006128359642,0.029044964282053123,0.0357700328612299,0.02613708056286112,0.01430797693235534,0.01682968694763464,0.024152433450855992,0.02437369583949835,0.004086883039499941,0.004354882561469123,0.0027306237629439933,0.0011274933961346503,0.002169901148490169,0.002630530951673565,0.002850052476701907,0.9581211861179989,0.9669377139911666,0.9771493901937253,0.9719442727243388,0.8358902481760818,0.9398651096236251,0.9416513201378227,8.806303262710571
