expl_var_class_0,expl_var_class_1,expl_var_class_2,expl_var_class_3,expl_var_class_4,expl_var_class_5,expl_var_mean,mae_class_0,mae_class_1,mae_class_2,mae_class_3,mae_class_4,mae_class_5,mae_mean,mse_class_0,mse_class_1,mse_class_2,mse_class_3,mse_class_4,mse_class_5,mse_mean,r2_class_0,r2_class_1,r2_class_2,r2_class_3,r2_class_4,r2_class_5,r2_mean,time
0.9575009505064851,0.9646218837603587,0.9764901878164072,0.9710006960191001,0.8518191825351881,0.9391970960436973,0.9434383327802061,0.029265937157778334,0.03673437945036815,0.026233259767378874,0.014328952478009228,0.016616781114271537,0.024468720757862886,0.024608005120944836,0.004142470669053063,0.004662707756605323,0.002808740810459005,0.001156777041847635,0.0019631955410934127,0.0026620135911995697,0.002899317568376334,0.9574692222846123,0.9646210125914748,0.9764893727238607,0.9709227366696802,0.8517868868819944,0.9391970951313345,0.9434143877138262,5.877506256103516
