expl_var_class_0,expl_var_class_1,expl_var_class_2,expl_var_class_3,expl_var_class_4,expl_var_class_5,expl_var_mean,mae_class_0,mae_class_1,mae_class_2,mae_class_3,mae_class_4,mae_class_5,mae_mean,mse_class_0,mse_class_1,mse_class_2,mse_class_3,mse_class_4,mse_class_5,mse_mean,r2_class_0,r2_class_1,r2_class_2,r2_class_3,r2_class_4,r2_class_5,r2_mean,time
0.9581160294377912,0.9638841512068183,0.9744884523215187,0.9712967703691615,0.8423421961111293,0.9369886285679239,0.9411860380023903,0.029027774058991897,0.03746959689905774,0.027665226628059775,0.014337382766154712,0.0167449278920313,0.024887617829606624,0.025022087678983677,0.004091111886649619,0.00475401929756828,0.003049409594542097,0.0011413522943752076,0.0020808738173695943,0.0027733858058582553,0.002981692116060509,0.9580990779953211,0.9638744419143662,0.9744782640956813,0.971268106097823,0.8423395811304135,0.9369885448984187,0.9411746693553371,4.6101295948028564
