expl_var_class_0,expl_var_class_1,expl_var_class_2,expl_var_class_3,expl_var_class_4,expl_var_class_5,expl_var_mean,mae_class_0,mae_class_1,mae_class_2,mae_class_3,mae_class_4,mae_class_5,mae_mean,mse_class_0,mse_class_1,mse_class_2,mse_class_3,mse_class_4,mse_class_5,mse_mean,r2_class_0,r2_class_1,r2_class_2,r2_class_3,r2_class_4,r2_class_5,r2_mean,time
0.955661516721651,0.9667291897452499,0.9771606294616848,0.9724058813947488,0.831468060592952,0.9393140498972412,0.940456554635588,0.02948330369459549,0.0362090694614851,0.02632186409854198,0.013997724774450354,0.0171320464596157,0.024576842825977215,0.02462014188577764,0.004331615514705996,0.0043892080214360946,0.002727481779087494,0.0010955530946225023,0.0022311062736843777,0.0026752199828067804,0.0029083641110572074,0.9556596169709414,0.9667003865611916,0.9771578963163322,0.9723822362636103,0.8313505361565791,0.9392774984109082,0.9404213617799272,9.035776376724243
