expl_var_class_0,expl_var_class_1,expl_var_class_2,expl_var_class_3,expl_var_class_4,expl_var_class_5,expl_var_mean,mae_class_0,mae_class_1,mae_class_2,mae_class_3,mae_class_4,mae_class_5,mae_mean,mse_class_0,mse_class_1,mse_class_2,mse_class_3,mse_class_4,mse_class_5,mse_mean,r2_class_0,r2_class_1,r2_class_2,r2_class_3,r2_class_4,r2_class_5,r2_mean,time
0.9573349800963646,0.9677223919739167,0.976205679918068,0.971465147250001,0.8347208789413422,0.9389063973389885,0.9410592459197802,0.029417325553238748,0.036023486656543945,0.026735170089324356,0.014147706181645101,0.017226912844063066,0.02451617909107924,0.024677796735982405,0.004164208703820248,0.004251825128295571,0.0028390181515779217,0.0011314544764998561,0.0021734888271806815,0.002687363936259994,0.0028745598706057117,0.9573333117277,0.9677214368930576,0.9762056290457678,0.9714400081260486,0.8347192598827734,0.9389015114880404,0.941053526193898,11.231382846832275
