expl_var_class_0,expl_var_class_1,expl_var_class_2,expl_var_class_3,expl_var_class_4,expl_var_class_5,expl_var_mean,mae_class_0,mae_class_1,mae_class_2,mae_class_3,mae_class_4,mae_class_5,mae_mean,mse_class_0,mse_class_1,mse_class_2,mse_class_3,mse_class_4,mse_class_5,mse_mean,r2_class_0,r2_class_1,r2_class_2,r2_class_3,r2_class_4,r2_class_5,r2_mean,time
0.9569904329187734,0.9655984417203463,0.9767751427502299,0.9702059823352048,0.8419641776155729,0.9370921770822451,0.9414377257370621,0.029407505973300038,0.03725476367394661,0.026688196711314623,0.01461577950757621,0.01695689408080733,0.024914887071115707,0.024973004503010085,0.004197748754868611,0.004531641347342889,0.002771284379230691,0.0011811562404729328,0.00207827657980906,0.0027676149829377644,0.0029212870474436582,0.9569896587063217,0.9655971572690539,0.9767733191482293,0.9701854441955727,0.8419595780831751,0.9370769660339036,0.9414303539060427,5.243654251098633
