expl_var_class_0,expl_var_class_1,expl_var_class_2,expl_var_class_3,expl_var_class_4,expl_var_class_5,expl_var_mean,mae_class_0,mae_class_1,mae_class_2,mae_class_3,mae_class_4,mae_class_5,mae_mean,mse_class_0,mse_class_1,mse_class_2,mse_class_3,mse_class_4,mse_class_5,mse_mean,r2_class_0,r2_class_1,r2_class_2,r2_class_3,r2_class_4,r2_class_5,r2_mean,time
0.9573943454606888,0.9667373489293871,0.9764715793762547,0.9692026236611879,0.8400931747442035,0.9403804685700976,0.9417132567903033,0.029040415693886004,0.03639442115961172,0.026470219226895454,0.014195792183054905,0.016771342452429082,0.024219989196993898,0.02451536331881184,0.004154282464494458,0.004383233299544254,0.0028086919571318992,0.0012184353180052843,0.002114857410316933,0.002625691000429531,0.0028841985749870603,0.9573942799947702,0.9667235399302178,0.9764702009094185,0.969195630379141,0.8400324539909826,0.9403768540275229,0.9416988265386755,11.49292802810669
