expl_var_class_0,expl_var_class_1,expl_var_class_2,expl_var_class_3,expl_var_class_4,expl_var_class_5,expl_var_mean,mae_class_0,mae_class_1,mae_class_2,mae_class_3,mae_class_4,mae_class_5,mae_mean,mse_class_0,mse_class_1,mse_class_2,mse_class_3,mse_class_4,mse_class_5,mse_mean,r2_class_0,r2_class_1,r2_class_2,r2_class_3,r2_class_4,r2_class_5,r2_mean,time
0.9580102987604548,0.9672722582744502,0.9767744512034783,0.9715169203137217,0.8356864266051046,0.9387601639356897,0.9413367531821498,0.029145544503556314,0.03619366815161583,0.026531370609515974,0.014208839058233445,0.017284550839456878,0.02468710930000309,0.02467518041039692,0.004098538495660339,0.004311059754097234,0.0027712684383438026,0.0011299524210896291,0.0021607904153135658,0.002694278891389339,0.002860981402648985,0.9580061719274698,0.9672717456312201,0.9767734527519457,0.9714779227670716,0.8356848976562294,0.9387442967167806,0.9413264145751196,11.512784719467163
