expl_var_class_0,expl_var_class_1,expl_var_class_2,expl_var_class_3,expl_var_class_4,expl_var_class_5,expl_var_mean,mae_class_0,mae_class_1,mae_class_2,mae_class_3,mae_class_4,mae_class_5,mae_mean,mse_class_0,mse_class_1,mse_class_2,mse_class_3,mse_class_4,mse_class_5,mse_mean,r2_class_0,r2_class_1,r2_class_2,r2_class_3,r2_class_4,r2_class_5,r2_mean,time
0.9547929958487095,0.9663616735515538,0.9770498149998953,0.969240318477289,0.8041403561159692,0.9364695050756748,0.9346757773448487,0.02971840053365645,0.0364152964826619,0.026122828107854466,0.014672735194222146,0.018029109066549913,0.025100895979206853,0.02500987756069195,0.004414017201686328,0.00442167561657155,0.0027330813105455928,0.0012248240578288411,0.002585368363622124,0.0028046784803302275,0.003030607505097444,0.9547919896455256,0.9663576240011867,0.9770495782884563,0.9692232220173531,0.80406916268836,0.9364503685062482,0.9346569908578549,5.347521781921387
