expl_var_class_0,expl_var_class_1,expl_var_class_2,expl_var_class_3,expl_var_class_4,expl_var_class_5,expl_var_mean,mae_class_0,mae_class_1,mae_class_2,mae_class_3,mae_class_4,mae_class_5,mae_mean,mse_class_0,mse_class_1,mse_class_2,mse_class_3,mse_class_4,mse_class_5,mse_mean,r2_class_0,r2_class_1,r2_class_2,r2_class_3,r2_class_4,r2_class_5,r2_mean,time
0.9583953238722148,0.9649943282358506,0.974766308197699,0.969798309880738,0.838511329451901,0.9430984053209183,0.9415940008265536,0.029034969580383253,0.036861936788176994,0.02726118366614251,0.01442732407810489,0.017014218275028338,0.02411886807492715,0.024786416743793855,0.004074477845520607,0.004608043220423265,0.0030052317339141835,0.0011979839008593896,0.0021369424159562666,0.0025087225546067283,0.0029219002785467398,0.958390282367398,0.9649936413920455,0.9747644102890156,0.9697398989680921,0.8384773079051955,0.9430355570617204,0.9415668496639111,15.624467611312866
