expl_var_class_0,expl_var_class_1,expl_var_class_2,expl_var_class_3,expl_var_class_4,expl_var_class_5,expl_var_mean,mae_class_0,mae_class_1,mae_class_2,mae_class_3,mae_class_4,mae_class_5,mae_mean,mse_class_0,mse_class_1,mse_class_2,mse_class_3,mse_class_4,mse_class_5,mse_mean,r2_class_0,r2_class_1,r2_class_2,r2_class_3,r2_class_4,r2_class_5,r2_mean,time
0.9488787162800755,0.9111603262583361,0.9439540272691097,0.9744922351388084,0.8393742770759772,0.9212631077876693,0.9231871149683294,0.03193870876711816,0.05794068252020185,0.041714795835645066,0.01376147327644724,0.017079463874060653,0.027652998034226127,0.03168135371794985,0.004988950662392967,0.011702061255530243,0.006697517310903064,0.001026360339971011,0.0021251056817309572,0.003445391643595574,0.00499756448235397,0.9488775836652265,0.9111579036490232,0.9439533351979567,0.9744607942862463,0.8392781319687633,0.9212370990504852,0.9231608079696167,1.5090267658233643
