expl_var_class_0,expl_var_class_1,expl_var_class_2,expl_var_class_3,expl_var_class_4,expl_var_class_5,expl_var_mean,mae_class_0,mae_class_1,mae_class_2,mae_class_3,mae_class_4,mae_class_5,mae_mean,mse_class_0,mse_class_1,mse_class_2,mse_class_3,mse_class_4,mse_class_5,mse_mean,r2_class_0,r2_class_1,r2_class_2,r2_class_3,r2_class_4,r2_class_5,r2_mean,time
0.9544272661310791,0.9678633289941593,0.9777590896847319,0.9694532280762453,0.8393759228316491,0.9354223704316962,0.9407168676915934,0.02984112106043246,0.0356377929359709,0.02588632270658044,0.01441760055192237,0.01676477308109366,0.024372562268285256,0.024486695434047513,0.004464917130870098,0.0042306727278965,0.0026470264812322054,0.0012168702199449521,0.002121693248229885,0.0028370459913339896,0.0029197042999179385,0.9543796649235132,0.9678624706765538,0.9777576487849061,0.9694057688736807,0.8392720157287946,0.9354202011039624,0.9406829616819019,6.721753120422363
