expl_var_class_0,expl_var_class_1,expl_var_class_2,expl_var_class_3,expl_var_class_4,expl_var_class_5,expl_var_mean,mae_class_0,mae_class_1,mae_class_2,mae_class_3,mae_class_4,mae_class_5,mae_mean,mse_class_0,mse_class_1,mse_class_2,mse_class_3,mse_class_4,mse_class_5,mse_mean,r2_class_0,r2_class_1,r2_class_2,r2_class_3,r2_class_4,r2_class_5,r2_mean,time
0.953816123753858,0.9651163345281801,0.9755894610158883,0.968779591579709,0.8041352089836544,0.9362497741600996,0.9339477490035648,0.030432228859309178,0.03691153160790673,0.026955944380497872,0.014739504933642237,0.018296991097993626,0.025133108569393332,0.025411551574790494,0.0045099664532009575,0.004584877121028028,0.002907135781934469,0.0012432527231638236,0.002586856440709949,0.0028155445026805423,0.003107938837119628,0.9538092851027521,0.9651159032481039,0.9755879958965453,0.9687601555565778,0.8039563895168831,0.9362041614201212,0.9339056484568306,12.596583843231201
