expl_var_class_0,expl_var_class_1,expl_var_class_2,expl_var_class_3,expl_var_class_4,expl_var_class_5,expl_var_mean,mae_class_0,mae_class_1,mae_class_2,mae_class_3,mae_class_4,mae_class_5,mae_mean,mse_class_0,mse_class_1,mse_class_2,mse_class_3,mse_class_4,mse_class_5,mse_mean,r2_class_0,r2_class_1,r2_class_2,r2_class_3,r2_class_4,r2_class_5,r2_mean,time
0.9532453919795708,0.9268631308076276,0.9564583173220926,0.974224093272729,0.8297660475387392,0.9267784126797309,0.9278892322667484,0.0310059280693451,0.05215572633421694,0.036489768165338755,0.013940168982877853,0.017224104118544897,0.026705829404809867,0.02958692084585557,0.0045584078355925105,0.009645035234449253,0.005215363201329533,0.0010242321399728958,0.0022444427302572402,0.003226725945015267,0.004319034514436116,0.9532438458839312,0.9268144000394463,0.9564266711896534,0.9741879145438219,0.8296172944096716,0.9267186807565212,0.9278348011371743,1.5484819412231445
