expl_var_class_0,expl_var_class_1,expl_var_class_2,expl_var_class_3,expl_var_class_4,expl_var_class_5,expl_var_mean,mae_class_0,mae_class_1,mae_class_2,mae_class_3,mae_class_4,mae_class_5,mae_mean,mse_class_0,mse_class_1,mse_class_2,mse_class_3,mse_class_4,mse_class_5,mse_mean,r2_class_0,r2_class_1,r2_class_2,r2_class_3,r2_class_4,r2_class_5,r2_mean,time
0.9504949765943516,0.9267761641381302,0.9562295715403459,0.9731529822299552,0.8244457086050857,0.9255315750646566,0.9261051630287542,0.03144233473283593,0.052904524902590164,0.03715140589371763,0.013995938257125027,0.0176879498236554,0.026713041328496674,0.029982532489736802,0.004832525600941876,0.009649738864097736,0.005230963570783897,0.001067358976197912,0.0023118494375082557,0.0032670556786492653,0.004393248688029824,0.950494915453509,0.9267562438925574,0.956224223968242,0.9731340563569928,0.8243748698367588,0.9255116477443877,0.9260826595420747,1.607539415359497
