expl_var_class_0,expl_var_class_1,expl_var_class_2,expl_var_class_3,expl_var_class_4,expl_var_class_5,expl_var_mean,mae_class_0,mae_class_1,mae_class_2,mae_class_3,mae_class_4,mae_class_5,mae_mean,mse_class_0,mse_class_1,mse_class_2,mse_class_3,mse_class_4,mse_class_5,mse_mean,r2_class_0,r2_class_1,r2_class_2,r2_class_3,r2_class_4,r2_class_5,r2_mean,time
0.953706900019836,0.9662423696609421,0.9785689764662057,0.9724703097399692,0.842763675200244,0.9341948988966536,0.9413245216639751,0.030058235011575705,0.03639374324861987,0.025300736279175458,0.014066145864420138,0.016913086728297874,0.025252523294856805,0.024664078404490974,0.004504414319957108,0.004443916338771814,0.0025561615888988567,0.0010954000573863412,0.0020737104521246458,0.002903563751759986,0.002929527751483125,0.9536839225178364,0.9662108457389466,0.9785527034649277,0.9724580911142587,0.8426990787232115,0.9341888059494827,0.9412989079181107,2.5789852142333984
