expl_var_class_0,expl_var_class_1,expl_var_class_2,expl_var_class_3,expl_var_class_4,expl_var_class_5,expl_var_mean,mae_class_0,mae_class_1,mae_class_2,mae_class_3,mae_class_4,mae_class_5,mae_mean,mse_class_0,mse_class_1,mse_class_2,mse_class_3,mse_class_4,mse_class_5,mse_mean,r2_class_0,r2_class_1,r2_class_2,r2_class_3,r2_class_4,r2_class_5,r2_mean,time
0.9575080761639024,0.9669157433845355,0.9770401473369466,0.9704338133556272,0.8482203616863976,0.9345774373916725,0.942449263219847,0.029120906879433077,0.036250297210187785,0.026393075364148852,0.014491462937664873,0.016606914165132363,0.02517946857323249,0.02467368752163324,0.004149694820229974,0.0043571341277282745,0.00274391206612392,0.0011751072248872535,0.0020040540845058623,0.0028796058413209685,0.002884918027466042,0.9574990751113213,0.9668903527382275,0.9770350958357223,0.9704183745233327,0.8481599394624029,0.9345752207293436,0.9424296764000585,6.0711669921875
