expl_var_class_0,expl_var_class_1,expl_var_class_2,expl_var_class_3,expl_var_class_4,expl_var_class_5,expl_var_mean,mae_class_0,mae_class_1,mae_class_2,mae_class_3,mae_class_4,mae_class_5,mae_mean,mse_class_0,mse_class_1,mse_class_2,mse_class_3,mse_class_4,mse_class_5,mse_mean,r2_class_0,r2_class_1,r2_class_2,r2_class_3,r2_class_4,r2_class_5,r2_mean,time
0.9748383166442568,0.958489763414362,0.9757235805675148,0.9921815707130264,0.9366453756454052,0.9602167332293349,0.9663492233689833,0.02178632005093645,0.038178506564454574,0.026227852537766914,0.00757859218935418,0.0105317639873604,0.018476262512889138,0.020463216307126945,0.002477746768379343,0.005450874535750958,0.002858488612130801,0.000297660102429921,0.000821605169282977,0.0018079466733353755,0.002285720310218229,0.9748368455274615,0.958483035884923,0.9757174837574002,0.9921802238759693,0.9366420785157422,0.960205286373859,0.9663441589892258,19.307449340820312
