expl_var_class_0,expl_var_class_1,expl_var_class_2,expl_var_class_3,expl_var_class_4,expl_var_class_5,expl_var_mean,mae_class_0,mae_class_1,mae_class_2,mae_class_3,mae_class_4,mae_class_5,mae_mean,mse_class_0,mse_class_1,mse_class_2,mse_class_3,mse_class_4,mse_class_5,mse_mean,r2_class_0,r2_class_1,r2_class_2,r2_class_3,r2_class_4,r2_class_5,r2_mean,time
0.9824005321936341,0.9895588510316831,0.9932894010841795,0.9913058207154719,0.9372360529137121,0.9732260384474148,0.9778361160643492,0.018606563788626625,0.01914445185206124,0.013693423264097993,0.007804572635711066,0.01053668574352929,0.015333463863249425,0.01418652685787927,0.0017657224195694928,0.0013590074841050362,0.0008009214136673927,0.00034046073274061894,0.0008245379941807736,0.001197097698057401,0.0010479579570534525,0.9823994305472386,0.989558489987996,0.9932893997663069,0.9913025493838765,0.9372314695512248,0.97322600000043,0.9778345565395122,136.74109745025635
