expl_var_class_0,expl_var_class_1,expl_var_class_2,expl_var_class_3,expl_var_class_4,expl_var_class_5,expl_var_mean,mae_class_0,mae_class_1,mae_class_2,mae_class_3,mae_class_4,mae_class_5,mae_mean,mse_class_0,mse_class_1,mse_class_2,mse_class_3,mse_class_4,mse_class_5,mse_mean,r2_class_0,r2_class_1,r2_class_2,r2_class_3,r2_class_4,r2_class_5,r2_mean,time
0.9824926449202553,0.9893176514919463,0.9930783969793184,0.9922354708093656,0.9396183315685487,0.9723149613668743,0.9781762428560513,0.017856888317279995,0.019638184519258216,0.013960577992923858,0.007421969111651857,0.00991532076326894,0.015279609289325062,0.014012091665617987,0.0016711582438024915,0.0014196465201091184,0.0008322564895448329,0.0003123526530412371,0.0007230076357717538,0.0012249788389556509,0.0010305667302041809,0.9824924200859494,0.9893176514633676,0.9930778519436938,0.9922274385388995,0.939575054830355,0.972283654018474,0.9781623451467899,74.74686455726624
