expl_var_class_0,expl_var_class_1,expl_var_class_2,expl_var_class_3,expl_var_class_4,expl_var_class_5,expl_var_mean,mae_class_0,mae_class_1,mae_class_2,mae_class_3,mae_class_4,mae_class_5,mae_mean,mse_class_0,mse_class_1,mse_class_2,mse_class_3,mse_class_4,mse_class_5,mse_mean,r2_class_0,r2_class_1,r2_class_2,r2_class_3,r2_class_4,r2_class_5,r2_mean,time
0.9824170120043472,0.98981237989687,0.9935150000964738,0.9920436960638408,0.9472650474441191,0.9735242749985062,0.9797629017506929,0.018216535242339373,0.019157078196855328,0.01363102527028638,0.007614324277351863,0.010114972347387716,0.01493177041202347,0.013944284291040688,0.0017147961980389563,0.001337526721482449,0.0007838751906461957,0.00031271475510050075,0.00071851691930911,0.0011306011018408903,0.000999671814403017,0.9824143279711994,0.9898108606395282,0.9935142554734553,0.9920413799093315,0.9472318973163197,0.9735219459527382,0.9797557778770954,117.664555311203
