expl_var_class_0,expl_var_class_1,expl_var_class_2,expl_var_class_3,expl_var_class_4,expl_var_class_5,expl_var_mean,mae_class_0,mae_class_1,mae_class_2,mae_class_3,mae_class_4,mae_class_5,mae_mean,mse_class_0,mse_class_1,mse_class_2,mse_class_3,mse_class_4,mse_class_5,mse_mean,r2_class_0,r2_class_1,r2_class_2,r2_class_3,r2_class_4,r2_class_5,r2_mean,time
0.9826936943775737,0.9893882303237187,0.9934996895918488,0.9922793256697457,0.9429332879912864,0.9715575289852171,0.9787252928232317,0.018039200363752617,0.01968082927276639,0.01370162260547139,0.007571481225021222,0.010357921071564464,0.015360744603027117,0.014118633190267202,0.001691295484815747,0.0013904030577625637,0.0007791222956004873,0.00030473919208742886,0.0007613857191696802,0.001246350777479793,0.0010288827544859501,0.9826920094217115,0.9893882290439652,0.9934996199483231,0.9922739371760392,0.9428894990381818,0.9715449967554823,0.9787147152306171,80.91210222244263
