expl_var_class_0,expl_var_class_1,expl_var_class_2,expl_var_class_3,expl_var_class_4,expl_var_class_5,expl_var_mean,mae_class_0,mae_class_1,mae_class_2,mae_class_3,mae_class_4,mae_class_5,mae_mean,mse_class_0,mse_class_1,mse_class_2,mse_class_3,mse_class_4,mse_class_5,mse_mean,r2_class_0,r2_class_1,r2_class_2,r2_class_3,r2_class_4,r2_class_5,r2_mean,time
0.9831399974716636,0.9896849427589353,0.9932899862050585,0.9926927888212846,0.9422888087636457,0.9734425179865324,0.97908984033452,0.017990895954329438,0.019342382152791753,0.013779219429055467,0.007217044561369549,0.010107661359611766,0.015326721330767285,0.013960654131320875,0.0016602076634264357,0.0013545706332426116,0.0007900529069851083,0.00027818123855670386,0.000748679957028572,0.001207235934988596,0.0010064880557046714,0.9831394949538703,0.9896828187838811,0.9932885957757661,0.9926919496779681,0.9422656919556012,0.9734275302360392,0.9790826802305209,112.2060215473175
