expl_var_class_0,expl_var_class_1,expl_var_class_2,expl_var_class_3,expl_var_class_4,expl_var_class_5,expl_var_mean,mae_class_0,mae_class_1,mae_class_2,mae_class_3,mae_class_4,mae_class_5,mae_mean,mse_class_0,mse_class_1,mse_class_2,mse_class_3,mse_class_4,mse_class_5,mse_mean,r2_class_0,r2_class_1,r2_class_2,r2_class_3,r2_class_4,r2_class_5,r2_mean,time
0.9813195540301505,0.988134848434421,0.9926773001471929,0.9918061482715327,0.9417343021326836,0.9702689286292027,0.9776568469408641,0.01879287877377598,0.021054899415314608,0.014566941324992477,0.007833346598891506,0.010327378551146148,0.01600850970243298,0.014763992394425616,0.0017910137350596175,0.0015565464930235075,0.0008805904002822556,0.00032856443591488827,0.0007724682911341143,0.0012873561457610106,0.0011027565835292324,0.9813178504494895,0.9881348403505708,0.9926766215457055,0.991804415970024,0.9417191399609601,0.9702616641397338,0.977652422069414,34.37770104408264
