expl_var_class_0,expl_var_class_1,expl_var_class_2,expl_var_class_3,expl_var_class_4,expl_var_class_5,expl_var_mean,mae_class_0,mae_class_1,mae_class_2,mae_class_3,mae_class_4,mae_class_5,mae_mean,mse_class_0,mse_class_1,mse_class_2,mse_class_3,mse_class_4,mse_class_5,mse_mean,r2_class_0,r2_class_1,r2_class_2,r2_class_3,r2_class_4,r2_class_5,r2_mean,time
0.9834867506536651,0.9898100701263823,0.9929304761959538,0.9920197901953635,0.9473080261500056,0.9734791328405946,0.979839041026994,0.01787191791175204,0.01957926725249882,0.013952343726414141,0.00744341671773451,0.010277515319685893,0.015271212159104174,0.0140659455145316,0.0016327232197400582,0.001350311129626655,0.0008242729906315097,0.0003171073899642276,0.0007457700781928901,0.0011697380190372915,0.0010066538045321054,0.9834866967427252,0.9898079794512677,0.9929298858306077,0.9920161889188235,0.9472872555879944,0.9734714155638053,0.9798332370158707,171.89638137817383
