expl_var_class_0,expl_var_class_1,expl_var_class_2,expl_var_class_3,expl_var_class_4,expl_var_class_5,expl_var_mean,mae_class_0,mae_class_1,mae_class_2,mae_class_3,mae_class_4,mae_class_5,mae_mean,mse_class_0,mse_class_1,mse_class_2,mse_class_3,mse_class_4,mse_class_5,mse_mean,r2_class_0,r2_class_1,r2_class_2,r2_class_3,r2_class_4,r2_class_5,r2_mean,time
0.9833912486895862,0.9892030202547384,0.9928417859938067,0.9921589790283253,0.9488736338569591,0.9736954039373329,0.980027345293458,0.01803749755146756,0.020085191502568277,0.014098128272457256,0.007523855594455344,0.01005810750766909,0.015245041409344788,0.014174636972993718,0.0016421723274432343,0.001430523386673286,0.0008345495888268788,0.000311558206007164,0.0007236197744259766,0.0011605389726018918,0.0010171603759964055,0.9833911288111084,0.9892025449301841,0.9928417393993404,0.9921559006939824,0.9488528900043589,0.9736800414921092,0.9800207075551804,63.34193515777588
