expl_var_class_0,expl_var_class_1,expl_var_class_2,expl_var_class_3,expl_var_class_4,expl_var_class_5,expl_var_mean,mae_class_0,mae_class_1,mae_class_2,mae_class_3,mae_class_4,mae_class_5,mae_mean,mse_class_0,mse_class_1,mse_class_2,mse_class_3,mse_class_4,mse_class_5,mse_mean,r2_class_0,r2_class_1,r2_class_2,r2_class_3,r2_class_4,r2_class_5,r2_mean,time
0.9831797961567467,0.9900729159379483,0.9934978402638525,0.991890737784396,0.9409711179996263,0.9722197874477807,0.9786386992650584,0.018049611507706797,0.019089606076543465,0.013653853013224602,0.007608525415639864,0.010541355501371955,0.015169688319276276,0.01401877330562716,0.001643865826048647,0.0013007145798152747,0.0007793969530165757,0.0003199979428981042,0.0007875477308482919,0.0012171102081519,0.001008105540129799,0.9831773841503987,0.9900727453646525,0.9934973284241316,0.9918870815616664,0.9409271223406468,0.9722125780737844,0.97862903998588,147.758065700531
