expl_var_class_0,expl_var_class_1,expl_var_class_2,expl_var_class_3,expl_var_class_4,expl_var_class_5,expl_var_mean,mae_class_0,mae_class_1,mae_class_2,mae_class_3,mae_class_4,mae_class_5,mae_mean,mse_class_0,mse_class_1,mse_class_2,mse_class_3,mse_class_4,mse_class_5,mse_mean,r2_class_0,r2_class_1,r2_class_2,r2_class_3,r2_class_4,r2_class_5,r2_mean,time
0.9831387656930975,0.9877385038108923,0.992294367490286,0.9916653842419308,0.9422678469944178,0.9729341157136911,0.9783398306573861,0.01841413114575286,0.02138505680325698,0.014769117042084817,0.007889693057665632,0.010596926356212006,0.01571709107061202,0.014795335912597386,0.0016662578848664052,0.0016061272918738065,0.0009139370288196617,0.0003318984235288519,0.0007824512590364298,0.0011714048897119578,0.001078679462972852,0.9831387090171586,0.9877383388162834,0.992293907231526,0.9916620913652399,0.9422579980816179,0.9729158495486553,0.9783344823434135,35.170966148376465
