expl_var_class_0,expl_var_class_1,expl_var_class_2,expl_var_class_3,expl_var_class_4,expl_var_class_5,expl_var_mean,mae_class_0,mae_class_1,mae_class_2,mae_class_3,mae_class_4,mae_class_5,mae_mean,mse_class_0,mse_class_1,mse_class_2,mse_class_3,mse_class_4,mse_class_5,mse_mean,r2_class_0,r2_class_1,r2_class_2,r2_class_3,r2_class_4,r2_class_5,r2_mean,time
0.9761624807587053,0.9575558670641352,0.9758812941114027,0.9909604915494522,0.9365961445863772,0.9601586838123897,0.9662191603137437,0.021278610815637138,0.038854429132279544,0.026862946419828063,0.008310540372586871,0.011097818877429184,0.018677523610705144,0.020846978204744324,0.0023096230792670007,0.005550859997811145,0.002891921559612683,0.00035925819048492015,0.0008871349002352038,0.0017538753701673954,0.0022921121829297245,0.9761621568783327,0.9575515324670072,0.9758780716664126,0.9909598627136911,0.9365621702550802,0.9601520857003322,0.9662109799468094,12.625086545944214
