expl_var_class_0,expl_var_class_1,expl_var_class_2,expl_var_class_3,expl_var_class_4,expl_var_class_5,expl_var_mean,mae_class_0,mae_class_1,mae_class_2,mae_class_3,mae_class_4,mae_class_5,mae_mean,mse_class_0,mse_class_1,mse_class_2,mse_class_3,mse_class_4,mse_class_5,mse_mean,r2_class_0,r2_class_1,r2_class_2,r2_class_3,r2_class_4,r2_class_5,r2_mean,time
0.982698454540872,0.9892113046497744,0.9930182981734961,0.9920608437478771,0.9394607465754764,0.9724903635350123,0.9781566685370847,0.01843245391525704,0.01970106144513097,0.013955056184836834,0.007605886281007213,0.010429507112209692,0.015527557562930975,0.014275253750228789,0.0017360882214927777,0.0014042832438730122,0.0008332780778430264,0.00031087706089312196,0.000795276554318978,0.001230009700475185,0.0010516354764826836,0.9826948216889296,0.9892106278132489,0.9930182962167285,0.9920582974047011,0.9394590170892434,0.9724898980480584,0.9781551597101518,52.274086475372314
