expl_var_class_0,expl_var_class_1,expl_var_class_2,expl_var_class_3,expl_var_class_4,expl_var_class_5,expl_var_mean,mae_class_0,mae_class_1,mae_class_2,mae_class_3,mae_class_4,mae_class_5,mae_mean,mse_class_0,mse_class_1,mse_class_2,mse_class_3,mse_class_4,mse_class_5,mse_mean,r2_class_0,r2_class_1,r2_class_2,r2_class_3,r2_class_4,r2_class_5,r2_mean,time
0.9714434198104869,0.9342949990123057,0.9591585433632216,0.9908547344884332,0.9229930005474977,0.9527678823503759,0.9552520965953869,0.023521475371121186,0.04881694769208616,0.034893657965604806,0.008238282787516878,0.011628643420484292,0.021184077105668758,0.024713847390413674,0.0028118893513842547,0.008626599359283815,0.0048078463047957236,0.0003481997929240947,0.0009987122093429656,0.002146024393609716,0.0032898785685567616,0.9714434069649304,0.934294907416138,0.9591579251032597,0.9908525045685579,0.922984503858291,0.9527638577852182,0.9552495176160658,7.048330545425415
