expl_var_class_0,expl_var_class_1,expl_var_class_2,expl_var_class_3,expl_var_class_4,expl_var_class_5,expl_var_mean,mae_class_0,mae_class_1,mae_class_2,mae_class_3,mae_class_4,mae_class_5,mae_mean,mse_class_0,mse_class_1,mse_class_2,mse_class_3,mse_class_4,mse_class_5,mse_mean,r2_class_0,r2_class_1,r2_class_2,r2_class_3,r2_class_4,r2_class_5,r2_mean,time
0.9820797823131603,0.9899548914184875,0.9932067938792598,0.9923489296161339,0.9389892908854947,0.9716824342171906,0.9780436870549544,0.01834969838975901,0.01918084456908097,0.013623374251186674,0.0074815118695466835,0.01059761068435808,0.015370396336706095,0.014100572683439583,0.0017598017326852066,0.0013264377505161472,0.0007993529951856395,0.00030223217736658305,0.0008196749293921249,0.0012575524567150637,0.0010441753403101276,0.982079777558184,0.9899547708187526,0.9932064472184335,0.9923391101847184,0.938956307079039,0.9716607311404167,0.9780328573332574,111.06689023971558
