expl_var_class_0,expl_var_class_1,expl_var_class_2,expl_var_class_3,expl_var_class_4,expl_var_class_5,expl_var_mean,mae_class_0,mae_class_1,mae_class_2,mae_class_3,mae_class_4,mae_class_5,mae_mean,mse_class_0,mse_class_1,mse_class_2,mse_class_3,mse_class_4,mse_class_5,mse_mean,r2_class_0,r2_class_1,r2_class_2,r2_class_3,r2_class_4,r2_class_5,r2_mean,time
0.9824925716187081,0.9896904004905442,0.9930307653940111,0.9921256792175824,0.9455919429994842,0.972503090932229,0.9792390751087598,0.018466933280678794,0.019375887494382953,0.01381095713328881,0.007513656023965293,0.010341076828899985,0.015512936293248814,0.014170241175744109,0.00173102520707195,0.00136608074744945,0.0008125577936513578,0.0003128537148440501,0.0007701916816920146,0.0012131465535721163,0.0010343092830468231,0.9824924740183967,0.9896889518691282,0.9930303716903993,0.992123283674843,0.9455610804825249,0.9724869498501866,0.9792305185975798,136.96022129058838
