expl_var_class_0,expl_var_class_1,expl_var_class_2,expl_var_class_3,expl_var_class_4,expl_var_class_5,expl_var_mean,mae_class_0,mae_class_1,mae_class_2,mae_class_3,mae_class_4,mae_class_5,mae_mean,mse_class_0,mse_class_1,mse_class_2,mse_class_3,mse_class_4,mse_class_5,mse_mean,r2_class_0,r2_class_1,r2_class_2,r2_class_3,r2_class_4,r2_class_5,r2_mean,time
0.9832331669698183,0.990096950820303,0.9934317337739498,0.9919207687140947,0.9383688708873554,0.9734993686061568,0.9784251432952797,0.018281988854982032,0.019117244422704044,0.01368938198942937,0.007592085530217412,0.010427242235501228,0.01526548631428751,0.014062238224520266,0.001682342840795722,0.001289004752274422,0.000783994537374902,0.0003164484306661137,0.0008096828370688585,0.0011849379249867496,0.0010110685538611281,0.9832305510285131,0.9900963341381026,0.9934312232936414,0.9919159705258429,0.9383623287573273,0.973497962568495,0.9784223950519871,140.7265110015869
