expl_var_class_0,expl_var_class_1,expl_var_class_2,expl_var_class_3,expl_var_class_4,expl_var_class_5,expl_var_mean,mae_class_0,mae_class_1,mae_class_2,mae_class_3,mae_class_4,mae_class_5,mae_mean,mse_class_0,mse_class_1,mse_class_2,mse_class_3,mse_class_4,mse_class_5,mse_mean,r2_class_0,r2_class_1,r2_class_2,r2_class_3,r2_class_4,r2_class_5,r2_mean,time
0.9692461901616973,0.9335418646237224,0.9599274847883642,0.9911934538500591,0.9247965178094942,0.948388646168582,0.95451569290032,0.023896955754730685,0.04894334142337889,0.03496381206610864,0.008480085600158666,0.011706524896703777,0.021302971589765907,0.02488228188847443,0.0029877250988961444,0.008739560309683406,0.0048410445470524095,0.0003635522425166217,0.000959326646157695,0.002277935690518687,0.0033615240891374937,0.9692461768330678,0.9335082671574595,0.9598964369598417,0.9911929855365716,0.9247802159984595,0.9483742692848256,0.9544997252950377,7.016525030136108
