expl_var_class_0,expl_var_class_1,expl_var_class_2,expl_var_class_3,expl_var_class_4,expl_var_class_5,expl_var_mean,mae_class_0,mae_class_1,mae_class_2,mae_class_3,mae_class_4,mae_class_5,mae_mean,mse_class_0,mse_class_1,mse_class_2,mse_class_3,mse_class_4,mse_class_5,mse_mean,r2_class_0,r2_class_1,r2_class_2,r2_class_3,r2_class_4,r2_class_5,r2_mean,time
0.9762219129239137,0.9584567115082995,0.9756753422085971,0.9911703363565463,0.9385626781259465,0.960379061439819,0.966744340427187,0.02136529956767822,0.0384143671324398,0.026795803335092197,0.008245923936314504,0.010937596993249336,0.018883831709943604,0.02077380377911961,0.00229166943075405,0.005449422734789233,0.002912480578069489,0.00035593307597487554,0.0008325826630715369,0.0017821288529032509,0.0022707028892604056,0.9762207127796027,0.9584551291212606,0.9756744321747041,0.9911652812087813,0.938562632355983,0.9603775398512996,0.9667426212486053,12.685519218444824
