expl_var_class_0,expl_var_class_1,expl_var_class_2,expl_var_class_3,expl_var_class_4,expl_var_class_5,expl_var_mean,mae_class_0,mae_class_1,mae_class_2,mae_class_3,mae_class_4,mae_class_5,mae_mean,mse_class_0,mse_class_1,mse_class_2,mse_class_3,mse_class_4,mse_class_5,mse_mean,r2_class_0,r2_class_1,r2_class_2,r2_class_3,r2_class_4,r2_class_5,r2_mean,time
0.9825780317790442,0.9892616218731897,0.9932057943148566,0.9925234343249738,0.9467056848022896,0.971346422797783,0.9792701649820228,0.01824352409888537,0.019623732500327753,0.014025666020726949,0.007592051266287229,0.010296365678259438,0.015626320640720594,0.014234610034201225,0.0017124233138342945,0.0014058149950082557,0.0008160554796738985,0.0002968789503074047,0.000765096087954761,0.0012610116143604592,0.001042880073523179,0.9825769053288511,0.9892615542751898,0.9932057892585723,0.9925224056962388,0.9466898697561129,0.9713283104522512,0.9792641391278694,69.25200891494751
