expl_var_class_0,expl_var_class_1,expl_var_class_2,expl_var_class_3,expl_var_class_4,expl_var_class_5,expl_var_mean,mae_class_0,mae_class_1,mae_class_2,mae_class_3,mae_class_4,mae_class_5,mae_mean,mse_class_0,mse_class_1,mse_class_2,mse_class_3,mse_class_4,mse_class_5,mse_mean,r2_class_0,r2_class_1,r2_class_2,r2_class_3,r2_class_4,r2_class_5,r2_mean,time
0.9829719508057769,0.989473877713867,0.9937400099226338,0.9919940397845396,0.9461250351597397,0.9714167326913457,0.9792869410129837,0.01822991428469753,0.019213430722874562,0.013167568443237758,0.007584866896225972,0.009990887408313165,0.015594515796448548,0.013963530591966256,0.0016819806462984198,0.0013959027242435268,0.0007536138163912991,0.00031741172185487636,0.000721107032577937,0.0012530580010568255,0.0010205123237371474,0.9829710759636153,0.989471472463169,0.993738436293015,0.9919934536197608,0.9461058810600306,0.9714154705928739,0.9792826316654107,40.335888624191284
