expl_var_class_0,expl_var_class_1,expl_var_class_2,expl_var_class_3,expl_var_class_4,expl_var_class_5,expl_var_mean,mae_class_0,mae_class_1,mae_class_2,mae_class_3,mae_class_4,mae_class_5,mae_mean,mse_class_0,mse_class_1,mse_class_2,mse_class_3,mse_class_4,mse_class_5,mse_mean,r2_class_0,r2_class_1,r2_class_2,r2_class_3,r2_class_4,r2_class_5,r2_mean,time
0.983333075424854,0.9895841757738445,0.9931777838361692,0.9923788715185838,0.9399286504253279,0.9732324025076069,0.9786058265810644,0.01795968638918059,0.019450917182438576,0.013775118233846145,0.007374463964963074,0.010262147088026473,0.015313351000647202,0.014022613976517011,0.001641198512023505,0.0013679430023177575,0.0008034286640764009,0.00029010416650622267,0.0007793580416534109,0.0012168060066492558,0.0010164730655377585,0.9833325454379828,0.9895809672069671,0.9931749703313799,0.9923787245377929,0.9398999574767831,0.9732168833918959,0.9785973413971337,171.0016438961029
