expl_var_class_0,expl_var_class_1,expl_var_class_2,expl_var_class_3,expl_var_class_4,expl_var_class_5,expl_var_mean,mae_class_0,mae_class_1,mae_class_2,mae_class_3,mae_class_4,mae_class_5,mae_mean,mse_class_0,mse_class_1,mse_class_2,mse_class_3,mse_class_4,mse_class_5,mse_mean,r2_class_0,r2_class_1,r2_class_2,r2_class_3,r2_class_4,r2_class_5,r2_mean,time
0.9821472459934216,0.9895610001420369,0.9931637832872777,0.9919301741544658,0.9401136356081072,0.9716136469923052,0.9780882476962692,0.018526081513276588,0.019641682561149926,0.01407185147700748,0.007685420497852645,0.010515659089919211,0.015510263823358359,0.014325159827094036,0.001749475309776594,0.0013508687664399363,0.0008135906278234343,0.0003306168295306551,0.0007856927493442552,0.0012608780048571654,0.00104852038129534,0.9821469751664227,0.9895592027006845,0.9931630971395247,0.9919265799836177,0.9401028938214129,0.9716100513732944,0.9780848000308261,302.7077736854553
