expl_var_class_0,expl_var_class_1,expl_var_class_2,expl_var_class_3,expl_var_class_4,expl_var_class_5,expl_var_mean,mae_class_0,mae_class_1,mae_class_2,mae_class_3,mae_class_4,mae_class_5,mae_mean,mse_class_0,mse_class_1,mse_class_2,mse_class_3,mse_class_4,mse_class_5,mse_mean,r2_class_0,r2_class_1,r2_class_2,r2_class_3,r2_class_4,r2_class_5,r2_mean,time
0.9768803649570769,0.9600896159291759,0.9771251727425522,0.9917078649706159,0.9360793202650805,0.9589917870331434,0.9668123543162741,0.021398823456955436,0.03763112075905582,0.0262921938395964,0.008213508663108198,0.011294632472635568,0.01893983577534116,0.020628352494448766,0.0022727084466411212,0.0052248391695730294,0.0027475109151208384,0.00032923249461194894,0.0009177070495822041,0.0018052998195006297,0.0022162163158382956,0.9768762699585741,0.9600895907053595,0.9771251236752144,0.9917075056221594,0.9360562900409793,0.9589527999775163,0.9668012633299673,12.602294445037842
