expl_var_class_0,expl_var_class_1,expl_var_class_2,expl_var_class_3,expl_var_class_4,expl_var_class_5,expl_var_mean,mae_class_0,mae_class_1,mae_class_2,mae_class_3,mae_class_4,mae_class_5,mae_mean,mse_class_0,mse_class_1,mse_class_2,mse_class_3,mse_class_4,mse_class_5,mse_mean,r2_class_0,r2_class_1,r2_class_2,r2_class_3,r2_class_4,r2_class_5,r2_mean,time
0.9787324789168839,0.962342725297704,0.978505217567674,0.992083265823902,0.9376442510098172,0.9624185592598243,0.9686210829793009,0.01993074023232591,0.03629691693105418,0.025293551131914366,0.007900725463129147,0.010789155685404454,0.017688758384214038,0.019649974638007012,0.0020661584155753625,0.004949685869852541,0.0025948948651814473,0.0003269305491109105,0.0007955006080767612,0.0016589761119347691,0.0020653577366219656,0.9787322231985299,0.9623421340604428,0.9785037033233356,0.9920801421698706,0.9376256417433109,0.9624019877408613,0.9686143053727251,23.492859363555908
