expl_var_class_0,expl_var_class_1,expl_var_class_2,expl_var_class_3,expl_var_class_4,expl_var_class_5,expl_var_mean,mae_class_0,mae_class_1,mae_class_2,mae_class_3,mae_class_4,mae_class_5,mae_mean,mse_class_0,mse_class_1,mse_class_2,mse_class_3,mse_class_4,mse_class_5,mse_mean,r2_class_0,r2_class_1,r2_class_2,r2_class_3,r2_class_4,r2_class_5,r2_mean,time
0.9829676495698518,0.9897307504825045,0.9931242424053247,0.9920631741445307,0.9414068739515239,0.9741897782899618,0.9789137448072829,0.018423507259120328,0.019317746579939368,0.01395961673235896,0.007628056435576214,0.010620322152239155,0.015040470273817712,0.01416495323884196,0.0016831830996098358,0.0013452342360046475,0.0008156246659049864,0.00031594334175797143,0.0007942630741879611,0.0011170857387468097,0.0010118890260353687,0.982967438427337,0.989730075257372,0.9931228529520937,0.9920629128354093,0.9413863299166523,0.974171767182302,0.9789068960951943,301.5152361392975
