expl_var_class_0,expl_var_class_1,expl_var_class_2,expl_var_class_3,expl_var_class_4,expl_var_class_5,expl_var_mean,mae_class_0,mae_class_1,mae_class_2,mae_class_3,mae_class_4,mae_class_5,mae_mean,mse_class_0,mse_class_1,mse_class_2,mse_class_3,mse_class_4,mse_class_5,mse_mean,r2_class_0,r2_class_1,r2_class_2,r2_class_3,r2_class_4,r2_class_5,r2_mean,time
0.9827068214004813,0.9896470378944452,0.993335882761667,0.9922840342528607,0.9458829454325224,0.9717050435654446,0.9792602942179035,0.018103420876610543,0.01939232485698492,0.013875452857571496,0.007578964726914907,0.010418972069170463,0.015524364798709802,0.014148916697660356,0.0016998196454077364,0.0013555537869838331,0.0008004940085928646,0.00030638845916424313,0.0007768749032077712,0.001245192852460039,0.001030720609302748,0.9827051416746341,0.989645479084891,0.9933353489718573,0.9922828863595333,0.9458691490843667,0.9716879825005287,0.9792543312793018,91.96445155143738
