expl_var_class_0,expl_var_class_1,expl_var_class_2,expl_var_class_3,expl_var_class_4,expl_var_class_5,expl_var_mean,mae_class_0,mae_class_1,mae_class_2,mae_class_3,mae_class_4,mae_class_5,mae_mean,mse_class_0,mse_class_1,mse_class_2,mse_class_3,mse_class_4,mse_class_5,mse_mean,r2_class_0,r2_class_1,r2_class_2,r2_class_3,r2_class_4,r2_class_5,r2_mean,time
0.9835113774189004,0.9895121555038856,0.9932020720728904,0.9923022363692053,0.9430756005036244,0.9740539897749765,0.979276238607247,0.018054946543178386,0.019278019510816865,0.013689585933788422,0.007403656789711539,0.010097748610855243,0.015296666469607213,0.01397010397632628,0.0016236440407077543,0.0013774475931185165,0.0008005398394438594,0.00029301676236559047,0.0007383301049356941,0.0011790459457407666,0.001002004047718697,0.9835108226852944,0.9895085748316491,0.9931995105484597,0.9923022082449673,0.943063818769782,0.9740480200800078,0.9792721591933601,136.34814834594727
