expl_var_class_0,expl_var_class_1,expl_var_class_2,expl_var_class_3,expl_var_class_4,expl_var_class_5,expl_var_mean,mae_class_0,mae_class_1,mae_class_2,mae_class_3,mae_class_4,mae_class_5,mae_mean,mse_class_0,mse_class_1,mse_class_2,mse_class_3,mse_class_4,mse_class_5,mse_mean,r2_class_0,r2_class_1,r2_class_2,r2_class_3,r2_class_4,r2_class_5,r2_mean,time
0.9825637951617551,0.9900756637857985,0.9937545296783793,0.9927148123803131,0.9465754674413979,0.9718791619985879,0.9795939050743719,0.018420268073444043,0.018590838290779968,0.013113462052355744,0.007329218334309,0.010082656272049174,0.015410755734624854,0.013824533126260466,0.001722285737421296,0.0013159780382570039,0.0007519336348731364,0.0002888160895938838,0.0007148748804543813,0.001232731402823054,0.001004436630570459,0.9825630139942214,0.990074300470212,0.9937523964452659,0.9927147636414322,0.9465716598315926,0.971879157225472,0.979592548601366,123.12923121452332
