expl_var_class_0,expl_var_class_1,expl_var_class_2,expl_var_class_3,expl_var_class_4,expl_var_class_5,expl_var_mean,mae_class_0,mae_class_1,mae_class_2,mae_class_3,mae_class_4,mae_class_5,mae_mean,mse_class_0,mse_class_1,mse_class_2,mse_class_3,mse_class_4,mse_class_5,mse_mean,r2_class_0,r2_class_1,r2_class_2,r2_class_3,r2_class_4,r2_class_5,r2_mean,time
0.981663254542828,0.9892407892142417,0.993185421929541,0.9926982770260875,0.9419414603895571,0.9702558744067523,0.9781641795848345,0.01855367951813742,0.019976906550655926,0.013741571495603747,0.0074786719178695105,0.010478980893995,0.01574864132954281,0.0143297419509674,0.0018007176286427193,0.0014209278981821465,0.0008018385908527201,0.00028837115925435167,0.0007798763166320461,0.0013206146771974885,0.0010687243784602452,0.9816631272371015,0.989239188660219,0.9931853226020755,0.9926904550792649,0.9419202312017496,0.9702396077418731,0.9781563220870472,51.615397214889526
