expl_var_class_0,expl_var_class_1,expl_var_class_2,expl_var_class_3,expl_var_class_4,expl_var_class_5,expl_var_mean,mae_class_0,mae_class_1,mae_class_2,mae_class_3,mae_class_4,mae_class_5,mae_mean,mse_class_0,mse_class_1,mse_class_2,mse_class_3,mse_class_4,mse_class_5,mse_mean,r2_class_0,r2_class_1,r2_class_2,r2_class_3,r2_class_4,r2_class_5,r2_mean,time
0.9771507345397162,0.9590706581903745,0.9762956126671002,0.9924214725140876,0.9421886120671026,0.9629663564208187,0.9683489077331999,0.02104607293460342,0.037835669547178756,0.026138579085798783,0.007759655781244609,0.010759033683701177,0.01790770644348346,0.020241119579335037,0.002248798635279615,0.005365471637174263,0.0028632231031550906,0.00030093419503358123,0.0008100469453126744,0.0016420570732968644,0.002205088598208681,0.97714881931718,0.959066643218744,0.9762920636707255,0.9924145748300829,0.9421749378242645,0.9629616685748907,0.9683431179059813,19.210596561431885
