expl_var_class_0,expl_var_class_1,expl_var_class_2,expl_var_class_3,expl_var_class_4,expl_var_class_5,expl_var_mean,mae_class_0,mae_class_1,mae_class_2,mae_class_3,mae_class_4,mae_class_5,mae_mean,mse_class_0,mse_class_1,mse_class_2,mse_class_3,mse_class_4,mse_class_5,mse_mean,r2_class_0,r2_class_1,r2_class_2,r2_class_3,r2_class_4,r2_class_5,r2_mean,time
0.9833263569946141,0.989581170951806,0.9931015216428069,0.9925543227926024,0.9442166746035453,0.9730139348476463,0.9792989969721702,0.017930310759418516,0.01920805540156139,0.013996084212207932,0.0074970394453278575,0.010076655313609557,0.015059291451980832,0.013961239430684344,0.0016413316156486187,0.0013657711066207938,0.0008331386983589307,0.00029552280158938324,0.0007817610477931369,0.001196400157620841,0.0010189875712719508,0.9833215990435054,0.9895804880224318,0.9931014809176474,0.9925509758131329,0.9441941217644403,0.9730139309554909,0.9792937660861081,180.12431693077087
