expl_var_class_0,expl_var_class_1,expl_var_class_2,expl_var_class_3,expl_var_class_4,expl_var_class_5,expl_var_mean,mae_class_0,mae_class_1,mae_class_2,mae_class_3,mae_class_4,mae_class_5,mae_mean,mse_class_0,mse_class_1,mse_class_2,mse_class_3,mse_class_4,mse_class_5,mse_mean,r2_class_0,r2_class_1,r2_class_2,r2_class_3,r2_class_4,r2_class_5,r2_mean,time
0.9807479662699726,0.98948813411302,0.9933456088615306,0.9922186392289425,0.9436665041686303,0.9707909095764292,0.9783762937030875,0.01854367599025526,0.019594371629244715,0.0138356571611885,0.007473772836906085,0.010095505848543117,0.015525682859831526,0.0141781110543282,0.0018457015480230772,0.0013790151078321485,0.0008001500374409467,0.0003121471675417817,0.0007469132009183053,0.001264837266291077,0.0010581273880078893,0.9807473992684773,0.9894881171319075,0.9933455991088255,0.9922139219535909,0.9436472095700905,0.9707818574079905,0.9783706840734804,106.18774962425232
