expl_var_class_0,expl_var_class_1,expl_var_class_2,expl_var_class_3,expl_var_class_4,expl_var_class_5,expl_var_mean,mae_class_0,mae_class_1,mae_class_2,mae_class_3,mae_class_4,mae_class_5,mae_mean,mse_class_0,mse_class_1,mse_class_2,mse_class_3,mse_class_4,mse_class_5,mse_mean,r2_class_0,r2_class_1,r2_class_2,r2_class_3,r2_class_4,r2_class_5,r2_mean,time
0.9828488870654024,0.9895462507941127,0.9931570104531292,0.9926348598377505,0.9473226712796995,0.9731948759317763,0.9797840925603117,0.018388813570945566,0.019833875829862364,0.013892864567309498,0.0074092028856975935,0.010266206383710294,0.015532316947760215,0.01422054669754759,0.0016958052476191848,0.001384999037201147,0.0007977960675870188,0.0002925880566773663,0.0007457347808626621,0.0011829194806853454,0.001016640445105454,0.9828486874072434,0.9895461584094094,0.9931569888303498,0.992633512043399,0.9472897504844795,0.9731724721143904,0.9797745948815452,52.480722188949585
