expl_var_class_0,expl_var_class_1,expl_var_class_2,expl_var_class_3,expl_var_class_4,expl_var_class_5,expl_var_mean,mae_class_0,mae_class_1,mae_class_2,mae_class_3,mae_class_4,mae_class_5,mae_mean,mse_class_0,mse_class_1,mse_class_2,mse_class_3,mse_class_4,mse_class_5,mse_mean,r2_class_0,r2_class_1,r2_class_2,r2_class_3,r2_class_4,r2_class_5,r2_mean,time
0.9833202332347062,0.989867300219382,0.9929117658240983,0.9920139431943235,0.947317060011502,0.9730341279435255,0.9797440717379229,0.017988142091494935,0.01949845270668873,0.01398886645300616,0.007530527246261805,0.010248365910526918,0.015272931271429712,0.014087880946568045,0.0016491876858183892,0.001342754896707335,0.0008264823466194081,0.00031734831506141816,0.0007456640086231182,0.001189639583437196,0.0010118461393778106,0.9833201757316723,0.9898650131818614,0.9929109353139065,0.9920101231489249,0.947294752829148,0.9730200663531251,0.9797368444264397,175.80882620811462
