expl_var_class_0,expl_var_class_1,expl_var_class_2,expl_var_class_3,expl_var_class_4,expl_var_class_5,expl_var_mean,mae_class_0,mae_class_1,mae_class_2,mae_class_3,mae_class_4,mae_class_5,mae_mean,mse_class_0,mse_class_1,mse_class_2,mse_class_3,mse_class_4,mse_class_5,mse_mean,r2_class_0,r2_class_1,r2_class_2,r2_class_3,r2_class_4,r2_class_5,r2_mean,time
0.9826275313625991,0.9894154242592534,0.9932687752354903,0.9922198456532694,0.9453235764234009,0.9714534816194546,0.9790514390922446,0.01833942393764621,0.019325078763605716,0.013720826943276246,0.0073397704849112394,0.01001281589025564,0.015504012844199857,0.014040321477315819,0.001716020342705716,0.0014036828639874914,0.0008104119562516965,0.00030845000665265774,0.0007316571051010381,0.0012513917581552015,0.0010369356721423003,0.9826264469064279,0.9894127911423921,0.9932665166394222,0.9922195082468356,0.9453173894246729,0.971453480620487,0.9790493554967062,107.37497425079346
