expl_var_class_0,expl_var_class_1,expl_var_class_2,expl_var_class_3,expl_var_class_4,expl_var_class_5,expl_var_mean,mae_class_0,mae_class_1,mae_class_2,mae_class_3,mae_class_4,mae_class_5,mae_mean,mse_class_0,mse_class_1,mse_class_2,mse_class_3,mse_class_4,mse_class_5,mse_mean,r2_class_0,r2_class_1,r2_class_2,r2_class_3,r2_class_4,r2_class_5,r2_mean,time
0.9821601034342733,0.9897374256991021,0.9933007439242656,0.9924723384314456,0.9406065456203829,0.9738868297426045,0.9786939978086789,0.018743147908784983,0.019218594176616463,0.013673260130005088,0.0074895501332531735,0.010669946881003247,0.015175814418635589,0.014161718941383091,0.0017630774835240954,0.0013444863868891006,0.0007945766856884204,0.0002996521523146927,0.000805255697066487,0.0011300935924046967,0.0010228569996479156,0.9821589666611666,0.9897357845635508,0.9933003243566032,0.992472177958411,0.9405751151042159,0.973871011509679,0.9786855633589377,137.0877046585083
