expl_var_class_0,expl_var_class_1,expl_var_class_2,expl_var_class_3,expl_var_class_4,expl_var_class_5,expl_var_mean,mae_class_0,mae_class_1,mae_class_2,mae_class_3,mae_class_4,mae_class_5,mae_mean,mse_class_0,mse_class_1,mse_class_2,mse_class_3,mse_class_4,mse_class_5,mse_mean,r2_class_0,r2_class_1,r2_class_2,r2_class_3,r2_class_4,r2_class_5,r2_mean,time
0.983019694848613,0.9899822331571841,0.9936046405222103,0.9913911334927331,0.9372853830059211,0.9735081493126034,0.9781318723898774,0.018334729613797136,0.019044486577320635,0.0134836118290924,0.007784014055408497,0.010454028928277577,0.015113866586255994,0.014035789598358705,0.001703853726299702,0.001303862058519531,0.0007633005202749952,0.00033717560705263044,0.0008239132210452422,0.0011845018197405859,0.0010194344921554477,0.9830161323689848,0.9899821826608487,0.9936046101873078,0.9913864715977807,0.9372790308423454,0.973507716393834,0.9781293573418502,188.68776750564575
