expl_var_class_0,expl_var_class_1,expl_var_class_2,expl_var_class_3,expl_var_class_4,expl_var_class_5,expl_var_mean,mae_class_0,mae_class_1,mae_class_2,mae_class_3,mae_class_4,mae_class_5,mae_mean,mse_class_0,mse_class_1,mse_class_2,mse_class_3,mse_class_4,mse_class_5,mse_mean,r2_class_0,r2_class_1,r2_class_2,r2_class_3,r2_class_4,r2_class_5,r2_mean,time
0.9833156596842231,0.9899770280897413,0.9935289696466612,0.9916842527789257,0.947376731661206,0.9736335432875284,0.9799193641913808,0.017809808592769944,0.019183934697449532,0.013735359768540688,0.007669051158465868,0.010086784336560317,0.015057428732232035,0.013923727881003064,0.0016165841984013038,0.0013109560737447012,0.0007758586231799288,0.0003306168732054847,0.0007361770605590081,0.0011606505042872403,0.0009884738888962777,0.9833150781786063,0.9899748730186898,0.9935284530650104,0.9916805740213925,0.9473569633913895,0.973630109292036,0.9799143418278541,187.17351984977722
