expl_var_class_0,expl_var_class_1,expl_var_class_2,expl_var_class_3,expl_var_class_4,expl_var_class_5,expl_var_mean,mae_class_0,mae_class_1,mae_class_2,mae_class_3,mae_class_4,mae_class_5,mae_mean,mse_class_0,mse_class_1,mse_class_2,mse_class_3,mse_class_4,mse_class_5,mse_mean,r2_class_0,r2_class_1,r2_class_2,r2_class_3,r2_class_4,r2_class_5,r2_mean,time
0.9816240715185243,0.9889658287094779,0.9932274462554509,0.9921685786089041,0.9430723069841034,0.9709417061409139,0.9783333230362291,0.01881745990022446,0.019936661892816197,0.013618787641137314,0.007625671790679432,0.01024518248403761,0.016002132641657885,0.014374316058425483,0.001796116187626247,0.001445996630712114,0.0008185711771269779,0.0003107937306320614,0.0007417339512067247,0.0012881399427204971,0.0010668919366707702,0.981623958726952,0.9889658254895519,0.9932255749912127,0.9921679051886968,0.9430667412236051,0.9709194582099706,0.9783282439716648,30.9094820022583
