expl_var_class_0,expl_var_class_1,expl_var_class_2,expl_var_class_3,expl_var_class_4,expl_var_class_5,expl_var_mean,mae_class_0,mae_class_1,mae_class_2,mae_class_3,mae_class_4,mae_class_5,mae_mean,mse_class_0,mse_class_1,mse_class_2,mse_class_3,mse_class_4,mse_class_5,mse_mean,r2_class_0,r2_class_1,r2_class_2,r2_class_3,r2_class_4,r2_class_5,r2_mean,time
0.9829315253926336,0.9890820709589717,0.9927968500421828,0.9914733021705933,0.9499348083422053,0.9720857182142586,0.9797173791868076,0.018240605323279153,0.01985827200716832,0.014184777165824303,0.007777356199158709,0.010033941276503137,0.015439969809013566,0.014255820296824533,0.0016741203892875476,0.0014305796332347645,0.0008570199563346567,0.0003388680070567834,0.0006875926956580966,0.0012405778658198384,0.0010381264245652813,0.9829312107714454,0.9890805734900139,0.9927967511594842,0.9914697105207748,0.9499297030630108,0.9720841167000447,0.979715344284129,90.66736102104187
