expl_var_class_0,expl_var_class_1,expl_var_class_2,expl_var_class_3,expl_var_class_4,expl_var_class_5,expl_var_mean,mae_class_0,mae_class_1,mae_class_2,mae_class_3,mae_class_4,mae_class_5,mae_mean,mse_class_0,mse_class_1,mse_class_2,mse_class_3,mse_class_4,mse_class_5,mse_mean,r2_class_0,r2_class_1,r2_class_2,r2_class_3,r2_class_4,r2_class_5,r2_mean,time
0.9833790872113592,0.9890890390808519,0.992963475525753,0.9924422424747843,0.944863233293101,0.9718489588523829,0.9790976727397053,0.01799553001311565,0.019686824190154967,0.013998808642864147,0.007455863659629599,0.009864762636141609,0.015464847803990012,0.014077772824315998,0.0016422436563937315,0.001447001801676749,0.0008472758104810201,0.00029967925046928834,0.0007379091862765125,0.0012340634835310196,0.0010346955314713868,0.9833733862898434,0.9890860601887185,0.9929602253178973,0.992440746031507,0.9448501211950333,0.9718487700445615,0.9790932181779267,75.2367057800293
