expl_var_class_0,expl_var_class_1,expl_var_class_2,expl_var_class_3,expl_var_class_4,expl_var_class_5,expl_var_mean,mae_class_0,mae_class_1,mae_class_2,mae_class_3,mae_class_4,mae_class_5,mae_mean,mse_class_0,mse_class_1,mse_class_2,mse_class_3,mse_class_4,mse_class_5,mse_mean,r2_class_0,r2_class_1,r2_class_2,r2_class_3,r2_class_4,r2_class_5,r2_mean,time
0.981894274870834,0.9895094427689325,0.9935022934648808,0.9924682335993961,0.9485967893035789,0.9711873781348331,0.9795264020237426,0.01827871669711217,0.01933787280119756,0.013452720390361682,0.007491501202440252,0.009791709841703904,0.015402455002097342,0.01395916265581882,0.0017589667304785223,0.0013789051841288755,0.000784478064954267,0.00031096761674692685,0.000655823862053761,0.0012716617555324945,0.0010268005356491412,0.9818942673790038,0.9895091066518868,0.993501326991368,0.9924668425110242,0.9485775471323342,0.9711798416324221,0.9795214887163398,80.54165458679199
