expl_var_class_0,expl_var_class_1,expl_var_class_2,expl_var_class_3,expl_var_class_4,expl_var_class_5,expl_var_mean,mae_class_0,mae_class_1,mae_class_2,mae_class_3,mae_class_4,mae_class_5,mae_mean,mse_class_0,mse_class_1,mse_class_2,mse_class_3,mse_class_4,mse_class_5,mse_mean,r2_class_0,r2_class_1,r2_class_2,r2_class_3,r2_class_4,r2_class_5,r2_mean,time
0.9828415994106922,0.9893642347828011,0.9929189463083387,0.9924917246602122,0.941800190824286,0.9740761018047687,0.9789154662985164,0.018444846032879846,0.01973074248251117,0.014253302655479168,0.007456103105898385,0.010526909272541365,0.015120877005986978,0.014255463425882818,0.0016956604958373968,0.0013933755164136012,0.0008399837121855412,0.00029894044709429603,0.0007889123589081656,0.001122068003041653,0.001023156755580109,0.9828411764540783,0.9893625501724603,0.99291746345099,0.9924900573235477,0.9417811928661108,0.9740565718327393,0.9789081686833211,141.14066863059998
