expl_var_class_0,expl_var_class_1,expl_var_class_2,expl_var_class_3,expl_var_class_4,expl_var_class_5,expl_var_mean,mae_class_0,mae_class_1,mae_class_2,mae_class_3,mae_class_4,mae_class_5,mae_mean,mse_class_0,mse_class_1,mse_class_2,mse_class_3,mse_class_4,mse_class_5,mse_mean,r2_class_0,r2_class_1,r2_class_2,r2_class_3,r2_class_4,r2_class_5,r2_mean,time
0.9809783446446204,0.9902890890906132,0.9934273398871029,0.9924448530429973,0.9377587844502688,0.9704627227721417,0.9775601889812909,0.01873904670446149,0.018781778531885607,0.013245701046030716,0.00747750564196586,0.010720974462436797,0.015698933938962427,0.014110656720957149,0.0018679806260592888,0.0012823813807675874,0.0007733969028288504,0.00029831433943703316,0.0008360511483071927,0.0013111887579117043,0.0010615521925519428,0.9809781819654719,0.9902884135628963,0.9934270432310727,0.9924384183555225,0.9377367200905736,0.9704520232633587,0.9775534667448159,122.86029434204102
