expl_var_class_0,expl_var_class_1,expl_var_class_2,expl_var_class_3,expl_var_class_4,expl_var_class_5,expl_var_mean,mae_class_0,mae_class_1,mae_class_2,mae_class_3,mae_class_4,mae_class_5,mae_mean,mse_class_0,mse_class_1,mse_class_2,mse_class_3,mse_class_4,mse_class_5,mse_mean,r2_class_0,r2_class_1,r2_class_2,r2_class_3,r2_class_4,r2_class_5,r2_mean,time
0.9827905392800811,0.9894703679795718,0.993120513780929,0.9923687905662469,0.9423301261177781,0.9723619973956066,0.9787403891867021,0.01822251606000529,0.019351778922538938,0.013946189260827581,0.0076260975760425375,0.010208443083436356,0.015172334098391258,0.01408789316687366,0.0016941701017883957,0.001380278610231737,0.0008309566847249201,0.0003029502126095443,0.0008080535590826533,0.0012253366117100674,0.0010402909633578862,0.9827846804529101,0.9894698098078275,0.9931195483327391,0.9923637585695313,0.9423172353582016,0.9723612386744167,0.978736045199271,179.30184054374695
