expl_var_class_0,expl_var_class_1,expl_var_class_2,expl_var_class_3,expl_var_class_4,expl_var_class_5,expl_var_mean,mae_class_0,mae_class_1,mae_class_2,mae_class_3,mae_class_4,mae_class_5,mae_mean,mse_class_0,mse_class_1,mse_class_2,mse_class_3,mse_class_4,mse_class_5,mse_mean,r2_class_0,r2_class_1,r2_class_2,r2_class_3,r2_class_4,r2_class_5,r2_mean,time
0.9838931993217888,0.9895731847432326,0.9932194050414794,0.9926455765059811,0.943973834537665,0.9749572021500865,0.9797104003833722,0.018027359461242457,0.01944233868469959,0.013695355359077913,0.007459299372553933,0.010370891382251819,0.014994300076349354,0.013998257389362513,0.0015916980306741883,0.0013658760264288513,0.0008042791320179524,0.00029285368423715205,0.0007594799935336098,0.0010838773190387219,0.0009830106976550792,0.9838931993086023,0.9895724895904778,0.9932185157099035,0.992642968181167,0.943953192307984,0.9749395818324923,0.9797033244884378,80.53791880607605
