expl_var_class_0,expl_var_class_1,expl_var_class_2,expl_var_class_3,expl_var_class_4,expl_var_class_5,expl_var_mean,mae_class_0,mae_class_1,mae_class_2,mae_class_3,mae_class_4,mae_class_5,mae_mean,mse_class_0,mse_class_1,mse_class_2,mse_class_3,mse_class_4,mse_class_5,mse_mean,r2_class_0,r2_class_1,r2_class_2,r2_class_3,r2_class_4,r2_class_5,r2_mean,time
0.9822205749129417,0.9898065928594133,0.993303519044995,0.9928753895527302,0.9459494016213643,0.9716146722172214,0.9792950250347777,0.018243824317785293,0.019133735874918133,0.013678398682860226,0.007359609854786501,0.010085964290955816,0.015371776828721323,0.013978884975004548,0.0017273283912316285,0.001339826037196565,0.00080839628919235,0.00029411630512982476,0.00068946536499439,0.0012529165192000295,0.0010186748178241313,0.982219933181006,0.9898064259798007,0.9933031866924681,0.9928750637452332,0.9459397525971605,0.9716046721169349,0.9792915057187672,188.8481924533844
