expl_var_class_0,expl_var_class_1,expl_var_class_2,expl_var_class_3,expl_var_class_4,expl_var_class_5,expl_var_mean,mae_class_0,mae_class_1,mae_class_2,mae_class_3,mae_class_4,mae_class_5,mae_mean,mse_class_0,mse_class_1,mse_class_2,mse_class_3,mse_class_4,mse_class_5,mse_mean,r2_class_0,r2_class_1,r2_class_2,r2_class_3,r2_class_4,r2_class_5,r2_mean,time
0.9825207800199337,0.9895211688188664,0.9935573775707452,0.9922268627208457,0.9464649260478348,0.9724247848598916,0.979452650006353,0.01810911474403352,0.019431704708267668,0.013625129865853665,0.0075511792257970285,0.010118893929328939,0.015402880004277945,0.014039817079593127,0.0016845891192835908,0.0013745444513051297,0.0007713752333813994,0.0003132985931600388,0.0007255409056651945,0.001240468986639286,0.0010183028815724398,0.9825200231856215,0.9895208585338777,0.9935573336695654,0.9922235241536003,0.9464613841493171,0.9724203820005813,0.9794505842820939,84.90850114822388
