expl_var_class_0,expl_var_class_1,expl_var_class_2,expl_var_class_3,expl_var_class_4,expl_var_class_5,expl_var_mean,mae_class_0,mae_class_1,mae_class_2,mae_class_3,mae_class_4,mae_class_5,mae_mean,mse_class_0,mse_class_1,mse_class_2,mse_class_3,mse_class_4,mse_class_5,mse_mean,r2_class_0,r2_class_1,r2_class_2,r2_class_3,r2_class_4,r2_class_5,r2_mean,time
0.9824870810275034,0.9902077981258419,0.9935204119539518,0.9924014349777839,0.9439644880406224,0.9736576256557083,0.9793731399635686,0.018479105754012917,0.018802954190520426,0.013438504373334543,0.007355227129286889,0.010414732719064661,0.015170454059760854,0.013943496370996714,0.0017306540625975514,0.0012827579999176426,0.0007685146392918586,0.00030263273708432,0.0007596324366818186,0.0011399736225069655,0.0009973609163466928,0.982487067575117,0.9902070377265416,0.9935200731368091,0.9923973000990254,0.943941942568841,0.97364257450715,0.9793659992689142,117.61345672607422
