expl_var_class_0,expl_var_class_1,expl_var_class_2,expl_var_class_3,expl_var_class_4,expl_var_class_5,expl_var_mean,mae_class_0,mae_class_1,mae_class_2,mae_class_3,mae_class_4,mae_class_5,mae_mean,mse_class_0,mse_class_1,mse_class_2,mse_class_3,mse_class_4,mse_class_5,mse_mean,r2_class_0,r2_class_1,r2_class_2,r2_class_3,r2_class_4,r2_class_5,r2_mean,time
0.982633549148818,0.9898120171666253,0.9935428521006267,0.9922849517044785,0.9467131221870544,0.971802701236524,0.9794648655906878,0.01825067508457414,0.019017171751322934,0.013642992642791684,0.007596001387917755,0.010363879591724818,0.01554996063979208,0.014070113516353901,0.0017069399219235561,0.0013338120725378422,0.0007755712844490149,0.0003063166206090813,0.0007650970772615582,0.0012407048976567014,0.001021406979072959,0.9826326962396662,0.9898115551485065,0.9935428474132028,0.9922846957824322,0.9466898008234977,0.9717900253725849,0.979458603463315,111.79653191566467
