expl_var_class_0,expl_var_class_1,expl_var_class_2,expl_var_class_3,expl_var_class_4,expl_var_class_5,expl_var_mean,mae_class_0,mae_class_1,mae_class_2,mae_class_3,mae_class_4,mae_class_5,mae_mean,mse_class_0,mse_class_1,mse_class_2,mse_class_3,mse_class_4,mse_class_5,mse_mean,r2_class_0,r2_class_1,r2_class_2,r2_class_3,r2_class_4,r2_class_5,r2_mean,time
0.9822730327703039,0.9896746559845369,0.993386547568539,0.9918817626143765,0.9427201124698764,0.9712987359989619,0.9785391412344325,0.018379818487689957,0.01941659930957025,0.013868493427294282,0.007694971701269258,0.01073721781719705,0.015627896109672867,0.014287499475448946,0.0017423586122415132,0.001351761187662417,0.0007943446699875253,0.0003223852110213482,0.0008223694991381117,0.001263124661027328,0.001049390640179707,0.9822723278718961,0.9896744491998162,0.9933865463517483,0.9918799705568416,0.9426991906012135,0.9712802659954497,0.9785321250961609,328.9977960586548
