expl_var_class_0,expl_var_class_1,expl_var_class_2,expl_var_class_3,expl_var_class_4,expl_var_class_5,expl_var_mean,mae_class_0,mae_class_1,mae_class_2,mae_class_3,mae_class_4,mae_class_5,mae_mean,mse_class_0,mse_class_1,mse_class_2,mse_class_3,mse_class_4,mse_class_5,mse_mean,r2_class_0,r2_class_1,r2_class_2,r2_class_3,r2_class_4,r2_class_5,r2_mean,time
0.9819504917526554,0.9895450646807356,0.9934942992569722,0.9921887234054483,0.9433437779496652,0.9718161905265303,0.9787230912620011,0.01846271382357702,0.019173998595403315,0.0134002843607678,0.007555703598749052,0.010130408677238077,0.01530502080696908,0.014004688310450724,0.001753504639462005,0.0013741994495804618,0.0007853281804356554,0.00032259598365597553,0.0007226351383364358,0.0012437749658862824,0.0010336730595594693,0.9819504908184713,0.9895449085038489,0.993494284573256,0.9921851465576583,0.9433389458790714,0.9718118506477681,0.9787209378300123,137.19362115859985
