expl_var_class_0,expl_var_class_1,expl_var_class_2,expl_var_class_3,expl_var_class_4,expl_var_class_5,expl_var_mean,mae_class_0,mae_class_1,mae_class_2,mae_class_3,mae_class_4,mae_class_5,mae_mean,mse_class_0,mse_class_1,mse_class_2,mse_class_3,mse_class_4,mse_class_5,mse_mean,r2_class_0,r2_class_1,r2_class_2,r2_class_3,r2_class_4,r2_class_5,r2_mean,time
0.9821301915936692,0.9889884176643752,0.9935679802283444,0.9921453285998724,0.9476259586835037,0.9699287611277618,0.9790644396495879,0.018820875842913153,0.020030106698662693,0.013342309041874391,0.007672443582368371,0.010105534212257891,0.016220186138766073,0.014365242586140428,0.001765567445587892,0.0014606686937777972,0.0007746923874609493,0.0003114448714887476,0.0007009554422882998,0.0013182570973083985,0.0010552643229853477,0.9821248157770446,0.9889829783282639,0.9935633004174058,0.9921439643315934,0.9476119712170169,0.9699281607616057,0.979059198472155,30.746426820755005
