expl_var_class_0,expl_var_class_1,expl_var_class_2,expl_var_class_3,expl_var_class_4,expl_var_class_5,expl_var_mean,mae_class_0,mae_class_1,mae_class_2,mae_class_3,mae_class_4,mae_class_5,mae_mean,mse_class_0,mse_class_1,mse_class_2,mse_class_3,mse_class_4,mse_class_5,mse_mean,r2_class_0,r2_class_1,r2_class_2,r2_class_3,r2_class_4,r2_class_5,r2_mean,time
0.9830634272794818,0.989369173434111,0.9929873259862368,0.9918259762991707,0.943186248701682,0.9733731362829785,0.9789675479972768,0.018056793239316395,0.019460219213163592,0.014029656935577357,0.007552421359156178,0.010174056306679615,0.015147298079213757,0.01407007418885115,0.0016610383258254366,0.0013931412445079424,0.0008393150603219106,0.00031870666254872485,0.0007434073156173132,0.0011730374171517375,0.0010214410043288445,0.9830633008814342,0.9893658055093197,0.9929866233067992,0.9918139564547747,0.9431801831371338,0.9733679011320974,0.9789629617369265,140.7351598739624
