expl_var_class_0,expl_var_class_1,expl_var_class_2,expl_var_class_3,expl_var_class_4,expl_var_class_5,expl_var_mean,mae_class_0,mae_class_1,mae_class_2,mae_class_3,mae_class_4,mae_class_5,mae_mean,mse_class_0,mse_class_1,mse_class_2,mse_class_3,mse_class_4,mse_class_5,mse_mean,r2_class_0,r2_class_1,r2_class_2,r2_class_3,r2_class_4,r2_class_5,r2_mean,time
0.98398856600653,0.989263653460377,0.9932562075369179,0.9927539753602258,0.9452622287465285,0.9729365866260506,0.9795768696227717,0.017545525687474656,0.019851410577796925,0.013999756210167282,0.007407682823660153,0.01020049126657623,0.015211959490296804,0.01403613767599534,0.0015647685037578985,0.0014067358349041561,0.0008083043571250783,0.0002861742833127563,0.000730084677117097,0.0011859680676707485,0.0009970059539812892,0.9839868321275659,0.989263574765384,0.9932561479136087,0.9927446139227081,0.9452373473721372,0.9729235735049616,0.9795686816010608,64.36059880256653
