expl_var_class_0,expl_var_class_1,expl_var_class_2,expl_var_class_3,expl_var_class_4,expl_var_class_5,expl_var_mean,mae_class_0,mae_class_1,mae_class_2,mae_class_3,mae_class_4,mae_class_5,mae_mean,mse_class_0,mse_class_1,mse_class_2,mse_class_3,mse_class_4,mse_class_5,mse_mean,r2_class_0,r2_class_1,r2_class_2,r2_class_3,r2_class_4,r2_class_5,r2_mean,time
0.9834306293882665,0.989202211482221,0.9931145587643517,0.9919972778486973,0.9420156881729361,0.9732654002702179,0.9788376276544485,0.01820435084591518,0.019741018188062592,0.013886012861227332,0.007649476374523094,0.010258591508446897,0.0153604357124921,0.014183314248444531,0.0016625910600669945,0.0014057176162604694,0.0008218825865287611,0.00031351594790234803,0.0007617390208252646,0.0011955192389674833,0.0010268275784252202,0.9834274350826989,0.9891996072605148,0.9931137744813519,0.9919908840814097,0.9420120852402976,0.9732613034378531,0.9788341815973544,64.30404615402222
