expl_var_class_0,expl_var_class_1,expl_var_class_2,expl_var_class_3,expl_var_class_4,expl_var_class_5,expl_var_mean,mae_class_0,mae_class_1,mae_class_2,mae_class_3,mae_class_4,mae_class_5,mae_mean,mse_class_0,mse_class_1,mse_class_2,mse_class_3,mse_class_4,mse_class_5,mse_mean,r2_class_0,r2_class_1,r2_class_2,r2_class_3,r2_class_4,r2_class_5,r2_mean,time
0.9833235656443333,0.98892824845969,0.9931924493430909,0.9923555074608469,0.9456675171736695,0.9716048559164289,0.9791786906663432,0.018012283211640293,0.019777053618468005,0.013761276507292674,0.007467495884911729,0.01006136868758215,0.015371054036896,0.014075088657798475,0.001647324097056439,0.0014680417443314205,0.0008194253147531797,0.00030306848914683846,0.0007271151083266097,0.0012447585665164426,0.001034955553355155,0.983321950241333,0.9889273674576522,0.9931916271970535,0.9923552542402557,0.9456568493152676,0.971604795772141,0.9791763073706171,64.68370461463928
