expl_var_class_0,expl_var_class_1,expl_var_class_2,expl_var_class_3,expl_var_class_4,expl_var_class_5,expl_var_mean,mae_class_0,mae_class_1,mae_class_2,mae_class_3,mae_class_4,mae_class_5,mae_mean,mse_class_0,mse_class_1,mse_class_2,mse_class_3,mse_class_4,mse_class_5,mse_mean,r2_class_0,r2_class_1,r2_class_2,r2_class_3,r2_class_4,r2_class_5,r2_mean,time
0.974749001710205,0.9588680646433941,0.9758841241746595,0.9927854299913645,0.9368607312958657,0.9603796219471921,0.9665878289604469,0.02159523059242134,0.03792509593468902,0.02614855504093211,0.007548353822891927,0.010573680161934098,0.018325778260254805,0.020352782302187216,0.002410416183542948,0.005466921854917146,0.0028999122133593694,0.0002901733000297297,0.0007555171476113767,0.0017518893604665763,0.0022624716766545244,0.9747477211592617,0.9588633058655549,0.9758804864325628,0.9927793480001155,0.9368580911729735,0.9603617874105956,0.966581790006844,19.21991753578186
