expl_var_class_0,expl_var_class_1,expl_var_class_2,expl_var_class_3,expl_var_class_4,expl_var_class_5,expl_var_mean,mae_class_0,mae_class_1,mae_class_2,mae_class_3,mae_class_4,mae_class_5,mae_mean,mse_class_0,mse_class_1,mse_class_2,mse_class_3,mse_class_4,mse_class_5,mse_mean,r2_class_0,r2_class_1,r2_class_2,r2_class_3,r2_class_4,r2_class_5,r2_mean,time
0.9813735469895274,0.9893648671854605,0.993104747481219,0.9917490154917171,0.9426600454373439,0.9690112274625201,0.9778772416746313,0.018873308759867865,0.01967130852224608,0.013857831836435467,0.007901435059412114,0.010319918979509776,0.01616890115910864,0.01446545071942999,0.0018256494585959977,0.0013760429363943636,0.0008205577561786492,0.0003382490174284076,0.0007522168293816014,0.0013763474521092235,0.0010815105750147072,0.9813696341185384,0.989364632797077,0.9931045497839479,0.991740207563829,0.9426549228863399,0.9690101395159919,0.9778740144442873,46.74747347831726
