expl_var_class_0,expl_var_class_1,expl_var_class_2,expl_var_class_3,expl_var_class_4,expl_var_class_5,expl_var_mean,mae_class_0,mae_class_1,mae_class_2,mae_class_3,mae_class_4,mae_class_5,mae_mean,mse_class_0,mse_class_1,mse_class_2,mse_class_3,mse_class_4,mse_class_5,mse_mean,r2_class_0,r2_class_1,r2_class_2,r2_class_3,r2_class_4,r2_class_5,r2_mean,time
0.9823996512377436,0.9900715464033684,0.9935113752844497,0.9927104066004677,0.9411728349962063,0.9743815718567338,0.9790412310631615,0.018633828912051547,0.018766520033651802,0.013386983376839435,0.0073268498539936,0.010649969127349303,0.015081846288856646,0.013974332932123723,0.0017392972103593802,0.0013005195976737252,0.0007695538781141329,0.00029024920794910327,0.0007976672179405367,0.0011085369929136168,0.0010009706841584158,0.9823996053456845,0.9900714403209883,0.9935113105300644,0.9927083974926422,0.9411351167288383,0.9743694234498744,0.9790325489780155,123.50407361984253
