expl_var_class_0,expl_var_class_1,expl_var_class_2,expl_var_class_3,expl_var_class_4,expl_var_class_5,expl_var_mean,mae_class_0,mae_class_1,mae_class_2,mae_class_3,mae_class_4,mae_class_5,mae_mean,mse_class_0,mse_class_1,mse_class_2,mse_class_3,mse_class_4,mse_class_5,mse_mean,r2_class_0,r2_class_1,r2_class_2,r2_class_3,r2_class_4,r2_class_5,r2_mean,time
0.9820676881828572,0.9892450460286117,0.993111618199649,0.9923231374443844,0.9461486219502732,0.9708476737529397,0.9789572975931192,0.01816977573389847,0.01973621176848388,0.013910205513172137,0.007596773649874826,0.009959584635271876,0.015529112314470083,0.014150277269195212,0.0017421415912994844,0.0014136655462323228,0.0008316492539384451,0.00031696174130321173,0.0006870066265663541,0.0012868425951661495,0.0010463778924176613,0.9820674551181509,0.9892446452111973,0.9931105574512987,0.992321635480262,0.9461325396673559,0.9708357924381366,0.9789521042277335,69.55165696144104
