expl_var_class_0,expl_var_class_1,expl_var_class_2,expl_var_class_3,expl_var_class_4,expl_var_class_5,expl_var_mean,mae_class_0,mae_class_1,mae_class_2,mae_class_3,mae_class_4,mae_class_5,mae_mean,mse_class_0,mse_class_1,mse_class_2,mse_class_3,mse_class_4,mse_class_5,mse_mean,r2_class_0,r2_class_1,r2_class_2,r2_class_3,r2_class_4,r2_class_5,r2_mean,time
0.9799129879068305,0.9890858912785915,0.9932898646839077,0.991585113764032,0.9371565017270717,0.9681701272700665,0.9765334144384167,0.01944156993999128,0.020133950039865397,0.013306591037483233,0.007874339577351928,0.010829329500742694,0.016580642406536512,0.014694403750328508,0.001972593435060418,0.0014411922551516086,0.000789540081583202,0.00033242442087373734,0.000844017039747931,0.0014130834813032597,0.0011321417856200262,0.9799129001369884,0.9890857249112495,0.9932898453502985,0.9915738063285908,0.9371434758500663,0.9681557993991796,0.9765269253293954,30.290441274642944
