expl_var_class_0,expl_var_class_1,expl_var_class_2,expl_var_class_3,expl_var_class_4,expl_var_class_5,expl_var_mean,mae_class_0,mae_class_1,mae_class_2,mae_class_3,mae_class_4,mae_class_5,mae_mean,mse_class_0,mse_class_1,mse_class_2,mse_class_3,mse_class_4,mse_class_5,mse_mean,r2_class_0,r2_class_1,r2_class_2,r2_class_3,r2_class_4,r2_class_5,r2_mean,time
0.9817325248820866,0.9899012212966811,0.9934128914399408,0.9928438735112283,0.9414739561375003,0.971200924557823,0.97842756530421,0.018795586807297357,0.01900032914138055,0.013514288055640443,0.007411558067729057,0.01035022855199032,0.015554074464062005,0.014104344181349954,0.0017904248488522295,0.0013069573959820127,0.0007839384978199772,0.0002932601935801552,0.0007679521392287889,0.001279051794849514,0.0010369308117187796,0.9817290937971027,0.9898985914921618,0.9934122749514448,0.9928388015812164,0.9414553451564237,0.9712008500372035,0.9784224928359255,123.76177215576172
