expl_var_class_0,expl_var_class_1,expl_var_class_2,expl_var_class_3,expl_var_class_4,expl_var_class_5,expl_var_mean,mae_class_0,mae_class_1,mae_class_2,mae_class_3,mae_class_4,mae_class_5,mae_mean,mse_class_0,mse_class_1,mse_class_2,mse_class_3,mse_class_4,mse_class_5,mse_mean,r2_class_0,r2_class_1,r2_class_2,r2_class_3,r2_class_4,r2_class_5,r2_mean,time
0.9834407821698647,0.9882560745320678,0.9926880095214269,0.9914025064536824,0.9386553558861566,0.9721374464746393,0.9777633625063064,0.018300002105749676,0.02090048086454906,0.014531214115415006,0.007953912457674208,0.010546703078732794,0.015648493311229087,0.014646800988891637,0.0016618782372614653,0.0015286543275995397,0.0008726989050191966,0.0003367231478891018,0.000805860559008831,0.0012457854191544142,0.001075266765988758,0.9834345404392132,0.9882550613935469,0.9926880048703536,0.9913980301737109,0.9386533023431266,0.9721370621077702,0.977761000221287,35.184539556503296
