expl_var_class_0,expl_var_class_1,expl_var_class_2,expl_var_class_3,expl_var_class_4,expl_var_class_5,expl_var_mean,mae_class_0,mae_class_1,mae_class_2,mae_class_3,mae_class_4,mae_class_5,mae_mean,mse_class_0,mse_class_1,mse_class_2,mse_class_3,mse_class_4,mse_class_5,mse_mean,r2_class_0,r2_class_1,r2_class_2,r2_class_3,r2_class_4,r2_class_5,r2_mean,time
0.9808128455906904,0.9619090071346286,0.9778053841461215,0.9922866898344388,0.9341573087950862,0.9653454389411763,0.9687194457403568,0.01953707941043272,0.03617708752452917,0.025402515328878675,0.0076970550726229115,0.010831266948657747,0.017345256068761247,0.01949837672564708,0.001881782632414994,0.004990401288620051,0.0026561793118474804,0.0003007008799375668,0.000861500408926326,0.0015265622057096496,0.0020361877879093446,0.9808124919478198,0.9619070226375568,0.9778047756327303,0.9922764385357643,0.9341541380692082,0.9653416378744516,0.9687160841162551,23.395731449127197
