expl_var_class_0,expl_var_class_1,expl_var_class_2,expl_var_class_3,expl_var_class_4,expl_var_class_5,expl_var_mean,mae_class_0,mae_class_1,mae_class_2,mae_class_3,mae_class_4,mae_class_5,mae_mean,mse_class_0,mse_class_1,mse_class_2,mse_class_3,mse_class_4,mse_class_5,mse_mean,r2_class_0,r2_class_1,r2_class_2,r2_class_3,r2_class_4,r2_class_5,r2_mean,time
0.9817870373037546,0.9881158540208921,0.9925076548613366,0.9919456489135718,0.9455195889496026,0.9710124311775339,0.9784813692044486,0.018479403566520957,0.02098908634656513,0.014601925066027088,0.007760397148272203,0.010117283063223416,0.015680592144007632,0.014604781222436072,0.0017694080218363408,0.0015620413233758527,0.0009044308093613737,0.0003325865801679093,0.0006949257563254557,0.0012791609573067047,0.0010904255747289395,0.9817867910826833,0.9881157826386487,0.9925076297839958,0.9919431254182209,0.9455116091090882,0.9710098843447842,0.9784791370629037,34.981958627700806
