expl_var_class_0,expl_var_class_1,expl_var_class_2,expl_var_class_3,expl_var_class_4,expl_var_class_5,expl_var_mean,mae_class_0,mae_class_1,mae_class_2,mae_class_3,mae_class_4,mae_class_5,mae_mean,mse_class_0,mse_class_1,mse_class_2,mse_class_3,mse_class_4,mse_class_5,mse_mean,r2_class_0,r2_class_1,r2_class_2,r2_class_3,r2_class_4,r2_class_5,r2_mean,time
0.9827312068878336,0.9899201046764716,0.993356511725459,0.9917754605326667,0.9382496586331956,0.9714683651644597,0.9779168846033476,0.018074561071372335,0.01933004859788529,0.013841476606356077,0.007668262891911986,0.010815646424718205,0.01527679667078198,0.014167798710504312,0.0016876188554499536,0.0013207144077656636,0.0007962857927544024,0.0003244878232873759,0.0008239177537640459,0.001250107378979783,0.0010338553353335374,0.9827296344653507,0.9899201035877341,0.9933564213065357,0.9917732494755407,0.9381990566882247,0.9714592310867781,0.9779062827683607,333.8896996974945
