expl_var_class_0,expl_var_class_1,expl_var_class_2,expl_var_class_3,expl_var_class_4,expl_var_class_5,expl_var_mean,mae_class_0,mae_class_1,mae_class_2,mae_class_3,mae_class_4,mae_class_5,mae_mean,mse_class_0,mse_class_1,mse_class_2,mse_class_3,mse_class_4,mse_class_5,mse_mean,r2_class_0,r2_class_1,r2_class_2,r2_class_3,r2_class_4,r2_class_5,r2_mean,time
0.9823020838936795,0.9892715941482432,0.9927422155972577,0.9922085047532684,0.9363586757637143,0.9720476027803309,0.9774884461560823,0.0180587658614907,0.019549660194579634,0.014149786581242657,0.007495467040271995,0.01015021364030906,0.015212424356852328,0.014102719612457728,0.0016894504900112509,0.001425847594845021,0.0008726268441588062,0.00031332227299801747,0.0007619422623193741,0.0012365518356823738,0.0010499568833358074,0.9823007847554862,0.989270990522991,0.9927420785670555,0.9922033105840555,0.9363211159257827,0.9720218036328834,0.9774766806647089,141.00178575515747
