expl_var_class_0,expl_var_class_1,expl_var_class_2,expl_var_class_3,expl_var_class_4,expl_var_class_5,expl_var_mean,mae_class_0,mae_class_1,mae_class_2,mae_class_3,mae_class_4,mae_class_5,mae_mean,mse_class_0,mse_class_1,mse_class_2,mse_class_3,mse_class_4,mse_class_5,mse_mean,r2_class_0,r2_class_1,r2_class_2,r2_class_3,r2_class_4,r2_class_5,r2_mean,time
0.9831603821899894,0.989490470034608,0.9933320914479558,0.9921872223970445,0.942980799523195,0.9721705913701452,0.9788869261604894,0.018083105449861837,0.019206763454404554,0.013490765806888986,0.007543118160542785,0.010162111901647718,0.015320095972957502,0.013967660124383897,0.0016633891060109265,0.0013937338673690942,0.0008027828215097953,0.0003097710983690402,0.0007629878436892544,0.0012199590352398497,0.00102543729536466,0.9831593028186459,0.9894878309593087,0.9933299049587133,0.9921861843921337,0.942975791748231,0.9721705181333252,0.978884922168393,176.49953699111938
