expl_var_class_0,expl_var_class_1,expl_var_class_2,expl_var_class_3,expl_var_class_4,expl_var_class_5,expl_var_mean,mae_class_0,mae_class_1,mae_class_2,mae_class_3,mae_class_4,mae_class_5,mae_mean,mse_class_0,mse_class_1,mse_class_2,mse_class_3,mse_class_4,mse_class_5,mse_mean,r2_class_0,r2_class_1,r2_class_2,r2_class_3,r2_class_4,r2_class_5,r2_mean,time
0.9823400440880018,0.987379516666808,0.9921515063996732,0.9907884749526252,0.9460613425279776,0.973336230913957,0.9786761859248405,0.018410160925214757,0.021557066120673023,0.015055748899232071,0.00817424593180285,0.010338196034816862,0.015288391868632588,0.014803968296728693,0.0017224927438891787,0.001656694381593238,0.0009486030794211252,0.0003622002604344182,0.0007345597095654732,0.0011385870247986134,0.001093856199950341,0.9823353979320313,0.9873794746223425,0.9921513050755603,0.9907819691187507,0.9460537098849165,0.973334920042939,0.9786727961127567,34.132627725601196
