expl_var_class_0,expl_var_class_1,expl_var_class_2,expl_var_class_3,expl_var_class_4,expl_var_class_5,expl_var_mean,mae_class_0,mae_class_1,mae_class_2,mae_class_3,mae_class_4,mae_class_5,mae_mean,mse_class_0,mse_class_1,mse_class_2,mse_class_3,mse_class_4,mse_class_5,mse_mean,r2_class_0,r2_class_1,r2_class_2,r2_class_3,r2_class_4,r2_class_5,r2_mean,time
0.9823431633178544,0.9894733543884121,0.9930249382611979,0.9924350935656868,0.9489857476838678,0.9721459158474425,0.9797347021774102,0.018470452903256405,0.01943220673240635,0.013936584404695394,0.00753432956089757,0.01014933766322923,0.015338855535678837,0.014143627800027299,0.001731876560055472,0.001379437307293752,0.0008298791926420975,0.0003005575705985079,0.000700728318296246,0.0012380124887998482,0.0010300819062809873,0.9823423475619687,0.9894709361490991,0.9930248691550502,0.992434095196398,0.9489731709036415,0.9721418436412417,0.9797312104345667,111.08987331390381
