expl_var_class_0,expl_var_class_1,expl_var_class_2,expl_var_class_3,expl_var_class_4,expl_var_class_5,expl_var_mean,mae_class_0,mae_class_1,mae_class_2,mae_class_3,mae_class_4,mae_class_5,mae_mean,mse_class_0,mse_class_1,mse_class_2,mse_class_3,mse_class_4,mse_class_5,mse_mean,r2_class_0,r2_class_1,r2_class_2,r2_class_3,r2_class_4,r2_class_5,r2_mean,time
0.9822701726528023,0.9893670235906386,0.9932672721326113,0.9918320030703123,0.9472788188526972,0.9727555329808002,0.979461803879977,0.018221232233950783,0.01956653067297832,0.013772077206883582,0.0076150496834051715,0.010134993855180399,0.015411565502909173,0.01412024152588457,0.0017089834481102788,0.0013947582019108713,0.0008061048204249736,0.0003292924779879661,0.0007144914180648469,0.0012254502472251654,0.001029846768954017,0.9822668977810871,0.9893667545673183,0.9932672658382006,0.9918265352689711,0.9472767403440716,0.9727542969152915,0.9794597484524901,97.10622024536133
