expl_var_class_0,expl_var_class_1,expl_var_class_2,expl_var_class_3,expl_var_class_4,expl_var_class_5,expl_var_mean,mae_class_0,mae_class_1,mae_class_2,mae_class_3,mae_class_4,mae_class_5,mae_mean,mse_class_0,mse_class_1,mse_class_2,mse_class_3,mse_class_4,mse_class_5,mse_mean,r2_class_0,r2_class_1,r2_class_2,r2_class_3,r2_class_4,r2_class_5,r2_mean,time
0.982010748514286,0.9902462653285248,0.9938575990021798,0.9925725128618349,0.9452648291397886,0.9723314911244294,0.9793805743285073,0.018421955109114492,0.018863010258369246,0.013381611938547125,0.007479863144544352,0.010423064604894535,0.015369767785328012,0.01398987880679963,0.0017682303890794425,0.0012770073181580847,0.000737774231772047,0.0002949307346904891,0.0007856346627934772,0.0012173332634876793,0.0010134850999968701,0.9820090948187623,0.9902454634323021,0.9938575332987687,0.9925714760866605,0.945258789246209,0.9723214274877491,0.9793772973950753,102.18414521217346
