expl_var_class_0,expl_var_class_1,expl_var_class_2,expl_var_class_3,expl_var_class_4,expl_var_class_5,expl_var_mean,mae_class_0,mae_class_1,mae_class_2,mae_class_3,mae_class_4,mae_class_5,mae_mean,mse_class_0,mse_class_1,mse_class_2,mse_class_3,mse_class_4,mse_class_5,mse_mean,r2_class_0,r2_class_1,r2_class_2,r2_class_3,r2_class_4,r2_class_5,r2_mean,time
0.9826430386117478,0.9890885136257339,0.9932327223317117,0.9927898187296615,0.94404733299587,0.973152520308551,0.9791589911005459,0.018379839233107098,0.019775058689583958,0.013889462530868549,0.007365442974927473,0.010418991683960628,0.015297330513755952,0.014187687604367276,0.0017152454116308095,0.0014292959922847209,0.0008026167557974718,0.000287075501079985,0.000758528689613786,0.0011619589911298152,0.0010257868902560981,0.9826429916670375,0.9890883224030189,0.9932325324582867,0.9927881269400642,0.9440233950102342,0.9731342489599892,0.9791516029064384,52.0931179523468
