expl_var_class_0,expl_var_class_1,expl_var_class_2,expl_var_class_3,expl_var_class_4,expl_var_class_5,expl_var_mean,mae_class_0,mae_class_1,mae_class_2,mae_class_3,mae_class_4,mae_class_5,mae_mean,mse_class_0,mse_class_1,mse_class_2,mse_class_3,mse_class_4,mse_class_5,mse_mean,r2_class_0,r2_class_1,r2_class_2,r2_class_3,r2_class_4,r2_class_5,r2_mean,time
0.9823904826812091,0.9891102562327094,0.9928344764526669,0.9914280760762444,0.9455400005935642,0.9716957324552595,0.9788331707486089,0.018706657810186947,0.01977246383124721,0.01409786586370432,0.007807302477665207,0.010276704524131574,0.015497073927942194,0.014359678072479577,0.0017271890312520657,0.001426824297178657,0.000852532135952097,0.00034059746946439004,0.000747920949392589,0.0012579486050795787,0.0010588354147198962,0.9823901400873212,0.9891092374770667,0.9928344712694165,0.9914261749415135,0.9455366174510629,0.9716932347220817,0.9788316459914105,170.46689534187317
