expl_var_class_0,expl_var_class_1,expl_var_class_2,expl_var_class_3,expl_var_class_4,expl_var_class_5,expl_var_mean,mae_class_0,mae_class_1,mae_class_2,mae_class_3,mae_class_4,mae_class_5,mae_mean,mse_class_0,mse_class_1,mse_class_2,mse_class_3,mse_class_4,mse_class_5,mse_mean,r2_class_0,r2_class_1,r2_class_2,r2_class_3,r2_class_4,r2_class_5,r2_mean,time
0.9830915422057688,0.9890390330731885,0.993074514663212,0.9925888574009993,0.9432991928488265,0.9735510112285599,0.9791073585700926,0.01793668956216654,0.01960150895934288,0.013856570094786386,0.007411659710835431,0.010216576002056011,0.015227632757269937,0.014041772847742863,0.001664152704599209,0.0014368260062327955,0.0008363990756481876,0.00029418929741778895,0.0007947334302857224,0.0011727658242246047,0.0010331777230680513,0.9830897024126521,0.9890384078934972,0.9930744844823721,0.9925845884642518,0.9432680904664497,0.9735470283048929,0.9791003836706859,52.50447964668274
