expl_var_class_0,expl_var_class_1,expl_var_class_2,expl_var_class_3,expl_var_class_4,expl_var_class_5,expl_var_mean,mae_class_0,mae_class_1,mae_class_2,mae_class_3,mae_class_4,mae_class_5,mae_mean,mse_class_0,mse_class_1,mse_class_2,mse_class_3,mse_class_4,mse_class_5,mse_mean,r2_class_0,r2_class_1,r2_class_2,r2_class_3,r2_class_4,r2_class_5,r2_mean,time
0.9812302516815717,0.9894486906293944,0.9936465516112762,0.9919488000664015,0.9349812898395908,0.9697626369995459,0.9768363701379634,0.01874347647655356,0.019649762449641013,0.013167323486185874,0.007716461444404417,0.010572362842643354,0.0161447849775876,0.014332361946169304,0.001813324302417923,0.001397183885213174,0.0007736716377294385,0.00032332492053376114,0.0007937016188748427,0.0013266235316373597,0.0010713049827344165,0.9812281851383347,0.9894478634779499,0.9936460798490064,0.9919398462921694,0.9349724185712671,0.9697591643668088,0.9768322596159226,30.676440477371216
