expl_var_class_0,expl_var_class_1,expl_var_class_2,expl_var_class_3,expl_var_class_4,expl_var_class_5,expl_var_mean,mae_class_0,mae_class_1,mae_class_2,mae_class_3,mae_class_4,mae_class_5,mae_mean,mse_class_0,mse_class_1,mse_class_2,mse_class_3,mse_class_4,mse_class_5,mse_mean,r2_class_0,r2_class_1,r2_class_2,r2_class_3,r2_class_4,r2_class_5,r2_mean,time
0.9802303679851682,0.960248009376214,0.976524318232489,0.9921110071336426,0.9338181588764662,0.964523253338195,0.9679091858236958,0.019834831915960204,0.03686620793495929,0.025859647478095344,0.007887668541391715,0.011277315234993878,0.017509912469738386,0.019872597262523137,0.0019539598547298185,0.005208262467658187,0.0027847491465006822,0.00031431570529134975,0.000897417723299829,0.0015365861914260908,0.0021158818481509935,0.9802273789797962,0.9602385501713334,0.976519678508291,0.9921038021050991,0.9337738992660293,0.9644724621217208,0.967889295192045,23.50718927383423
