expl_var_class_0,expl_var_class_1,expl_var_class_2,expl_var_class_3,expl_var_class_4,expl_var_class_5,expl_var_mean,mae_class_0,mae_class_1,mae_class_2,mae_class_3,mae_class_4,mae_class_5,mae_mean,mse_class_0,mse_class_1,mse_class_2,mse_class_3,mse_class_4,mse_class_5,mse_mean,r2_class_0,r2_class_1,r2_class_2,r2_class_3,r2_class_4,r2_class_5,r2_mean,time
0.9830331442705524,0.9898680252863347,0.9934203641948336,0.9911733272756683,0.9393950073743497,0.9709611931854059,0.9779751769311907,0.018440314472334487,0.019367242574827383,0.013622523584186506,0.00800466940779922,0.010477547502641783,0.015862520495121563,0.014295803006151823,0.0017022119674878972,0.0013190978973004282,0.000785500325006171,0.00034581788708794206,0.000796117763145436,0.0012985442665126975,0.001041215017756762,0.9830324972798403,0.989865122846953,0.9934186069012491,0.9911656948779142,0.939394979480049,0.9709570703815809,0.977972328627931,46.54639744758606
