expl_var_class_0,expl_var_class_1,expl_var_class_2,expl_var_class_3,expl_var_class_4,expl_var_class_5,expl_var_mean,mae_class_0,mae_class_1,mae_class_2,mae_class_3,mae_class_4,mae_class_5,mae_mean,mse_class_0,mse_class_1,mse_class_2,mse_class_3,mse_class_4,mse_class_5,mse_mean,r2_class_0,r2_class_1,r2_class_2,r2_class_3,r2_class_4,r2_class_5,r2_mean,time
0.9830724754827961,0.989142530343651,0.9927303547961457,0.9921020549160597,0.9432479166807086,0.9734207576396463,0.9789526816431678,0.01794581751194597,0.020075356720155004,0.014519722348216172,0.007588239909016335,0.010106339140274073,0.015342729652559273,0.014263034213694471,0.0016546626311726576,0.0014228854573991405,0.0008785559044866971,0.0003134697093733137,0.0007396711915866127,0.001177712711497671,0.0010311596009193488,0.9830711682168046,0.989142183244515,0.9927291465210615,0.9921004697254012,0.9432250724245085,0.973412420042635,0.9789467433624877,69.38237261772156
