expl_var_class_0,expl_var_class_1,expl_var_class_2,expl_var_class_3,expl_var_class_4,expl_var_class_5,expl_var_mean,mae_class_0,mae_class_1,mae_class_2,mae_class_3,mae_class_4,mae_class_5,mae_mean,mse_class_0,mse_class_1,mse_class_2,mse_class_3,mse_class_4,mse_class_5,mse_mean,r2_class_0,r2_class_1,r2_class_2,r2_class_3,r2_class_4,r2_class_5,r2_mean,time
0.9764285582100788,0.9578811214887127,0.9753184726533501,0.9906226670099808,0.9352576036118602,0.960644920400956,0.9660255572291564,0.02158795883187344,0.03853303053670043,0.026814294834901286,0.00828256206362443,0.010867586508992997,0.01894101018523893,0.020837740493555256,0.0023211198310945716,0.005531120366992367,0.002906204128699668,0.0003570265906090993,0.0008395954812948224,0.0017882800198639414,0.002290557736425745,0.9764274954953093,0.9578718379433481,0.9753121461950288,0.99062061732124,0.9352547591334669,0.960638169076885,0.9660208375275463,12.67844820022583
