expl_var_class_0,expl_var_class_1,expl_var_class_2,expl_var_class_3,expl_var_class_4,expl_var_class_5,expl_var_mean,mae_class_0,mae_class_1,mae_class_2,mae_class_3,mae_class_4,mae_class_5,mae_mean,mse_class_0,mse_class_1,mse_class_2,mse_class_3,mse_class_4,mse_class_5,mse_mean,r2_class_0,r2_class_1,r2_class_2,r2_class_3,r2_class_4,r2_class_5,r2_mean,time
0.981950700235321,0.9893333290363024,0.9928612128395045,0.9921053320746744,0.9431926599925124,0.9699067463475566,0.978224996754312,0.018427360037107647,0.01977170150464972,0.013996194109507911,0.007696886546721233,0.01032501250862892,0.015860371783063015,0.014346254414946408,0.0017725068476162694,0.001408748676017734,0.0008399922433782923,0.00031168972864533914,0.0007634558183141877,0.0013359630830907681,0.0010720593995104319,0.9819504002076083,0.9893314229756577,0.9928610617888889,0.9920993830355438,0.9431431158124426,0.9698937274576328,0.9782131852129624,68.39707827568054
