expl_var_class_0,expl_var_class_1,expl_var_class_2,expl_var_class_3,expl_var_class_4,expl_var_class_5,expl_var_mean,mae_class_0,mae_class_1,mae_class_2,mae_class_3,mae_class_4,mae_class_5,mae_mean,mse_class_0,mse_class_1,mse_class_2,mse_class_3,mse_class_4,mse_class_5,mse_mean,r2_class_0,r2_class_1,r2_class_2,r2_class_3,r2_class_4,r2_class_5,r2_mean,time
0.9825935991216065,0.9900182752249825,0.9937231791769947,0.9919388071909315,0.946424594049602,0.9730085353029527,0.979617831677845,0.018291403394390796,0.018915912733830097,0.01338532395529595,0.0074564690279646075,0.01028548196555093,0.015269131889706616,0.013933953827789834,0.001686651537805293,0.0013059337560405303,0.0007528649021274522,0.00032038810017169256,0.0007498771156479687,0.0011881500197856354,0.0010006442385964288,0.9825919063937126,0.990013279624169,0.9937202469570358,0.9919379641517919,0.9463772907824107,0.97300532240267,0.9796076683852984,123.66791653633118
