expl_var_class_0,expl_var_class_1,expl_var_class_2,expl_var_class_3,expl_var_class_4,expl_var_class_5,expl_var_mean,mae_class_0,mae_class_1,mae_class_2,mae_class_3,mae_class_4,mae_class_5,mae_mean,mse_class_0,mse_class_1,mse_class_2,mse_class_3,mse_class_4,mse_class_5,mse_mean,r2_class_0,r2_class_1,r2_class_2,r2_class_3,r2_class_4,r2_class_5,r2_mean,time
0.9829885552178638,0.9896418788527304,0.9933521046983081,0.9921158759179404,0.9426276820952035,0.9735076456364608,0.9790389570697511,0.018056731771279488,0.019277793734726406,0.013652637289507276,0.007519351771128663,0.010175469795251071,0.015085562169238011,0.013961257755188486,0.0016683728455490973,0.001357398957885848,0.0007956274370150833,0.00030719345926177015,0.0007507511688811067,0.0011671004725009716,0.001007740723515646,0.9829885147962444,0.9896386352952294,0.9933516802128005,0.9921096753540859,0.9426188806199935,0.9735026907769976,0.9790350128425586,177.55941009521484
