expl_var_class_0,expl_var_class_1,expl_var_class_2,expl_var_class_3,expl_var_class_4,expl_var_class_5,expl_var_mean,mae_class_0,mae_class_1,mae_class_2,mae_class_3,mae_class_4,mae_class_5,mae_mean,mse_class_0,mse_class_1,mse_class_2,mse_class_3,mse_class_4,mse_class_5,mse_mean,r2_class_0,r2_class_1,r2_class_2,r2_class_3,r2_class_4,r2_class_5,r2_mean,time
0.9820167472812488,0.9898205264780536,0.9932075659988986,0.9920552432237004,0.934764432864002,0.971633199092196,0.9772496191563499,0.01812509037882163,0.019150901585635288,0.01367148594221148,0.007636826196351452,0.010409919384682768,0.015337426617900765,0.014055275017600564,0.0017372598130923136,0.0013479472534545457,0.0008270667369003525,0.00031896005690801554,0.0007963984998127879,0.0012444673594537601,0.001045349953270296,0.982015616547743,0.9898197197995847,0.9932075628089065,0.9920486577988085,0.9347514644486783,0.9716319423177546,0.9772458272869127,129.1404197216034
