expl_var_class_0,expl_var_class_1,expl_var_class_2,expl_var_class_3,expl_var_class_4,expl_var_class_5,expl_var_mean,mae_class_0,mae_class_1,mae_class_2,mae_class_3,mae_class_4,mae_class_5,mae_mean,mse_class_0,mse_class_1,mse_class_2,mse_class_3,mse_class_4,mse_class_5,mse_mean,r2_class_0,r2_class_1,r2_class_2,r2_class_3,r2_class_4,r2_class_5,r2_mean,time
0.9821824753731894,0.9901854569234325,0.9936730809967166,0.9925004183898033,0.9453231718886946,0.9716475913920403,0.9792520324939794,0.018399550092526095,0.01877699982784475,0.013478351740215415,0.007600229257950994,0.010429235630700109,0.015555529032354774,0.014039982596932022,0.0017512900914955938,0.0012850472162838544,0.000759975099120884,0.00029775205602057124,0.000784993489027608,0.0012473877690218774,0.0010210742868283981,0.9821814543084845,0.9901840499390877,0.9936726961459433,0.9925004144762464,0.9453034647549531,0.9716380765634797,0.9792466926980324,117.85552549362183
