expl_var_class_0,expl_var_class_1,expl_var_class_2,expl_var_class_3,expl_var_class_4,expl_var_class_5,expl_var_mean,mae_class_0,mae_class_1,mae_class_2,mae_class_3,mae_class_4,mae_class_5,mae_mean,mse_class_0,mse_class_1,mse_class_2,mse_class_3,mse_class_4,mse_class_5,mse_mean,r2_class_0,r2_class_1,r2_class_2,r2_class_3,r2_class_4,r2_class_5,r2_mean,time
0.9808312734752292,0.990147538613745,0.9937411243010392,0.9923392652801948,0.9438736560392673,0.9702768396252947,0.9785349495557951,0.018748475874355245,0.01891873379696569,0.013366669497538428,0.007344464293376625,0.010315615731276182,0.01569304009995954,0.014064499882245285,0.0018378305275001316,0.0012925519040763724,0.0007526066625756787,0.0003072274230325648,0.0007440686919668671,0.0012868522994017254,0.0010368562514255567,0.9808295022583352,0.9901472042333603,0.9937409907994698,0.9923366381551147,0.9438618208751516,0.9702733031506663,0.978531576578683,122.72762417793274
