expl_var_class_0,expl_var_class_1,expl_var_class_2,expl_var_class_3,expl_var_class_4,expl_var_class_5,expl_var_mean,mae_class_0,mae_class_1,mae_class_2,mae_class_3,mae_class_4,mae_class_5,mae_mean,mse_class_0,mse_class_1,mse_class_2,mse_class_3,mse_class_4,mse_class_5,mse_mean,r2_class_0,r2_class_1,r2_class_2,r2_class_3,r2_class_4,r2_class_5,r2_mean,time
0.9823671008809037,0.9898151971408768,0.9934196941089452,0.9920363257120721,0.9444746440671793,0.9716321475747192,0.9789575182474494,0.018263415792866916,0.01922586524257546,0.013817371443708787,0.0075796004858718945,0.010549561233663624,0.015535091166669365,0.014161817560892674,0.0017331387048007082,0.001333394112606448,0.0007903878676841271,0.00031621166948503945,0.0007970965564724495,0.0012483933984809873,0.0010364370515882932,0.9823661360552481,0.9898147477734638,0.9934194893922413,0.9920354657139693,0.9444601509385672,0.9716152115118629,0.9789518668975586,181.7821216583252
