expl_var_class_0,expl_var_class_1,expl_var_class_2,expl_var_class_3,expl_var_class_4,expl_var_class_5,expl_var_mean,mae_class_0,mae_class_1,mae_class_2,mae_class_3,mae_class_4,mae_class_5,mae_mean,mse_class_0,mse_class_1,mse_class_2,mse_class_3,mse_class_4,mse_class_5,mse_mean,r2_class_0,r2_class_1,r2_class_2,r2_class_3,r2_class_4,r2_class_5,r2_mean,time
0.9822051814446617,0.9900968264733826,0.9931857318243005,0.9919945596838323,0.9317620303173026,0.9714574883913611,0.9767836363558069,0.018031105467188918,0.018906208659793592,0.013740962327796214,0.007637872520454843,0.01053322888967234,0.015313379717551623,0.014027126263742919,0.0017191235547373371,0.0013113714307192144,0.0008297272206892945,0.0003214673149062915,0.0008331060692616638,0.001252179647323231,0.0010444958729395055,0.9822033659115326,0.9900959562198542,0.9931857130980815,0.9919861544668106,0.9317440314226861,0.9714561380867467,0.9767785598676185,141.60239386558533
