expl_var_class_0,expl_var_class_1,expl_var_class_2,expl_var_class_3,expl_var_class_4,expl_var_class_5,expl_var_mean,mae_class_0,mae_class_1,mae_class_2,mae_class_3,mae_class_4,mae_class_5,mae_mean,mse_class_0,mse_class_1,mse_class_2,mse_class_3,mse_class_4,mse_class_5,mse_mean,r2_class_0,r2_class_1,r2_class_2,r2_class_3,r2_class_4,r2_class_5,r2_mean,time
0.9826643550472732,0.9891903389931107,0.9929065902106287,0.9917666163534292,0.9497069097658645,0.9716703746498266,0.9796508641700221,0.018371375195686622,0.01977659316408689,0.0141241222263817,0.007700034097733519,0.010054168004020848,0.01552315220544603,0.01425824081555927,0.001700322658938021,0.0014165168249273242,0.0008439516978490654,0.000327187070789679,0.0006907472985072229,0.0012590244283992296,0.0010396249965684238,0.9826640609172081,0.9891879130594232,0.9929065898127012,0.9917637535277031,0.949699985815618,0.9716690261987232,0.9796485548885628,83.9076566696167
