expl_var_class_0,expl_var_class_1,expl_var_class_2,expl_var_class_3,expl_var_class_4,expl_var_class_5,expl_var_mean,mae_class_0,mae_class_1,mae_class_2,mae_class_3,mae_class_4,mae_class_5,mae_mean,mse_class_0,mse_class_1,mse_class_2,mse_class_3,mse_class_4,mse_class_5,mse_mean,r2_class_0,r2_class_1,r2_class_2,r2_class_3,r2_class_4,r2_class_5,r2_mean,time
0.9829189761613601,0.9896156199618429,0.9931733709299783,0.9916826485145229,0.9408864119896901,0.9734506871621748,0.9786212857865948,0.018575279295787152,0.019515667012671316,0.0138223274252416,0.007906023343567877,0.010541036210575514,0.015573597344447479,0.014322321772048492,0.0016880014739011286,0.0013603248299246652,0.0008097605498682861,0.00033120865725118495,0.0008014711353343826,0.001149063555497065,0.001023305033629452,0.9829186800618237,0.9896148691023902,0.9931722977395997,0.9916794195831368,0.9408544017284901,0.9734324054060486,0.9786120122702483,46.69385528564453
