expl_var_class_0,expl_var_class_1,expl_var_class_2,expl_var_class_3,expl_var_class_4,expl_var_class_5,expl_var_mean,mae_class_0,mae_class_1,mae_class_2,mae_class_3,mae_class_4,mae_class_5,mae_mean,mse_class_0,mse_class_1,mse_class_2,mse_class_3,mse_class_4,mse_class_5,mse_mean,r2_class_0,r2_class_1,r2_class_2,r2_class_3,r2_class_4,r2_class_5,r2_mean,time
0.9827122908351794,0.9895797899710091,0.9932003018748305,0.9921791553909359,0.9417859361907388,0.973101969982865,0.9787599073742599,0.018077349877286486,0.01944706512151219,0.013909752196496282,0.007594484475813548,0.01031235903721824,0.015253940482054733,0.014099158531730245,0.0016897405856778765,0.0013657157860886638,0.00082188702286933,0.0003104204907050636,0.0007584537277128316,0.0011917369521904433,0.0010229924275407015,0.9827122861220923,0.9895784360797889,0.9931981333356182,0.9921773109463022,0.9417833816565299,0.9730958142888546,0.9787575604048643,91.88822603225708
