expl_var_class_0,expl_var_class_1,expl_var_class_2,expl_var_class_3,expl_var_class_4,expl_var_class_5,expl_var_mean,mae_class_0,mae_class_1,mae_class_2,mae_class_3,mae_class_4,mae_class_5,mae_mean,mse_class_0,mse_class_1,mse_class_2,mse_class_3,mse_class_4,mse_class_5,mse_mean,r2_class_0,r2_class_1,r2_class_2,r2_class_3,r2_class_4,r2_class_5,r2_mean,time
0.9828717282327311,0.989943511046689,0.99346821947662,0.9917251321453731,0.9400867354182542,0.9713939640944702,0.9782482150690228,0.01805763323065226,0.019358213397826198,0.013749134911155352,0.007687320328919392,0.010615098901898433,0.015351947765055713,0.014136558089251225,0.0016740424386195954,0.001317655588090222,0.0007828992248559334,0.00032660672475511043,0.0007993198350593274,0.001253379683641423,0.001025650582503602,0.982868569676079,0.989943448972089,0.9934681082386374,0.9917195288964928,0.9400441129119959,0.9713845222315773,0.9782380484878118,181.93217062950134
