expl_var;mae;mse;r2;time
0.8952305882492345;0.047920914063012;0.007939718301651947;0.8944355646174479;37.53516912460327
