expl_var;mae;mse;r2;time
0.900200692322541;0.045648493680213016;0.0072562890018673465;0.8992685661987588;55.40244650840759
