expl_var;mae;mse;r2;time
0.9004046719296114;0.045630578860774505;0.007238068355811468;0.8994308081042585;53.12311339378357
