expl_var;mae;mse;r2;time
0.8969220320374878;0.04569487918591553;0.00727621869037172;0.8958176491842201;52.722960233688354
