expl_var;mae;mse;r2;time
0.867403685956929;0.056214670509839165;0.01117535936188165;0.866672659874043;48.3584144115448
