expl_var;mae;mse;r2;time
0.9023112102846068;0.04535540722248268;0.0071640401903050295;0.9014083639903422;53.05291724205017
