expl_var;mae;mse;r2;time
0.9000740946367739;0.04729127110927244;0.007785641000388311;0.8995173047541293;49.940494537353516
