expl_var;mae;mse;r2;time
0.8936580111448014;0.04878288830051037;0.008276340582781615;0.8928691062160475;47.00109028816223
