expl_var;mae;mse;r2;time
0.86392063114943;0.05748500444429203;0.01149616392952454;0.8632227264740031;4.689776420593262
