expl_var;mae;mse;r2;time
0.898816786844311;0.045546294893271076;0.007218476412682788;0.8977823956784282;55.292290925979614
