expl_var_class_0,expl_var_class_1,expl_var_class_2,expl_var_class_3,expl_var_class_4,expl_var_class_5,expl_var_mean,mae_class_0,mae_class_1,mae_class_2,mae_class_3,mae_class_4,mae_class_5,mae_mean,mse_class_0,mse_class_1,mse_class_2,mse_class_3,mse_class_4,mse_class_5,mse_mean,r2_class_0,r2_class_1,r2_class_2,r2_class_3,r2_class_4,r2_class_5,r2_mean,time
0.882258182214738,0.873895445633099,0.8882238045668693,0.9155734972574172,0.8209271913906824,0.8852772152150844,0.877692556046315,0.06098916740331603,0.0950607608115327,0.07600345031965725,0.026948989074338393,0.020011401315965585,0.03897588727328248,0.05299827603301541,0.01185844091139712,0.017062791885187095,0.013819601507252808,0.003356149482149635,0.0021208784670532542,0.005092335036143961,0.008885032881530646,0.8814919042657744,0.8737886963200167,0.8878359732392619,0.9148472546528408,0.8139094770714709,0.8846707560271106,0.8760906769294126,7.979691743850708
