expl_var_class_0,expl_var_class_1,expl_var_class_2,expl_var_class_3,expl_var_class_4,expl_var_class_5,expl_var_mean,mae_class_0,mae_class_1,mae_class_2,mae_class_3,mae_class_4,mae_class_5,mae_mean,mse_class_0,mse_class_1,mse_class_2,mse_class_3,mse_class_4,mse_class_5,mse_mean,r2_class_0,r2_class_1,r2_class_2,r2_class_3,r2_class_4,r2_class_5,r2_mean,time
0.8813064362681732,0.878653994596902,0.88275627974752,0.8937124753614007,0.7739127189078667,0.8916415504075192,0.8669972425482304,0.05813195567274216,0.09280049097649891,0.07883720695441195,0.031195417415658983,0.021633543362669014,0.03727134757856307,0.05331166032675735,0.012090647191645569,0.016427165387558954,0.01445711086789019,0.004274339173442474,0.002674664667549972,0.004797545144520204,0.009120245405434562,0.8791713357951483,0.8784903447641282,0.8826617562439871,0.891550803353846,0.7653190626550235,0.8913470440345789,0.864756724474452,11.784504652023315
