expl_var_class_0,expl_var_class_1,expl_var_class_2,expl_var_class_3,expl_var_class_4,expl_var_class_5,expl_var_mean,mae_class_0,mae_class_1,mae_class_2,mae_class_3,mae_class_4,mae_class_5,mae_mean,mse_class_0,mse_class_1,mse_class_2,mse_class_3,mse_class_4,mse_class_5,mse_mean,r2_class_0,r2_class_1,r2_class_2,r2_class_3,r2_class_4,r2_class_5,r2_mean,time
0.8835162421287424,0.8704786840627106,0.8770364085222332,0.9026740727078296,0.7996301754385031,0.8916965023358384,0.8708386808659762,0.05846763599179475,0.09485871418981244,0.08164925445304644,0.029785928731057405,0.020707073712400416,0.03705696436309151,0.05375426190686716,0.01182644493682854,0.017549680446421304,0.0151518857847651,0.003913792936645558,0.0023608793042091893,0.004791239597229916,0.009265653834349933,0.8818116581057281,0.8701872434936717,0.8770227548351441,0.9006986384104,0.7928512778472193,0.8914898496427454,0.869010237055818,10.8860182762146
