expl_var_class_0,expl_var_class_1,expl_var_class_2,expl_var_class_3,expl_var_class_4,expl_var_class_5,expl_var_mean,mae_class_0,mae_class_1,mae_class_2,mae_class_3,mae_class_4,mae_class_5,mae_mean,mse_class_0,mse_class_1,mse_class_2,mse_class_3,mse_class_4,mse_class_5,mse_mean,r2_class_0,r2_class_1,r2_class_2,r2_class_3,r2_class_4,r2_class_5,r2_mean,time
0.8622029701929592,0.8713671062864687,0.8868856970559218,0.9114146061183599,0.7628788305103826,0.8935897275563854,0.8647231562867463,0.06366105341952971,0.09629102041617525,0.07631816197499179,0.029564163612128744,0.026034350922553344,0.036545065189574955,0.05473563592249231,0.013942614702857375,0.017405811064869568,0.014005280045953446,0.0035732250467194085,0.0029181858404996406,0.004699362002647484,0.009424079783924486,0.8606635787674576,0.8712514270298398,0.8863289505821482,0.9093395797506307,0.7439519814561955,0.89357065804322,0.860851029271582,10.093738317489624
