expl_var_class_0,expl_var_class_1,expl_var_class_2,expl_var_class_3,expl_var_class_4,expl_var_class_5,expl_var_mean,mae_class_0,mae_class_1,mae_class_2,mae_class_3,mae_class_4,mae_class_5,mae_mean,mse_class_0,mse_class_1,mse_class_2,mse_class_3,mse_class_4,mse_class_5,mse_mean,r2_class_0,r2_class_1,r2_class_2,r2_class_3,r2_class_4,r2_class_5,r2_mean,time
0.8682444682982974,0.8612115641505856,0.874372733533697,0.9028515450398404,0.7926131040566609,0.8876499098095909,0.8644905541481119,0.06415447917155154,0.09821936760399308,0.08073601250784149,0.030437723306956786,0.023377148066869708,0.03896497569429857,0.05598161772525186,0.013370280878337502,0.018824575991669944,0.015496919141247312,0.003920771362028,0.002505731286296588,0.004979157691878799,0.009849572725243025,0.8663832338363587,0.8607570031259555,0.8742223607275784,0.9005215807189367,0.7801416476102119,0.8872339529606031,0.8615432964966074,8.444608449935913
