expl_var_class_0,expl_var_class_1,expl_var_class_2,expl_var_class_3,expl_var_class_4,expl_var_class_5,expl_var_mean,mae_class_0,mae_class_1,mae_class_2,mae_class_3,mae_class_4,mae_class_5,mae_mean,mse_class_0,mse_class_1,mse_class_2,mse_class_3,mse_class_4,mse_class_5,mse_mean,r2_class_0,r2_class_1,r2_class_2,r2_class_3,r2_class_4,r2_class_5,r2_mean,time
0.8786604717243358,0.865722913562551,0.8759808989322101,0.8969094064456541,0.7999061626722896,0.8891193091215758,0.867716527076436,0.059368849341143226,0.0977686718638209,0.08326552720319395,0.02944159350780677,0.020854650071706445,0.03687563924840119,0.05459582187267875,0.012344477344879201,0.018200231666891668,0.015281013453108474,0.004135548135720171,0.002374372865061151,0.0048999972937354055,0.009539273459899347,0.8766346677521567,0.8653751987709409,0.8759747159868447,0.8950722310955166,0.791667323257592,0.8890267471906905,0.8656251473422903,8.199793815612793
