expl_var_class_0,expl_var_class_1,expl_var_class_2,expl_var_class_3,expl_var_class_4,expl_var_class_5,expl_var_mean,mae_class_0,mae_class_1,mae_class_2,mae_class_3,mae_class_4,mae_class_5,mae_mean,mse_class_0,mse_class_1,mse_class_2,mse_class_3,mse_class_4,mse_class_5,mse_mean,r2_class_0,r2_class_1,r2_class_2,r2_class_3,r2_class_4,r2_class_5,r2_mean,time
0.8719398229349172,0.8825440249642882,0.8922895003740154,0.8980116540242501,0.8178388075618584,0.8883661581739407,0.8751649946722119,0.06618541011423534,0.09126268512612494,0.07404922497641421,0.029344163923391474,0.020369090898816954,0.03790335564942063,0.05318565511473392,0.012836022852957695,0.015902843856958497,0.013348606377330333,0.0040872044425563124,0.002159656342327074,0.004930148886715728,0.00887741379314094,0.8717223759454733,0.8823686845088694,0.8916587108434596,0.8962988147786982,0.8105070213438739,0.888343885517545,0.8734832488229864,9.016870737075806
