expl_var_class_0,expl_var_class_1,expl_var_class_2,expl_var_class_3,expl_var_class_4,expl_var_class_5,expl_var_mean,mae_class_0,mae_class_1,mae_class_2,mae_class_3,mae_class_4,mae_class_5,mae_mean,mse_class_0,mse_class_1,mse_class_2,mse_class_3,mse_class_4,mse_class_5,mse_mean,r2_class_0,r2_class_1,r2_class_2,r2_class_3,r2_class_4,r2_class_5,r2_mean,time
0.883333220877319,0.8862322208438526,0.8987534785633235,0.8890442279682085,0.7843904647667397,0.8990532362987073,0.8734678082196917,0.06067139354246898,0.08939443976295204,0.07312907231958238,0.03306127395168089,0.023203697134505045,0.03486244103521849,0.05238705295773464,0.011778476745630722,0.015456278158633334,0.01250893333530475,0.004508371170575391,0.0026030277859457208,0.004458458911059616,0.008552257684524922,0.8822910313249517,0.8856718742414541,0.8984737488535353,0.885612907213957,0.7716046395826002,0.8990265385432977,0.870446789959966,11.13731050491333
