expl_var_class_0,expl_var_class_1,expl_var_class_2,expl_var_class_3,expl_var_class_4,expl_var_class_5,expl_var_mean,mae_class_0,mae_class_1,mae_class_2,mae_class_3,mae_class_4,mae_class_5,mae_mean,mse_class_0,mse_class_1,mse_class_2,mse_class_3,mse_class_4,mse_class_5,mse_mean,r2_class_0,r2_class_1,r2_class_2,r2_class_3,r2_class_4,r2_class_5,r2_mean,time
0.8781053239098179,0.872678602923296,0.8822354626085962,0.9122804652745331,0.7800477028349987,0.8903727451505521,0.8692867171169656,0.061369472813476114,0.09551097599461505,0.07727868973306773,0.02854641041316114,0.022953190489736115,0.03751746107906491,0.053862700087186834,0.012325775972887454,0.01722372034180658,0.01458054862973831,0.003519330901865816,0.0026307013278718035,0.004856913630948954,0.00918949846751982,0.8768215611219444,0.8725983289729949,0.8816598983817361,0.910706990355203,0.7691765023893058,0.8900024894035412,0.8668276284374542,11.313036680221558
