expl_var_class_0,expl_var_class_1,expl_var_class_2,expl_var_class_3,expl_var_class_4,expl_var_class_5,expl_var_mean,mae_class_0,mae_class_1,mae_class_2,mae_class_3,mae_class_4,mae_class_5,mae_mean,mse_class_0,mse_class_1,mse_class_2,mse_class_3,mse_class_4,mse_class_5,mse_mean,r2_class_0,r2_class_1,r2_class_2,r2_class_3,r2_class_4,r2_class_5,r2_mean,time
0.8697927656860391,0.765494549745668,0.8164053758548399,0.9038051302598127,0.7640169370561867,0.8576914406574381,0.8295343665433309,0.0630248980571992,0.12621227354112058,0.10249233458376507,0.028605437506280636,0.023588071293735656,0.04228643156178817,0.06436824109064822,0.013124313649490703,0.03212588732472406,0.02270301818196297,0.0038344753947996816,0.002824614016597256,0.006292833775643287,0.013484190390536326,0.8688413232362597,0.7623688931792174,0.8157355016658923,0.902711095387745,0.7521621782741038,0.8574823226200065,0.8265502190605374,5.872659206390381
