expl_var_class_0,expl_var_class_1,expl_var_class_2,expl_var_class_3,expl_var_class_4,expl_var_class_5,expl_var_mean,mae_class_0,mae_class_1,mae_class_2,mae_class_3,mae_class_4,mae_class_5,mae_mean,mse_class_0,mse_class_1,mse_class_2,mse_class_3,mse_class_4,mse_class_5,mse_mean,r2_class_0,r2_class_1,r2_class_2,r2_class_3,r2_class_4,r2_class_5,r2_mean,time
0.8766823770038248,0.8811768687466423,0.8928916358203666,0.9036319136875225,0.8013626668195225,0.8908352237074353,0.8744301142975525,0.06312982344125874,0.09182687643118516,0.07427089038022312,0.03032021880789773,0.021860785496547578,0.03752862220611016,0.05315620279387041,0.012434164839859006,0.016079022364707197,0.013252152146276414,0.003878120523661669,0.0023785498172800798,0.00482209427858378,0.008807350661728023,0.8757383699740049,0.8810655144712238,0.8924415622843959,0.9016037244069839,0.791300828319413,0.8907910646947188,0.8721568440251234,7.576688766479492
