expl_var_class_0,expl_var_class_1,expl_var_class_2,expl_var_class_3,expl_var_class_4,expl_var_class_5,expl_var_mean,mae_class_0,mae_class_1,mae_class_2,mae_class_3,mae_class_4,mae_class_5,mae_mean,mse_class_0,mse_class_1,mse_class_2,mse_class_3,mse_class_4,mse_class_5,mse_mean,r2_class_0,r2_class_1,r2_class_2,r2_class_3,r2_class_4,r2_class_5,r2_mean,time
0.8718048066754877,0.8544549006180098,0.8676675675751937,0.9014594160599083,0.7911363615163778,0.8931685077008249,0.8632819266909669,0.062373704817838466,0.09990232432124652,0.08375307343445594,0.02934158558714473,0.021694457308230976,0.037257438842824425,0.055720430718623516,0.012986283564868077,0.019722123963560552,0.016318892156660995,0.003960158887434693,0.0024886715129156293,0.0047330170845876944,0.010034857861671274,0.870220735808695,0.8541179548148767,0.8675509814371496,0.8995222343135845,0.7816385094996703,0.8928084507005254,0.8609764777624168,11.37430715560913
