expl_var_class_0,expl_var_class_1,expl_var_class_2,expl_var_class_3,expl_var_class_4,expl_var_class_5,expl_var_mean,mae_class_0,mae_class_1,mae_class_2,mae_class_3,mae_class_4,mae_class_5,mae_mean,mse_class_0,mse_class_1,mse_class_2,mse_class_3,mse_class_4,mse_class_5,mse_mean,r2_class_0,r2_class_1,r2_class_2,r2_class_3,r2_class_4,r2_class_5,r2_mean,time
0.8783584370113715,0.8836259096775488,0.8986437387429665,0.9143409800623044,0.8078483238427707,0.8867503141994754,0.8782612839227396,0.0609760214417992,0.09127883958026374,0.07263301446338931,0.028506338767964705,0.02212897906162503,0.03937536857460812,0.05248309364827502,0.012347971184388701,0.015769502906374636,0.012542566940258872,0.0034414755408566583,0.002316848176915656,0.005054617146120649,0.008578830315819195,0.8765997518411895,0.8833549905788466,0.8982007684376996,0.9126823486535103,0.7967146654153767,0.8855249762835876,0.8755129168683684,12.553565502166748
