expl_var_class_0,expl_var_class_1,expl_var_class_2,expl_var_class_3,expl_var_class_4,expl_var_class_5,expl_var_mean,mae_class_0,mae_class_1,mae_class_2,mae_class_3,mae_class_4,mae_class_5,mae_mean,mse_class_0,mse_class_1,mse_class_2,mse_class_3,mse_class_4,mse_class_5,mse_mean,r2_class_0,r2_class_1,r2_class_2,r2_class_3,r2_class_4,r2_class_5,r2_mean,time
0.8733114029092808,0.8750795431071209,0.8860618212640577,0.8863116729527756,0.7976789974840384,0.8892758662407229,0.8679532173263329,0.06119067473555068,0.09377117865110532,0.07655718333829659,0.031024864822980405,0.02178540192651921,0.03749042499866974,0.053636621412186995,0.012858179923802206,0.016905653307556754,0.014083278852674918,0.004573303265267196,0.0024164899343103053,0.004906704821221632,0.009290601684138835,0.8715009478258369,0.8749510304136746,0.8856958888951074,0.8839654400336193,0.7879718793353941,0.8888748376897596,0.8654933373655654,8.990176677703857
