expl_var_class_0,expl_var_class_1,expl_var_class_2,expl_var_class_3,expl_var_class_4,expl_var_class_5,expl_var_mean,mae_class_0,mae_class_1,mae_class_2,mae_class_3,mae_class_4,mae_class_5,mae_mean,mse_class_0,mse_class_1,mse_class_2,mse_class_3,mse_class_4,mse_class_5,mse_mean,r2_class_0,r2_class_1,r2_class_2,r2_class_3,r2_class_4,r2_class_5,r2_mean,time
0.8755752697891832,0.8798752460321659,0.8917411015007541,0.913346723467162,0.8078406369949873,0.8784645748453408,0.8744739254382656,0.06478526712779516,0.09280545696373577,0.07505708758071225,0.027714300330260476,0.0209697745704248,0.039539398359535655,0.05347854748874401,0.01248377990380027,0.016278241776932042,0.013373529304030005,0.003457562096643116,0.0022868088393743122,0.005368748363895209,0.008874778380779158,0.875242538625572,0.8795919137906056,0.8914564289024187,0.9122741980643655,0.7993503826987258,0.8784106533654993,0.8727210192411978,10.68368124961853
