expl_var_class_0,expl_var_class_1,expl_var_class_2,expl_var_class_3,expl_var_class_4,expl_var_class_5,expl_var_mean,mae_class_0,mae_class_1,mae_class_2,mae_class_3,mae_class_4,mae_class_5,mae_mean,mse_class_0,mse_class_1,mse_class_2,mse_class_3,mse_class_4,mse_class_5,mse_mean,r2_class_0,r2_class_1,r2_class_2,r2_class_3,r2_class_4,r2_class_5,r2_mean,time
0.8731181391769329,0.8810099090051117,0.8993492265809142,0.8935983307619663,0.7941361819852832,0.892061045268475,0.8722121387964471,0.06212758567552358,0.09103763159121862,0.07316207697842989,0.03150675234867377,0.023728201229784272,0.03835476863167365,0.05331950274255062,0.012860663549554013,0.016149779415347003,0.012422559315873513,0.004300721565928826,0.002500264027652962,0.004773028821025538,0.008834502782563642,0.8714761275513537,0.8805421335576025,0.899174786276491,0.8908814251986155,0.7806213568607809,0.8919022802933022,0.8690996849563577,10.413394689559937
