expl_var_class_0,expl_var_class_1,expl_var_class_2,expl_var_class_3,expl_var_class_4,expl_var_class_5,expl_var_mean,mae_class_0,mae_class_1,mae_class_2,mae_class_3,mae_class_4,mae_class_5,mae_mean,mse_class_0,mse_class_1,mse_class_2,mse_class_3,mse_class_4,mse_class_5,mse_mean,r2_class_0,r2_class_1,r2_class_2,r2_class_3,r2_class_4,r2_class_5,r2_mean,time
0.8734937107191609,0.8745907198336194,0.8843691353223403,0.9115505684261221,0.7884091417029705,0.8990672896235383,0.8719134276046252,0.06200649781602711,0.09496280541891983,0.07767122705452537,0.02908801649185653,0.022006463549018248,0.03598438777068766,0.0536198996835058,0.012829771995850394,0.0169636227127576,0.014282773078533153,0.003552042987129254,0.0025193475083393297,0.004469729618436386,0.009102881316841017,0.8717848442900077,0.8745222380886446,0.8840767339812676,0.9098770142528191,0.7789469304589904,0.8987712839004715,0.8696631741620334,9.394345998764038
