expl_var_class_0,expl_var_class_1,expl_var_class_2,expl_var_class_3,expl_var_class_4,expl_var_class_5,expl_var_mean,mae_class_0,mae_class_1,mae_class_2,mae_class_3,mae_class_4,mae_class_5,mae_mean,mse_class_0,mse_class_1,mse_class_2,mse_class_3,mse_class_4,mse_class_5,mse_mean,r2_class_0,r2_class_1,r2_class_2,r2_class_3,r2_class_4,r2_class_5,r2_mean,time
0.8549507361412312,0.869601775920219,0.8879669157886745,0.9034911439032018,0.741824845366772,0.8855406436006771,0.8572293434534627,0.06741606007497583,0.09642730977404511,0.07817526616853068,0.029334488748047692,0.027125101551396757,0.03858426637266882,0.05617708211494415,0.01461260472297348,0.01768836732872,0.013826840116850677,0.00386538219013897,0.0031960897468560753,0.005055645628092609,0.009707488288938635,0.8539679901957269,0.8691613942460217,0.8877772225147769,0.9019269233813964,0.7195680839056664,0.8855016836197263,0.852983882977219,9.565189599990845
