expl_var_class_0,expl_var_class_1,expl_var_class_2,expl_var_class_3,expl_var_class_4,expl_var_class_5,expl_var_mean,mae_class_0,mae_class_1,mae_class_2,mae_class_3,mae_class_4,mae_class_5,mae_mean,mse_class_0,mse_class_1,mse_class_2,mse_class_3,mse_class_4,mse_class_5,mse_mean,r2_class_0,r2_class_1,r2_class_2,r2_class_3,r2_class_4,r2_class_5,r2_mean,time
0.8814730186044423,0.8746839789791611,0.8817790742310352,0.9043298162765394,0.7909607891250066,0.8931885652027199,0.8710692070698173,0.061198902401626246,0.09478978747254517,0.0791715237862395,0.0312050111651031,0.020775981514703137,0.03751680972184149,0.05410966934367643,0.011997085291351722,0.016982555249673768,0.01459719339558041,0.0038885948746202846,0.002465928086341295,0.004729788438087782,0.009110190889275878,0.8801063526932333,0.874382196518529,0.8815248044746968,0.9013379675494304,0.7836340675715502,0.8928815718438217,0.8689778267752102,5.9983811378479
