expl_var_class_0,expl_var_class_1,expl_var_class_2,expl_var_class_3,expl_var_class_4,expl_var_class_5,expl_var_mean,mae_class_0,mae_class_1,mae_class_2,mae_class_3,mae_class_4,mae_class_5,mae_mean,mse_class_0,mse_class_1,mse_class_2,mse_class_3,mse_class_4,mse_class_5,mse_mean,r2_class_0,r2_class_1,r2_class_2,r2_class_3,r2_class_4,r2_class_5,r2_mean,time
0.8831953121772635,0.8711833309499484,0.8964406521156695,0.9119438071847019,0.8175947042516897,0.8867477553089849,0.8778509269980429,0.06392953750699804,0.09421559383406572,0.0724345453200729,0.02712659914713029,0.021330713409708383,0.03887856797845467,0.052985926199405,0.011698707527773187,0.01745035651373022,0.012830800232886824,0.003498145443469373,0.0021797345388457918,0.005006261014612812,0.008777334211886367,0.8830882101596009,0.8709219300042919,0.8958613806680384,0.9112445110924318,0.8087453163958195,0.8866201273387851,0.8760802459431614,5.855334758758545
