expl_var_class_0,expl_var_class_1,expl_var_class_2,expl_var_class_3,expl_var_class_4,expl_var_class_5,expl_var_mean,mae_class_0,mae_class_1,mae_class_2,mae_class_3,mae_class_4,mae_class_5,mae_mean,mse_class_0,mse_class_1,mse_class_2,mse_class_3,mse_class_4,mse_class_5,mse_mean,r2_class_0,r2_class_1,r2_class_2,r2_class_3,r2_class_4,r2_class_5,r2_mean,time
0.8725769469578781,0.871459541924752,0.8848443382585879,0.8929046117481376,0.8150667727175607,0.8857136946214974,0.870427651038069,0.06631148542911651,0.0951322998416202,0.07764323204325525,0.030660479596844793,0.020349817933071487,0.037735997709067215,0.054638885425495914,0.012783556202854872,0.017404877734981027,0.014227165731234176,0.004303647339697896,0.002192861500395821,0.005047526339180572,0.009326605808057394,0.872246704804528,0.8712583307524421,0.8845280598742221,0.8908071920126307,0.8075935280320563,0.8856855661500737,0.8686865636043256,7.177613258361816
