expl_var_class_0,expl_var_class_1,expl_var_class_2,expl_var_class_3,expl_var_class_4,expl_var_class_5,expl_var_mean,mae_class_0,mae_class_1,mae_class_2,mae_class_3,mae_class_4,mae_class_5,mae_mean,mse_class_0,mse_class_1,mse_class_2,mse_class_3,mse_class_4,mse_class_5,mse_mean,r2_class_0,r2_class_1,r2_class_2,r2_class_3,r2_class_4,r2_class_5,r2_mean,time
0.8677279970118453,0.8831880585609491,0.903756458347117,0.9109552311341608,0.8024011223148273,0.8909782570903761,0.8765011874098793,0.06641431896800443,0.09124875064360569,0.07145243925540655,0.028293957252834453,0.021321086566817884,0.0387773014877302,0.05291797569573319,0.0133095338800315,0.015857133368016633,0.011886243860629482,0.0035639744737046486,0.0023525032307699493,0.004834679437742149,0.00863401137514906,0.8669903128903932,0.8827067991878751,0.9035276832136868,0.909574286724331,0.7935862128803246,0.890506040853846,0.8744818892917428,10.923060417175293
