expl_var_class_0,expl_var_class_1,expl_var_class_2,expl_var_class_3,expl_var_class_4,expl_var_class_5,expl_var_mean,mae_class_0,mae_class_1,mae_class_2,mae_class_3,mae_class_4,mae_class_5,mae_mean,mse_class_0,mse_class_1,mse_class_2,mse_class_3,mse_class_4,mse_class_5,mse_mean,r2_class_0,r2_class_1,r2_class_2,r2_class_3,r2_class_4,r2_class_5,r2_mean,time
0.8688218842699686,0.8851671072485855,0.8953681505223025,0.9090422249221578,0.7929761209289528,0.8794991799806211,0.8718124446454313,0.06438773262348811,0.08935996760561564,0.0727740015352905,0.02850813385667247,0.022171356702083138,0.040070055397213575,0.05287854128672723,0.01322340888073596,0.015565235249029053,0.012945231237705902,0.0036357983705100666,0.002473543934134346,0.00535375210076619,0.008866161628813587,0.8678510086376576,0.8848659324872234,0.8949326243446344,0.9077519596715459,0.7829658364020753,0.8787502829611195,0.869519607417376,10.384596824645996
