expl_var_class_0,expl_var_class_1,expl_var_class_2,expl_var_class_3,expl_var_class_4,expl_var_class_5,expl_var_mean,mae_class_0,mae_class_1,mae_class_2,mae_class_3,mae_class_4,mae_class_5,mae_mean,mse_class_0,mse_class_1,mse_class_2,mse_class_3,mse_class_4,mse_class_5,mse_mean,r2_class_0,r2_class_1,r2_class_2,r2_class_3,r2_class_4,r2_class_5,r2_mean,time
0.8712975660083506,0.8707639476448925,0.8896658982450947,0.912676221953678,0.7975158590566398,0.8922851802156686,0.8723674455207205,0.06194163356447044,0.09608506684213139,0.07727608968034316,0.0279151705352106,0.02220416647550635,0.037427313858652486,0.053808240159385734,0.013015135890420772,0.017494019886284903,0.013615749857885518,0.003489361458478738,0.002423799775479876,0.00476756520893926,0.009134272012914843,0.8699323982283755,0.8705989575851079,0.8894904943079667,0.9114673797223957,0.7873304978574353,0.8920260180770103,0.8701409576297152,7.0758302211761475
