expl_var_class_0,expl_var_class_1,expl_var_class_2,expl_var_class_3,expl_var_class_4,expl_var_class_5,expl_var_mean,mae_class_0,mae_class_1,mae_class_2,mae_class_3,mae_class_4,mae_class_5,mae_mean,mse_class_0,mse_class_1,mse_class_2,mse_class_3,mse_class_4,mse_class_5,mse_mean,r2_class_0,r2_class_1,r2_class_2,r2_class_3,r2_class_4,r2_class_5,r2_mean,time
0.8823065823328107,0.8763936243666883,0.8957248238036531,0.9156821182224342,0.7966875583632167,0.8785183912668139,0.8742188497259362,0.06176951041920791,0.09305767047685383,0.07360851732947357,0.02652084507236781,0.02278728384112226,0.040094405874330934,0.05297303883555939,0.011857589943966752,0.016780722690090434,0.012867845979687776,0.003349905285496866,0.0024522650352441907,0.005389632996169231,0.00878299365510921,0.8815004084637932,0.8758751263181472,0.8955607062865542,0.9150056833790637,0.7848328936065903,0.8779376662517844,0.871785414050989,8.67738652229309
