expl_var_class_0,expl_var_class_1,expl_var_class_2,expl_var_class_3,expl_var_class_4,expl_var_class_5,expl_var_mean,mae_class_0,mae_class_1,mae_class_2,mae_class_3,mae_class_4,mae_class_5,mae_mean,mse_class_0,mse_class_1,mse_class_2,mse_class_3,mse_class_4,mse_class_5,mse_mean,r2_class_0,r2_class_1,r2_class_2,r2_class_3,r2_class_4,r2_class_5,r2_mean,time
0.8696481446390538,0.8880716321490203,0.8880831728423466,0.8942696123051832,0.7677745244265433,0.8892245159639907,0.8661786003876898,0.06308396807291745,0.0896629520061453,0.07547812672237932,0.030905257222144857,0.022944547282670195,0.03810689862414427,0.05336362498840024,0.013166055889004645,0.015173022881776209,0.013858524320721311,0.004262957137383254,0.0027640653151249665,0.004918222537416759,0.00902380801357119,0.8684241694676118,0.8877670775356705,0.8875200640222565,0.8918395901385937,0.7574748539859172,0.8886139888862833,0.8636066240060555,12.25361180305481
