expl_var_class_0,expl_var_class_1,expl_var_class_2,expl_var_class_3,expl_var_class_4,expl_var_class_5,expl_var_mean,mae_class_0,mae_class_1,mae_class_2,mae_class_3,mae_class_4,mae_class_5,mae_mean,mse_class_0,mse_class_1,mse_class_2,mse_class_3,mse_class_4,mse_class_5,mse_mean,r2_class_0,r2_class_1,r2_class_2,r2_class_3,r2_class_4,r2_class_5,r2_mean,time
0.8841428987594486,0.8842548879886951,0.8903836436242623,0.8971660328881819,0.8106928752974859,0.8985243519161106,0.877527448412364,0.060797924964317664,0.09077345818867799,0.07433796231142137,0.03013132892169334,0.021261982308047055,0.03601609404701886,0.052219791790196035,0.011699287049956549,0.015652190353670603,0.013587127749115985,0.004140372687993887,0.0022604915904336606,0.004484307393936594,0.00863729613751788,0.8830824186672034,0.8842227366261776,0.8897227999191154,0.894949821806728,0.8016595157742342,0.898441132051602,0.8753464041408434,11.037429094314575
