expl_var_class_0,expl_var_class_1,expl_var_class_2,expl_var_class_3,expl_var_class_4,expl_var_class_5,expl_var_mean,mae_class_0,mae_class_1,mae_class_2,mae_class_3,mae_class_4,mae_class_5,mae_mean,mse_class_0,mse_class_1,mse_class_2,mse_class_3,mse_class_4,mse_class_5,mse_mean,r2_class_0,r2_class_1,r2_class_2,r2_class_3,r2_class_4,r2_class_5,r2_mean,time
0.8877421502501106,0.8844057177672593,0.8978186755329634,0.9261631960555003,0.8183525406504547,0.8758580907326493,0.881723395164823,0.059785918835967365,0.0911831990874462,0.07249491553163667,0.025563078056272625,0.019763506924823832,0.04089424599000364,0.05161414407102505,0.011339789404992381,0.015629535406088385,0.012658146151725938,0.0029328592122094604,0.0021384493015175077,0.00553086041427237,0.008371606648467674,0.8866750816187635,0.8843903123950431,0.89726269292509,0.9255870410526585,0.8123677735629777,0.8747392020418546,0.880170350599398,7.3894171714782715
