expl_var_class_0,expl_var_class_1,expl_var_class_2,expl_var_class_3,expl_var_class_4,expl_var_class_5,expl_var_mean,mae_class_0,mae_class_1,mae_class_2,mae_class_3,mae_class_4,mae_class_5,mae_mean,mse_class_0,mse_class_1,mse_class_2,mse_class_3,mse_class_4,mse_class_5,mse_mean,r2_class_0,r2_class_1,r2_class_2,r2_class_3,r2_class_4,r2_class_5,r2_mean,time
0.8726939732643939,0.8672295368348135,0.8893333757511288,0.894096854431032,0.8253759848350957,0.8932846049616437,0.8736690550130178,0.06337679028709413,0.09673648437350889,0.07654388694870237,0.030392736910444286,0.02121803404972346,0.03775174438742191,0.054336612826149176,0.012841026560446552,0.018020603923686457,0.013650004373395965,0.004268104639106748,0.0021017527454366574,0.004716558808317983,0.009266341841731727,0.8716723710712622,0.8667038823650194,0.8892124743960051,0.8917089869262618,0.8155876097850172,0.8931811914070599,0.8713444193251042,6.583366394042969
