expl_var_class_0,expl_var_class_1,expl_var_class_2,expl_var_class_3,expl_var_class_4,expl_var_class_5,expl_var_mean,mae_class_0,mae_class_1,mae_class_2,mae_class_3,mae_class_4,mae_class_5,mae_mean,mse_class_0,mse_class_1,mse_class_2,mse_class_3,mse_class_4,mse_class_5,mse_mean,r2_class_0,r2_class_1,r2_class_2,r2_class_3,r2_class_4,r2_class_5,r2_mean,time
0.8551643701204394,0.8732978447251526,0.8939446068934217,0.9018595210972145,0.79145171803194,0.8857331166671153,0.8669085295892138,0.0681710710061571,0.0955154592992436,0.07547004247652668,0.029004715559112382,0.022758775979468678,0.037074357334994604,0.05466573694258384,0.014537424930987622,0.01716252044234758,0.01309410927124812,0.00391892267442993,0.0025107605613062787,0.005046520684579415,0.009378376427483157,0.8547193043062838,0.8730510168536055,0.8937242856143497,0.9005684859074875,0.7797003680031795,0.8857083418284267,0.8645786337522222,8.28250527381897
