expl_var_class_0,expl_var_class_1,expl_var_class_2,expl_var_class_3,expl_var_class_4,expl_var_class_5,expl_var_mean,mae_class_0,mae_class_1,mae_class_2,mae_class_3,mae_class_4,mae_class_5,mae_mean,mse_class_0,mse_class_1,mse_class_2,mse_class_3,mse_class_4,mse_class_5,mse_mean,r2_class_0,r2_class_1,r2_class_2,r2_class_3,r2_class_4,r2_class_5,r2_mean,time
0.8841103529183594,0.8793390574458029,0.8833180967610043,0.9057551770772192,0.7874815588267073,0.890907640964238,0.8718186473322218,0.059806823645402664,0.0915576832729759,0.0778948351649923,0.029687017859234957,0.02225377212717731,0.03780691248555219,0.05316784075922256,0.01173361146357723,0.016376411628456346,0.014391890443340166,0.003791160402201146,0.002530743216615038,0.004837082539838802,0.008943483282338122,0.8827393954210807,0.8788657638717456,0.8831911047523893,0.9038100901000111,0.7779470460501898,0.8904516163224612,0.8695008360863129,10.993340253829956
