expl_var_class_0,expl_var_class_1,expl_var_class_2,expl_var_class_3,expl_var_class_4,expl_var_class_5,expl_var_mean,mae_class_0,mae_class_1,mae_class_2,mae_class_3,mae_class_4,mae_class_5,mae_mean,mse_class_0,mse_class_1,mse_class_2,mse_class_3,mse_class_4,mse_class_5,mse_mean,r2_class_0,r2_class_1,r2_class_2,r2_class_3,r2_class_4,r2_class_5,r2_mean,time
0.8758463055544553,0.8805139474460854,0.8820810969441528,0.897154761078696,0.7737723871341732,0.8823258082437168,0.8652823844002132,0.06065230692526845,0.09183738402289693,0.07843308990648089,0.031555517481528815,0.022225845824105205,0.039630285428117314,0.05405573826473293,0.01261106469290167,0.01621006451512254,0.01455279755077038,0.00417148956010635,0.0026871229365133865,0.005219248132771333,0.00924196456469761,0.8739705098584646,0.8800962123340216,0.8818851344540183,0.8941603196998983,0.7642259468437214,0.8817964770607023,0.8626891000418045,9.015935897827148
