expl_var_class_0,expl_var_class_1,expl_var_class_2,expl_var_class_3,expl_var_class_4,expl_var_class_5,expl_var_mean,mae_class_0,mae_class_1,mae_class_2,mae_class_3,mae_class_4,mae_class_5,mae_mean,mse_class_0,mse_class_1,mse_class_2,mse_class_3,mse_class_4,mse_class_5,mse_mean,r2_class_0,r2_class_1,r2_class_2,r2_class_3,r2_class_4,r2_class_5,r2_mean,time
0.8592572165166203,0.8822242612976725,0.901692931281733,0.8911501655098399,0.7901111627159202,0.8865269299475514,0.868493777878223,0.06676431801189403,0.09229088741542538,0.07226130692618359,0.032224948559355655,0.023544968233368907,0.03779054481740884,0.05414616232727273,0.014178989425975532,0.016034674029098226,0.012129813011048861,0.004418309202385166,0.0025445456551871294,0.005011175138763325,0.00905291774374304,0.8583013526935801,0.8813935534750931,0.9015508030054268,0.8878979734434428,0.7767359898527368,0.8865088341463606,0.8653980844361068,10.209984064102173
