expl_var_class_0,expl_var_class_1,expl_var_class_2,expl_var_class_3,expl_var_class_4,expl_var_class_5,expl_var_mean,mae_class_0,mae_class_1,mae_class_2,mae_class_3,mae_class_4,mae_class_5,mae_mean,mse_class_0,mse_class_1,mse_class_2,mse_class_3,mse_class_4,mse_class_5,mse_mean,r2_class_0,r2_class_1,r2_class_2,r2_class_3,r2_class_4,r2_class_5,r2_mean,time
0.872972515358667,0.8833914264287585,0.8993203403019286,0.9102730803415713,0.7935347261897703,0.8848558736269538,0.8740579937079417,0.06278021523408296,0.08986687344078957,0.07242571828587098,0.028363674458318285,0.021867935009782714,0.039499162764848626,0.05246726319894885,0.012821264760984111,0.01579091394671742,0.012451552841327014,0.0035891053447906465,0.0024607078881185933,0.005107731253819603,0.008703546005959564,0.8718698618915204,0.8831966158337877,0.8989394661362432,0.9089366623642362,0.7840920991995495,0.8843220684148521,0.8718927956400314,5.883127450942993
