expl_var_class_0,expl_var_class_1,expl_var_class_2,expl_var_class_3,expl_var_class_4,expl_var_class_5,expl_var_mean,mae_class_0,mae_class_1,mae_class_2,mae_class_3,mae_class_4,mae_class_5,mae_mean,mse_class_0,mse_class_1,mse_class_2,mse_class_3,mse_class_4,mse_class_5,mse_mean,r2_class_0,r2_class_1,r2_class_2,r2_class_3,r2_class_4,r2_class_5,r2_mean,time
0.8632575747845413,0.7706027697418794,0.8155799688180748,0.8890605895180888,0.7816294985194392,0.8732921048334836,0.8322370843692511,0.06395826218382326,0.1269976754615916,0.10353029285163501,0.030753094876232442,0.022809819297694753,0.038442881772079,0.06441533774050935,0.013830831298395331,0.03145516403363498,0.022883106648126792,0.004463136564901917,0.0026143789752168787,0.005594806510124999,0.013473570671733484,0.8617806934452188,0.767330148145374,0.8142738497125057,0.8867606066469768,0.770608661368787,0.8732909754744043,0.829007489132211,8.914009094238281
