expl_var_class_0,expl_var_class_1,expl_var_class_2,expl_var_class_3,expl_var_class_4,expl_var_class_5,expl_var_mean,mae_class_0,mae_class_1,mae_class_2,mae_class_3,mae_class_4,mae_class_5,mae_mean,mse_class_0,mse_class_1,mse_class_2,mse_class_3,mse_class_4,mse_class_5,mse_mean,r2_class_0,r2_class_1,r2_class_2,r2_class_3,r2_class_4,r2_class_5,r2_mean,time
0.8614172378183281,0.8834502720687754,0.8921480380348392,0.9068993896290218,0.816590092894153,0.8800463331757596,0.873425227270146,0.06668182719418154,0.09087787611528428,0.07677477469459165,0.02960683390941013,0.020476747036588853,0.040003664836240925,0.05407028729771623,0.01396074822158698,0.015811869120915964,0.013304087432368822,0.003745501142945246,0.002180717496965962,0.005304620391947171,0.00905125730112169,0.860482360275949,0.8830416130726784,0.8920200399404963,0.9049685639096066,0.8086590694969797,0.8798629989927583,0.8715057742814114,9.313788175582886
