expl_var_class_0,expl_var_class_1,expl_var_class_2,expl_var_class_3,expl_var_class_4,expl_var_class_5,expl_var_mean,mae_class_0,mae_class_1,mae_class_2,mae_class_3,mae_class_4,mae_class_5,mae_mean,mse_class_0,mse_class_1,mse_class_2,mse_class_3,mse_class_4,mse_class_5,mse_mean,r2_class_0,r2_class_1,r2_class_2,r2_class_3,r2_class_4,r2_class_5,r2_mean,time
0.8628361857578818,0.8960553390036158,0.9057167910469741,0.9030679730682255,0.7789262947857118,0.8880355452915957,0.8724396881590007,0.0668785228607403,0.08665578955813433,0.07179569179993263,0.030619816047518882,0.02363290721937061,0.03784800057861601,0.05290512134405212,0.013775069643964332,0.014139222184402238,0.011643120323815504,0.003904363738687584,0.0026617436896714452,0.00494396046572327,0.008511246674377396,0.862337951143004,0.8954139699457055,0.9055009466884011,0.9009378774838721,0.7664527775601985,0.8880310861919496,0.8697791015021884,11.348971128463745
