expl_var_class_0,expl_var_class_1,expl_var_class_2,expl_var_class_3,expl_var_class_4,expl_var_class_5,expl_var_mean,mae_class_0,mae_class_1,mae_class_2,mae_class_3,mae_class_4,mae_class_5,mae_mean,mse_class_0,mse_class_1,mse_class_2,mse_class_3,mse_class_4,mse_class_5,mse_mean,r2_class_0,r2_class_1,r2_class_2,r2_class_3,r2_class_4,r2_class_5,r2_mean,time
0.8757242869400415,0.8738995734156724,0.884541525940666,0.9072124884786401,0.8081377186027394,0.8900854890885759,0.8732668470777226,0.06304239526553525,0.09527218720379499,0.07848000522702772,0.02860375039142507,0.02170176706879234,0.03781865896169302,0.05415312735304473,0.012518654257354333,0.01710546009771548,0.014243117797987728,0.0037246217935625334,0.0022955121790779846,0.004858319745728709,0.009124280978571129,0.874894019519179,0.8734730849731083,0.8843985881205471,0.905498318001448,0.7985867326066339,0.8899706442571914,0.871136897913018,9.851704835891724
