expl_var_class_0,expl_var_class_1,expl_var_class_2,expl_var_class_3,expl_var_class_4,expl_var_class_5,expl_var_mean,mae_class_0,mae_class_1,mae_class_2,mae_class_3,mae_class_4,mae_class_5,mae_mean,mse_class_0,mse_class_1,mse_class_2,mse_class_3,mse_class_4,mse_class_5,mse_mean,r2_class_0,r2_class_1,r2_class_2,r2_class_3,r2_class_4,r2_class_5,r2_mean,time
0.8563457700140559,0.8782556827934713,0.894983588491018,0.8962298532005453,0.7796169812153582,0.8928075305124907,0.8663732343711565,0.06581316912733212,0.09231171854188104,0.07413080289044077,0.02999567901078325,0.0226727191176318,0.03715717410115399,0.0536802104648705,0.014525248758652924,0.016533530495288395,0.012951521057407182,0.0041765150679850555,0.0026344144276016913,0.004749647008572611,0.009261812802584644,0.8548409876715338,0.8777035755763584,0.894881574283247,0.894032811734323,0.7688507068846814,0.8924318225826002,0.8637902464554573,12.997048616409302
