expl_var_class_0,expl_var_class_1,expl_var_class_2,expl_var_class_3,expl_var_class_4,expl_var_class_5,expl_var_mean,mae_class_0,mae_class_1,mae_class_2,mae_class_3,mae_class_4,mae_class_5,mae_mean,mse_class_0,mse_class_1,mse_class_2,mse_class_3,mse_class_4,mse_class_5,mse_mean,r2_class_0,r2_class_1,r2_class_2,r2_class_3,r2_class_4,r2_class_5,r2_mean,time
0.8692592508197251,0.8870843553396902,0.8995346492558309,0.9009072183579072,0.7998371413604991,0.8809284395408398,0.8729251757790822,0.06570335299660349,0.08921706112161949,0.07117494322748304,0.03054122974941947,0.021449069520879358,0.039754987873125924,0.052973440748188466,0.013143029976200135,0.015310875487107283,0.012468964979003468,0.004000531204309357,0.002390528839820766,0.005272460286674214,0.008764398462185869,0.8686542804155343,0.8867473993287517,0.8987981440094598,0.8984979016263226,0.7902497626391308,0.880591348679276,0.8705898061164126,7.360849142074585
