expl_var_class_0,expl_var_class_1,expl_var_class_2,expl_var_class_3,expl_var_class_4,expl_var_class_5,expl_var_mean,mae_class_0,mae_class_1,mae_class_2,mae_class_3,mae_class_4,mae_class_5,mae_mean,mse_class_0,mse_class_1,mse_class_2,mse_class_3,mse_class_4,mse_class_5,mse_mean,r2_class_0,r2_class_1,r2_class_2,r2_class_3,r2_class_4,r2_class_5,r2_mean,time
0.8788488074902924,0.8759226993775004,0.8806703104977434,0.9034663188132567,0.7942414274952743,0.8922125708546335,0.8708936890881168,0.05942789958789351,0.09306983616518245,0.08034938777150663,0.029223312113772756,0.022291577452460958,0.03672161159776862,0.05351393744809749,0.012309612245476727,0.016798711015019032,0.014717089653755183,0.0038874363696326584,0.002460497289738039,0.004766022552193968,0.009156561520969267,0.8769830943765876,0.8757420689641378,0.8805516905174406,0.9013673613177114,0.7841105775628193,0.8920609555732437,0.8684692913853232,12.510221719741821
