expl_var_class_0,expl_var_class_1,expl_var_class_2,expl_var_class_3,expl_var_class_4,expl_var_class_5,expl_var_mean,mae_class_0,mae_class_1,mae_class_2,mae_class_3,mae_class_4,mae_class_5,mae_mean,mse_class_0,mse_class_1,mse_class_2,mse_class_3,mse_class_4,mse_class_5,mse_mean,r2_class_0,r2_class_1,r2_class_2,r2_class_3,r2_class_4,r2_class_5,r2_mean,time
0.882875064557963,0.8746539652149844,0.8875142511705846,0.9063908137625027,0.802576314869607,0.8911210318829976,0.8741885735764399,0.06003473156525267,0.09504976665721193,0.07955183469110226,0.028530629254646125,0.021501943078030477,0.03742095126980104,0.05368164275267409,0.0118479335032803,0.017007497583384424,0.0138592424373951,0.003736844291782791,0.002353221903584982,0.0048122097986108125,0.008936158253006402,0.8815969107279502,0.8741977012450928,0.8875142355721544,0.9051882068803578,0.79352315495313,0.8910149245928316,0.8721725223285861,9.23870301246643
