expl_var_class_0,expl_var_class_1,expl_var_class_2,expl_var_class_3,expl_var_class_4,expl_var_class_5,expl_var_mean,mae_class_0,mae_class_1,mae_class_2,mae_class_3,mae_class_4,mae_class_5,mae_mean,mse_class_0,mse_class_1,mse_class_2,mse_class_3,mse_class_4,mse_class_5,mse_mean,r2_class_0,r2_class_1,r2_class_2,r2_class_3,r2_class_4,r2_class_5,r2_mean,time
0.8613371995928728,0.7806671982558924,0.8337053579384621,0.8969390330294091,0.7872798299825258,0.8618544422347824,0.8369638435056573,0.06483886635433701,0.121821997323118,0.09746320682724796,0.0306213658879257,0.023722347820439665,0.04108073833773979,0.06325808709180135,0.01397410548957002,0.030102672141830118,0.020565197771920698,0.004134715321339251,0.002566832998390065,0.00610368926551709,0.012907868831427874,0.8603488735549957,0.7773343588296461,0.8330866926937803,0.8950933613911953,0.7747804495350098,0.861765994687859,0.8337349551154144,4.853729486465454
