expl_var_class_0,expl_var_class_1,expl_var_class_2,expl_var_class_3,expl_var_class_4,expl_var_class_5,expl_var_mean,mae_class_0,mae_class_1,mae_class_2,mae_class_3,mae_class_4,mae_class_5,mae_mean,mse_class_0,mse_class_1,mse_class_2,mse_class_3,mse_class_4,mse_class_5,mse_mean,r2_class_0,r2_class_1,r2_class_2,r2_class_3,r2_class_4,r2_class_5,r2_mean,time
0.8783236573836021,0.8647061427857985,0.8665986087531236,0.8893436880604041,0.7911326176550473,0.8937375009237932,0.8639737025936279,0.05995883615061275,0.0963853183271898,0.08478302042447099,0.031767217749911585,0.020822118722446,0.03642066262043445,0.055022862332510934,0.01235305527096414,0.01836474009006602,0.016437623459114155,0.004481302586886245,0.002459344963129722,0.004702729962237417,0.009799799388732952,0.8765489436933812,0.8641583508661618,0.8665873226095991,0.8862996955188432,0.7842116852238463,0.8934943817906794,0.8618833966170851,10.040318727493286
