expl_var_class_0,expl_var_class_1,expl_var_class_2,expl_var_class_3,expl_var_class_4,expl_var_class_5,expl_var_mean,mae_class_0,mae_class_1,mae_class_2,mae_class_3,mae_class_4,mae_class_5,mae_mean,mse_class_0,mse_class_1,mse_class_2,mse_class_3,mse_class_4,mse_class_5,mse_mean,r2_class_0,r2_class_1,r2_class_2,r2_class_3,r2_class_4,r2_class_5,r2_mean,time
0.8569859736697535,0.8723508508473675,0.8788778051533083,0.906136477714508,0.7199630569000917,0.8867690259250032,0.8535138650350055,0.064818956641853,0.09417691250213978,0.07979956278385228,0.029026562683380726,0.02604176833983297,0.03846432376900081,0.055388014453343265,0.014530463924217677,0.01729332399117626,0.01494884706052622,0.003754053151504193,0.0034140287567474255,0.005012566139194181,0.009825547170560993,0.8547888695773733,0.8720834796220246,0.8786706779599205,0.9047515810216571,0.700445637736671,0.8864773313039676,0.8495362628702691,6.308505535125732
