expl_var_class_0,expl_var_class_1,expl_var_class_2,expl_var_class_3,expl_var_class_4,expl_var_class_5,expl_var_mean,mae_class_0,mae_class_1,mae_class_2,mae_class_3,mae_class_4,mae_class_5,mae_mean,mse_class_0,mse_class_1,mse_class_2,mse_class_3,mse_class_4,mse_class_5,mse_mean,r2_class_0,r2_class_1,r2_class_2,r2_class_3,r2_class_4,r2_class_5,r2_mean,time
0.8706512003616237,0.7304449410664907,0.7855088765506894,0.9129241352638982,0.7897551200564004,0.8600943727121478,0.8248964410018749,0.06237699465726891,0.13670860404017404,0.11134542753893445,0.027578355454673763,0.023856546386761834,0.041459845907728304,0.06722096233092355,0.013079876779712772,0.03693643448842406,0.026592447640778442,0.003469788707245119,0.0025373364389809903,0.006186765318569474,0.014800441562285145,0.869285405966622,0.7267858870082454,0.7841677267431764,0.9119639826032877,0.7773685422759642,0.8598845202124408,0.8215760108016227,4.220939636230469
