expl_var_class_0,expl_var_class_1,expl_var_class_2,expl_var_class_3,expl_var_class_4,expl_var_class_5,expl_var_mean,mae_class_0,mae_class_1,mae_class_2,mae_class_3,mae_class_4,mae_class_5,mae_mean,mse_class_0,mse_class_1,mse_class_2,mse_class_3,mse_class_4,mse_class_5,mse_mean,r2_class_0,r2_class_1,r2_class_2,r2_class_3,r2_class_4,r2_class_5,r2_mean,time
0.8609539516352661,0.8778552779242891,0.8950693107063962,0.9097474107284104,0.7809933942257403,0.8945404719123685,0.8698599695220784,0.06597161283690532,0.09314545766926438,0.07549428677643485,0.02834648966300371,0.02234639686529699,0.036712811902595566,0.05366950928558347,0.014009934717080497,0.0165453750842078,0.012957404019947187,0.0036151731889610835,0.0026251470688036078,0.004660192515902858,0.009068871099150505,0.8599908118539997,0.877615962657023,0.8948338263964919,0.9082752649776774,0.7696638452477191,0.8944577535035542,0.8674729107727441,12.977749824523926
