expl_var_class_0,expl_var_class_1,expl_var_class_2,expl_var_class_3,expl_var_class_4,expl_var_class_5,expl_var_mean,mae_class_0,mae_class_1,mae_class_2,mae_class_3,mae_class_4,mae_class_5,mae_mean,mse_class_0,mse_class_1,mse_class_2,mse_class_3,mse_class_4,mse_class_5,mse_mean,r2_class_0,r2_class_1,r2_class_2,r2_class_3,r2_class_4,r2_class_5,r2_mean,time
0.8703155284233193,0.7725042209090429,0.8264820427059625,0.9006985642167397,0.8000596725927975,0.8675694882740589,0.8396049195203202,0.0627413600233022,0.12330505029199071,0.0981290088498628,0.02989731283130659,0.022438183360261977,0.04014872991907447,0.06277660754596646,0.01309340181649425,0.031243536928485922,0.021504333868959193,0.0039871540706004505,0.002394949208789172,0.005852926275452581,0.013012717028130262,0.8691502426373374,0.7688955269541065,0.8254643827259482,0.8988373083381653,0.7898619097820972,0.8674451783737817,0.8366090914685725,5.027420282363892
