expl_var_class_0,expl_var_class_1,expl_var_class_2,expl_var_class_3,expl_var_class_4,expl_var_class_5,expl_var_mean,mae_class_0,mae_class_1,mae_class_2,mae_class_3,mae_class_4,mae_class_5,mae_mean,mse_class_0,mse_class_1,mse_class_2,mse_class_3,mse_class_4,mse_class_5,mse_mean,r2_class_0,r2_class_1,r2_class_2,r2_class_3,r2_class_4,r2_class_5,r2_mean,time
0.8590692535957439,0.7894020906577595,0.8400900250091599,0.8797574588355194,0.7675367482939722,0.858231507875019,0.8323478473778624,0.06620619700040588,0.11946768242576525,0.09473481325053246,0.03200612177300781,0.02320735047550285,0.04116031634058266,0.06279708021096615,0.014154305474881283,0.028839537405563817,0.019743265677733705,0.004823823432366225,0.0027696960852553734,0.006259777623634145,0.012765067616572423,0.8585480333543207,0.7866776059875771,0.8397577398552716,0.8776092034873115,0.756980797879292,0.8582309656281369,0.8296340576986517,9.087210655212402
