expl_var_class_0,expl_var_class_1,expl_var_class_2,expl_var_class_3,expl_var_class_4,expl_var_class_5,expl_var_mean,mae_class_0,mae_class_1,mae_class_2,mae_class_3,mae_class_4,mae_class_5,mae_mean,mse_class_0,mse_class_1,mse_class_2,mse_class_3,mse_class_4,mse_class_5,mse_mean,r2_class_0,r2_class_1,r2_class_2,r2_class_3,r2_class_4,r2_class_5,r2_mean,time
0.8902257825308966,0.8844978155304613,0.8875605530749646,0.9169645820449526,0.7990980334079834,0.8899814013009256,0.8780546946483639,0.05650830664380679,0.09078010698391965,0.07862943061128316,0.02875651832267475,0.02310737092348496,0.03805908688117843,0.05264013672772463,0.011177141482702749,0.01565167859731729,0.013857034435320973,0.003342951152875945,0.002416689457118671,0.004862489602448575,0.008551330787964034,0.8883005141431308,0.8842265220229023,0.8875321563785973,0.915182124710813,0.7879543727670916,0.8898762069470844,0.8755119828282699,9.448918581008911
