expl_var_class_0,expl_var_class_1,expl_var_class_2,expl_var_class_3,expl_var_class_4,expl_var_class_5,expl_var_mean,mae_class_0,mae_class_1,mae_class_2,mae_class_3,mae_class_4,mae_class_5,mae_mean,mse_class_0,mse_class_1,mse_class_2,mse_class_3,mse_class_4,mse_class_5,mse_mean,r2_class_0,r2_class_1,r2_class_2,r2_class_3,r2_class_4,r2_class_5,r2_mean,time
0.8551064270049511,0.8787290012028005,0.8948916706168103,0.8971165752869797,0.807794170557714,0.8904927217451256,0.8706884277357303,0.06695922140700698,0.09302797923543206,0.07390371544970879,0.0305829302954289,0.022410950598614508,0.03769593823588878,0.05409678920368002,0.014605425854854087,0.01643535766808441,0.01299309854652925,0.004144057398610053,0.002328090670326604,0.0048395551794177824,0.009224264219637032,0.8540397326782938,0.8784297475059428,0.8945441189231859,0.8948563327573144,0.7957282244144595,0.89039561693294,0.8679989622020227,11.1042160987854
