expl_var_class_0,expl_var_class_1,expl_var_class_2,expl_var_class_3,expl_var_class_4,expl_var_class_5,expl_var_mean,mae_class_0,mae_class_1,mae_class_2,mae_class_3,mae_class_4,mae_class_5,mae_mean,mse_class_0,mse_class_1,mse_class_2,mse_class_3,mse_class_4,mse_class_5,mse_mean,r2_class_0,r2_class_1,r2_class_2,r2_class_3,r2_class_4,r2_class_5,r2_mean,time
0.8649951808505142,0.7712671601959953,0.8299767007115985,0.910448872870217,0.7672844478059826,0.8686198639134037,0.8354320377246186,0.0640894700943091,0.1253733274129283,0.0977042512488794,0.02784715083204236,0.024377158831564223,0.040567947619348926,0.06332655100651206,0.01360368810918975,0.03128212371487848,0.021011178326001776,0.003569288785392126,0.0028139275229297858,0.005804043434175806,0.013014041648761287,0.8640506635882484,0.7686101053977635,0.8294669808825197,0.9094394511837134,0.7530998346394943,0.8685522581491073,0.8322032156401411,5.7275660037994385
