expl_var_class_0,expl_var_class_1,expl_var_class_2,expl_var_class_3,expl_var_class_4,expl_var_class_5,expl_var_mean,mae_class_0,mae_class_1,mae_class_2,mae_class_3,mae_class_4,mae_class_5,mae_mean,mse_class_0,mse_class_1,mse_class_2,mse_class_3,mse_class_4,mse_class_5,mse_mean,r2_class_0,r2_class_1,r2_class_2,r2_class_3,r2_class_4,r2_class_5,r2_mean,time
0.8790291353994717,0.8699038904406291,0.8859969040503537,0.9032010535298755,0.797667954407836,0.8934275368567224,0.8715377457808148,0.06209238989054224,0.09542025467215672,0.07734858068564507,0.028975177114383504,0.021585396458139967,0.037405045929527606,0.053804474125065845,0.012175305533363661,0.017606619815173707,0.01407309160128231,0.003866551072396783,0.002405393154967854,0.0047062536293119754,0.00913886913441605,0.8783252971851834,0.8697660702173807,0.8857785716799345,0.9018972663194061,0.7889455350647243,0.8934145791349553,0.8696878866002641,9.639361143112183
