expl_var_class_0,expl_var_class_1,expl_var_class_2,expl_var_class_3,expl_var_class_4,expl_var_class_5,expl_var_mean,mae_class_0,mae_class_1,mae_class_2,mae_class_3,mae_class_4,mae_class_5,mae_mean,mse_class_0,mse_class_1,mse_class_2,mse_class_3,mse_class_4,mse_class_5,mse_mean,r2_class_0,r2_class_1,r2_class_2,r2_class_3,r2_class_4,r2_class_5,r2_mean,time
0.8762718519877755,0.8871282214886539,0.8911570648347805,0.9104790862453521,0.8080783128204956,0.8830683344272476,0.8760304786340508,0.06049338999196535,0.09094326951161952,0.07721301588171889,0.029196193927418707,0.022075490528968577,0.03912104032873482,0.05317373336173764,0.012533946768642619,0.015302006302056668,0.013413644672868447,0.0035941250749092313,0.0022896756841261755,0.005169204157105592,0.008717100443284788,0.8747411928191675,0.8868130035637063,0.8911308405486915,0.908809300992887,0.7990988394597724,0.8829298537607746,0.8739205051908333,10.497211933135986
