expl_var_class_0,expl_var_class_1,expl_var_class_2,expl_var_class_3,expl_var_class_4,expl_var_class_5,expl_var_mean,mae_class_0,mae_class_1,mae_class_2,mae_class_3,mae_class_4,mae_class_5,mae_mean,mse_class_0,mse_class_1,mse_class_2,mse_class_3,mse_class_4,mse_class_5,mse_mean,r2_class_0,r2_class_1,r2_class_2,r2_class_3,r2_class_4,r2_class_5,r2_mean,time
0.8714062856921668,0.8852839434490093,0.890884423936488,0.899387164011634,0.7851431983649652,0.8943079047763273,0.8710688200384317,0.06396206936209976,0.08951166660407868,0.07639373825751732,0.03056429110668652,0.022726852830239678,0.03753834130047317,0.053449493243515854,0.012939042403742685,0.0155819672648463,0.013473095251139938,0.004066460484943182,0.0025712514740272256,0.0046684557625704766,0.008883378773544967,0.8706928434058973,0.8847421678920916,0.8906483218415722,0.8968251336895566,0.7743927628030074,0.8942706106733644,0.8685953067175817,10.097825050354004
