expl_var_class_0,expl_var_class_1,expl_var_class_2,expl_var_class_3,expl_var_class_4,expl_var_class_5,expl_var_mean,mae_class_0,mae_class_1,mae_class_2,mae_class_3,mae_class_4,mae_class_5,mae_mean,mse_class_0,mse_class_1,mse_class_2,mse_class_3,mse_class_4,mse_class_5,mse_mean,r2_class_0,r2_class_1,r2_class_2,r2_class_3,r2_class_4,r2_class_5,r2_mean,time
0.8688812280876884,0.8880538238976186,0.9009534433667958,0.9081713081592492,0.7732182604086991,0.888207059074468,0.8712475204990865,0.06418791479671836,0.08960128337985242,0.0718312040629053,0.02885528566235503,0.022000859618592553,0.037684480751625324,0.05236017137867483,0.013236559985495028,0.015151540319445956,0.01224435999035419,0.0036855142771268275,0.0026997843398205855,0.004942281715291461,0.008660006771255675,0.8677195822222086,0.8879259813197835,0.9006211053983415,0.9064905599757467,0.7631150075800872,0.8880691058856157,0.8689902237302971,11.167176961898804
