expl_var_class_0,expl_var_class_1,expl_var_class_2,expl_var_class_3,expl_var_class_4,expl_var_class_5,expl_var_mean,mae_class_0,mae_class_1,mae_class_2,mae_class_3,mae_class_4,mae_class_5,mae_mean,mse_class_0,mse_class_1,mse_class_2,mse_class_3,mse_class_4,mse_class_5,mse_mean,r2_class_0,r2_class_1,r2_class_2,r2_class_3,r2_class_4,r2_class_5,r2_mean,time
0.8913398854226159,0.8866615673438001,0.8887526082384584,0.8991360207449942,0.8025360710070188,0.8929334914521554,0.8768932740348405,0.05827978097472632,0.09034964221789263,0.07814708490561544,0.03008797021009969,0.022610272316056845,0.037186938402071726,0.05277694817107711,0.01100724924458899,0.015367606515539922,0.013707077571762765,0.004047384685156945,0.002380300242118375,0.004728363450156766,0.008539663618220629,0.8899983432059325,0.8863277671193355,0.8887492512165542,0.8973091278412266,0.7911472422094281,0.8929138444220374,0.874407596002419,6.207205295562744
