expl_var_class_0,expl_var_class_1,expl_var_class_2,expl_var_class_3,expl_var_class_4,expl_var_class_5,expl_var_mean,mae_class_0,mae_class_1,mae_class_2,mae_class_3,mae_class_4,mae_class_5,mae_mean,mse_class_0,mse_class_1,mse_class_2,mse_class_3,mse_class_4,mse_class_5,mse_mean,r2_class_0,r2_class_1,r2_class_2,r2_class_3,r2_class_4,r2_class_5,r2_mean,time
0.876908096184966,0.8696898029510602,0.8881179771726642,0.9032201324548382,0.7653611712686976,0.8914692233530332,0.8657944005642099,0.061436857922260335,0.09565772748660432,0.0775191560336735,0.02986894659325283,0.024370741127905476,0.03598164000539477,0.05413917819484854,0.012451311659510566,0.017669633741251037,0.013806658727427144,0.0038997940418824804,0.0028533410948270808,0.004792939118842136,0.00924561306395674,0.8755670121235095,0.8692999642123536,0.8879410207185227,0.9010538205401717,0.7496416014975268,0.8914513595313797,0.8624924631039107,7.693886041641235
