expl_var_class_0,expl_var_class_1,expl_var_class_2,expl_var_class_3,expl_var_class_4,expl_var_class_5,expl_var_mean,mae_class_0,mae_class_1,mae_class_2,mae_class_3,mae_class_4,mae_class_5,mae_mean,mse_class_0,mse_class_1,mse_class_2,mse_class_3,mse_class_4,mse_class_5,mse_mean,r2_class_0,r2_class_1,r2_class_2,r2_class_3,r2_class_4,r2_class_5,r2_mean,time
0.8820925636765181,0.8647210984845073,0.8843590494448035,0.9062859329030006,0.8013013176398334,0.8937926544397649,0.8720921027647379,0.05941953003200271,0.0973413458710965,0.07932194525941148,0.0291760434446223,0.02218535907261573,0.037200183947489585,0.05410740127120638,0.012004589387605819,0.018338703535535867,0.014253565122000402,0.0037616488334905503,0.0023839992091623627,0.004710888461515835,0.009242232424885139,0.8800313600222807,0.8643509399519748,0.8843137945084071,0.9045588621998757,0.7908226867376251,0.8933096112390454,0.8695645424432015,5.979208946228027
