expl_var_class_0,expl_var_class_1,expl_var_class_2,expl_var_class_3,expl_var_class_4,expl_var_class_5,expl_var_mean,mae_class_0,mae_class_1,mae_class_2,mae_class_3,mae_class_4,mae_class_5,mae_mean,mse_class_0,mse_class_1,mse_class_2,mse_class_3,mse_class_4,mse_class_5,mse_mean,r2_class_0,r2_class_1,r2_class_2,r2_class_3,r2_class_4,r2_class_5,r2_mean,time
0.8720700204425693,0.8698346522964198,0.8945689626221635,0.9083469291945989,0.7856434163356047,0.8891103567851756,0.869929056279422,0.06750267479991572,0.09623545063455446,0.07265134371615913,0.030301517076355988,0.025327682861039744,0.0375962342635162,0.054935817225256874,0.012809660277980993,0.01766112808881226,0.013142281659999948,0.0037115676436097773,0.0026306684937009725,0.004896491865096213,0.009141966338200027,0.8719858320424834,0.8693628794427667,0.8933333040727869,0.9058295299193209,0.7691793833313846,0.88910613678935,0.8664661775996821,9.257281303405762
