expl_var_class_0,expl_var_class_1,expl_var_class_2,expl_var_class_3,expl_var_class_4,expl_var_class_5,expl_var_mean,mae_class_0,mae_class_1,mae_class_2,mae_class_3,mae_class_4,mae_class_5,mae_mean,mse_class_0,mse_class_1,mse_class_2,mse_class_3,mse_class_4,mse_class_5,mse_mean,r2_class_0,r2_class_1,r2_class_2,r2_class_3,r2_class_4,r2_class_5,r2_mean,time
0.8777418951544627,0.8855189182454786,0.8982750039837758,0.911334001437256,0.7616409683840962,0.8963044292688734,0.8718025360789904,0.06218168749030216,0.08958532473170383,0.07355813269149604,0.029846713772509324,0.0234533228443208,0.036133809709239725,0.052459831873261975,0.01234288108553214,0.015555032329106887,0.012549662302345955,0.003581880507372807,0.0028503587957815473,0.004584453423440897,0.00857737807393004,0.8766506200731179,0.8849414021895666,0.8981431803529349,0.909119972060091,0.7499032749491337,0.8961730633193523,0.8691552521573661,9.095033168792725
