expl_var_class_0,expl_var_class_1,expl_var_class_2,expl_var_class_3,expl_var_class_4,expl_var_class_5,expl_var_mean,mae_class_0,mae_class_1,mae_class_2,mae_class_3,mae_class_4,mae_class_5,mae_mean,mse_class_0,mse_class_1,mse_class_2,mse_class_3,mse_class_4,mse_class_5,mse_mean,r2_class_0,r2_class_1,r2_class_2,r2_class_3,r2_class_4,r2_class_5,r2_mean,time
0.8685603732048298,0.7841683257681726,0.8419008638666107,0.9049776183135522,0.7893206667620436,0.864990836172547,0.8423197806812927,0.06518163443547192,0.1215871275993105,0.09602578271427259,0.030092819266904772,0.023627557479219203,0.04112350807852228,0.06293973826228354,0.01321315363394182,0.02984237393603503,0.019628543083503976,0.0038255574242614613,0.002543040407128227,0.005961502105418738,0.012502361765048209,0.8679534951093564,0.7792597515860027,0.8406888628057049,0.9029373635198092,0.7768680636149867,0.8649861947651132,0.8387822885668288,5.035896062850952
