expl_var_class_0,expl_var_class_1,expl_var_class_2,expl_var_class_3,expl_var_class_4,expl_var_class_5,expl_var_mean,mae_class_0,mae_class_1,mae_class_2,mae_class_3,mae_class_4,mae_class_5,mae_mean,mse_class_0,mse_class_1,mse_class_2,mse_class_3,mse_class_4,mse_class_5,mse_mean,r2_class_0,r2_class_1,r2_class_2,r2_class_3,r2_class_4,r2_class_5,r2_mean,time
0.8607676407339326,0.8734522407948222,0.8905733795422989,0.9134587711386493,0.7799114790873503,0.8806481292051324,0.8664686067503643,0.06547656570823726,0.09473601472021421,0.07415526956546413,0.026894470070068847,0.023066524674210914,0.0398338283866699,0.05402711218747755,0.014050045444017547,0.01711894131552141,0.013559640570848514,0.003439884792826175,0.0026526389027263153,0.0053003767763283565,0.00935358796704472,0.8595899627117439,0.8733733661178394,0.8899458940942371,0.9127227093593344,0.7672516515127102,0.8799591067660206,0.8638071150936476,9.655999422073364
