expl_var_class_0,expl_var_class_1,expl_var_class_2,expl_var_class_3,expl_var_class_4,expl_var_class_5,expl_var_mean,mae_class_0,mae_class_1,mae_class_2,mae_class_3,mae_class_4,mae_class_5,mae_mean,mse_class_0,mse_class_1,mse_class_2,mse_class_3,mse_class_4,mse_class_5,mse_mean,r2_class_0,r2_class_1,r2_class_2,r2_class_3,r2_class_4,r2_class_5,r2_mean,time
0.8679810202039572,0.8676213439510648,0.8838270758306317,0.9022485457323033,0.7813001743559935,0.8974630623301157,0.866740203734011,0.06300778052463207,0.09717823370572794,0.0771874638861906,0.029589935883698123,0.021981274794889604,0.0357110357324687,0.05410928742126783,0.013330155921033145,0.017898460715593697,0.01437288325791558,0.003918680663829442,0.0025945991280939733,0.004530721820429565,0.009440916917815902,0.8667842251907101,0.8676073601565071,0.8833453727646392,0.9005746262379896,0.772344188487256,0.8973899559842624,0.8646742881368942,10.462069034576416
