expl_var_class_0,expl_var_class_1,expl_var_class_2,expl_var_class_3,expl_var_class_4,expl_var_class_5,expl_var_mean,mae_class_0,mae_class_1,mae_class_2,mae_class_3,mae_class_4,mae_class_5,mae_mean,mse_class_0,mse_class_1,mse_class_2,mse_class_3,mse_class_4,mse_class_5,mse_mean,r2_class_0,r2_class_1,r2_class_2,r2_class_3,r2_class_4,r2_class_5,r2_mean,time
0.8700220997499843,0.8773081247669385,0.893391934546553,0.9025730006384544,0.8104715247225596,0.8744051840308302,0.8713619780758867,0.06380420250776106,0.09288586568461879,0.07581095347105295,0.029481902947943804,0.021050904598403076,0.04112568543017267,0.054026585773325385,0.01311469485007355,0.016703093453980057,0.013143586735744301,0.0038990776909367374,0.002263326379612146,0.005584796069061243,0.009118095863234673,0.8689374493299591,0.8764493399145562,0.8933227116869907,0.9010719959075045,0.8014107851615134,0.8735176880908216,0.8691183283485575,8.300158262252808
