expl_var_class_0,expl_var_class_1,expl_var_class_2,expl_var_class_3,expl_var_class_4,expl_var_class_5,expl_var_mean,mae_class_0,mae_class_1,mae_class_2,mae_class_3,mae_class_4,mae_class_5,mae_mean,mse_class_0,mse_class_1,mse_class_2,mse_class_3,mse_class_4,mse_class_5,mse_mean,r2_class_0,r2_class_1,r2_class_2,r2_class_3,r2_class_4,r2_class_5,r2_mean,time
0.8747079096513826,0.7819507005442139,0.8257144588406393,0.878433290623197,0.7738782747853747,0.8745656939812931,0.8348750547376835,0.061186545387343694,0.12149067300552276,0.09970723372904926,0.032805542597086984,0.02403993486478287,0.03862979292749488,0.06297662041854674,0.012662991272311528,0.02990999812423661,0.021599153429559474,0.004900621405108795,0.002714586551130062,0.005540493089278328,0.012887973978604134,0.8734515782307883,0.7787595440577944,0.824694798760229,0.8756606734081515,0.7618162291324441,0.8745210449257205,0.8314839780858546,9.491940975189209
