expl_var_class_0,expl_var_class_1,expl_var_class_2,expl_var_class_3,expl_var_class_4,expl_var_class_5,expl_var_mean,mae_class_0,mae_class_1,mae_class_2,mae_class_3,mae_class_4,mae_class_5,mae_mean,mse_class_0,mse_class_1,mse_class_2,mse_class_3,mse_class_4,mse_class_5,mse_mean,r2_class_0,r2_class_1,r2_class_2,r2_class_3,r2_class_4,r2_class_5,r2_mean,time
0.8752185028635386,0.8695761668876856,0.8806105096219807,0.9160650707730705,0.790617140032994,0.8794075218116688,0.8685824853318231,0.06281349403442937,0.09570606827661078,0.0794154725280737,0.026199304022307406,0.022734446421150637,0.03949361950060121,0.054393734130528844,0.012621687721629025,0.01764305908391847,0.014729594941756123,0.0033278816681264257,0.0025110256081244606,0.005338854278764298,0.009362017217053134,0.8738643479342442,0.869496533576228,0.8804501938529201,0.9155644700158161,0.7796771122147116,0.8790876830999803,0.8663567234489834,10.073286771774292
