expl_var_class_0,expl_var_class_1,expl_var_class_2,expl_var_class_3,expl_var_class_4,expl_var_class_5,expl_var_mean,mae_class_0,mae_class_1,mae_class_2,mae_class_3,mae_class_4,mae_class_5,mae_mean,mse_class_0,mse_class_1,mse_class_2,mse_class_3,mse_class_4,mse_class_5,mse_mean,r2_class_0,r2_class_1,r2_class_2,r2_class_3,r2_class_4,r2_class_5,r2_mean,time
0.8619555517994928,0.7428083344845513,0.7953884797190411,0.8990420779295175,0.7741647166438239,0.8565273271915493,0.8216477479613293,0.06288762079631986,0.13323693411503404,0.10886375314583634,0.03029532909590059,0.025583648694491742,0.04130573120572411,0.06702883617555112,0.013983996222427906,0.03529816837563033,0.025390382643250407,0.00404584572130937,0.002756775628795877,0.006335830151387063,0.014635166457133494,0.8602500298768797,0.7389039332964346,0.793924046451825,0.8973481746707281,0.758114467034019,0.8565085572505035,0.8175082014300651,6.0334389209747314
