expl_var_class_0,expl_var_class_1,expl_var_class_2,expl_var_class_3,expl_var_class_4,expl_var_class_5,expl_var_mean,mae_class_0,mae_class_1,mae_class_2,mae_class_3,mae_class_4,mae_class_5,mae_mean,mse_class_0,mse_class_1,mse_class_2,mse_class_3,mse_class_4,mse_class_5,mse_mean,r2_class_0,r2_class_1,r2_class_2,r2_class_3,r2_class_4,r2_class_5,r2_mean,time
0.8754663907562253,0.8938791857295554,0.9085121823016382,0.8842789105065533,0.8041857227525674,0.8945818332599464,0.8768173708844144,0.06415421679217079,0.08695040504129571,0.07047163388407089,0.03301754223857561,0.023438608411949224,0.036958615887857336,0.05249850370931993,0.012524778622513152,0.01447476102823134,0.011286503172437871,0.0046976980641307625,0.002388425610329183,0.004656015587414652,0.008338030347509493,0.8748328152801077,0.89293203174943,0.9083953583463253,0.8808092758977609,0.7904343046022879,0.8945523509723488,0.8736593561413768,5.813727855682373
