expl_var_class_0,expl_var_class_1,expl_var_class_2,expl_var_class_3,expl_var_class_4,expl_var_class_5,expl_var_mean,mae_class_0,mae_class_1,mae_class_2,mae_class_3,mae_class_4,mae_class_5,mae_mean,mse_class_0,mse_class_1,mse_class_2,mse_class_3,mse_class_4,mse_class_5,mse_mean,r2_class_0,r2_class_1,r2_class_2,r2_class_3,r2_class_4,r2_class_5,r2_mean,time
0.8678146551684344,0.8745338309735062,0.887208624137657,0.9077373213145701,0.7846978799172413,0.8859159104041029,0.8679847036525853,0.06429801073080066,0.09430279037400825,0.07748783693273102,0.02940428005467689,0.022922019532249576,0.03854393265800145,0.05449314504707797,0.013370351054091192,0.01699500710291962,0.013918163785925287,0.0037103759912904904,0.002593751139547713,0.005040930250424187,0.009271429887366414,0.8663825325304283,0.8742900917421262,0.8870360122521945,0.9058597647068434,0.7724185928600017,0.8858349518295414,0.8653036576535227,7.794544458389282
