expl_var_class_0,expl_var_class_1,expl_var_class_2,expl_var_class_3,expl_var_class_4,expl_var_class_5,expl_var_mean,mae_class_0,mae_class_1,mae_class_2,mae_class_3,mae_class_4,mae_class_5,mae_mean,mse_class_0,mse_class_1,mse_class_2,mse_class_3,mse_class_4,mse_class_5,mse_mean,r2_class_0,r2_class_1,r2_class_2,r2_class_3,r2_class_4,r2_class_5,r2_mean,time
0.8848573044635044,0.8701264449417342,0.8750337336964783,0.9017573744713988,0.7960750128578018,0.8982196149145345,0.8710115808909086,0.05753542184387565,0.0958097393956423,0.08116377584322824,0.02950206322273775,0.02218873174092454,0.0366097962793401,0.05380158805429144,0.011780093298707018,0.017565286933162602,0.015414555209843054,0.003941264675458373,0.0024335504154184453,0.004511813315470025,0.00927442730800992,0.8822748761972956,0.8700718042941119,0.8748908510745177,0.9000016211911691,0.7864749553484025,0.897818188527126,0.8685887161054372,14.631266355514526
