expl_var_class_0,expl_var_class_1,expl_var_class_2,expl_var_class_3,expl_var_class_4,expl_var_class_5,expl_var_mean,mae_class_0,mae_class_1,mae_class_2,mae_class_3,mae_class_4,mae_class_5,mae_mean,mse_class_0,mse_class_1,mse_class_2,mse_class_3,mse_class_4,mse_class_5,mse_mean,r2_class_0,r2_class_1,r2_class_2,r2_class_3,r2_class_4,r2_class_5,r2_mean,time
0.8826913567904451,0.8729003087071345,0.8903101663421434,0.9013525518515298,0.7949584966468144,0.887210195415123,0.8715705126255316,0.06022212762522208,0.09430840733919711,0.07680232850815198,0.030709390511178512,0.02153994088460458,0.038518400167831195,0.053683432506030915,0.011838855938238062,0.01726943498360209,0.013523477417489585,0.003986232256540764,0.0024324714882689993,0.004986910047046405,0.009006230355197651,0.8816876279609404,0.8722601835758584,0.8902394050828841,0.8988606967475016,0.7865696227801112,0.8870583806044752,0.869445986125295,8.570529222488403
