expl_var_class_0,expl_var_class_1,expl_var_class_2,expl_var_class_3,expl_var_class_4,expl_var_class_5,expl_var_mean,mae_class_0,mae_class_1,mae_class_2,mae_class_3,mae_class_4,mae_class_5,mae_mean,mse_class_0,mse_class_1,mse_class_2,mse_class_3,mse_class_4,mse_class_5,mse_mean,r2_class_0,r2_class_1,r2_class_2,r2_class_3,r2_class_4,r2_class_5,r2_mean,time
0.8829045745023607,0.879458830095427,0.8909253419545355,0.8962651205200317,0.7914367155779827,0.8868331625124262,0.8713039575271274,0.06113635289882117,0.09220852111282242,0.07654152047879734,0.030541265219784723,0.021984958686041424,0.03925938294159315,0.053612000222976706,0.011786932490861128,0.0163973617342079,0.01345443840467222,0.004172196929621524,0.0024771696483221048,0.005007045662791156,0.008882524145079338,0.8822065282884433,0.8787107986012948,0.890799746397872,0.8941423722108153,0.7826477082963538,0.8866023569288355,0.8691849184539358,9.149531841278076
