expl_var_class_0,expl_var_class_1,expl_var_class_2,expl_var_class_3,expl_var_class_4,expl_var_class_5,expl_var_mean,mae_class_0,mae_class_1,mae_class_2,mae_class_3,mae_class_4,mae_class_5,mae_mean,mse_class_0,mse_class_1,mse_class_2,mse_class_3,mse_class_4,mse_class_5,mse_mean,r2_class_0,r2_class_1,r2_class_2,r2_class_3,r2_class_4,r2_class_5,r2_mean,time
0.8568475220645296,0.7840868528298132,0.8395458823439297,0.9167064162972604,0.7925728658043028,0.8524741217641071,0.8403722768506571,0.0671224794297037,0.12283689064274919,0.09438129142700259,0.02731073642326878,0.022813783140457348,0.04364384047243919,0.0630181702559368,0.014411855705512117,0.029427220025787217,0.019787097907219102,0.0033139403780523867,0.0024848055291443972,0.006529841465469439,0.012659126835197444,0.855974188477408,0.7823305923131704,0.8394019843468076,0.9159181905904804,0.7819777193850068,0.8521146636797752,0.8379528897987747,6.485621929168701
