expl_var_class_0,expl_var_class_1,expl_var_class_2,expl_var_class_3,expl_var_class_4,expl_var_class_5,expl_var_mean,mae_class_0,mae_class_1,mae_class_2,mae_class_3,mae_class_4,mae_class_5,mae_mean,mse_class_0,mse_class_1,mse_class_2,mse_class_3,mse_class_4,mse_class_5,mse_mean,r2_class_0,r2_class_1,r2_class_2,r2_class_3,r2_class_4,r2_class_5,r2_mean,time
0.8612735758234036,0.8826544634479637,0.9013090483354509,0.9086389341306957,0.7975903448087283,0.8827951303288398,0.8723769161458471,0.06710899952107294,0.09127437158537026,0.07227609129090885,0.028810004489236967,0.021260223868947076,0.03887938538983764,0.05326817935756229,0.013954117073328475,0.015928522179425097,0.012191624235038168,0.0036617886748331408,0.002406187861418969,0.005194714281739834,0.00888949238429728,0.8605486290846835,0.8821787452201156,0.9010491245903138,0.9070925296380241,0.7888758057797323,0.8823521102763339,0.8703494907648671,8.073293685913086
