expl_var_class_0,expl_var_class_1,expl_var_class_2,expl_var_class_3,expl_var_class_4,expl_var_class_5,expl_var_mean,mae_class_0,mae_class_1,mae_class_2,mae_class_3,mae_class_4,mae_class_5,mae_mean,mse_class_0,mse_class_1,mse_class_2,mse_class_3,mse_class_4,mse_class_5,mse_mean,r2_class_0,r2_class_1,r2_class_2,r2_class_3,r2_class_4,r2_class_5,r2_mean,time
0.8732464155229323,0.8752077904581405,0.8900865679971817,0.9049540134418883,0.7649238664991244,0.8882693575469863,0.8661146685777089,0.06519768131369438,0.09341581657695276,0.07455156592537239,0.02979433938192098,0.022366387349031586,0.03802921856321663,0.053892501518364784,0.012715298526837409,0.016908401450825884,0.013632845376890555,0.0038322024235225077,0.0027776765958652185,0.004937712646861906,0.00913402283680058,0.8729288423017346,0.8749307027470752,0.8893517419531927,0.902768765567627,0.7562805703954012,0.8881725843888763,0.8640722012256511,10.172640562057495
