expl_var_class_0,expl_var_class_1,expl_var_class_2,expl_var_class_3,expl_var_class_4,expl_var_class_5,expl_var_mean,mae_class_0,mae_class_1,mae_class_2,mae_class_3,mae_class_4,mae_class_5,mae_mean,mse_class_0,mse_class_1,mse_class_2,mse_class_3,mse_class_4,mse_class_5,mse_mean,r2_class_0,r2_class_1,r2_class_2,r2_class_3,r2_class_4,r2_class_5,r2_mean,time
0.8681783879138574,0.8801228633450356,0.8934342937010902,0.8935854032156852,0.8093160337412568,0.8841155052748086,0.871458747865289,0.06523073158525804,0.09260844543305595,0.07541044041389662,0.03171837006787755,0.023054782158363343,0.03897564580401255,0.054499735910410664,0.013256254559253267,0.016304199670310833,0.013142972740582883,0.004297330192705106,0.002308612350262798,0.005116885562966288,0.009071042512680195,0.8675227632263706,0.879399906551335,0.8933276950556993,0.8909674716461985,0.7974372948882048,0.8841147451445865,0.8687949794187323,5.730933666229248
