expl_var_class_0,expl_var_class_1,expl_var_class_2,expl_var_class_3,expl_var_class_4,expl_var_class_5,expl_var_mean,mae_class_0,mae_class_1,mae_class_2,mae_class_3,mae_class_4,mae_class_5,mae_mean,mse_class_0,mse_class_1,mse_class_2,mse_class_3,mse_class_4,mse_class_5,mse_mean,r2_class_0,r2_class_1,r2_class_2,r2_class_3,r2_class_4,r2_class_5,r2_mean,time
0.8766189361252766,0.8862005660805335,0.8935581136200922,0.9070267631322635,0.8064942765988938,0.8766338389787857,0.8744220824226409,0.06311341658384817,0.09088918869325056,0.07656952832432366,0.029476222530768346,0.021672789425808185,0.04022146295737509,0.05365710141922902,0.012408239736522017,0.015500285718476838,0.013125752463336379,0.0037376225174724953,0.0023173443892207627,0.005455242010482986,0.008757414472585249,0.8759974541699068,0.8853463559126251,0.8934674599857437,0.9051684616174217,0.7966711266606695,0.8764517785470466,0.872183772815569,10.090949535369873
