expl_var_class_0,expl_var_class_1,expl_var_class_2,expl_var_class_3,expl_var_class_4,expl_var_class_5,expl_var_mean,mae_class_0,mae_class_1,mae_class_2,mae_class_3,mae_class_4,mae_class_5,mae_mean,mse_class_0,mse_class_1,mse_class_2,mse_class_3,mse_class_4,mse_class_5,mse_mean,r2_class_0,r2_class_1,r2_class_2,r2_class_3,r2_class_4,r2_class_5,r2_mean,time
0.8567789581258988,0.8759698691853091,0.8894394265974593,0.9056729994391673,0.7585574964825926,0.8834634778021966,0.8616470379387707,0.06757680187548248,0.09447289770913814,0.07725716959729392,0.029389113632988288,0.0235663545249714,0.038638404022111855,0.05515012356033102,0.014423603130254353,0.016839092499219274,0.01364017331745415,0.003789496745156149,0.002908177000943319,0.00514738913544914,0.009457988638079397,0.855856789828936,0.8754433722561348,0.8892922661918224,0.9038523006646629,0.7448301789653302,0.8834239119751367,0.8587831366470039,8.17173981666565
