expl_var_class_0,expl_var_class_1,expl_var_class_2,expl_var_class_3,expl_var_class_4,expl_var_class_5,expl_var_mean,mae_class_0,mae_class_1,mae_class_2,mae_class_3,mae_class_4,mae_class_5,mae_mean,mse_class_0,mse_class_1,mse_class_2,mse_class_3,mse_class_4,mse_class_5,mse_mean,r2_class_0,r2_class_1,r2_class_2,r2_class_3,r2_class_4,r2_class_5,r2_mean,time
0.8496687229948067,0.8919899472041002,0.9087434549282748,0.9012345316906751,0.7670515029826159,0.8798375230321955,0.8664209471387782,0.06953719314982952,0.08766003600519018,0.06860564155832942,0.029554040030008135,0.023470605250538575,0.04007955872820194,0.05315117912034963,0.015135711653556753,0.014645594946470929,0.011333401053048872,0.003966747195630401,0.0028024490279572297,0.00533029357365583,0.008869032908386669,0.8487402872732273,0.8916683949613323,0.9080147210947291,0.8993550747359073,0.754106982934438,0.8792815626544532,0.8635278372756812,12.09774398803711
