expl_var_class_0,expl_var_class_1,expl_var_class_2,expl_var_class_3,expl_var_class_4,expl_var_class_5,expl_var_mean,mae_class_0,mae_class_1,mae_class_2,mae_class_3,mae_class_4,mae_class_5,mae_mean,mse_class_0,mse_class_1,mse_class_2,mse_class_3,mse_class_4,mse_class_5,mse_mean,r2_class_0,r2_class_1,r2_class_2,r2_class_3,r2_class_4,r2_class_5,r2_mean,time
0.8751352807997608,0.7854630569457672,0.8398031790501982,0.9032401170703264,0.7996063541487375,0.8631564599274536,0.8444007413237072,0.06286697711627849,0.12040135423053686,0.09645220492978651,0.029165343190062167,0.02194117327661967,0.04122424879777325,0.06200855025684282,0.012586398660579451,0.029479443334622026,0.01985958842745231,0.0038620166249132373,0.002392899350237328,0.006051040813184579,0.012371897868498157,0.8742170114467986,0.7819443031328959,0.8388136295634174,0.9020123150244505,0.7900417688620813,0.8629583565730756,0.8416645641004533,5.6290669441223145
