expl_var_class_0,expl_var_class_1,expl_var_class_2,expl_var_class_3,expl_var_class_4,expl_var_class_5,expl_var_mean,mae_class_0,mae_class_1,mae_class_2,mae_class_3,mae_class_4,mae_class_5,mae_mean,mse_class_0,mse_class_1,mse_class_2,mse_class_3,mse_class_4,mse_class_5,mse_mean,r2_class_0,r2_class_1,r2_class_2,r2_class_3,r2_class_4,r2_class_5,r2_mean,time
0.8696506663679937,0.8832524108307935,0.895480225686309,0.8905634245983534,0.7865623396450263,0.8849817275760393,0.8684151324507524,0.06515337232545375,0.09004117272483686,0.07559090170900784,0.030633113242724035,0.022281450257346132,0.037976597072933556,0.05361276788871703,0.013083339977277517,0.015895627454396898,0.012883616341776679,0.004406019612391097,0.002554099009832024,0.0050803357090178575,0.008983839684115343,0.8692507962779104,0.8824220633217452,0.8954327093023836,0.888209786827427,0.7758977575875661,0.8849425121695904,0.8660259375811039,7.776105165481567
