expl_var_class_0,expl_var_class_1,expl_var_class_2,expl_var_class_3,expl_var_class_4,expl_var_class_5,expl_var_mean,mae_class_0,mae_class_1,mae_class_2,mae_class_3,mae_class_4,mae_class_5,mae_mean,mse_class_0,mse_class_1,mse_class_2,mse_class_3,mse_class_4,mse_class_5,mse_mean,r2_class_0,r2_class_1,r2_class_2,r2_class_3,r2_class_4,r2_class_5,r2_mean,time
0.851723350033516,0.8502705907807062,0.8813583850753711,0.8881338117715349,0.7968831731888968,0.881592835677765,0.8583270244212983,0.07096987759294043,0.10141238616427074,0.07732027887862966,0.031542948997655564,0.02219972298518486,0.0387719950642347,0.057036201613819316,0.014840451396004158,0.0203096460868018,0.014721445779320648,0.004496895467167743,0.0024354783592005756,0.005228265429606202,0.010338697086350187,0.8516909897416205,0.8497721283162553,0.8805163348970747,0.885904070541201,0.786305793337393,0.8815922567925418,0.8559635956043478,7.715556859970093
