expl_var_class_0,expl_var_class_1,expl_var_class_2,expl_var_class_3,expl_var_class_4,expl_var_class_5,expl_var_mean,mae_class_0,mae_class_1,mae_class_2,mae_class_3,mae_class_4,mae_class_5,mae_mean,mse_class_0,mse_class_1,mse_class_2,mse_class_3,mse_class_4,mse_class_5,mse_mean,r2_class_0,r2_class_1,r2_class_2,r2_class_3,r2_class_4,r2_class_5,r2_mean,time
0.8676724098333308,0.8821041881009741,0.8903189284669986,0.904389269835953,0.8083872971832334,0.8939069701058677,0.8744631772543929,0.06321841960933133,0.09326752641126664,0.07782279033487782,0.030535965292709098,0.021301229846113892,0.03664633363568775,0.053798710854997746,0.01337331035433655,0.015983979865411328,0.013515794183333294,0.003855221435813399,0.002287265371958192,0.004684547766793499,0.00895001982960771,0.866352958572148,0.8817685317629924,0.8903017645135134,0.9021847236165236,0.7993103255296858,0.8939061651551734,0.8723040781916728,6.3168909549713135
