expl_var_class_0,expl_var_class_1,expl_var_class_2,expl_var_class_3,expl_var_class_4,expl_var_class_5,expl_var_mean,mae_class_0,mae_class_1,mae_class_2,mae_class_3,mae_class_4,mae_class_5,mae_mean,mse_class_0,mse_class_1,mse_class_2,mse_class_3,mse_class_4,mse_class_5,mse_mean,r2_class_0,r2_class_1,r2_class_2,r2_class_3,r2_class_4,r2_class_5,r2_mean,time
0.8784933219844547,0.8780863738153745,0.8928941414029531,0.9055900077547357,0.8016562104418397,0.8947635958932167,0.875247275215429,0.061657970115704674,0.09324721977639919,0.07465474434611884,0.02904599392353698,0.021700524940465142,0.03697980958621816,0.05288104378140716,0.01227237405508366,0.01649520743451556,0.013258474108314289,0.003790032982639255,0.0023607357969208133,0.0046618737942660995,0.008806449695289946,0.877355236639221,0.8779870463877996,0.8923902513461734,0.9038386951640476,0.7928638694910843,0.8944196765582698,0.873142462597766,11.111130952835083
