expl_var_class_0,expl_var_class_1,expl_var_class_2,expl_var_class_3,expl_var_class_4,expl_var_class_5,expl_var_mean,mae_class_0,mae_class_1,mae_class_2,mae_class_3,mae_class_4,mae_class_5,mae_mean,mse_class_0,mse_class_1,mse_class_2,mse_class_3,mse_class_4,mse_class_5,mse_mean,r2_class_0,r2_class_1,r2_class_2,r2_class_3,r2_class_4,r2_class_5,r2_mean,time
0.86959383931003,0.8790249946846207,0.8965134652640797,0.8999353267415046,0.8253380185584468,0.8815934385113307,0.8753331805116688,0.06503669492327947,0.09239334399065013,0.07281184751479125,0.030809961768033838,0.020195360050285063,0.03903445444359803,0.053380277115106296,0.013092756752685345,0.0163764236240688,0.01280252184203452,0.004038514164157463,0.00206550573112218,0.005228221176272158,0.008933990548390077,0.8691566891242064,0.8788656751417244,0.8960908965615788,0.8975341920762326,0.8187680022276596,0.8815932590250191,0.8736681190260701,6.466970205307007
