expl_var_class_0,expl_var_class_1,expl_var_class_2,expl_var_class_3,expl_var_class_4,expl_var_class_5,expl_var_mean,mae_class_0,mae_class_1,mae_class_2,mae_class_3,mae_class_4,mae_class_5,mae_mean,mse_class_0,mse_class_1,mse_class_2,mse_class_3,mse_class_4,mse_class_5,mse_mean,r2_class_0,r2_class_1,r2_class_2,r2_class_3,r2_class_4,r2_class_5,r2_mean,time
0.8644615205982741,0.793783633038802,0.8303058475256094,0.8968948262712425,0.7942450480675127,0.8529741143240485,0.8387774983042483,0.063945429144444,0.11971590131292431,0.09928613991381305,0.03006873850227734,0.021896233898345892,0.04216790967894106,0.06284672540845761,0.013651491906673694,0.028236989284571187,0.021001618188576227,0.004129602019715866,0.0024497578072621676,0.006491992813263161,0.012660242003343718,0.8635729332482303,0.7911345778824534,0.8295445738224806,0.8952230968732813,0.785052883282342,0.8529718453878444,0.8362499850827719,10.100476503372192
