expl_var_class_0,expl_var_class_1,expl_var_class_2,expl_var_class_3,expl_var_class_4,expl_var_class_5,expl_var_mean,mae_class_0,mae_class_1,mae_class_2,mae_class_3,mae_class_4,mae_class_5,mae_mean,mse_class_0,mse_class_1,mse_class_2,mse_class_3,mse_class_4,mse_class_5,mse_mean,r2_class_0,r2_class_1,r2_class_2,r2_class_3,r2_class_4,r2_class_5,r2_mean,time
0.887216602968431,0.8870429420427018,0.8898957615000195,0.9104498243660152,0.7808338429272538,0.8851028399367643,0.873423635623531,0.059987323156452166,0.09022494406160052,0.07679630070115298,0.02975148735416838,0.023754274174134865,0.03924577724454064,0.053293351115341586,0.011425919231136098,0.015372267376400121,0.013584533400624738,0.003608097670731778,0.002645651396077779,0.005100439983940467,0.008622818176485164,0.8858143376340799,0.8862932913237332,0.8897438564288451,0.9084547861239147,0.7678647506536522,0.8844871982888283,0.8704430367421755,8.18351697921753
