expl_var_class_0,expl_var_class_1,expl_var_class_2,expl_var_class_3,expl_var_class_4,expl_var_class_5,expl_var_mean,mae_class_0,mae_class_1,mae_class_2,mae_class_3,mae_class_4,mae_class_5,mae_mean,mse_class_0,mse_class_1,mse_class_2,mse_class_3,mse_class_4,mse_class_5,mse_mean,r2_class_0,r2_class_1,r2_class_2,r2_class_3,r2_class_4,r2_class_5,r2_mean,time
0.8773618239985961,0.8702715216274974,0.88075095056379,0.9044974250696751,0.8353453593527708,0.8824734523325969,0.8751167554908211,0.06265121423875991,0.0956970557599886,0.07775506152033643,0.028515883276065027,0.019061324255984693,0.040192729165398094,0.053978878036088786,0.01236921287381722,0.01757660320358723,0.014733368694757294,0.003825546543696348,0.0019321131545323488,0.005240632810404404,0.009279579546799142,0.8763874716449007,0.8699880992795574,0.8804195649427892,0.9029376395831954,0.8304721591220783,0.881312165112152,0.8735861832807789,9.613192558288574
