expl_var_class_0,expl_var_class_1,expl_var_class_2,expl_var_class_3,expl_var_class_4,expl_var_class_5,expl_var_mean,mae_class_0,mae_class_1,mae_class_2,mae_class_3,mae_class_4,mae_class_5,mae_mean,mse_class_0,mse_class_1,mse_class_2,mse_class_3,mse_class_4,mse_class_5,mse_mean,r2_class_0,r2_class_1,r2_class_2,r2_class_3,r2_class_4,r2_class_5,r2_mean,time
0.8572238185402877,0.8796930135557306,0.8862925830507679,0.9106678278846435,0.7321318853407902,0.8976114170117112,0.8606034242306552,0.06542771784952596,0.0925034045254299,0.078097561520466,0.02860288896081758,0.025375469706455166,0.03623056225734325,0.05437293413667297,0.014450948142511372,0.01629057286934227,0.014040366983405626,0.003585502612924555,0.003250712478365551,0.004522736183578463,0.009356806545021306,0.8555835156814641,0.8795007022667609,0.8860441744842793,0.9090280714360846,0.7147753657804709,0.8975708116141734,0.8570837735438722,10.97097134590149
