expl_var_class_0,expl_var_class_1,expl_var_class_2,expl_var_class_3,expl_var_class_4,expl_var_class_5,expl_var_mean,mae_class_0,mae_class_1,mae_class_2,mae_class_3,mae_class_4,mae_class_5,mae_mean,mse_class_0,mse_class_1,mse_class_2,mse_class_3,mse_class_4,mse_class_5,mse_mean,r2_class_0,r2_class_1,r2_class_2,r2_class_3,r2_class_4,r2_class_5,r2_mean,time
0.8732456773594048,0.8717893031145129,0.8731699027625927,0.8964786859645417,0.7721231310977879,0.8870715220859279,0.862313037064128,0.06142899278669158,0.0950083236776479,0.08319895501045362,0.029990706131621362,0.02279801241046281,0.03819403639252731,0.0551031710682341,0.012911705754763917,0.017415699825677474,0.015627019604134408,0.004169867293578828,0.0027273738898807827,0.004993357225213596,0.009640837265541501,0.8709660339744074,0.8711782811225497,0.8731664263872724,0.8942014800979193,0.7606942400171073,0.886912367394719,0.8595198048323293,8.41940689086914
