expl_var_class_0,expl_var_class_1,expl_var_class_2,expl_var_class_3,expl_var_class_4,expl_var_class_5,expl_var_mean,mae_class_0,mae_class_1,mae_class_2,mae_class_3,mae_class_4,mae_class_5,mae_mean,mse_class_0,mse_class_1,mse_class_2,mse_class_3,mse_class_4,mse_class_5,mse_mean,r2_class_0,r2_class_1,r2_class_2,r2_class_3,r2_class_4,r2_class_5,r2_mean,time
0.8658527312715435,0.886707609853497,0.8929617951356881,0.8849137919989264,0.7977285264804015,0.8907298352845051,0.8698157150040936,0.06352523463135465,0.09006498330366013,0.07616059797307992,0.031345529348465066,0.021648314343657205,0.03719640299469673,0.053323510432485614,0.013588055244140893,0.015361532046046188,0.013192701179784107,0.004631165848155313,0.0023988112590221026,0.004830032562268885,0.009000383023236249,0.8642068916355653,0.8863726991983955,0.8929240841424317,0.8824973416035563,0.7895230450340286,0.8906112815010861,0.8676892238525107,7.724313020706177
