expl_var_class_0,expl_var_class_1,expl_var_class_2,expl_var_class_3,expl_var_class_4,expl_var_class_5,expl_var_mean,mae_class_0,mae_class_1,mae_class_2,mae_class_3,mae_class_4,mae_class_5,mae_mean,mse_class_0,mse_class_1,mse_class_2,mse_class_3,mse_class_4,mse_class_5,mse_mean,r2_class_0,r2_class_1,r2_class_2,r2_class_3,r2_class_4,r2_class_5,r2_mean,time
0.8698196115602237,0.8816783330312283,0.8924114109321013,0.9042654424585269,0.8087651218542257,0.8787158068760823,0.872609287785398,0.06481484433946755,0.09227588904782957,0.07492448982552369,0.02850214963566821,0.020757606897307088,0.03973863051215345,0.05350226837632493,0.01306313785619391,0.016015002272958462,0.01330759112043939,0.003826042974358321,0.0022727898610532806,0.005355715106783491,0.008973379865297807,0.8694526874807504,0.881539062955885,0.8919916029582647,0.9029250440674216,0.8005804385681266,0.8787058255563567,0.8708657769311342,6.6894755363464355
