expl_var_class_0,expl_var_class_1,expl_var_class_2,expl_var_class_3,expl_var_class_4,expl_var_class_5,expl_var_mean,mae_class_0,mae_class_1,mae_class_2,mae_class_3,mae_class_4,mae_class_5,mae_mean,mse_class_0,mse_class_1,mse_class_2,mse_class_3,mse_class_4,mse_class_5,mse_mean,r2_class_0,r2_class_1,r2_class_2,r2_class_3,r2_class_4,r2_class_5,r2_mean,time
0.869409428477362,0.8734338227683137,0.8885453762858624,0.9031853250231234,0.7999689608378069,0.8939543757736648,0.8714162148610222,0.06427222225366129,0.09498378712874714,0.07520679345646519,0.02898048144273571,0.02035809710836517,0.03713412715031418,0.05348925142338145,0.013129440721998313,0.01711281774929109,0.013807682023006789,0.003865485732363996,0.002354641213723707,0.004687658106365172,0.009159620924458179,0.8687900855057598,0.873418661359222,0.8879327153449763,0.901924296291999,0.7933986215722616,0.8938357233816543,0.8698833505759788,11.513835668563843
