expl_var_class_0,expl_var_class_1,expl_var_class_2,expl_var_class_3,expl_var_class_4,expl_var_class_5,expl_var_mean,mae_class_0,mae_class_1,mae_class_2,mae_class_3,mae_class_4,mae_class_5,mae_mean,mse_class_0,mse_class_1,mse_class_2,mse_class_3,mse_class_4,mse_class_5,mse_mean,r2_class_0,r2_class_1,r2_class_2,r2_class_3,r2_class_4,r2_class_5,r2_mean,time
0.8519825485621333,0.8820946110003012,0.9040119702325723,0.9041276540224733,0.7745747330215826,0.8860505744279532,0.8671403485445026,0.06778595904065832,0.09184789933886091,0.07190395142903173,0.028870766364292467,0.023224743795636677,0.03860288181904451,0.0537060336312541,0.014909783661523695,0.01599215270339551,0.011859895114769632,0.003824019785838741,0.0027166836273773416,0.0050477705718512626,0.00905838424412603,0.8509981132647674,0.8817080783188146,0.9037415375302664,0.9029763767204257,0.7616322270684223,0.8856800348625475,0.8644560612942073,7.416137456893921
