expl_var_class_0,expl_var_class_1,expl_var_class_2,expl_var_class_3,expl_var_class_4,expl_var_class_5,expl_var_mean,mae_class_0,mae_class_1,mae_class_2,mae_class_3,mae_class_4,mae_class_5,mae_mean,mse_class_0,mse_class_1,mse_class_2,mse_class_3,mse_class_4,mse_class_5,mse_mean,r2_class_0,r2_class_1,r2_class_2,r2_class_3,r2_class_4,r2_class_5,r2_mean,time
0.8763612570524332,0.8725319240086541,0.890681842707503,0.9051179444719669,0.757008218697837,0.8808059235081713,0.8637511850744275,0.06206049647315497,0.0951563526022345,0.07756343492851867,0.030311153016230004,0.02458948992631443,0.03937158264121552,0.05484208493127802,0.01251082123957224,0.017311584218346682,0.013481991610115625,0.003827573888974956,0.0029359104858109023,0.0052669736748086745,0.009222475852938181,0.8749722992886819,0.8719484110416785,0.890576116326406,0.9028862014642562,0.742396782247031,0.8807156073531328,0.8605825696201977,13.99146842956543
