expl_var_class_0,expl_var_class_1,expl_var_class_2,expl_var_class_3,expl_var_class_4,expl_var_class_5,expl_var_mean,mae_class_0,mae_class_1,mae_class_2,mae_class_3,mae_class_4,mae_class_5,mae_mean,mse_class_0,mse_class_1,mse_class_2,mse_class_3,mse_class_4,mse_class_5,mse_mean,r2_class_0,r2_class_1,r2_class_2,r2_class_3,r2_class_4,r2_class_5,r2_mean,time
0.8743566519904715,0.8693364258652042,0.8923181190028073,0.9160817831000376,0.7779069254799864,0.8848254020842673,0.8691375512537958,0.06194553366221323,0.09660893017777403,0.0755774126880033,0.02773832484317489,0.023686655915319287,0.03900135050573478,0.05409303463203658,0.012695751660286447,0.01769468614074753,0.01331104688932622,0.0033528685333221835,0.002679091053097211,0.005103937307602074,0.009139563597396944,0.8731241851760495,0.8691146547962838,0.891963554902487,0.9149304993955101,0.7649306818901824,0.8844079922485818,0.8664119280681825,9.711060047149658
