expl_var_class_0,expl_var_class_1,expl_var_class_2,expl_var_class_3,expl_var_class_4,expl_var_class_5,expl_var_mean,mae_class_0,mae_class_1,mae_class_2,mae_class_3,mae_class_4,mae_class_5,mae_mean,mse_class_0,mse_class_1,mse_class_2,mse_class_3,mse_class_4,mse_class_5,mse_mean,r2_class_0,r2_class_1,r2_class_2,r2_class_3,r2_class_4,r2_class_5,r2_mean,time
0.8633250750247697,0.8787743321529269,0.9033608735194559,0.8987254191729495,0.8074236193469237,0.8763408013468684,0.8713250200939825,0.06562105576557443,0.09322641706942471,0.07191368892188997,0.03126590835293195,0.02289685264390143,0.039847229608346885,0.05412852539367824,0.013764445855065715,0.01645441916430924,0.011936231290242029,0.004100131978098284,0.0023330670541539993,0.005460687151547602,0.009008163748902813,0.8624441206640452,0.8782887520402057,0.9031219702566367,0.8959708153412993,0.7952915855956308,0.876328459087928,0.8685742838309576,7.568305015563965
