expl_var_class_0,expl_var_class_1,expl_var_class_2,expl_var_class_3,expl_var_class_4,expl_var_class_5,expl_var_mean,mae_class_0,mae_class_1,mae_class_2,mae_class_3,mae_class_4,mae_class_5,mae_mean,mse_class_0,mse_class_1,mse_class_2,mse_class_3,mse_class_4,mse_class_5,mse_mean,r2_class_0,r2_class_1,r2_class_2,r2_class_3,r2_class_4,r2_class_5,r2_mean,time
0.8611050432994024,0.8669970029536106,0.8793466351676499,0.9057839470214482,0.7831475715079778,0.894117825486002,0.8650830042393484,0.06425820806594695,0.09732052407811209,0.07823901173251259,0.028995927016700663,0.021810498316294953,0.03648784876090788,0.05451866966174585,0.014033300497480269,0.0179809828176404,0.014927823437441028,0.0037649887950430014,0.002574558585014084,0.004679547167219897,0.00966020021663978,0.8597573044172961,0.8669969546524249,0.8788413119844326,0.9044741201771922,0.7741025896400999,0.8940194168096977,0.8630319496135238,11.918844938278198
