expl_var_class_0,expl_var_class_1,expl_var_class_2,expl_var_class_3,expl_var_class_4,expl_var_class_5,expl_var_mean,mae_class_0,mae_class_1,mae_class_2,mae_class_3,mae_class_4,mae_class_5,mae_mean,mse_class_0,mse_class_1,mse_class_2,mse_class_3,mse_class_4,mse_class_5,mse_mean,r2_class_0,r2_class_1,r2_class_2,r2_class_3,r2_class_4,r2_class_5,r2_mean,time
0.883192348675569,0.88511421279569,0.8938163522018692,0.9073710176197636,0.7958176691749153,0.8779571872284022,0.8738781312827015,0.06107420525077912,0.08941119084948779,0.07571618088798429,0.02845876546677507,0.020897410749094764,0.039924001132359124,0.052580292389413356,0.011788934480383257,0.015560474853449451,0.01309408524683509,0.0036956337527271816,0.002412963753505307,0.00539661730257685,0.008658118231579524,0.8821865212767526,0.8849011445284988,0.8937244806036845,0.9062338070708398,0.7882812741640637,0.8777794883683677,0.8721844526687011,11.000152111053467
