expl_var_class_0,expl_var_class_1,expl_var_class_2,expl_var_class_3,expl_var_class_4,expl_var_class_5,expl_var_mean,mae_class_0,mae_class_1,mae_class_2,mae_class_3,mae_class_4,mae_class_5,mae_mean,mse_class_0,mse_class_1,mse_class_2,mse_class_3,mse_class_4,mse_class_5,mse_mean,r2_class_0,r2_class_1,r2_class_2,r2_class_3,r2_class_4,r2_class_5,r2_mean,time
0.8768455674400968,0.8894480544294682,0.9040759194792355,0.8837731812388562,0.7803274952697743,0.8919230412095309,0.871065543177827,0.06268828908350074,0.08864621036408757,0.07177470492865941,0.033464327936765514,0.02326050998856575,0.03664080102692719,0.052745807221417695,0.012403060902834015,0.015029453188457746,0.011845787022834299,0.004728193464368276,0.002637927775123688,0.004772311981223397,0.008569455722473569,0.8760492091791087,0.8888290443160536,0.9038560430317852,0.88003554187176,0.7685424380763765,0.8919185150052455,0.8682051319133883,9.551656246185303
