expl_var_class_0,expl_var_class_1,expl_var_class_2,expl_var_class_3,expl_var_class_4,expl_var_class_5,expl_var_mean,mae_class_0,mae_class_1,mae_class_2,mae_class_3,mae_class_4,mae_class_5,mae_mean,mse_class_0,mse_class_1,mse_class_2,mse_class_3,mse_class_4,mse_class_5,mse_mean,r2_class_0,r2_class_1,r2_class_2,r2_class_3,r2_class_4,r2_class_5,r2_mean,time
0.8713476848045341,0.7664627043401075,0.8273810814339125,0.9127412722540885,0.7898999591540389,0.8657400163136523,0.8389287863833891,0.0632624486724184,0.12621426740020697,0.0991062853922448,0.028175413185942633,0.023842807864942972,0.04101759406952114,0.06360313609754616,0.012958296567667841,0.03217970337433052,0.02145519967038296,0.0034814835996587684,0.0025359780781126057,0.005931367633129266,0.01309033815388033,0.8705004256741926,0.761970822697819,0.8258631706042442,0.9116672579785775,0.7774877278343308,0.8656686686954418,0.8355263455807677,6.787804365158081
