expl_var_class_0,expl_var_class_1,expl_var_class_2,expl_var_class_3,expl_var_class_4,expl_var_class_5,expl_var_mean,mae_class_0,mae_class_1,mae_class_2,mae_class_3,mae_class_4,mae_class_5,mae_mean,mse_class_0,mse_class_1,mse_class_2,mse_class_3,mse_class_4,mse_class_5,mse_mean,r2_class_0,r2_class_1,r2_class_2,r2_class_3,r2_class_4,r2_class_5,r2_mean,time
0.8620434717645764,0.8873655404018971,0.8948069163747369,0.8801382976749091,0.7887461887906992,0.8877933977969575,0.866815635467296,0.06498695593140343,0.0896051624414864,0.07498041951134662,0.032614343881297546,0.024729034341041806,0.036976379197646646,0.053982049217370404,0.013913671561232627,0.015322873184941464,0.012970958203747582,0.004830398276304487,0.0026073110973313367,0.004955486346415093,0.009100116444995433,0.8609528239240631,0.8866586538822269,0.8947238165793702,0.8774423855268632,0.7712288124581339,0.8877700524820945,0.8631294241421253,7.498471021652222
