expl_var_class_0,expl_var_class_1,expl_var_class_2,expl_var_class_3,expl_var_class_4,expl_var_class_5,expl_var_mean,mae_class_0,mae_class_1,mae_class_2,mae_class_3,mae_class_4,mae_class_5,mae_mean,mse_class_0,mse_class_1,mse_class_2,mse_class_3,mse_class_4,mse_class_5,mse_mean,r2_class_0,r2_class_1,r2_class_2,r2_class_3,r2_class_4,r2_class_5,r2_mean,time
0.8765999692664419,0.8676981286190829,0.8818786263211253,0.9032537234531863,0.7638007975770873,0.88611444892494,0.8632242823603108,0.0631656712987786,0.09565403744444306,0.07772945839724014,0.029197318527596394,0.022904611462429048,0.03794221267586992,0.05443221830105952,0.012447121641219317,0.017913528534583955,0.01460884914379357,0.003875482425228344,0.0028205237052352245,0.005040033915513384,0.009450923227595632,0.8756088853421304,0.8674959054138618,0.8814302029296516,0.9016706586497191,0.7525210711536937,0.8858552516776221,0.8607636625277797,9.456726312637329
