expl_var_class_0,expl_var_class_1,expl_var_class_2,expl_var_class_3,expl_var_class_4,expl_var_class_5,expl_var_mean,mae_class_0,mae_class_1,mae_class_2,mae_class_3,mae_class_4,mae_class_5,mae_mean,mse_class_0,mse_class_1,mse_class_2,mse_class_3,mse_class_4,mse_class_5,mse_mean,r2_class_0,r2_class_1,r2_class_2,r2_class_3,r2_class_4,r2_class_5,r2_mean,time
0.8637935387495658,0.8806256588796134,0.8896746153399561,0.9007831560852178,0.7859285312833959,0.8867185787519241,0.8679206798482788,0.06325645537601966,0.09212061308734194,0.07732278425711443,0.03129244910637077,0.023195205438942223,0.038220351710771774,0.05423464316276014,0.013818820975149337,0.01617581068538311,0.013623836468734692,0.004014398759612013,0.0025781374917116977,0.005013894873983082,0.009204149875762324,0.861900719386881,0.8803495835605205,0.8894248609512295,0.8981460518617173,0.7737885685261052,0.8864472386298687,0.8650095038193871,9.078659057617188
