expl_var_class_0,expl_var_class_1,expl_var_class_2,expl_var_class_3,expl_var_class_4,expl_var_class_5,expl_var_mean,mae_class_0,mae_class_1,mae_class_2,mae_class_3,mae_class_4,mae_class_5,mae_mean,mse_class_0,mse_class_1,mse_class_2,mse_class_3,mse_class_4,mse_class_5,mse_mean,r2_class_0,r2_class_1,r2_class_2,r2_class_3,r2_class_4,r2_class_5,r2_mean,time
0.8685809868712259,0.8771877945998,0.8908689857705044,0.9156718311462626,0.7886801105240911,0.8877436975507738,0.8714555677437764,0.06521759819413177,0.09365697714959831,0.07589092871601621,0.027826760604339713,0.022015923762799115,0.038125071194242355,0.05378887660352124,0.013228318286751401,0.01664468065391269,0.013474854676935648,0.003378163273735121,0.0025321475385140712,0.004961223838191092,0.009036564711340005,0.8678019461713162,0.8768814119750787,0.890634041814617,0.9142887173174288,0.7778238277703069,0.8876401119765838,0.8691783428375554,7.759041786193848
