expl_var_class_0,expl_var_class_1,expl_var_class_2,expl_var_class_3,expl_var_class_4,expl_var_class_5,expl_var_mean,mae_class_0,mae_class_1,mae_class_2,mae_class_3,mae_class_4,mae_class_5,mae_mean,mse_class_0,mse_class_1,mse_class_2,mse_class_3,mse_class_4,mse_class_5,mse_mean,r2_class_0,r2_class_1,r2_class_2,r2_class_3,r2_class_4,r2_class_5,r2_mean,time
0.8635914645524457,0.869364932111847,0.8814750161736709,0.9084398912815945,0.7979789204737797,0.8937605857386285,0.8691018017219944,0.06559322483696158,0.09632157001905006,0.07658068654000551,0.028364358351274738,0.020970653958331868,0.037690311332165376,0.05425346750629819,0.013701850019110775,0.017666325638933507,0.014741493511623644,0.0036507931658116325,0.0023850046968117026,0.0046921093386425505,0.009472929395155635,0.8630696761966263,0.869324433824889,0.8803536214945685,0.9073715093988037,0.7907344630485404,0.8937349135862158,0.8674314362582739,10.463470458984375
