expl_var_class_0,expl_var_class_1,expl_var_class_2,expl_var_class_3,expl_var_class_4,expl_var_class_5,expl_var_mean,mae_class_0,mae_class_1,mae_class_2,mae_class_3,mae_class_4,mae_class_5,mae_mean,mse_class_0,mse_class_1,mse_class_2,mse_class_3,mse_class_4,mse_class_5,mse_mean,r2_class_0,r2_class_1,r2_class_2,r2_class_3,r2_class_4,r2_class_5,r2_mean,time
0.94450944979972,0.9691272412255031,0.9783718143204031,0.955397090673283,0.7756448898846774,0.9238477613286344,0.9244830412053702,0.03293344828597375,0.03518536743856086,0.025435561280803664,0.017790655281851198,0.01922093673364796,0.02651379388353923,0.026179960484062778,0.005415475222702142,0.004067468211212061,0.0025849971358099686,0.0017945505756005833,0.00296666198601598,0.0033322872137645627,0.0033602400575175498,0.9445069318739592,0.9691197649000288,0.9783680338161831,0.9553457060555429,0.7756311790473526,0.9238227072846872,0.9244657204962922,9.787099599838257
