expl_var_class_0,expl_var_class_1,expl_var_class_2,expl_var_class_3,expl_var_class_4,expl_var_class_5,expl_var_mean,mae_class_0,mae_class_1,mae_class_2,mae_class_3,mae_class_4,mae_class_5,mae_mean,mse_class_0,mse_class_1,mse_class_2,mse_class_3,mse_class_4,mse_class_5,mse_mean,r2_class_0,r2_class_1,r2_class_2,r2_class_3,r2_class_4,r2_class_5,r2_mean,time
0.9489117303349179,0.9690364742694495,0.9780708227741066,0.9567105693895028,0.7845203643185324,0.9325806508741559,0.9283051019934443,0.03166419334306022,0.034672168179151405,0.02531508873206993,0.017113238497582624,0.019468291117784777,0.02563698304718197,0.025644993819471818,0.004987445708335804,0.004080000808466247,0.0026206213184497757,0.001722318970536312,0.002836799199182026,0.002958668817695659,0.0032009758037776378,0.9489078916800615,0.9690318475616685,0.9780691013523315,0.9566483953106972,0.7844958151166181,0.9325428193524614,0.9282826450623064,9.418959617614746
