expl_var_class_0,expl_var_class_1,expl_var_class_2,expl_var_class_3,expl_var_class_4,expl_var_class_5,expl_var_mean,mae_class_0,mae_class_1,mae_class_2,mae_class_3,mae_class_4,mae_class_5,mae_mean,mse_class_0,mse_class_1,mse_class_2,mse_class_3,mse_class_4,mse_class_5,mse_mean,r2_class_0,r2_class_1,r2_class_2,r2_class_3,r2_class_4,r2_class_5,r2_mean,time
0.9353241425648168,0.9694678368354508,0.9794068281599794,0.8995999832875685,0.530808199843822,0.9182277055516415,0.8721391160405464,0.03600367309422452,0.03455428792570318,0.024964048836252296,0.02454220748786915,0.026232777328426063,0.027374107543074663,0.028945183702591647,0.006329904051357573,0.004020579159919317,0.0024507782759309073,0.003997019744537777,0.006193634801529229,0.003592804741396832,0.004430786795778605,0.9353241425628276,0.9694584079271508,0.979406677058175,0.8995079804924617,0.5308037871203524,0.9182168324444258,0.8721196379342322,7.791072130203247
