expl_var_class_0,expl_var_class_1,expl_var_class_2,expl_var_class_3,expl_var_class_4,expl_var_class_5,expl_var_mean,mae_class_0,mae_class_1,mae_class_2,mae_class_3,mae_class_4,mae_class_5,mae_mean,mse_class_0,mse_class_1,mse_class_2,mse_class_3,mse_class_4,mse_class_5,mse_mean,r2_class_0,r2_class_1,r2_class_2,r2_class_3,r2_class_4,r2_class_5,r2_mean,time
0.9007436924713096,0.9504306477645555,0.9752653620547516,0.8562700332307284,0.48918100112461227,0.8911615473121007,0.8438420473263429,0.04477281785957377,0.04506049592498331,0.026984592314728294,0.0313706081653368,0.02841644353532763,0.03474225694407236,0.035224535790670364,0.009689713506987422,0.006530970161094208,0.002955846039587432,0.005713923019609921,0.006724635531590217,0.004778251093681291,0.006065556558758415,0.9007371867205016,0.9504284217053892,0.9752637439618133,0.8561777834368841,0.4891470995581775,0.8910566315236321,0.8438018111510663,3.7962658405303955
