expl_var_class_0,expl_var_class_1,expl_var_class_2,expl_var_class_3,expl_var_class_4,expl_var_class_5,expl_var_mean,mae_class_0,mae_class_1,mae_class_2,mae_class_3,mae_class_4,mae_class_5,mae_mean,mse_class_0,mse_class_1,mse_class_2,mse_class_3,mse_class_4,mse_class_5,mse_mean,r2_class_0,r2_class_1,r2_class_2,r2_class_3,r2_class_4,r2_class_5,r2_mean,time
0.897153614572813,0.9489396532954193,0.9753328666831835,0.8621275566881934,0.4737914074909645,0.8935133744553078,0.8418097455309804,0.0465860417680956,0.046010928016406244,0.027286967888127782,0.030949086534124707,0.028497333203181856,0.0344757120656718,0.03563434491260133,0.010036612197620339,0.0067288416203641205,0.0029481055274540187,0.005546414468414723,0.006957666018785194,0.004659679168287577,0.006146219833487662,0.8971535494978606,0.9489146072206435,0.9753294430416355,0.8619870482460534,0.47379130869116626,0.8934780464013246,0.8417756671831139,1.749225378036499
