expl_var_class_0,expl_var_class_1,expl_var_class_2,expl_var_class_3,expl_var_class_4,expl_var_class_5,expl_var_mean,mae_class_0,mae_class_1,mae_class_2,mae_class_3,mae_class_4,mae_class_5,mae_mean,mse_class_0,mse_class_1,mse_class_2,mse_class_3,mse_class_4,mse_class_5,mse_mean,r2_class_0,r2_class_1,r2_class_2,r2_class_3,r2_class_4,r2_class_5,r2_mean,time
0.944072807205088,0.9691777327996974,0.9787550560146466,0.9506876363937306,0.7542064288690377,0.9227761773145383,0.9199459730994564,0.033150162629545794,0.03448011902531121,0.025052848563599593,0.018349327958091657,0.020351437996231313,0.026926305308166868,0.02638503358015774,0.005463345727900177,0.004061866071572425,0.0025389222464513436,0.0019618721575215088,0.0032370106109839004,0.003390593225315566,0.003442268339957487,0.9440327037038987,0.9691694944208044,0.9787528071800267,0.9506187252891152,0.7540928052362362,0.9226950112380033,0.9198935911780141,9.229623794555664
