expl_var_class_0,expl_var_class_1,expl_var_class_2,expl_var_class_3,expl_var_class_4,expl_var_class_5,expl_var_mean,mae_class_0,mae_class_1,mae_class_2,mae_class_3,mae_class_4,mae_class_5,mae_mean,mse_class_0,mse_class_1,mse_class_2,mse_class_3,mse_class_4,mse_class_5,mse_mean,r2_class_0,r2_class_1,r2_class_2,r2_class_3,r2_class_4,r2_class_5,r2_mean,time
0.900706553204341,0.95309636166753,0.9767326389140799,0.8643954001861957,0.5147200589042424,0.8901303146080288,0.8499635545807362,0.04532514094170207,0.04409422500235378,0.026086577926051346,0.029893371899421196,0.027796252920996783,0.035026243213729914,0.034703635317375844,0.009701544139407027,0.006182411069167992,0.0027783902158951823,0.005381657868667462,0.006419929754445682,0.0048502004012882655,0.005885688908145268,0.9006905895377412,0.9530958893454894,0.9767315485398409,0.8643339549160287,0.5147171052449582,0.889909501473729,0.8499130981762978,2.773682117462158
