expl_var_class_0,expl_var_class_1,expl_var_class_2,expl_var_class_3,expl_var_class_4,expl_var_class_5,expl_var_mean,mae_class_0,mae_class_1,mae_class_2,mae_class_3,mae_class_4,mae_class_5,mae_mean,mse_class_0,mse_class_1,mse_class_2,mse_class_3,mse_class_4,mse_class_5,mse_mean,r2_class_0,r2_class_1,r2_class_2,r2_class_3,r2_class_4,r2_class_5,r2_mean,time
0.9040701780065009,0.9524562685029583,0.975313881694259,0.8581074002012471,0.5020177472327448,0.8954505748568675,0.8479026750824296,0.04530329351808565,0.04492773714646252,0.026965412517952068,0.03136129250106233,0.027956042844661272,0.034446883775769745,0.03516011038399893,0.00938894976750852,0.00625879724181385,0.002937916628304654,0.005646762253944766,0.00657403108176154,0.004596497455440441,0.005900492404795629,0.9040683126124289,0.9524561948358732,0.9753133661673843,0.8580305880766997,0.5019870260748935,0.895369732388823,0.847870870026017,4.109126567840576
