expl_var_class_0,expl_var_class_1,expl_var_class_2,expl_var_class_3,expl_var_class_4,expl_var_class_5,expl_var_mean,mae_class_0,mae_class_1,mae_class_2,mae_class_3,mae_class_4,mae_class_5,mae_mean,mse_class_0,mse_class_1,mse_class_2,mse_class_3,mse_class_4,mse_class_5,mse_mean,r2_class_0,r2_class_1,r2_class_2,r2_class_3,r2_class_4,r2_class_5,r2_mean,time
0.9552063324179487,0.9691989160152359,0.9776580075228508,0.9626356867182178,0.8303913095351443,0.9387446179482684,0.9389724783596108,0.029854588764504218,0.034582655087759394,0.025456161114639674,0.01562788489643896,0.01728875446971597,0.02441794028282314,0.02453799743598023,0.004372779756318557,0.004059094105266551,0.002669745192653503,0.0014874125263612938,0.002232775722638917,0.002687218187596803,0.0029181709151392707,0.955204617747386,0.9691905342879867,0.9776580039157206,0.9625611045597129,0.8303818922842875,0.9387318507445347,0.9389546672566048,10.230232238769531
