expl_var_class_0,expl_var_class_1,expl_var_class_2,expl_var_class_3,expl_var_class_4,expl_var_class_5,expl_var_mean,mae_class_0,mae_class_1,mae_class_2,mae_class_3,mae_class_4,mae_class_5,mae_mean,mse_class_0,mse_class_1,mse_class_2,mse_class_3,mse_class_4,mse_class_5,mse_mean,r2_class_0,r2_class_1,r2_class_2,r2_class_3,r2_class_4,r2_class_5,r2_mean,time
0.9043078480327633,0.9569852525670528,0.9784799397311403,0.8669582062308583,0.5078893615973964,0.8954690865936362,0.8516816157921413,0.04433496829607725,0.041915178439664906,0.025254317272606477,0.029851551159843965,0.027902472430627625,0.03316302267949257,0.033736918379718796,0.009344246993333591,0.0056671636430950766,0.002571785150822602,0.005292227446899705,0.006479962962252103,0.0045914945420875855,0.005657813456415111,0.9042761951766765,0.9569849135254674,0.9784777910912998,0.8667920657388841,0.5077342320678513,0.8953146513339669,0.8515966414890244,5.570030689239502
