expl_var_class_0,expl_var_class_1,expl_var_class_2,expl_var_class_3,expl_var_class_4,expl_var_class_5,expl_var_mean,mae_class_0,mae_class_1,mae_class_2,mae_class_3,mae_class_4,mae_class_5,mae_mean,mse_class_0,mse_class_1,mse_class_2,mse_class_3,mse_class_4,mse_class_5,mse_mean,r2_class_0,r2_class_1,r2_class_2,r2_class_3,r2_class_4,r2_class_5,r2_mean,time
0.9366291964986284,0.9706121182893657,0.9782867068145915,0.886887394316637,0.5363794531731245,0.9154132040133302,0.8707013455176128,0.03551957708471931,0.03432171480056352,0.025912497331635257,0.027382457479280045,0.026192897863775513,0.028161857119564402,0.02958183361325634,0.006180452532630288,0.0038684749750362724,0.002592286210135163,0.004517795644667815,0.006076891482409141,0.0037193044160624086,0.004492534210156848,0.936625585394827,0.9706121103763333,0.9782831122937177,0.8867065754455257,0.5362434361369144,0.9153772924889635,0.8706413520227135,6.642791032791138
