expl_var_class_0,expl_var_class_1,expl_var_class_2,expl_var_class_3,expl_var_class_4,expl_var_class_5,expl_var_mean,mae_class_0,mae_class_1,mae_class_2,mae_class_3,mae_class_4,mae_class_5,mae_mean,mse_class_0,mse_class_1,mse_class_2,mse_class_3,mse_class_4,mse_class_5,mse_mean,r2_class_0,r2_class_1,r2_class_2,r2_class_3,r2_class_4,r2_class_5,r2_mean,time
0.9363882569664125,0.9697193249092125,0.9785268359600557,0.8874875411262398,0.5394041940281096,0.9153176206019212,0.8711406289319918,0.0356759820059189,0.03474907093278144,0.02605779360804935,0.02758056642193216,0.026254204299551737,0.028071044095645734,0.029731443560646553,0.0062044820440215216,0.003986020498785946,0.0025637882541403897,0.0044950603666174295,0.006039230184485618,0.003722881348117267,0.004501910449361363,0.9363791865737653,0.9697191448278928,0.9785218540297873,0.8872767113505364,0.5391175493519018,0.9152959090792705,0.8710517258688592,7.156327962875366
