expl_var_class_0,expl_var_class_1,expl_var_class_2,expl_var_class_3,expl_var_class_4,expl_var_class_5,expl_var_mean,mae_class_0,mae_class_1,mae_class_2,mae_class_3,mae_class_4,mae_class_5,mae_mean,mse_class_0,mse_class_1,mse_class_2,mse_class_3,mse_class_4,mse_class_5,mse_mean,r2_class_0,r2_class_1,r2_class_2,r2_class_3,r2_class_4,r2_class_5,r2_mean,time
0.9531196651974055,0.9681375072184154,0.9775276965844873,0.9638004295535814,0.831653781709218,0.9372904478939864,0.9385882546928491,0.03057854836559799,0.035619466480643416,0.026148024679504434,0.015261312244390129,0.01719486714342965,0.02508754021637357,0.02498162652165653,0.004579782502477684,0.0042008023828384,0.0026835205833074284,0.0014404537882424097,0.002227696963491527,0.0027691129821266758,0.0029835615337473545,0.9531192670124545,0.9681297640033987,0.9775260623659702,0.9636876454531177,0.8316082461289286,0.9371463025327939,0.9385362145827773,8.737813711166382
