expl_var_class_0,expl_var_class_1,expl_var_class_2,expl_var_class_3,expl_var_class_4,expl_var_class_5,expl_var_mean,mae_class_0,mae_class_1,mae_class_2,mae_class_3,mae_class_4,mae_class_5,mae_mean,mse_class_0,mse_class_1,mse_class_2,mse_class_3,mse_class_4,mse_class_5,mse_mean,r2_class_0,r2_class_1,r2_class_2,r2_class_3,r2_class_4,r2_class_5,r2_mean,time
0.9381292272901193,0.9693503953447878,0.9780485653692662,0.9153211455886923,0.5680084451190598,0.9224726202790692,0.8818883998318324,0.03533223806380613,0.03518321827577546,0.025998132868808244,0.022958735097808092,0.025250042961196456,0.027152028456617832,0.0286457326206687,0.006044984741503018,0.004039912537185594,0.002621146592691125,0.003360496520461029,0.00571528924511404,0.0034223909598669632,0.004200703432803628,0.9381207916692829,0.9693503873232101,0.9780484318174348,0.9152853482002786,0.5679809257553511,0.9223181114694803,0.8818506660391731,8.53322982788086
