expl_var_class_0,expl_var_class_1,expl_var_class_2,expl_var_class_3,expl_var_class_4,expl_var_class_5,expl_var_mean,mae_class_0,mae_class_1,mae_class_2,mae_class_3,mae_class_4,mae_class_5,mae_mean,mse_class_0,mse_class_1,mse_class_2,mse_class_3,mse_class_4,mse_class_5,mse_mean,r2_class_0,r2_class_1,r2_class_2,r2_class_3,r2_class_4,r2_class_5,r2_mean,time
0.9567561466098573,0.9644640333386151,0.9751205520645039,0.9681132863033592,0.8429906304141865,0.9362367496428403,0.9406135663955605,0.029447828353641008,0.03719617595723877,0.027253267096832193,0.014737384973263429,0.01688427778092512,0.025023462380270044,0.025090399423695092,0.004217311675204969,0.004677928394038936,0.0029705826214347394,0.0012746853882272264,0.002057627821930877,0.0028028180090956304,0.003000158984988729,0.9567556490058615,0.964462884160148,0.9751139326515307,0.9680345274066883,0.8429726100638797,0.9362294606577357,0.940594843990974,8.37424921989441
