expl_var_class_0,expl_var_class_1,expl_var_class_2,expl_var_class_3,expl_var_class_4,expl_var_class_5,expl_var_mean,mae_class_0,mae_class_1,mae_class_2,mae_class_3,mae_class_4,mae_class_5,mae_mean,mse_class_0,mse_class_1,mse_class_2,mse_class_3,mse_class_4,mse_class_5,mse_mean,r2_class_0,r2_class_1,r2_class_2,r2_class_3,r2_class_4,r2_class_5,r2_mean,time
0.8980937315802979,0.946884461010369,0.9767685970256024,0.8649942800594322,0.5026522746869634,0.8907821059860279,0.8466959083914488,0.046042752686609324,0.04676903847639433,0.026824473736342783,0.03062601216959983,0.028207603343570666,0.03507381336638828,0.03559061562981754,0.009939104951417952,0.006992688291396585,0.0027730933614272604,0.005389487520768809,0.00651795282429782,0.00480218811576601,0.006069085844179073,0.8980843304483044,0.9468782005812659,0.9767683996876206,0.8648470303117488,0.5025839421408088,0.890739204196771,0.8466501845610864,1.8988468647003174
