expl_var_class_0,expl_var_class_1,expl_var_class_2,expl_var_class_3,expl_var_class_4,expl_var_class_5,expl_var_mean,mae_class_0,mae_class_1,mae_class_2,mae_class_3,mae_class_4,mae_class_5,mae_mean,mse_class_0,mse_class_1,mse_class_2,mse_class_3,mse_class_4,mse_class_5,mse_mean,r2_class_0,r2_class_1,r2_class_2,r2_class_3,r2_class_4,r2_class_5,r2_mean,time
0.9287509307427124,0.9679433397883713,0.9792321183758458,0.8756895394904826,0.5191099233425274,0.911088596999559,0.8636357414565831,0.038128144745383334,0.03582158284080604,0.025101803121801686,0.0290931344039523,0.027456570106524972,0.02948437726569458,0.030847602080693818,0.006948461203395871,0.004220480291641422,0.0024791817153994216,0.00496556526274184,0.006304413898737656,0.003907818333188893,0.004804320117517517,0.9287504177328318,0.9679380092232713,0.9792306456338437,0.8754777910043946,0.5188801157116978,0.9110881684253722,0.8635608579552351,6.155335903167725
