expl_var_class_0,expl_var_class_1,expl_var_class_2,expl_var_class_3,expl_var_class_4,expl_var_class_5,expl_var_mean,mae_class_0,mae_class_1,mae_class_2,mae_class_3,mae_class_4,mae_class_5,mae_mean,mse_class_0,mse_class_1,mse_class_2,mse_class_3,mse_class_4,mse_class_5,mse_mean,r2_class_0,r2_class_1,r2_class_2,r2_class_3,r2_class_4,r2_class_5,r2_mean,time
0.9009845620798971,0.950963860734609,0.9756330540149958,0.8583189606301151,0.4985698278637468,0.8877781229815009,0.8453747313841443,0.04477571668208137,0.044944145520890044,0.026784824561091845,0.03131205739204371,0.02834116548112032,0.03539121780377642,0.035258187906833945,0.00966664742916782,0.006460431415163294,0.0029120722790825625,0.005636784805873003,0.006601580757249203,0.00492689211360327,0.006034068133356525,0.90097347892605,0.9509638271475314,0.9756300685041273,0.8581193897279189,0.4984952475864254,0.8876676398012262,0.8453082752822132,4.506608963012695
