expl_var_class_0,expl_var_class_1,expl_var_class_2,expl_var_class_3,expl_var_class_4,expl_var_class_5,expl_var_mean,mae_class_0,mae_class_1,mae_class_2,mae_class_3,mae_class_4,mae_class_5,mae_mean,mse_class_0,mse_class_1,mse_class_2,mse_class_3,mse_class_4,mse_class_5,mse_mean,r2_class_0,r2_class_1,r2_class_2,r2_class_3,r2_class_4,r2_class_5,r2_mean,time
0.9347526766833472,0.9693038489485646,0.9769566135438421,0.8762806899090472,0.5207204614298915,0.9155204932157793,0.8655891306217453,0.036411073513982,0.0345206152758045,0.025948303602321518,0.028480354336868838,0.027035010938436445,0.02802045165930588,0.0300693015544532,0.006370130844696781,0.004044165403785518,0.002753622313364245,0.004917618771946148,0.006309539514877506,0.003707599282552655,0.004683779355203809,0.9347434670646212,0.9693038465947421,0.9769560708969303,0.8762211479632488,0.5206808537822357,0.9154673233191976,0.8655621182701626,6.362490177154541
