expl_var_class_0,expl_var_class_1,expl_var_class_2,expl_var_class_3,expl_var_class_4,expl_var_class_5,expl_var_mean,mae_class_0,mae_class_1,mae_class_2,mae_class_3,mae_class_4,mae_class_5,mae_mean,mse_class_0,mse_class_1,mse_class_2,mse_class_3,mse_class_4,mse_class_5,mse_mean,r2_class_0,r2_class_1,r2_class_2,r2_class_3,r2_class_4,r2_class_5,r2_mean,time
0.9009907692227618,0.9510874491027896,0.9759562553005913,0.8593782182048983,0.49800287964765033,0.8911686878013508,0.8460973765466737,0.04564089185258657,0.04502047657782582,0.026724153412696242,0.03109474953077383,0.028505445659751057,0.0350872604830353,0.035345496252778136,0.009673023496734148,0.006447421404134797,0.0028717166415523944,0.005579734854072277,0.006641046919498371,0.0048008667760811976,0.006002301682012198,0.9009825397849542,0.9510853348972643,0.9759499587570482,0.8593406383790411,0.4980028448027015,0.891029282708276,0.8460650998882143,4.202263116836548
