expl_var_class_0,expl_var_class_1,expl_var_class_2,expl_var_class_3,expl_var_class_4,expl_var_class_5,expl_var_mean,mae_class_0,mae_class_1,mae_class_2,mae_class_3,mae_class_4,mae_class_5,mae_mean,mse_class_0,mse_class_1,mse_class_2,mse_class_3,mse_class_4,mse_class_5,mse_mean,r2_class_0,r2_class_1,r2_class_2,r2_class_3,r2_class_4,r2_class_5,r2_mean,time
0.8953950739273466,0.9509569855573976,0.9761500445569482,0.8621768613920826,0.47140296821523375,0.88998083197495,0.8410104609373265,0.04613964126834515,0.04484955789180398,0.026700571551061168,0.03085875889309857,0.028592346336086264,0.03491848559331967,0.0353432269222858,0.010214014087739334,0.006461647872665396,0.002850008113451239,0.005480689524922773,0.00695905446877023,0.004830251141937931,0.0061326108682478175,0.8953661764618412,0.9509545939529493,0.9761494579010348,0.8620483837350584,0.4713389085544666,0.8898710386556676,0.8409547598768362,2.2502238750457764
