expl_var_class_0,expl_var_class_1,expl_var_class_2,expl_var_class_3,expl_var_class_4,expl_var_class_5,expl_var_mean,mae_class_0,mae_class_1,mae_class_2,mae_class_3,mae_class_4,mae_class_5,mae_mean,mse_class_0,mse_class_1,mse_class_2,mse_class_3,mse_class_4,mse_class_5,mse_mean,r2_class_0,r2_class_1,r2_class_2,r2_class_3,r2_class_4,r2_class_5,r2_mean,time
0.9348053761137929,0.9712322667711459,0.9793422210183983,0.8823327899676419,0.539143840326902,0.9177783531916616,0.8707724745649238,0.03651674926039757,0.033673928521357574,0.024614530411432585,0.027777414114653048,0.026226116928251823,0.02795312021406577,0.029460309908359725,0.006382771696750307,0.0037872460127629987,0.0024584802666740755,0.004684736205360702,0.006083541972798883,0.0036122501594558288,0.004501504385633799,0.934783966871582,0.9712308803780265,0.9793419590115745,0.8822175940511346,0.5391438232963199,0.9177741955638341,0.8707487365287453,5.77823281288147
