expl_var_class_0,expl_var_class_1,expl_var_class_2,expl_var_class_3,expl_var_class_4,expl_var_class_5,expl_var_mean,mae_class_0,mae_class_1,mae_class_2,mae_class_3,mae_class_4,mae_class_5,mae_mean,mse_class_0,mse_class_1,mse_class_2,mse_class_3,mse_class_4,mse_class_5,mse_mean,r2_class_0,r2_class_1,r2_class_2,r2_class_3,r2_class_4,r2_class_5,r2_mean,time
0.902064719503494,0.9531121213683325,0.9784478393210992,0.8649272247219542,0.48519407742345866,0.8949735151982763,0.8464532495894358,0.04500694924182594,0.04433980376473703,0.02574472983715372,0.030692083854215565,0.02818574787420759,0.03412790498113244,0.034682869925545375,0.009557395146053223,0.006178166522645902,0.0025755749145900653,0.005431442463159468,0.006807286775815781,0.004596505655288632,0.0058577285795921785,0.9020641479949774,0.9530953347883141,0.9784468815518272,0.8648479281721226,0.4851644997051213,0.8949222157909549,0.8464235013338862,2.7465338706970215
