expl_var_class_0,expl_var_class_1,expl_var_class_2,expl_var_class_3,expl_var_class_4,expl_var_class_5,expl_var_mean,mae_class_0,mae_class_1,mae_class_2,mae_class_3,mae_class_4,mae_class_5,mae_mean,mse_class_0,mse_class_1,mse_class_2,mse_class_3,mse_class_4,mse_class_5,mse_mean,r2_class_0,r2_class_1,r2_class_2,r2_class_3,r2_class_4,r2_class_5,r2_mean,time
0.8981829213811704,0.951407930233496,0.9765344905364676,0.8626504398206228,0.48692045002848483,0.8887910727684925,0.8440812174614557,0.04577635275632548,0.04469399485423538,0.026354457643246586,0.030533613158474714,0.028195748265947833,0.03511515055445123,0.03511155287211354,0.009940204987486618,0.0064020323044023,0.002804021751608447,0.005462960859180834,0.006754348608342576,0.004883586919006736,0.006041192571671252,0.8981711161097486,0.9514070899431065,0.9765342987911128,0.8624946228592052,0.4868898751526781,0.8886549913822491,0.8440253323730166,2.749629259109497
