expl_var_class_0,expl_var_class_1,expl_var_class_2,expl_var_class_3,expl_var_class_4,expl_var_class_5,expl_var_mean,mae_class_0,mae_class_1,mae_class_2,mae_class_3,mae_class_4,mae_class_5,mae_mean,mse_class_0,mse_class_1,mse_class_2,mse_class_3,mse_class_4,mse_class_5,mse_mean,r2_class_0,r2_class_1,r2_class_2,r2_class_3,r2_class_4,r2_class_5,r2_mean,time
0.9026715981723541,0.9526184146052014,0.9765438179657328,0.8611478131476517,0.5016896827024137,0.8933893562134056,0.8480101138011266,0.045203774088548754,0.04462517873085268,0.02635309856412295,0.03088253671608516,0.02801123811098687,0.03470325341988829,0.034963179938414114,0.009525652998828717,0.006237461009252533,0.002791483593134604,0.005526357758114948,0.006577966764001575,0.004686819708734302,0.005890956972011113,0.9026715459903235,0.9526182716127105,0.9765438090892202,0.8610577662537053,0.5016888801135484,0.8933137230850007,0.8479823326907514,3.061478853225708
