expl_var_class_0,expl_var_class_1,expl_var_class_2,expl_var_class_3,expl_var_class_4,expl_var_class_5,expl_var_mean,mae_class_0,mae_class_1,mae_class_2,mae_class_3,mae_class_4,mae_class_5,mae_mean,mse_class_0,mse_class_1,mse_class_2,mse_class_3,mse_class_4,mse_class_5,mse_mean,r2_class_0,r2_class_1,r2_class_2,r2_class_3,r2_class_4,r2_class_5,r2_mean,time
0.9351787907629737,0.9709461787685417,0.977813118473804,0.8876974574772473,0.5123035670038151,0.9184007490603292,0.8670566435911186,0.036298308642968985,0.0340703658918064,0.026171569375927364,0.027109760127021033,0.027068467216257133,0.027584049278926288,0.029717086755484536,0.006334658938705184,0.003829889882206068,0.0026494413888058935,0.004456629186369552,0.006451859094420124,0.00359829384091815,0.0045534620552374954,0.9351555550701498,0.9709437666276437,0.97781146867014,0.8876529740694459,0.5123035644239412,0.9183254443083484,0.8670321288616116,7.107272386550903
