expl_var_class_0,expl_var_class_1,expl_var_class_2,expl_var_class_3,expl_var_class_4,expl_var_class_5,expl_var_mean,mae_class_0,mae_class_1,mae_class_2,mae_class_3,mae_class_4,mae_class_5,mae_mean,mse_class_0,mse_class_1,mse_class_2,mse_class_3,mse_class_4,mse_class_5,mse_mean,r2_class_0,r2_class_1,r2_class_2,r2_class_3,r2_class_4,r2_class_5,r2_mean,time
0.936146365527058,0.9686472366863901,0.9776409097785532,0.8759089151949025,0.5035962319071604,0.9186201082422795,0.8634266278893907,0.035905924402497826,0.03533594091770036,0.02606424103426965,0.028578809074057472,0.02734692691657834,0.027608072312916253,0.030139985776336652,0.006249711111051201,0.004127594309723585,0.002660956294113887,0.004940222299568635,0.006552838417747692,0.0035755963452371083,0.004684486462907017,0.9361435147259191,0.9686454869720009,0.9776405997894874,0.8757942298438064,0.5035924674699324,0.9186085479001191,0.8634041411168775,7.356088161468506
