expl_var_class_0,expl_var_class_1,expl_var_class_2,expl_var_class_3,expl_var_class_4,expl_var_class_5,expl_var_mean,mae_class_0,mae_class_1,mae_class_2,mae_class_3,mae_class_4,mae_class_5,mae_mean,mse_class_0,mse_class_1,mse_class_2,mse_class_3,mse_class_4,mse_class_5,mse_mean,r2_class_0,r2_class_1,r2_class_2,r2_class_3,r2_class_4,r2_class_5,r2_mean,time
0.949357474126733,0.9695851124646058,0.9779701220687298,0.9547315094984148,0.7965991240084773,0.9332046726624696,0.930241335804905,0.032260631947449374,0.03498817859185231,0.025891629074746795,0.017507380368126435,0.018751164006271366,0.025706355282372476,0.02585088987846979,0.004947434074321393,0.004009275574276291,0.002630544397236879,0.001799362792510205,0.002691777836461449,0.002949063219054111,0.0031712429823100544,0.9493558186035549,0.9695828208321339,0.9779697271208613,0.9546399195771332,0.7965283436924049,0.9330617679457281,0.9301897329619693,8.970575332641602
