expl_var_class_0,expl_var_class_1,expl_var_class_2,expl_var_class_3,expl_var_class_4,expl_var_class_5,expl_var_mean,mae_class_0,mae_class_1,mae_class_2,mae_class_3,mae_class_4,mae_class_5,mae_mean,mse_class_0,mse_class_1,mse_class_2,mse_class_3,mse_class_4,mse_class_5,mse_mean,r2_class_0,r2_class_1,r2_class_2,r2_class_3,r2_class_4,r2_class_5,r2_mean,time
0.9349370846855062,0.9708312141026214,0.9786166593023633,0.8789960037641886,0.5221461076220482,0.918305747078345,0.8673054694258456,0.03623667644541672,0.03385323394531534,0.025047435866347237,0.028018715529075214,0.026876764956114192,0.027899790642925786,0.029655436230865747,0.006367790002979507,0.003840688549265248,0.002544805461776684,0.004820454764584976,0.006309268295325438,0.00358917502848414,0.004578697017069332,0.9349370424763032,0.9708249139527261,0.9786165883657584,0.8788053937186897,0.522044020180618,0.9182994557542586,0.8672545690747256,6.218284368515015
