expl_var_class_0,expl_var_class_1,expl_var_class_2,expl_var_class_3,expl_var_class_4,expl_var_class_5,expl_var_mean,mae_class_0,mae_class_1,mae_class_2,mae_class_3,mae_class_4,mae_class_5,mae_mean,mse_class_0,mse_class_1,mse_class_2,mse_class_3,mse_class_4,mse_class_5,mse_mean,r2_class_0,r2_class_1,r2_class_2,r2_class_3,r2_class_4,r2_class_5,r2_mean,time
0.8977466751563012,0.9506608903183997,0.9784581973060462,0.8662948855815635,0.48459692920640574,0.8914314381196156,0.8448648359480554,0.04615982896754945,0.045050993545515575,0.025990815693130775,0.030072381291785095,0.028401155776136344,0.034859038022170066,0.03508903554938122,0.009972162931066841,0.0064950528258084905,0.0025716707222302147,0.005342251577310653,0.0067557059824323576,0.0047729409422919465,0.0059849641635234185,0.8977453536343547,0.9506586195396146,0.9784558186230156,0.866031572999675,0.4844398650278243,0.8914046444860174,0.8447893123850836,2.0894100666046143
