expl_var_class_0,expl_var_class_1,expl_var_class_2,expl_var_class_3,expl_var_class_4,expl_var_class_5,expl_var_mean,mae_class_0,mae_class_1,mae_class_2,mae_class_3,mae_class_4,mae_class_5,mae_mean,mse_class_0,mse_class_1,mse_class_2,mse_class_3,mse_class_4,mse_class_5,mse_mean,r2_class_0,r2_class_1,r2_class_2,r2_class_3,r2_class_4,r2_class_5,r2_mean,time
0.9555635317670494,0.9676365418540358,0.9773240394189188,0.9668705149374845,0.8400961267281422,0.9404660831125682,0.9413261396363666,0.029863781468284646,0.03587452410069058,0.026247511013094443,0.014904948670615533,0.016810962293316672,0.024396065304099317,0.024682965475016864,0.004341057592227951,0.004266600231310549,0.0027076985448129267,0.0013170843815410534,0.002116676600189797,0.002626617944607438,0.0028959558824482854,0.9555629635785772,0.9676305753323384,0.9773235768689807,0.9667976609724939,0.840000282387972,0.9403806739855375,0.94128262218765,11.23663330078125
