expl_var_class_0,expl_var_class_1,expl_var_class_2,expl_var_class_3,expl_var_class_4,expl_var_class_5,expl_var_mean,mae_class_0,mae_class_1,mae_class_2,mae_class_3,mae_class_4,mae_class_5,mae_mean,mse_class_0,mse_class_1,mse_class_2,mse_class_3,mse_class_4,mse_class_5,mse_mean,r2_class_0,r2_class_1,r2_class_2,r2_class_3,r2_class_4,r2_class_5,r2_mean,time
0.8919857991595075,0.9393081094718836,0.9712182875377982,0.859217132992316,0.4825204485606739,0.8880636991273795,0.8387189128082598,0.04804143128672428,0.05172091633864928,0.029013055274709553,0.03120808099534875,0.027927006008466343,0.03686007597275657,0.03746176097944246,0.010541556111994456,0.00799776750159503,0.0034408794390346636,0.005660410650982804,0.006842289079953275,0.004900392684466798,0.0065638825780045046,0.8919793245429154,0.9392809168014202,0.9712057755744993,0.8591504499834285,0.4825172733790436,0.887975248231115,0.8386848314187368,1.1087262630462646
