expl_var_class_0,expl_var_class_1,expl_var_class_2,expl_var_class_3,expl_var_class_4,expl_var_class_5,expl_var_mean,mae_class_0,mae_class_1,mae_class_2,mae_class_3,mae_class_4,mae_class_5,mae_mean,mse_class_0,mse_class_1,mse_class_2,mse_class_3,mse_class_4,mse_class_5,mse_mean,r2_class_0,r2_class_1,r2_class_2,r2_class_3,r2_class_4,r2_class_5,r2_mean,time
0.9551370425604607,0.9675896464891995,0.977705830228349,0.9696299202467864,0.8439685173676847,0.9359255807924759,0.9416594229474927,0.03005605567512931,0.03582773743946479,0.026212096461629617,0.014815799331631721,0.01695139412768735,0.02505850726527847,0.024820265050136875,0.0043751921296493555,0.004266832551133802,0.002663136733781538,0.0012130910227309722,0.0020448569025543592,0.0028163157971490653,0.0028965708561665155,0.9551367414379793,0.9675858820686277,0.9776895617590801,0.9695791383517554,0.8439472198137116,0.9359223550157347,0.9416434830744814,8.692825078964233
